FID;OBJECTID;AmbulanceR;BikeAge_Gr;Bike_Age;Bike_Alc_D;Bike_Dir;Bike_Injur;Bike_Pos;Bike_Race;Bike_Sex;City;County;CrashAlcoh;CrashDay;Crash_Date;Crash_Grp;Crash_Hour;Crash_Loc;Crash_Mont;Crash_Time;Crash_Type;Crash_Ty_1;Crash_Year;Crsh_Sevri;Developmen;DrvrAge_Gr;Drvr_Age;Drvr_Alc_D;Drvr_EstSp;Drvr_Injur;Drvr_Race;Drvr_Sex;Drvr_VehTy;ExcsSpdInd;Hit_Run;Light_Cond;Locality;Num_Lanes;Num_Units;Rd_Charact;Rd_Class;Rd_Conditi;Rd_Config;Rd_Defects;Rd_Feature;Rd_Surface;Region;Rural_Urba;Speed_Limi;Traff_Cntr;Weather;Workzone_I;Location
503;504;Yes;16-19;19;No;With Traffic;C: Possible Injury;Bike Lane / Paved Shoulder;White;Male;None - Rural Crash;Currituck;No;01-01-04;2007-07-05;Motorist Failed to Yield - Sign-Controlled Intersection;12;Intersection;01-07-01;0001-01-01T07:30:58-04:56;Motorist Drive Out - Sign-Controlled Intersection;121141;2007;C: Possible Injury;Commercial;50-59;53;No;6-10 mph;O: No Injury;White;Male;Sport Utility;No;No;Daylight;Mixed (30% To 70% Developed);2 lanes;2;Straight - Level;NC Route;Dry;Two-Way, Not Divided;None;T-Intersection;Smooth Asphalt;Coastal;Rural;5 - 15 MPH;Stop Sign;Clear;No;36.301872, -75.80454
504;505;No;40-49;42;Yes;Facing Traffic;C: Possible Injury;Travel Lane;White;Male;Concord;Cabarrus;Yes;01-01-04;2007-07-05;Head-On;5;Non-Intersection;01-07-01;0001-01-01T00:36:58-04:56;Head-On - Bicyclist;312250;2007;C: Possible Injury;Residential;70+;;No;31-35 mph;O: No Injury;White;Female;Passenger Car;No;No;Dawn;Urban (>70% Developed);2 lanes;2;Straight - Level;Local Street;Dry;Two-Way, Not Divided;None;T-Intersection;Smooth Asphalt;Piedmont;Urban;30 - 35  MPH;Stop Sign;Clear;No;35.43917, -80.613655
506;507;Yes;0-5;5;No;;B: Evident Injury;Non-Roadway;White;Male;None - Rural Crash;Dare;No;01-01-05;2007-07-06;Non-Roadway;13;Non-Roadway;01-07-01;0001-01-01T08:43:58-04:56;Non-Roadway;460910;2007;B: Evident Injury;Commercial;60-69;61;No;0-5 mph;O: No Injury;White;Male;Sport Utility;No;No;Daylight;Urban (>70% Developed);;2;Straight - Level;Public Vehicular Area;Dry;Two-Way, Not Divided;None;Driveway, Public;Smooth Asphalt;Coastal;Rural;;No Control Present;Clear;No;35.575123, -75.466324
508;509;Yes;40-49;46;No;Facing Traffic;B: Evident Injury;Travel Lane;Black;Male;Charlotte;Mecklenburg;No;01-01-07;2007-10-07;Motorist Failed to Yield - Midblock;14;Non-Intersection;01-10-01;0001-01-01T09:56:58-04:56;Motorist Drive Out - Midblock -;312329;2007;B: Evident Injury;Commercial;70+;;No;0-5 mph;O: No Injury;White;Male;Van;No;No;Daylight;Urban (>70% Developed);4 lanes;2;Straight - Level;Local Street;Dry;Two-Way, Not Divided;None;No Special Feature;Smooth Asphalt;Piedmont;Urban;40 - 45  MPH;No Control Present;Clear;No;35.29146, -80.79704
515;516;Yes;30-39;36;No;With Traffic;B: Evident Injury;Travel Lane;White;Male;Randleman;Randolph;No;;2007-10-08;Motorist Failed to Yield - Midblock;13;Non-Intersection;01-10-01;0001-01-01T08:10:58-04:56;Motorist Drive Out - Commercial Driveway / Alley;311322;2007;B: Evident Injury;Commercial;0-19;19;No;0-5 mph;O: No Injury;White;Female;Passenger Car;No;No;Daylight;Urban (>70% Developed);3 lanes;2;Straight - Level;US Route;Dry;Two-Way, Not Divided;None;Driveway, Public;Smooth Asphalt;Piedmont;Rural;30 - 35  MPH;No Control Present;Clear;No;35.812477, -79.80349
517;518;No;60-69;60;No;Facing Traffic;B: Evident Injury;Sidewalk / Crosswalk / Driveway Crossing;White;Male;Raleigh;Wake;No;;2007-07-09;Motorist Failed to Yield - Sign-Controlled Intersection;18;Intersection;01-07-01;0001-01-01T13:37:58-04:56;Motorist Drive Out - Sign-Controlled Intersection;132141;2007;B: Evident Injury;Commercial;30-39;30;No;16-20 mph;O: No Injury;Black;Female;Passenger Car;No;No;Daylight;Urban (>70% Developed);2 lanes;2;Straight - Level;Local Street;Dry;Two-Way, Not Divided;None;T-Intersection;Smooth Asphalt;Piedmont;Urban;30 - 35  MPH;Stop Sign;Clear;No;35.893578, -78.62411
524;525;No;40-49;45;Yes;With Traffic;B: Evident Injury;Travel Lane;Black;Male;Wilmington;New Hanover;Yes;01-01-03;2007-07-11;Motorist Overtaking Bicyclist;22;Non-Intersection;01-07-01;0001-01-01T17:25:58-04:56;Motorist Overtaking - Undetected Bicyclist;311231;2007;B: Evident Injury;Residential;;;Missing;0-5 mph;Injury;/Missing;;;No;Yes;Dark - Roadway Not Lighted;Urban (>70% Developed);3 lanes;2;Straight - Level;Local Street;Wet;Two-Way, Not Divided;None;No Special Feature;Smooth Asphalt;Coastal;Urban;30 - 35  MPH;No Control Present;Rain;No;34.24956, -77.88272
531;532;Yes;40-49;49;No;With Traffic;C: Possible Injury;Travel Lane;White;Female;Fayetteville;Cumberland;No;01-01-06;2007-07-14;Motorist Overtaking Bicyclist;21;Non-Intersection;01-07-01;0001-01-01T16:46:58-04:56;Motorist Overtaking - Other /;311239;2007;C: Possible Injury;Residential;50-59;51;No;;Injury;/Missing;Female;Passenger Car;No;Yes;Dark - Lighted Roadway;Urban (>70% Developed);3 lanes;2;Straight - Level;Local Street;Dry;One-Way, Not Divided;None;No Special Feature;Coarse Asphalt;Coastal;Urban;30 - 35  MPH;No Control Present;Clear;No;35.022194, -78.90106
538;539;Yes;30-39;34;No;With Traffic;B: Evident Injury;Bike Lane / Paved Shoulder;White;Female;None - Rural Crash;Dare;No;01-01-03;2007-07-04;Motorist Overtaking Bicyclist;20;Non-Intersection;01-07-01;0001-01-01T15:33:58-04:56;Motorist Overtaking - Bicyclist Swerved;321235;2007;B: Evident Injury;Commercial;60-69;66;No;26-30 mph;O: No Injury;White;Female;Passenger Car;No;No;Daylight;Urban (>70% Developed);2 lanes;2;Straight - Level;NC Route;Dry;Two-Way, Not Divided;None;No Special Feature;Smooth Asphalt;Coastal;Rural;30 - 35  MPH;Double Yellow Line, No Passing Zone;Clear;No;35.575314, -75.46711
539;540;Yes;50-59;58;No;With Traffic;C: Possible Injury;Travel Lane;White;Male;None - Rural Crash;Rowan;No;01-01-06;2007-07-14;Motorist Overtaking Bicyclist;9;Non-Intersection;01-07-01;0001-01-01T04:17:58-04:56;Motorist Overtaking - Misjudged Space;311232;2007;C: Possible Injury;Residential;70+;;No;41-45 mph;O: No Injury;White;Female;Passenger Car;No;No;Daylight;Urban (>70% Developed);2 lanes;2;Straight - Level;State Secondary Route;Dry;Two-Way, Not Divided;None;No Special Feature;Smooth Asphalt;Piedmont;Rural;50 - 55  MPH;No Control Present;Clear;No;35.68728, -80.5715
556;557;No;15-Nov;14;No;Facing Traffic;B: Evident Injury;Travel Lane;Black;Male;None - Rural Crash;Guilford;No;01-01-05;2007-07-20;Motorist Failed to Yield - Sign-Controlled Intersection;15;Intersection;01-07-01;0001-01-01T10:17:58-04:56;Motorist Drive Out - Sign-Controlled Intersection;112141;2007;B: Evident Injury;Residential;50-59;53;No;0-5 mph;O: No Injury;White;Male;Pickup;No;No;Daylight;Mixed (30% To 70% Developed);4 lanes;2;Straight - Grade;State Secondary Route;Dry;Two-Way, Not Divided;None;T-Intersection;Smooth Asphalt;Piedmont;Rural;50 - 55  MPH;Stop Sign;Clear;No;36.152008, -79.722145
560;561;Yes;0-5;5;No;With Traffic;C: Possible Injury;Travel Lane;Black;Male;Norwood;Stanly;No;01-01-06;2007-07-21;Bicyclist Failed to Yield - Sign-Controlled Intersection;13;Intersection;01-07-01;0001-01-01T08:13:58-04:56;Bicyclist Ride Through - Sign-Controlled Intersection;111144;2007;C: Possible Injury;Residential;40-49;48;No;21-25 mph;O: No Injury;White;Female;Passenger Car;No;No;Daylight;Urban (>70% Developed);2 lanes;2;Straight - Hillcrest;Local Street;Dry;Two-Way, Not Divided;None;T-Intersection;Coarse Asphalt;Piedmont;Rural;20 - 25  MPH;Stop Sign;Clear;No;35.230114, -80.128654
561;562;Yes;50-59;51;No;Facing Traffic;C: Possible Injury;Sidewalk / Crosswalk / Driveway Crossing;Black;Male;Raleigh;Wake;No;01-01-06;2007-07-21;Bicyclist Failed to Yield - Signalized Intersection;8;Intersection;01-07-01;0001-01-01T03:56:58-04:56;Bicyclist Ride Out - Signalized  Intersection;132153;2007;C: Possible Injury;Commercial;50-59;59;No;0-5 mph;O: No Injury;White;Male;Passenger Car;No;No;Daylight;Urban (>70% Developed);5 lanes;2;Straight - Level;Local Street;Dry;Two-Way, Divided, Unprotected Median;None;Four-Way Intersection;Smooth Asphalt;Piedmont;Urban;40 - 45  MPH;Stop And Go Signal;Clear;No;35.76986, -78.61454
563;564;Yes;16-19;16;Yes;Not Applicable;B: Evident Injury;Travel Lane;Hispanic;Male;Cary;Wake;Yes;01-01-06;2007-10-27;Bicyclist Failed to Yield - Midblock;12;Non-Intersection;01-10-01;0001-01-01T07:58:58-04:56;Multiple Threat - Midblock;313357;2007;B: Evident Injury;Commercial;25-29;26;No;26-30 mph;O: No Injury;White;Male;Passenger Car;No;No;Daylight;Urban (>70% Developed);5 lanes;2;Straight - Level;State Secondary Route;Dry;Two-Way, Not Divided;None;Related To Intersection;Smooth Asphalt;Piedmont;Urban;30 - 35  MPH;Stop And Go Signal;Clear;No;35.77129, -78.78236
566;567;No;30-39;37;No;With Traffic;B: Evident Injury;Travel Lane;White;Male;Asheville;Buncombe;No;01-01-07;2007-07-22;Motorist Failed to Yield - Sign-Controlled Intersection;12;Intersection;01-07-01;0001-01-01T07:24:58-04:56;Motorist Drive Out - Sign-Controlled Intersection;111141;2007;B: Evident Injury;Residential;20-24;23;No;11-15 mph;O: No Injury;Black;Male;Passenger Car;No;No;Daylight;Urban (>70% Developed);2 lanes;2;Curve - Grade;Local Street;Dry;Two-Way, Divided, Unprotected Median;None;No Special Feature;Smooth Asphalt;Mountains;Urban;30 - 35  MPH;Stop Sign;Clear;No;35.600548, -82.540726
571;572;Yes;16-19;16;No;Facing Traffic;B: Evident Injury;Bike Lane / Paved Shoulder;White;Male;None - Rural Crash;New Hanover;No;01-01-02;2007-07-24;Motorist Failed to Yield - Midblock;13;Non-Intersection;01-07-01;0001-01-01T08:43:58-04:56;Motorist Drive Out - Commercial Driveway / Alley;322322;2007;B: Evident Injury;Commercial;30-39;34;No;0-5 mph;O: No Injury;White;Female;Passenger Car;No;No;Daylight;Mixed (30% To 70% Developed);4 lanes;2;Straight - Level;US Route;Dry;Two-Way, Divided, Unprotected Median;None;Driveway, Public;Coarse Asphalt;Coastal;Rural;50 - 55  MPH;No Control Present;Clear;No;34.11347, -77.900345
581;582;No;25-29;29;No;;O: No Injury;Sidewalk / Crosswalk / Driveway Crossing;Black;Male;Raleigh;Wake;No;01-01-04;2007-07-26;Non-Roadway;16;Non-Roadway;01-07-01;0001-01-01T11:56:58-04:56;Non-Roadway;430910;2007;O: No Injury;Residential;20-24;23;No;6-10 mph;O: No Injury;White;Male;Passenger Car;No;No;Daylight;Urban (>70% Developed);1 lane;2;Straight - Grade;Public Vehicular Area;Dry;One-Way, Not Divided;None;No Special Feature;Smooth Asphalt;Piedmont;Urban;5 - 15 MPH;No Control Present;Clear;No;35.768803, -78.64643
583;584;No;15-Nov;13;No;;O: No Injury;Travel Lane;Black;Male;Wilson;Wilson;No;01-01-04;2007-07-26;Bicyclist Overtaking Motorist;10;Non-Intersection;01-07-01;0001-01-01T06:02:58-04:56;Bicyclist Overtaking - Parked Vehicle;319243;2007;O: No Injury;Residential;;;Missing;0-5 mph;Injury;/Missing;;Passenger Car;No;No;Daylight;Urban (>70% Developed);2 lanes;2;Straight - Level;Local Street;Dry;Two-Way, Not Divided;None;No Special Feature;Coarse Asphalt;Coastal;Urban;30 - 35  MPH;No Control Present;Clear;No;35.724617, -77.929214
592;593;No;50-59;51;Yes;With Traffic;B: Evident Injury;Travel Lane;Black;Male;Grantsboro;Pamlico;Yes;01-01-06;2007-07-28;Motorist Overtaking Bicyclist;21;Non-Intersection;01-07-01;0001-01-01T16:10:58-04:56;Motorist Overtaking - Undetected Bicyclist;311231;2007;B: Evident Injury;Commercial;40-49;45;No;41-45 mph;O: No Injury;White;Male;Sport Utility;No;No;Dark - Roadway Not Lighted;Mixed (30% To 70% Developed);2 lanes;2;Straight - Level;NC Route;Dry;Two-Way, Not Divided;Work Zone;No Special Feature;Coarse Asphalt;Coastal;Rural;40 - 45  MPH;No Control Present;Clear;No;35.140144, -76.84469
602;603;Yes;10-Jun;10;No;With Traffic;C: Possible Injury;Travel Lane;White;Female;None - Rural Crash;Onslow;No;;2007-07-30;Head-On;22;Non-Intersection;01-07-01;0001-01-01T17:08:58-04:56;Head-On - Motorist;311255;2007;C: Possible Injury;Residential;;;Missing;16-20 mph;Injury;/Missing;;;No;Yes;Dark - Roadway Not Lighted;Rural (<30% Developed);2 lanes;2;Straight - Level;Local Street;Dry;Two-Way, Not Divided;None;No Special Feature;Coarse Asphalt;Coastal;Rural;30 - 35  MPH;No Control Present;Clear;No;34.718723, -77.30999
603;604;No;40-49;47;No;;C: Possible Injury;Non-Roadway;White;Female;Raleigh;Wake;No;;2007-07-30;Non-Roadway;20;Non-Roadway;01-07-01;0001-01-01T15:06:58-04:56;Non-Roadway;460910;2007;C: Possible Injury;Residential;;;Missing;6-10 mph;Injury;/Missing;;;No;Yes;Daylight;Urban (>70% Developed);;2;Straight - Level;Public Vehicular Area;Dry;Two-Way, Not Divided;None;No Special Feature;Smooth Asphalt;Piedmont;Urban;20 - 25  MPH;No Control Present;Clear;No;35.965134, -78.55903
605;606;Yes;50-59;53;No;With Traffic;B: Evident Injury;Travel Lane;Black;Male;Greensboro;Guilford;No;;2007-07-30;Motorist Overtaking Bicyclist;17;Non-Intersection;01-07-01;0001-01-01T12:58:58-04:56;Motorist Overtaking - Misjudged Space;311232;2007;B: Evident Injury;Residential;;;No;;Injury;/Missing;;Passenger Car;No;Yes;Daylight;Urban (>70% Developed);4 lanes;2;Straight - Level;Local Street;Dry;Two-Way, Divided, Unprotected Median;None;No Special Feature;Smooth Asphalt;Piedmont;Urban;30 - 35  MPH;No Control Present;Clear;No;36.064785, -79.78114
620;621;Yes;50-59;55;No;With Traffic;B: Evident Injury;Travel Lane;White;Male;None - Rural Crash;Durham;No;01-01-06;2007-08-04;Motorist Overtaking Bicyclist;11;Non-Intersection;01-08-01;0001-01-01T06:18:58-04:56;Motorist Overtaking - Bicyclist Swerved;311235;2007;B: Evident Injury;Farms, Woods, Pastures;40-49;46;No;11-15 mph;O: No Injury;White;Female;Passenger Car;No;No;Daylight;Rural (<30% Developed);2 lanes;2;Straight - Level;State Secondary Route;Dry;Two-Way, Not Divided;None;No Special Feature;Smooth Asphalt;Piedmont;Rural;40 - 45  MPH;Double Yellow Line, No Passing Zone;Clear;No;35.887764, -78.95754
624;625;Yes;10-Jun;7;No;With Traffic;B: Evident Injury;Travel Lane;White;Female;None - Rural Crash;Lincoln;No;01-01-07;2007-08-05;Motorist Overtaking Bicyclist;20;Non-Intersection;01-08-01;0001-01-01T15:06:58-04:56;Motorist Overtaking - Bicyclist Swerved;311235;2007;B: Evident Injury;Residential;0-19;19;No;6-10 mph;O: No Injury;White;Male;Passenger Car;No;No;Daylight;Urban (>70% Developed);2 lanes;2;Straight - Level;State Secondary Route;Dry;Two-Way, Not Divided;None;No Special Feature;Coarse Asphalt;Piedmont;Rural;40 - 45  MPH;No Control Present;Clear;No;35.514378, -80.97555
625;626;Yes;16-19;19;No;Facing Traffic;B: Evident Injury;Travel Lane;White;Male;Gibsonville;Guilford;No;01-01-07;2007-08-05;Head-On;21;Intersection-Related;01-08-01;0001-01-01T16:34:58-04:56;Head-On - Bicyclist;212250;2007;B: Evident Injury;Residential;;;Missing;;Injury;/Missing;;Truck/Trailer;No;Yes;Dark - Lighted Roadway;Urban (>70% Developed);3 lanes;2;Straight - Level;Local Street;Dry;Two-Way, Divided, Positive Median Barrier;None;No Special Feature;Smooth Asphalt;Piedmont;Rural;;No Control Present;Clear;No;36.08767, -79.73312
626;627;No;25-29;27;No;With Traffic;C: Possible Injury;Travel Lane;White;Male;None - Rural Crash;Chatham;No;;2007-08-06;Motorist Overtaking Bicyclist;13;Non-Intersection;01-08-01;0001-01-01T08:54:58-04:56;Motorist Overtaking - Misjudged Space;311232;2007;C: Possible Injury;Farms, Woods, Pastures;;;Missing;;Injury;/Missing;;;No;Yes;Daylight;Rural (<30% Developed);2 lanes;2;Straight - Level;State Secondary Route;Dry;Two-Way, Not Divided;None;No Special Feature;Smooth Asphalt;Piedmont;Rural;50 - 55  MPH;Double Yellow Line, No Passing Zone;Clear;No;35.74225, -79.00249
630;631;Yes;15-Nov;12;No;With Traffic;A: Disabling Injury;Travel Lane;White;Male;None - Rural Crash;Gaston;No;01-01-02;2007-08-07;Bicyclist Failed to Yield - Sign-Controlled Intersection;16;Intersection;01-08-01;0001-01-01T11:08:58-04:56;Bicyclist Ride Through - Sign-Controlled Intersection;111144;2007;A: Disabling Injury;Residential;40-49;40;No;41-45 mph;O: No Injury;White;Male;Pickup;No;No;Daylight;Mixed (30% To 70% Developed);2 lanes;2;Straight - Hillcrest;NC Route;Dry;Two-Way, Not Divided;None;Four-Way Intersection;Smooth Asphalt;Piedmont;Rural;40 - 45  MPH;Stop Sign;Clear;No;35.29139, -81.23851
636;637;No;20-24;22;Yes;With Traffic;B: Evident Injury;Travel Lane;White;Male;None - Rural Crash;Onslow;Yes;01-01-04;2007-08-09;Motorist Overtaking Bicyclist;1;Non-Intersection;01-08-01;0000-12-31T20:23:58-04:56;Motorist Overtaking - Other /;311239;2007;B: Evident Injury;Farms, Woods, Pastures;;;Missing;51-55 mph;Injury;/Missing;;;No;Yes;Dark - Roadway Not Lighted;Rural (<30% Developed);2 lanes;2;Straight - Level;NC Route;Dry;Two-Way, Not Divided;None;No Special Feature;Smooth Asphalt;Coastal;Rural;50 - 55  MPH;No Control Present;Clear;No;34.542675, -77.432724
641;642;Yes;10-Jun;10;No;;Injury;Sidewalk / Crosswalk / Driveway Crossing;White;Female;Elizabeth City;Pasquotank;No;01-01-04;2007-08-09;Parallel Paths - Other Circumstances;18;Non-Intersection;01-08-01;0001-01-01T13:20:58-04:56;Bicyclist Ride Out - Parallel Path;339225;2007;Injury;Residential;40-49;47;No;6-10 mph;Injury;White;Female;Passenger Car;No;No;Daylight;Urban (>70% Developed);2 lanes;2;Straight - Level;Local Street;Wet;Two-Way, Not Divided;None;No Special Feature;Smooth Asphalt;Coastal;Urban;20 - 25  MPH;Stop Sign;Cloudy;No;36.30163, -76.226425
643;644;Yes;40-49;47;Yes;Facing Traffic;C: Possible Injury;Travel Lane;Black;Male;None - Rural Crash;Moore;Yes;01-01-05;2007-08-10;Loss of Control / Turning Error;17;Intersection;01-08-01;0001-01-01T12:21:58-04:56;Bicyclist Turning Error - Left Turn;112114;2007;C: Possible Injury;Commercial;50-59;53;No;0-5 mph;O: No Injury;White;Female;Passenger Car;No;No;Daylight;Mixed (30% To 70% Developed);2 lanes;2;Straight - Level;State Secondary Route;Dry;Two-Way, Not Divided;None;T-Intersection;Coarse Asphalt;Piedmont;Rural;30 - 35  MPH;Stop Sign;Cloudy;No;35.244522, -79.56921
650;651;Yes;40-49;44;No;With Traffic;C: Possible Injury;Travel Lane;Black;Male;Benson;Johnston;No;01-01-04;2007-10-25;Motorist Overtaking Bicyclist;6;Intersection;01-10-01;0001-01-01T01:39:58-04:56;Motorist Overtaking - Undetected Bicyclist;111231;2007;C: Possible Injury;Commercial;50-59;55;No;31-35 mph;O: No Injury;White;Female;Pickup;No;No;Dark - Roadway Not Lighted;Urban (>70% Developed);2 lanes;2;Straight - Level;Local Street;Wet;Two-Way, Not Divided;None;No Special Feature;Smooth Asphalt;Coastal;Rural;30 - 35  MPH;No Control Present;Rain;No;35.377014, -78.553185
655;656;Yes;20-24;24;No;With Traffic;B: Evident Injury;Travel Lane;Black;Male;Greensboro;Guilford;No;;2007-08-13;Backing Vehicle;18;Non-Intersection;01-08-01;0001-01-01T14:00:58-04:56;Backing Vehicle;311600;2007;B: Evident Injury;Residential;30-39;37;No;11-15 mph;O: No Injury;Black;Female;Passenger Car;No;No;Daylight;Urban (>70% Developed);3 lanes;2;Straight - Level;Local Street;Dry;Two-Way, Not Divided;None;No Special Feature;Smooth Asphalt;Piedmont;Urban;20 - 25  MPH;No Control Present;Clear;No;36.05686, -79.78484
656;657;Yes;16-19;17;No;Facing Traffic;B: Evident Injury;Travel Lane;Black;Female;Columbia;Tyrrell;No;;2007-08-13;Bicyclist Failed to Yield - Signalized Intersection;20;Intersection;01-08-01;0001-01-01T15:53:58-04:56;Bicyclist Failed to Clear - Trapped;112156;2007;B: Evident Injury;Residential;50-59;56;No;0-5 mph;O: No Injury;White;Male;Pickup;No;No;Dark - Lighted Roadway;Urban (>70% Developed);2 lanes;2;Straight - Level;Local Street;Dry;Two-Way, Not Divided;None;No Special Feature;Coarse Asphalt;Coastal;Rural;30 - 35  MPH;Stop And Go Signal;Clear;No;35.91809, -76.249214
659;660;Yes;10-Jun;9;No;With Traffic;A: Disabling Injury;Travel Lane;White;Male;None - Rural Crash;Henderson;No;01-01-02;2007-08-14;Head-On;17;Non-Intersection;01-08-01;0001-01-01T12:19:58-04:56;Head-On - Bicyclist;311250;2007;A: Disabling Injury;Residential;40-49;46;No;0-5 mph;O: No Injury;White;Male;Sport Utility;No;No;Daylight;Mixed (30% To 70% Developed);2 lanes;2;Curve - Grade;Public Vehicular Area;Dry;Two-Way, Not Divided;None;Driveway, Public;Smooth Asphalt;Mountains;Rural;5 - 15 MPH;No Control Present;Clear;No;35.41767, -82.490845
661;662;Yes;25-29;26;No;Facing Traffic;B: Evident Injury;;Black;Male;Wilson;Wilson;No;01-01-02;2007-08-14;Crossing Paths - Other Circumstances;16;Intersection;01-08-01;0001-01-01T11:21:58-04:56;Signalized Intersection - Other /;192158;2007;B: Evident Injury;Residential;;;Missing;31-35 mph;Injury;/Missing;;;No;Yes;Daylight;Urban (>70% Developed);3 lanes;2;Straight - Level;Local Street;Dry;Two-Way, Not Divided;None;Four-Way Intersection;Coarse Asphalt;Coastal;Urban;30 - 35  MPH;Stop And Go Signal;Clear;No;35.723057, -77.90439
662;663;Yes;15-Nov;13;No;Facing Traffic;B: Evident Injury;Travel Lane;Black;Male;East Spencer;Rowan;No;01-01-02;2007-08-14;Bicyclist Failed to Yield - Sign-Controlled Intersection;13;Intersection;01-08-01;0001-01-01T08:39:58-04:56;Bicyclist Ride Through - Sign-Controlled Intersection;112144;2007;B: Evident Injury;Residential;30-39;35;No;31-35 mph;O: No Injury;Black;Female;Sport Utility;No;No;Daylight;Urban (>70% Developed);2 lanes;2;Straight - Grade;Local Street;Dry;Two-Way, Not Divided;None;No Special Feature;Coarse Asphalt;Piedmont;Rural;30 - 35  MPH;Stop Sign;Clear;No;35.68603, -80.428986
664;665;Yes;40-49;47;No;;C: Possible Injury;Travel Lane;Black;Male;None - Rural Crash;Johnston;No;01-01-03;2007-08-15;Parallel Paths - Other Circumstances;23;Non-Intersection;01-08-01;0001-01-01T18:10:58-04:56;Parallel Paths - Other /;319280;2007;C: Possible Injury;Farms, Woods, Pastures;0-19;17;No;51-55 mph;O: No Injury;White;Male;Pickup;No;No;Dark - Roadway Not Lighted;Rural (<30% Developed);2 lanes;2;Straight - Grade;State Secondary Route;Dry;Two-Way, Not Divided;None;No Special Feature;Smooth Asphalt;Coastal;Rural;50 - 55  MPH;Double Yellow Line, No Passing Zone;Clear;No;35.32743, -78.48861
667;668;Yes;60-69;61;No;Not Applicable;B: Evident Injury;Sidewalk / Crosswalk / Driveway Crossing;Black;Male;Durham;Durham;No;01-01-04;2007-08-16;Bicyclist Failed to Yield - Midblock;11;Non-Intersection;01-08-01;0001-01-01T06:23:58-04:56;Bicyclist Ride Out - Other Midblock;333318;2007;B: Evident Injury;Commercial;40-49;44;No;6-10 mph;O: No Injury;Black;Female;Passenger Car;No;No;Daylight;Urban (>70% Developed);4 lanes;2;Straight - Level;Local Street;Dry;Two-Way, Not Divided;None;No Special Feature;Coarse Asphalt;Piedmont;Urban;30 - 35  MPH;No Control Present;Clear;No;35.992626, -78.89526
668;669;Yes;15-Nov;15;No;With Traffic;A: Disabling Injury;Travel Lane;White;Male;Gastonia;Gaston;No;01-01-04;2007-08-16;Bicyclist Failed to Yield - Sign-Controlled Intersection;11;Intersection;01-08-01;0001-01-01T06:47:58-04:56;Bicyclist Ride Out - Sign-Controlled Intersection;111142;2007;A: Disabling Injury;Residential;25-29;26;No;36-40 mph;O: No Injury;White;Male;Light Truck (Mini-Van, Panel);No;No;Daylight;Urban (>70% Developed);5 lanes;2;Straight - Grade;Local Street;Dry;Two-Way, Not Divided;None;T-Intersection;Smooth Asphalt;Piedmont;Urban;40 - 45  MPH;Stop Sign;Clear;No;35.28463, -81.14933
671;672;No;15-Nov;15;No;With Traffic;C: Possible Injury;Sidewalk / Crosswalk / Driveway Crossing;White;Male;Matthews;Mecklenburg;No;01-01-04;2007-08-16;Crossing Paths - Other Circumstances;16;Intersection;01-08-01;0001-01-01T11:24:58-04:56;Crossing Paths - Intersection - Other /;131180;2007;C: Possible Injury;Commercial;40-49;43;No;16-20 mph;O: No Injury;White;Male;Sport Utility;No;No;Daylight;Urban (>70% Developed);2 lanes;2;Straight - Level;Local Street;Dry;Two-Way, Divided, Unprotected Median;None;Other;Smooth Asphalt;Piedmont;Urban;20 - 25  MPH;Other;Clear;No;35.116894, -80.72149
672;673;Yes;16-19;16;No;With Traffic;B: Evident Injury;Travel Lane;Black;Male;Rocky Mount;Nash;No;01-01-05;2007-08-17;Motorist Overtaking Bicyclist;18;Non-Intersection;01-08-01;0001-01-01T13:40:58-04:56;Motorist Overtaking - Bicyclist Swerved;311235;2007;B: Evident Injury;Residential;25-29;28;No;31-35 mph;O: No Injury;Black;Male;Sport Utility;No;No;Daylight;Urban (>70% Developed);2 lanes;2;Straight - Level;Local Street;Dry;Two-Way, Not Divided;None;No Special Feature;Coarse Asphalt;Coastal;Urban;30 - 35  MPH;No Control Present;Clear;No;35.92731, -77.814865
675;676;No;40-49;42;No;Facing Traffic;C: Possible Injury;Sidewalk / Crosswalk / Driveway Crossing;White;Male;Asheville;Buncombe;No;01-01-06;2007-08-18;Motorist Failed to Yield - Midblock;13;Non-Intersection;01-08-01;0001-01-01T08:42:58-04:56;Motorist Drive Out - Commercial Driveway / Alley;332322;2007;C: Possible Injury;Commercial;30-39;39;No;0-5 mph;O: No Injury;White;Male;Passenger Car;No;No;Daylight;Urban (>70% Developed);4 lanes;2;Straight - Grade;Public Vehicular Area;Dry;Two-Way, Not Divided;None;No Special Feature;Smooth Asphalt;Mountains;Urban;30 - 35  MPH;No Control Present;Clear;No;35.622143, -82.554474
677;678;Yes;15-Nov;14;No;Not Applicable;B: Evident Injury;Driveway / Alley;Black;Female;Asheboro;Randolph;No;01-01-07;2007-08-19;Bicyclist Failed to Yield - Midblock;17;Non-Intersection;01-08-01;0001-01-01T12:04:58-04:56;Bicyclist Ride Out - Commercial Driveway / Alley;353312;2007;B: Evident Injury;Residential;60-69;68;No;41-45 mph;O: No Injury;White;Male;Passenger Car;No;No;Daylight;Urban (>70% Developed);2 lanes;2;Straight - Level;US Route;Dry;Two-Way, Not Divided;None;Driveway, Private;Smooth Asphalt;Piedmont;Urban;40 - 45  MPH;Double Yellow Line, No Passing Zone;Clear;No;35.65803, -79.82143