FID;OBJECTID;AmbulanceR;BikeAge_Gr;Bike_Age;Bike_Alc_D;Bike_Dir;Bike_Injur;Bike_Pos;Bike_Race;Bike_Sex;City;County;CrashAlcoh;CrashDay;Crash_Date;Crash_Grp;Crash_Hour;Crash_Loc;Crash_Mont;Crash_Time;Crash_Type;Crash_Ty_1;Crash_Year;Crsh_Sevri;Developmen;DrvrAge_Gr;Drvr_Age;Drvr_Alc_D;Drvr_EstSp;Drvr_Injur;Drvr_Race;Drvr_Sex;Drvr_VehTy;ExcsSpdInd;Hit_Run;Light_Cond;Locality;Num_Lanes;Num_Units;Rd_Charact;Rd_Class;Rd_Conditi;Rd_Config;Rd_Defects;Rd_Feature;Rd_Surface;Region;Rural_Urba;Speed_Limi;Traff_Cntr;Weather;Workzone_I;Location
877;878;No;40-49;49;No;Facing Traffic;B: Evident Injury;Travel Lane;Hispanic;Male;Havelock;Craven;No;01-01-02;2007-10-23;Motorist Failed to Yield - Midblock;13;Non-Intersection;01-10-01;0001-01-01T08:33:58-04:56;Motorist Drive Out - Commercial Driveway / Alley;312322;2007;B: Evident Injury;Commercial;0-19;19;No;0-5 mph;O: No Injury;White;Female;Sport Utility;No;No;Daylight;Urban (>70% Developed);5 lanes;2;Straight - Level;Public Vehicular Area;Dry;Two-Way, Divided, Unprotected Median;None;T-Intersection;Smooth Asphalt;Coastal;Urban;;No Control Present;Clear;No;34.860252, -76.89709
880;881;Yes;;;No;With Traffic;B: Evident Injury;Travel Lane;Asian;Male;Hope Mills;Cumberland;No;01-01-04;2007-10-25;Motorist Overtaking Bicyclist;18;Non-Intersection;01-10-01;0001-01-01T13:54:58-04:56;Motorist Overtaking - Undetected Bicyclist;311231;2007;B: Evident Injury;Commercial;50-59;50;No;41-45 mph;O: No Injury;White;Male;Pickup;No;No;Dark - Lighted Roadway;Urban (>70% Developed);5 lanes;2;Straight - Level;NC Route;Wet;Two-Way, Not Divided;None;No Special Feature;Smooth Asphalt;Coastal;Urban;40 - 45  MPH;No Control Present;Cloudy;No;35.00778, -78.96699
881;882;No;20-24;22;No;With Traffic;C: Possible Injury;Travel Lane;White;Male;None - Rural Crash;Onslow;No;01-01-05;2007-10-26;Motorist Failed to Yield - Midblock;6;Non-Intersection;01-10-01;0001-01-01T01:48:58-04:56;Motorist Drive Out - Commercial Driveway / Alley;311322;2007;C: Possible Injury;Commercial;20-24;24;No;0-5 mph;O: No Injury;White;Male;Pickup;No;No;Dark - Roadway Not Lighted;Mixed (30% To 70% Developed);3 lanes;2;Straight - Level;NC Route;Wet;Two-Way, Not Divided;None;Driveway, Public;Smooth Asphalt;Coastal;Rural;40 - 45  MPH;No Control Present;Cloudy;No;34.74692, -77.482895
884;885;Yes;50-59;53;Yes;With Traffic;A: Disabling Injury;Travel Lane;White;Male;None - Rural Crash;Davidson;Yes;01-01-06;2007-10-27;Motorist Overtaking Bicyclist;11;Non-Intersection;01-10-01;0001-01-01T06:36:58-04:56;Motorist Overtaking - Other /;311239;2007;A: Disabling Injury;Farms, Woods, Pastures;40-49;44;No;31-35 mph;O: No Injury;White;Female;Sport Utility;No;No;Daylight;Rural (<30% Developed);2 lanes;2;Straight - Grade;State Secondary Route;Dry;Two-Way, Not Divided;None;No Special Feature;Smooth Asphalt;Piedmont;Rural;50 - 55  MPH;Double Yellow Line, No Passing Zone;Clear;No;35.9807, -80.15956
886;887;Yes;10-Jun;10;No;Facing Traffic;C: Possible Injury;Travel Lane;Black;Male;Wilson;Wilson;No;01-01-04;2007-10-25;Motorist Failed to Yield - Sign-Controlled Intersection;18;Intersection;01-10-01;0001-01-01T13:51:58-04:56;Motorist Drive Out - Sign-Controlled Intersection;112141;2007;C: Possible Injury;Residential;;;Missing;0-5 mph;Injury;/Missing;;;No;Yes;Dark - Lighted Roadway;Mixed (30% To 70% Developed);2 lanes;2;Straight - Level;Local Street;Dry;Two-Way, Not Divided;None;T-Intersection;Smooth Asphalt;Coastal;Urban;30 - 35  MPH;Stop Sign;Clear;No;35.707584, -77.8927
887;888;Yes;16-19;17;No;With Traffic;K: Killed;Travel Lane;White;Male;Asheville;Buncombe;No;01-01-06;2007-10-27;Bicyclist Failed to Yield - Sign-Controlled Intersection;1;Intersection;01-10-01;0000-12-31T20:23:58-04:56;Bicyclist Ride Through - Sign-Controlled Intersection;111144;2007;K: Killed;Farms, Woods, Pastures;;;Missing;31-35 mph;Injury;/Missing;;;No;Yes;Dark - Roadway Not Lighted;Rural (<30% Developed);2 lanes;2;Straight - Grade;State Secondary Route;Dry;Two-Way, Not Divided;None;T-Intersection;Smooth Asphalt;Mountains;Urban;30 - 35  MPH;Stop Sign;Clear;No;35.599453, -82.62372
891;892;No;15-Nov;14;No;Facing Traffic;C: Possible Injury;Sidewalk / Crosswalk / Driveway Crossing;Black;Male;Greensboro;Guilford;No;;2007-10-29;Motorist Failed to Yield - Signalized Intersection;18;Intersection;01-10-01;0001-01-01T13:13:58-04:56;Motorist Drive Out - Signalized Intersection;132152;2007;C: Possible Injury;Commercial;;;Missing;;Injury;/Missing;;;No;Yes;Daylight;Urban (>70% Developed);5 lanes;2;Straight - Level;Local Street;Dry;Two-Way, Not Divided;None;Four-Way Intersection;Coarse Asphalt;Piedmont;Urban;30 - 35  MPH;Stop And Go Signal;Clear;No;36.07818, -79.778145
892;893;Yes;;;No;With Traffic;Injury;Travel Lane;/Missing;;Kenansville;Duplin;No;;2007-10-29;Motorist Right Turn / Merge;16;Intersection;01-10-01;0001-01-01T11:03:58-04:56;Motorist Right Turn - Same Direction;111213;2007;O: No Injury;Commercial;0-19;18;No;31-35 mph;O: No Injury;Black;Male;Passenger Car;No;No;Daylight;Urban (>70% Developed);2 lanes;2;Straight - Level;Local Street;Dry;Two-Way, Divided, Unprotected Median;None;Other;Concrete;Coastal;Rural;30 - 35  MPH;No Control Present;Clear;No;34.956394, -77.971924
894;895;Yes;40-49;41;No;With Traffic;B: Evident Injury;Sidewalk / Crosswalk / Driveway Crossing;White;Male;Smithfield;Johnston;No;;2007-10-29;Motorist Right Turn / Merge;16;Intersection;01-10-01;0001-01-01T11:46:58-04:56;Motorist Right Turn - Same Direction;131213;2007;B: Evident Injury;Commercial;40-49;40;No;0-5 mph;O: No Injury;White;Female;Taxicab;No;No;Daylight;Urban (>70% Developed);3 lanes;2;Straight - Level;Local Street;Dry;Two-Way, Not Divided;None;Four-Way Intersection;Coarse Asphalt;Coastal;Urban;30 - 35  MPH;Stop And Go Signal;Clear;No;35.514217, -78.33063
899;900;Yes;15-Nov;12;No;Facing Traffic;C: Possible Injury;Travel Lane;White;Male;None - Rural Crash;Guilford;No;01-01-05;2007-07-20;Crossing Paths - Other Circumstances;10;Intersection;01-07-01;0001-01-01T05:51:58-04:56;Crossing Paths - Intersection - Other /;112180;2007;C: Possible Injury;Residential;70+;;No;0-5 mph;O: No Injury;White;Female;Passenger Car;No;No;Daylight;Urban (>70% Developed);6 lanes;2;Straight - Level;Public Vehicular Area;Dry;Two-Way, Not Divided;None;No Special Feature;Smooth Asphalt;Piedmont;Rural;30 - 35  MPH;No Control Present;Cloudy;No;36.101215, -79.891914
906;907;Yes;50-59;58;No;With Traffic;Injury;Travel Lane;/Missing;;None - Rural Crash;Cabarrus;No;01-01-02;2007-11-06;Motorist Overtaking Bicyclist;22;Non-Intersection;01-11-01;0001-01-01T17:03:58-04:56;Motorist Overtaking - Undetected Bicyclist;311231;2007;Injury;Residential;;;Missing;41-45 mph;Injury;/Missing;;;No;Yes;Dark - Roadway Not Lighted;Mixed (30% To 70% Developed);2 lanes;2;Curve - Level;State Secondary Route;Dry;Two-Way, Not Divided;None;No Special Feature;Smooth Asphalt;Piedmont;Rural;40 - 45  MPH;Double Yellow Line, No Passing Zone;Clear;No;35.33829, -80.64274
909;910;Yes;40-49;41;No;With Traffic;B: Evident Injury;Travel Lane;Black;Male;Jacksonville;Onslow;No;01-01-03;2007-11-07;Motorist Left Turn / Merge;16;Intersection;01-11-01;0001-01-01T11:40:58-04:56;Motorist Left Turn - Opposite Direction;111212;2007;B: Evident Injury;Residential;60-69;64;No;6-10 mph;O: No Injury;Black;Male;Passenger Car;No;No;Daylight;Urban (>70% Developed);;2;Straight - Level;Local Street;Dry;Two-Way, Not Divided;None;T-Intersection;Coarse Asphalt;Coastal;Urban;30 - 35  MPH;No Control Present;Clear;No;34.760044, -77.401855
910;911;Yes;40-49;46;No;With Traffic;B: Evident Injury;Travel Lane;White;Male;None - Rural Crash;Stokes;No;01-01-03;2007-11-07;Motorist Overtaking Bicyclist;18;Non-Intersection;01-11-01;0001-01-01T13:11:58-04:56;Motorist Overtaking - Undetected Bicyclist;311231;2007;B: Evident Injury;Farms, Woods, Pastures;60-69;64;No;41-45 mph;O: No Injury;White;Male;Van;No;No;Dark - Roadway Not Lighted;Rural (<30% Developed);2 lanes;2;Straight - Level;State Secondary Route;Dry;Two-Way, Not Divided;None;No Special Feature;Smooth Asphalt;Piedmont;Rural;50 - 55  MPH;Double Yellow Line, No Passing Zone;Clear;No;36.27426, -80.33686
911;912;Yes;16-19;17;No;With Traffic;B: Evident Injury;Travel Lane;White;Male;None - Rural Crash;Onslow;No;01-01-04;2007-11-08;Motorist Overtaking Bicyclist;16;Non-Intersection;01-11-01;0001-01-01T11:53:58-04:56;Motorist Overtaking - Misjudged Space;311232;2007;B: Evident Injury;Residential;20-24;21;No;41-45 mph;O: No Injury;Black;Male;Passenger Car;No;No;Daylight;Urban (>70% Developed);2 lanes;2;Straight - Level;State Secondary Route;Dry;Two-Way, Not Divided;None;No Special Feature;Smooth Asphalt;Coastal;Rural;40 - 45  MPH;No Control Present;Clear;No;34.89808, -77.52761
208;209;Yes;0-5;3;No;;C: Possible Injury;Travel Lane;Black;Female;Raleigh;Wake;No;01-01-04;2011-04-14;Bicyclist Failed to Yield - Midblock;12;Non-Intersection;01-04-01;0001-01-01T07:45:58-04:56;Bicyclist Ride Out - Midblock -;319319;2011;C: Possible Injury;Residential;50-59;50;No;46-50 mph;O: No Injury;Black;Male;Motorcycle;No;No;Daylight;Urban (>70% Developed);2 lanes;2;Straight - Level;Local Street;Dry;Two-Way, Not Divided;None;No Special Feature;Smooth Asphalt;Piedmont;Urban;30 - 35  MPH;No Control Present;Clear;No;35.77393, -78.6272
210;211;Yes;15-Nov;14;No;With Traffic;B: Evident Injury;Sidewalk / Crosswalk / Driveway Crossing;Black;Female;Raleigh;Wake;No;01-01-02;2011-05-03;Loss of Control / Turning Error;19;Non-Intersection;01-05-01;0001-01-01T14:14:58-04:56;Motorist Lost Control - Other /;331139;2011;B: Evident Injury;Residential;;;Missing;16-20 mph;Injury;/Missing;;;No;Yes;Daylight;Urban (>70% Developed);3 lanes;2;Straight - Level;Local Street;Dry;Two-Way, Divided, Unprotected Median;None;No Special Feature;Smooth Asphalt;Piedmont;Urban;30 - 35  MPH;No Control Present;Clear;No;35.77323, -78.6923
216;217;No;50-59;52;No;With Traffic;C: Possible Injury;Travel Lane;Other;Female;None - Rural Crash;Franklin;No;01-01-02;2011-05-03;Motorist Overtaking Bicyclist;7;Non-Intersection;01-05-01;0001-01-01T02:22:58-04:56;Motorist Overtaking - Misjudged Space;311232;2011;C: Possible Injury;Residential;50-59;57;No;41-45 mph;O: No Injury;White;Female;Passenger Car;No;No;Daylight;Rural (<30% Developed);2 lanes;2;Straight - Grade;State Secondary Route;Dry;Two-Way, Not Divided;None;No Special Feature;Smooth Asphalt;Piedmont;Rural;50 - 55  MPH;Double Yellow Line, No Passing Zone;Clear;No;36.08531, -78.5187
217;218;Yes;50-59;50;No;Facing Traffic;B: Evident Injury;Sidewalk / Crosswalk / Driveway Crossing;White;Female;Cary;Wake;No;;2011-05-09;Motorist Failed to Yield - Sign-Controlled Intersection;17;Intersection;01-05-01;0001-01-01T12:49:58-04:56;Motorist Drive Out - Sign-Controlled Intersection;132141;2011;B: Evident Injury;Residential;25-29;26;No;0-5 mph;O: No Injury;Black;Male;Sport Utility;No;No;Daylight;Urban (>70% Developed);2 lanes;2;Straight - Level;Local Street;Dry;Two-Way, Divided, Unprotected Median;None;Four-Way Intersection;Smooth Asphalt;Piedmont;Urban;20 - 25  MPH;Stop Sign;Clear;No;35.79119, -78.8254
221;222;No;40-49;46;No;With Traffic;C: Possible Injury;Travel Lane;White;Male;None - Rural Crash;Sampson;No;01-01-02;2011-05-17;Motorist Overtaking Bicyclist;21;Intersection;01-05-01;0001-01-01T16:07:58-04:56;Motorist Overtaking - Other /;111239;2011;C: Possible Injury;Farms, Woods, Pastures;60-69;60;No;41-45 mph;O: No Injury;Black;Female;Passenger Car;No;No;Dusk;Rural (<30% Developed);2 lanes;2;Curve - Level;US Route;Wet;Two-Way, Not Divided;None;T-Intersection;Smooth Asphalt;Coastal;Rural;50 - 55  MPH;Double Yellow Line, No Passing Zone;Cloudy;No;34.82097, -78.3581
242;243;No;15-Nov;13;No;Facing Traffic;C: Possible Injury;Sidewalk / Crosswalk / Driveway Crossing;Black;Male;Charlotte;Mecklenburg;No;01-01-04;2011-04-28;Motorist Failed to Yield - Midblock;18;Non-Intersection;01-04-01;0001-01-01T13:45:58-04:56;Motorist Drive Out - Commercial Driveway / Alley;332322;2011;C: Possible Injury;Residential;25-29;26;No;6-10 mph;O: No Injury;Hispanic;Male;Passenger Car;No;No;Daylight;Urban (>70% Developed);2 lanes;2;Straight - Level;Local Street;Dry;Two-Way, Not Divided;None;No Special Feature;Smooth Asphalt;Piedmont;Urban;20 - 25  MPH;No Control Present;Clear;No;35.24713, -80.8179
250;251;Yes;60-69;64;No;With Traffic;A: Disabling Injury;Travel Lane;White;Male;Matthews;Mecklenburg;No;;2011-05-02;Motorist Overtaking Bicyclist;16;Intersection-Related;01-05-01;0001-01-01T11:14:58-04:56;Motorist Overtaking - Other /;211239;2011;A: Disabling Injury;Commercial;40-49;47;No;16-20 mph;O: No Injury;White;Female;Passenger Car;No;No;Daylight;Urban (>70% Developed);5 lanes;2;Straight - Level;NC Route;Dry;Two-Way, Divided, Positive Median Barrier;None;No Special Feature;Smooth Asphalt;Piedmont;Urban;40 - 45  MPH;No Control Present;Clear;No;35.11418, -80.7537
255;256;Yes;60-69;69;No;Facing Traffic;B: Evident Injury;Multi-use Path;White;Female;None - Rural Crash;Currituck;No;01-01-06;2011-05-28;Bicyclist Failed to Yield - Sign-Controlled Intersection;10;Intersection;01-05-01;0001-01-01T05:10:58-04:56;Bicyclist Ride Through - Sign-Controlled Intersection;142144;2011;B: Evident Injury;Residential;30-39;33;No;0-5 mph;O: No Injury;White;Female;Passenger Car;No;No;Daylight;Rural (<30% Developed);2 lanes;2;Straight - Level;NC Route;Dry;Two-Way, Not Divided;None;Four-Way Intersection;Coarse Asphalt;Coastal;Rural;30 - 35  MPH;Stop Sign;Clear;No;36.37855, -75.8302
261;262;Yes;40-49;44;No;Not Applicable;C: Possible Injury;Driveway / Alley;Black;Male;Fayetteville;Cumberland;No;01-01-05;2011-05-13;Motorist Failed to Yield - Midblock;16;Non-Intersection;01-05-01;0001-01-01T11:34:58-04:56;Motorist Drive Out - Commercial Driveway / Alley;353322;2011;C: Possible Injury;Residential;50-59;58;No;11-15 mph;O: No Injury;White;Male;Passenger Car;No;No;Daylight;Urban (>70% Developed);4 lanes;2;Straight - Grade;Local Street;Dry;Two-Way, Not Divided;None;No Special Feature;Coarse Asphalt;Coastal;Urban;40 - 45  MPH;No Control Present;Cloudy;No;35.08885, -78.9266
263;264;Yes;15-Nov;13;No;With Traffic;C: Possible Injury;Travel Lane;Black;Female;None - Rural Crash;Lenoir;No;;2011-05-30;Motorist Overtaking Bicyclist;19;Non-Intersection;01-05-01;0001-01-01T14:13:58-04:56;Motorist Overtaking - Other /;311239;2011;C: Possible Injury;Residential;;;No;0-5 mph;Injury;/Missing;;Passenger Car;No;Yes;Daylight;Rural (<30% Developed);2 lanes;2;Straight - Level;Local Street;Sand, Mud, Dirt, Gravel;Two-Way, Not Divided;Rut, Holes, Bumps;No Special Feature;Gravel;Coastal;Rural;5 - 15 MPH;No Control Present;Clear;No;35.32684, -77.6748
265;266;Yes;20-24;21;No;Facing Traffic;C: Possible Injury;Sidewalk / Crosswalk / Driveway Crossing;White;Female;Greensboro;Guilford;No;01-01-04;2011-05-19;Motorist Failed to Yield - Midblock;14;Non-Intersection;01-05-01;0001-01-01T09:46:58-04:56;Motorist Drive Out - Commercial Driveway / Alley;332322;2011;C: Possible Injury;Commercial;50-59;57;No;0-5 mph;O: No Injury;Black;Male;Pickup;No;No;Daylight;Urban (>70% Developed);2 lanes;2;Straight - Level;Public Vehicular Area;Dry;Two-Way, Not Divided;Other;Driveway, Public;Smooth Asphalt;Piedmont;Urban;;No Control Present;Clear;No;36.08835, -79.8882
272;273;Yes;20-24;21;No;Not Applicable;C: Possible Injury;;White;Male;Goldsboro;Wayne;No;01-01-05;2011-05-20;Bicyclist Failed to Yield - Midblock;14;Non-Intersection;01-05-01;0001-01-01T09:23:58-04:56;Bicyclist Ride Out - Other Midblock;393318;2011;C: Possible Injury;Commercial;40-49;43;No;21-25 mph;O: No Injury;White;Female;Sport Utility;No;No;Daylight;Urban (>70% Developed);6 lanes;2;Straight - Level;Local Street;Dry;Two-Way, Divided, Unprotected Median;None;Related To Intersection;Coarse Asphalt;Coastal;Urban;30 - 35  MPH;Other;Clear;No;35.37068, -77.9537
279;280;Yes;10-Jun;8;No;Facing Traffic;B: Evident Injury;Travel Lane;Black;Male;Monroe;Union;No;01-01-07;2011-05-15;Head-On;19;Non-Intersection;01-05-01;0001-01-01T14:37:58-04:56;Head-On - Bicyclist;312250;2011;B: Evident Injury;Residential;25-29;26;No;31-35 mph;O: No Injury;Hispanic;Male;Passenger Car;No;No;Daylight;Urban (>70% Developed);2 lanes;2;Straight - Grade;Local Street;Dry;Two-Way, Not Divided;None;No Special Feature;Smooth Asphalt;Piedmont;Urban;30 - 35  MPH;No Control Present;Clear;No;34.99067, -80.5014
281;282;No;40-49;40;No;With Traffic;C: Possible Injury;Travel Lane;White;Male;Salisbury;Rowan;No;;2011-06-06;Motorist Right Turn / Merge;15;Intersection;01-06-01;0001-01-01T10:47:58-04:56;Motorist Right Turn - Same Direction;111213;2011;C: Possible Injury;Commercial;50-59;50;No;0-5 mph;O: No Injury;Black;Female;Sport Utility;No;Yes;Daylight;Urban (>70% Developed);2 lanes;2;Straight - Level;Local Street;Dry;Two-Way, Not Divided;None;No Special Feature;Smooth Asphalt;Piedmont;Urban;30 - 35  MPH;Stop And Go Signal;Clear;No;35.65725, -80.4877
282;283;No;16-19;17;No;With Traffic;B: Evident Injury;Travel Lane;White;Male;None - Rural Crash;Robeson;No;;2011-06-06;Bicyclist Left Turn / Merge;18;Non-Intersection;01-06-01;0001-01-01T13:31:58-04:56;Bicyclist Left Turn - Same Direction;311221;2011;B: Evident Injury;Farms, Woods, Pastures;25-29;25;No;51-55 mph;O: No Injury;Native American;Male;Pickup;No;No;Daylight;Rural (<30% Developed);2 lanes;2;Straight - Level;State Secondary Route;Dry;Two-Way, Not Divided;None;No Special Feature;Smooth Asphalt;Coastal;Rural;50 - 55  MPH;Double Yellow Line, No Passing Zone;Clear;No;34.625, -79.1275
284;285;No;25-29;28;No;Not Applicable;C: Possible Injury;Sidewalk / Crosswalk / Driveway Crossing;Hispanic;Male;Charlotte;Mecklenburg;No;01-01-03;2011-05-18;Crossing Paths - Other Circumstances;14;Intersection;01-05-01;0001-01-01T09:45:58-04:56;Crossing Paths - Intersection - Other /;133180;2011;C: Possible Injury;Residential;40-49;40;No;26-30 mph;O: No Injury;Black;Female;Passenger Car;No;No;Daylight;Urban (>70% Developed);4 lanes;2;Straight - Grade;Local Street;Dry;Two-Way, Not Divided;None;No Special Feature;Smooth Asphalt;Piedmont;Urban;30 - 35  MPH;No Control Present;Clear;No;35.23371, -80.8427
287;288;Yes;16-19;19;No;With Traffic;C: Possible Injury;Travel Lane;White;Male;Asheville;Buncombe;No;;2011-05-09;Bicyclist Failed to Yield - Signalized Intersection;19;Intersection;01-05-01;0001-01-01T14:29:58-04:56;Bicyclist Ride Through - Signalized Intersection;111155;2011;C: Possible Injury;Commercial;70+;;No;6-10 mph;O: No Injury;White;Male;Passenger Car;No;No;Daylight;Urban (>70% Developed);2 lanes;2;Straight - Grade;US Route;Dry;Two-Way, Not Divided;None;Four-Way Intersection;Smooth Asphalt;Mountains;Urban;20 - 25  MPH;Stop And Go Signal;Clear;No;35.59555, -82.5518
292;293;No;30-39;30;No;With Traffic;C: Possible Injury;Travel Lane;White;Male;None - Rural Crash;Cabarrus;No;01-01-06;2011-06-11;Bicyclist Left Turn / Merge;20;Intersection;01-06-01;0001-01-01T15:18:58-04:56;Bicyclist Left Turn - Same Direction;111221;2011;C: Possible Injury;Residential;70+;;No;51-55 mph;O: No Injury;White;Female;Passenger Car;No;No;Daylight;Mixed (30% To 70% Developed);2 lanes;2;Straight - Grade;State Secondary Route;Dry;Two-Way, Not Divided;None;T-Intersection;Smooth Asphalt;Piedmont;Rural;50 - 55  MPH;No Control Present;Clear;No;35.44625, -80.5475
300;301;Yes;25-29;29;No;With Traffic;B: Evident Injury;Sidewalk / Crosswalk / Driveway Crossing;Other;Male;Charlotte;Mecklenburg;No;01-01-04;2011-05-26;Motorist Left Turn / Merge;19;Intersection;01-05-01;0001-01-01T14:28:58-04:56;Motorist Left Turn - Opposite Direction;131212;2011;B: Evident Injury;Residential;30-39;30;No;11-15 mph;O: No Injury;White;Female;Passenger Car;No;No;Daylight;Urban (>70% Developed);4 lanes;2;Straight - Level;Local Street;Dry;Two-Way, Not Divided;None;No Special Feature;Smooth Asphalt;Piedmont;Urban;40 - 45  MPH;No Control Present;Clear;No;35.16269, -80.9006
310;311;No;15-Nov;12;No;;C: Possible Injury;Travel Lane;Black;Male;Durham;Durham;No;01-01-03;2011-06-15;Bicyclist Failed to Yield - Sign-Controlled Intersection;20;Intersection;01-06-01;0001-01-01T15:23:58-04:56;Bicyclist Ride Out - Sign-Controlled Intersection;119142;2011;C: Possible Injury;Residential;40-49;48;No;26-30 mph;O: No Injury;Hispanic;Female;Passenger Car;No;No;Daylight;Urban (>70% Developed);2 lanes;2;Curve - Level;Local Street;Dry;Two-Way, Not Divided;None;No Special Feature;Smooth Asphalt;Piedmont;Urban;30 - 35  MPH;Stop Sign;Clear;No;36.00156, -78.8668
317;318;No;10-Jun;8;No;Facing Traffic;C: Possible Injury;Travel Lane;/Missing;Male;None - Rural Crash;Craven;No;;2011-06-13;Bicyclist Right Turn / Merge;18;Non-Intersection;01-06-01;0001-01-01T13:41:58-04:56;Bicyclist Right Turn - Same Direction;312223;2011;C: Possible Injury;Residential;20-24;20;No;31-35 mph;O: No Injury;White;Male;Passenger Car;No;No;Daylight;Urban (>70% Developed);2 lanes;2;Straight - Level;State Secondary Route;Dry;Two-Way, Not Divided;None;No Special Feature;Coarse Asphalt;Coastal;Rural;30 - 35  MPH;No Control Present;Clear;No;35.08897, -76.9493
319;320;Yes;40-49;41;Yes;Facing Traffic;O: No Injury;Travel Lane;Black;Male;None - Rural Crash;Lee;Yes;01-01-05;2011-06-17;Head-On;22;Non-Intersection;01-06-01;0001-01-01T17:13:58-04:56;Head-On - Bicyclist;312250;2011;O: No Injury;Farms, Woods, Pastures;30-39;35;No;46-50 mph;O: No Injury;Black;Male;Passenger Car;No;No;Dark - Roadway Not Lighted;Rural (<30% Developed);2 lanes;2;Straight - Level;State Secondary Route;Dry;Two-Way, Not Divided;None;No Special Feature;Smooth Asphalt;Piedmont;Rural;50 - 55  MPH;Double Yellow Line, No Passing Zone;Clear;No;35.45516, -79.2879
322;323;No;40-49;43;No;With Traffic;C: Possible Injury;Travel Lane;White;Male;Wilmington;New Hanover;No;;2011-05-30;Motorist Failed to Yield - Sign-Controlled Intersection;15;Intersection;01-05-01;0001-01-01T10:22:58-04:56;Motorist Drive Through - Sign-Controlled Intersection;111143;2011;C: Possible Injury;Residential;;;Missing;21-25 mph;Injury;/Missing;;;No;Yes;Daylight;Urban (>70% Developed);2 lanes;2;Straight - Level;Local Street;Dry;Two-Way, Not Divided;None;Four-Way Intersection;Coarse Asphalt;Coastal;Urban;20 - 25  MPH;Stop Sign;Clear;No;34.22606, -77.9368
427;428;Yes;15-Nov;11;No;Not Applicable;C: Possible Injury;Driveway / Alley;Black;Male;Wilson;Wilson;No;;2011-04-25;Bicyclist Failed to Yield - Midblock;12;Non-Intersection;01-04-01;0001-01-01T07:49:58-04:56;Bicyclist Ride Out - Residential Driveway;353311;2011;C: Possible Injury;Residential;25-29;25;No;16-20 mph;O: No Injury;White;Female;Sport Utility;No;No;Daylight;Urban (>70% Developed);2 lanes;2;Straight - Level;Local Street;Dry;Two-Way, Not Divided;None;No Special Feature;Coarse Asphalt;Coastal;Urban;30 - 35  MPH;No Control Present;Clear;No;35.72855, -77.9117
430;431;Yes;25-29;26;No;With Traffic;B: Evident Injury;Travel Lane;Other;Male;Raleigh;Wake;No;01-01-05;2011-07-01;Bicyclist Overtaking Motorist;9;Intersection-Related;01-07-01;0001-01-01T04:38:58-04:56;Bicyclist Overtaking - Passing on Right;211241;2011;B: Evident Injury;Institutional;20-24;20;No;0-5 mph;O: No Injury;Other;Female;Passenger Car;No;No;Daylight;Urban (>70% Developed);2 lanes;2;Straight - Level;Local Street;Dry;Two-Way, Not Divided;None;No Special Feature;Coarse Asphalt;Piedmont;Urban;20 - 25  MPH;Stop And Go Signal;Clear;No;35.78624, -78.6749
431;432;Yes;50-59;51;No;With Traffic;B: Evident Injury;Travel Lane;White;Male;Waxhaw;Union;No;01-01-06;2011-07-02;Loss of Control / Turning Error;7;Intersection;01-07-01;0001-01-01T02:44:58-04:56;Motorist Turning Error - Left Turn;111111;2011;B: Evident Injury;Farms, Woods, Pastures;40-49;42;No;41-45 mph;O: No Injury;White;Male;Sport Utility;No;No;Daylight;Mixed (30% To 70% Developed);4 lanes;2;Straight - Grade;Local Street;Dry;Two-Way, Divided, Unprotected Median;None;Four-Way Intersection;Smooth Asphalt;Piedmont;Rural;40 - 45  MPH;Stop And Go Signal;Clear;No;34.94689, -80.7736
436;437;No;20-24;20;No;Not Applicable;C: Possible Injury;Non-Roadway;Black;Male;Rutherfordton;Rutherford;No;;2011-07-04;Non-Roadway;18;Non-Roadway;01-07-01;0001-01-01T13:33:58-04:56;Non-Roadway;460910;2011;C: Possible Injury;Commercial;25-29;26;No;21-25 mph;O: No Injury;Black;Male;Passenger Car;No;No;Daylight;Urban (>70% Developed);2 lanes;2;Curve - Level;Public Vehicular Area;Dry;Two-Way, Not Divided;None;No Special Feature;Smooth Asphalt;Mountains;Rural;30 - 35  MPH;No Control Present;Clear;No;35.36217, -81.9429
442;443;Yes;15-Nov;14;No;With Traffic;A: Disabling Injury;Travel Lane;Black;Male;None - Rural Crash;Onslow;No;01-01-07;2011-07-24;Bicyclist Right Turn / Merge;20;Non-Intersection;01-07-01;0001-01-01T15:53:58-04:56;Bicyclist Right Turn - Same Direction;311223;2011;A: Disabling Injury;Farms, Woods, Pastures;40-49;46;No;41-45 mph;O: No Injury;White;Female;Passenger Car;No;No;Dark - Roadway Not Lighted;Rural (<30% Developed);3 lanes;2;Straight - Level;NC Route;Dry;Two-Way, Not Divided;None;No Special Feature;Coarse Asphalt;Coastal;Rural;40 - 45  MPH;No Control Present;Clear;No;34.7442, -77.4895