FID;OBJECTID;AmbulanceR;BikeAge_Gr;Bike_Age;Bike_Alc_D;Bike_Dir;Bike_Injur;Bike_Pos;Bike_Race;Bike_Sex;City;County;CrashAlcoh;CrashDay;Crash_Date;Crash_Grp;Crash_Hour;Crash_Loc;Crash_Mont;Crash_Time;Crash_Type;Crash_Ty_1;Crash_Year;Crsh_Sevri;Developmen;DrvrAge_Gr;Drvr_Age;Drvr_Alc_D;Drvr_EstSp;Drvr_Injur;Drvr_Race;Drvr_Sex;Drvr_VehTy;ExcsSpdInd;Hit_Run;Light_Cond;Locality;Num_Lanes;Num_Units;Rd_Charact;Rd_Class;Rd_Conditi;Rd_Config;Rd_Defects;Rd_Feature;Rd_Surface;Region;Rural_Urba;Speed_Limi;Traff_Cntr;Weather;Workzone_I;Location
446;447;Yes;60-69;67;No;With Traffic;B: Evident Injury;Travel Lane;White;Male;None - Rural Crash;Brunswick;No;;2011-07-25;Motorist Overtaking Bicyclist;9;Non-Intersection;01-07-01;0001-01-01T04:08:58-04:56;Motorist Overtaking - Misjudged Space;311232;2011;B: Evident Injury;Farms, Woods, Pastures;25-29;27;No;41-45 mph;O: No Injury;White;Male;Van;No;No;Daylight;Rural (<30% Developed);2 lanes;2;Straight - Level;NC Route;Dry;Two-Way, Not Divided;None;No Special Feature;Smooth Asphalt;Coastal;Rural;40 - 45  MPH;Double Yellow Line, No Passing Zone;Cloudy;No;33.94058, -78.0245
461;462;No;16-19;17;No;With Traffic;O: No Injury;Travel Lane;Other;Male;Cary;Wake;No;01-01-03;2011-06-29;Motorist Failed to Yield - Sign-Controlled Intersection;16;Intersection;01-06-01;0001-01-01T11:06:58-04:56;Motorist Drive Out - Sign-Controlled Intersection;111141;2011;O: No Injury;Commercial;;;Missing;;Injury;/Missing;;;No;Yes;Dawn;Urban (>70% Developed);;2;Straight - Grade;Public Vehicular Area;Dry;Two-Way, Divided, Positive Median Barrier;None;No Special Feature;Smooth Asphalt;Piedmont;Urban;;Stop Sign;Clear;No;35.77698, -78.8349
469;470;Yes;50-59;52;No;With Traffic;C: Possible Injury;Travel Lane;Black;Male;Charlotte;Mecklenburg;Yes;01-01-06;2011-07-16;Motorist Overtaking Bicyclist;0;Intersection-Related;01-07-01;0000-12-31T19:51:58-04:56;Motorist Overtaking - Undetected Bicyclist;211231;2011;C: Possible Injury;Residential;20-24;22;Yes;31-35 mph;O: No Injury;White;Male;Passenger Car;No;No;Dark - Roadway Not Lighted;Urban (>70% Developed);2 lanes;2;Curve - Grade;Local Street;Dry;Two-Way, Not Divided;None;No Special Feature;Smooth Asphalt;Piedmont;Urban;30 - 35  MPH;No Control Present;Cloudy;No;35.21512, -80.8155
503;504;Yes;15-Nov;15;Yes;With Traffic;B: Evident Injury;Travel Lane;Black;Male;Charlotte;Mecklenburg;Yes;;2011-08-01;Motorist Right Turn / Merge;20;Intersection;01-08-01;0001-01-01T15:33:58-04:56;Motorist Right Turn - Same Direction;111213;2011;B: Evident Injury;Residential;20-24;20;No;0-5 mph;O: No Injury;Black;Male;Sport Utility;No;No;Dawn;Rural (<30% Developed);2 lanes;2;Straight - Level;Local Street;Dry;Two-Way, Not Divided;None;No Special Feature;Smooth Asphalt;Piedmont;Urban;30 - 35  MPH;Stop Sign;Clear;No;35.23726, -80.7989
509;510;Yes;40-49;43;Yes;With Traffic;K: Killed;Travel Lane;Black;Male;Gibsonville;Alamance;Yes;01-01-07;2011-07-31;Motorist Overtaking Bicyclist;20;Intersection-Related;01-07-01;0001-01-01T16:01:58-04:56;Motorist Overtaking - Other /;211239;2011;K: Killed;Residential;25-29;28;No;31-35 mph;O: No Injury;White;Male;;No;Yes;Dark - Lighted Roadway;Urban (>70% Developed);2 lanes;2;Curve - Level;Local Street;Dry;Two-Way, Not Divided;None;T-Intersection;Smooth Asphalt;Piedmont;Urban;30 - 35  MPH;Stop Sign;Cloudy;No;36.10033, -79.5336
551;552;Yes;15-Nov;11;No;With Traffic;C: Possible Injury;Sidewalk / Crosswalk / Driveway Crossing;Black;Female;Greensboro;Guilford;No;01-01-03;2011-08-17;Loss of Control / Turning Error;20;Intersection;01-08-01;0001-01-01T15:06:58-04:56;Bicyclist Lost Control - Mechanical Problems;131121;2011;C: Possible Injury;Residential;70+;;No;;O: No Injury;Black;Male;Pickup;No;No;Daylight;Urban (>70% Developed);2 lanes;2;Straight - Hillcrest;Local Street;Dry;Two-Way, Divided, Unprotected Median;None;No Special Feature;Coarse Asphalt;Piedmont;Urban;30 - 35  MPH;Stop Sign;Clear;No;36.0732, -79.7408
557;558;Yes;40-49;40;No;With Traffic;B: Evident Injury;Bike Lane / Paved Shoulder;White;Male;None - Rural Crash;Craven;No;;2011-08-29;Motorist Overtaking Bicyclist;1;Non-Intersection;01-08-01;0000-12-31T20:25:58-04:56;Motorist Overtaking - Other /;321239;2011;B: Evident Injury;Farms, Woods, Pastures;;;Missing;21-25 mph;Injury;/Missing;;Passenger Car;No;Yes;Dark - Roadway Not Lighted;Rural (<30% Developed);4 lanes;2;Straight - Level;US Route;Dry;Two-Way, Divided, Positive Median Barrier;None;Bridge;Concrete;Coastal;Rural;50 - 55  MPH;No Control Present;Clear;No;35.09915, -77.0179
561;562;Yes;30-39;32;No;With Traffic;C: Possible Injury;Travel Lane;Asian;Male;Durham;Durham;No;;2011-08-29;Bicyclist Left Turn / Merge;18;Intersection;01-08-01;0001-01-01T13:31:58-04:56;Bicyclist Left Turn - Same Direction;111221;2011;C: Possible Injury;Commercial;40-49;47;No;21-25 mph;O: No Injury;Native American;Female;Passenger Car;No;No;Daylight;Urban (>70% Developed);2 lanes;2;Straight - Level;Local Street;Wet;Two-Way, Not Divided;None;T-Intersection;Coarse Asphalt;Piedmont;Urban;30 - 35  MPH;No Control Present;Cloudy;No;35.91515, -78.8888
586;587;Yes;15-Nov;15;No;Not Applicable;B: Evident Injury;Driveway / Alley;Black;Male;None - Rural Crash;Warren;No;;2011-09-05;Bicyclist Failed to Yield - Midblock;10;Non-Intersection;01-09-01;0001-01-01T05:40:58-04:56;Bicyclist Ride Out - Residential Driveway;353311;2011;B: Evident Injury;Farms, Woods, Pastures;0-19;19;No;16-20 mph;O: No Injury;Black;Male;Van;No;No;Daylight;Rural (<30% Developed);2 lanes;2;Straight - Hillcrest;State Secondary Route;Dry;Two-Way, Not Divided;None;Driveway, Private;Smooth Asphalt;Piedmont;Rural;50 - 55  MPH;Double Yellow Line, No Passing Zone;Clear;No;36.4264, -78.0822
591;592;Yes;20-24;20;No;;B: Evident Injury;Travel Lane;White;Male;Raleigh;Wake;No;01-01-03;2011-08-31;Motorist Failed to Yield - Sign-Controlled Intersection;20;Intersection;01-08-01;0001-01-01T15:57:58-04:56;Motorist Drive Out - Sign-Controlled Intersection;119141;2011;B: Evident Injury;Institutional;20-24;21;No;0-5 mph;O: No Injury;Black;Male;Passenger Car;No;No;Dark - Lighted Roadway;Urban (>70% Developed);2 lanes;2;Straight - Level;Local Street;Dry;Two-Way, Not Divided;None;Four-Way Intersection;Smooth Asphalt;Piedmont;Urban;5 - 15 MPH;Stop Sign;Clear;No;35.78658, -78.681
603;604;No;15-Nov;11;No;With Traffic;C: Possible Injury;Travel Lane;White;Male;None - Rural Crash;Buncombe;No;01-01-05;2011-09-09;Bicyclist Failed to Yield - Sign-Controlled Intersection;18;Intersection;01-09-01;0001-01-01T13:31:58-04:56;Bicyclist Ride Through - Sign-Controlled Intersection;111144;2011;C: Possible Injury;Residential;70+;;No;11-15 mph;O: No Injury;White;Male;Passenger Car;No;No;Daylight;Urban (>70% Developed);2 lanes;2;Curve - Grade;State Secondary Route;Dry;Two-Way, Not Divided;None;T-Intersection;Coarse Asphalt;Mountains;Rural;20 - 25  MPH;Stop Sign;Clear;No;35.623, -82.6247
615;616;Yes;50-59;53;No;With Traffic;C: Possible Injury;Travel Lane;White;Male;None - Rural Crash;Pitt;No;01-01-02;2011-09-13;Motorist Failed to Yield - Sign-Controlled Intersection;20;Intersection;01-09-01;0001-01-01T15:42:58-04:56;Motorist Drive Out - Sign-Controlled Intersection;111141;2011;C: Possible Injury;Farms, Woods, Pastures;50-59;53;No;0-5 mph;O: No Injury;White;Female;Passenger Car;No;No;Dark - Roadway Not Lighted;Rural (<30% Developed);2 lanes;2;Curve - Level;State Secondary Route;Dry;Two-Way, Not Divided;None;No Special Feature;Coarse Asphalt;Coastal;Rural;50 - 55  MPH;Flashing Signal With Stop Sign;Clear;No;35.5126, -77.3188
616;617;Yes;40-49;41;No;With Traffic;B: Evident Injury;Travel Lane;White;Female;None - Rural Crash;Durham;No;01-01-03;2011-09-14;Motorist Failed to Yield - Sign-Controlled Intersection;8;Intersection;01-09-01;0001-01-01T03:43:58-04:56;Motorist Drive Out - Sign-Controlled Intersection;111141;2011;B: Evident Injury;Farms, Woods, Pastures;70+;;No;6-10 mph;O: No Injury;White;Male;Passenger Car;No;No;Daylight;Rural (<30% Developed);2 lanes;2;Straight - Grade;State Secondary Route;Dry;Two-Way, Not Divided;None;Four-Way Intersection;Smooth Asphalt;Piedmont;Rural;40 - 45  MPH;Stop Sign;Clear;No;36.01007, -78.99
621;622;Yes;15-Nov;13;No;With Traffic;B: Evident Injury;Travel Lane;White;Male;Aberdeen;Moore;No;01-01-04;2011-09-08;Crossing Paths - Other Circumstances;20;Intersection-Related;01-09-01;0001-01-01T15:08:58-04:56;Crossing Paths - Uncontrolled Intersection;211160;2011;B: Evident Injury;Commercial;25-29;29;No;41-45 mph;O: No Injury;White;Male;Pickup;No;No;Dark - Lighted Roadway;Urban (>70% Developed);5 lanes;2;Straight - Level;US Route;Dry;Two-Way, Divided, Unprotected Median;None;No Special Feature;Coarse Asphalt;Piedmont;Rural;40 - 45  MPH;No Control Present;Clear;No;35.14011, -79.4249
632;633;No;40-49;41;No;With Traffic;C: Possible Injury;Travel Lane;White;Male;Charlotte;Mecklenburg;No;;2011-09-12;Bicyclist Left Turn / Merge;15;Intersection;01-09-01;0001-01-01T10:06:58-04:56;Bicyclist Left Turn - Same Direction;111221;2011;C: Possible Injury;Commercial;30-39;38;No;0-5 mph;O: No Injury;Black;Male;Passenger Car;No;No;Daylight;Urban (>70% Developed);2 lanes;2;Straight - Level;Local Street;Dry;Two-Way, Divided, Unprotected Median;None;T-Intersection;Smooth Asphalt;Piedmont;Urban;30 - 35  MPH;Stop Sign;Clear;No;35.2188, -80.8141
635;636;No;16-19;18;No;With Traffic;C: Possible Injury;Travel Lane;White;Male;Asheville;Buncombe;No;;2011-08-29;Bicyclist Failed to Yield - Sign-Controlled Intersection;12;Intersection;01-08-01;0001-01-01T07:46:58-04:56;Bicyclist Ride Out - Sign-Controlled Intersection;111142;2011;C: Possible Injury;Commercial;60-69;61;No;16-20 mph;O: No Injury;White;Male;Passenger Car;No;No;Daylight;Urban (>70% Developed);5 lanes;2;Straight - Level;US Route;Dry;Two-Way, Divided, Unprotected Median;None;Four-Way Intersection;Smooth Asphalt;Mountains;Urban;30 - 35  MPH;Stop Sign;Clear;No;35.56596, -82.5433
636;637;No;50-59;51;No;Facing Traffic;Injury;Multi-use Path;/Missing;Female;Southern Shores;Dare;No;01-01-06;2011-09-10;Bicyclist Failed to Yield - Sign-Controlled Intersection;14;Intersection;01-09-01;0001-01-01T09:21:58-04:56;Bicyclist Ride Through - Sign-Controlled Intersection;142144;2011;O: No Injury;Residential;40-49;47;No;0-5 mph;O: No Injury;White;Male;Pickup;No;No;Daylight;Urban (>70% Developed);2 lanes;2;Straight - Level;Local Street;Dry;Two-Way, Not Divided;None;T-Intersection;Smooth Asphalt;Coastal;Rural;20 - 25  MPH;Stop And Go Signal;Clear;No;36.11453, -75.7202
646;647;No;20-24;21;No;Not Applicable;A: Disabling Injury;Driveway / Alley;Black;Male;Wilmington;New Hanover;No;;2011-09-19;Bicyclist Failed to Yield - Midblock;10;Non-Intersection;01-09-01;0001-01-01T05:32:58-04:56;Bicyclist Ride Out - Residential Driveway;353311;2011;A: Disabling Injury;Residential;50-59;50;No;11-15 mph;O: No Injury;White;Female;Passenger Car;No;No;Daylight;Urban (>70% Developed);2 lanes;2;Straight - Level;Local Street;Dry;Two-Way, Not Divided;None;No Special Feature;Coarse Asphalt;Coastal;Urban;20 - 25  MPH;No Control Present;Clear;No;34.21544, -77.8794
649;650;No;60-69;69;No;With Traffic;C: Possible Injury;Travel Lane;White;Male;None - Rural Crash;Cleveland;No;01-01-02;2011-08-23;Bicyclist Overtaking Motorist;9;Non-Intersection;01-08-01;0001-01-01T04:07:58-04:56;Bicyclist Overtaking - Other /;311249;2011;C: Possible Injury;Farms, Woods, Pastures;25-29;27;No;31-35 mph;O: No Injury;White;Female;Passenger Car;No;No;Daylight;Rural (<30% Developed);2 lanes;2;Straight - Level;State Secondary Route;Dry;Two-Way, Not Divided;None;No Special Feature;Smooth Asphalt;Mountains;Rural;50 - 55  MPH;Double Yellow Line, No Passing Zone;Clear;No;35.4529, -81.543
661;662;No;50-59;51;No;Facing Traffic;C: Possible Injury;Travel Lane;Black;Male;Charlotte;Mecklenburg;No;01-01-06;2011-09-17;Motorist Failed to Yield - Midblock;19;Non-Intersection;01-09-01;0001-01-01T14:11:58-04:56;Motorist Drive Out - Commercial Driveway / Alley;312322;2011;C: Possible Injury;Commercial;40-49;42;No;6-10 mph;O: No Injury;Black;Female;Passenger Car;No;No;Dawn;Urban (>70% Developed);4 lanes;2;Straight - Grade;Local Street;Dry;Two-Way, Divided, Positive Median Barrier;None;No Special Feature;Smooth Asphalt;Piedmont;Urban;40 - 45  MPH;No Control Present;Cloudy;No;35.34239, -80.7658
665;666;Yes;16-19;19;No;With Traffic;B: Evident Injury;Travel Lane;White;Male;Cary;Wake;No;01-01-03;2011-09-21;Motorist Overtaking Bicyclist;19;Intersection-Related;01-09-01;0001-01-01T14:43:58-04:56;Motorist Overtaking - Other /;211239;2011;B: Evident Injury;Commercial;30-39;39;No;36-40 mph;O: No Injury;White;Female;Passenger Car;No;No;Dark - Roadway Not Lighted;Urban (>70% Developed);2 lanes;2;Straight - Level;State Secondary Route;Wet;Two-Way, Not Divided;None;No Special Feature;Smooth Asphalt;Piedmont;Urban;40 - 45  MPH;No Control Present;Rain;No;35.79154, -78.7744
678;679;No;60-69;60;No;With Traffic;O: No Injury;Travel Lane;White;Male;Chapel Hill;Orange;No;01-01-03;2011-09-07;Bicyclist Overtaking Motorist;11;Intersection;01-09-01;0001-01-01T06:03:58-04:56;Bicyclist Overtaking - Passing on Left;111242;2011;O: No Injury;Institutional;50-59;59;No;11-15 mph;Injury;Black;Female;Other Bus;No;No;Daylight;Mixed (30% To 70% Developed);2 lanes;2;Straight - Level;Local Street;Dry;Two-Way, Not Divided;None;No Special Feature;Smooth Asphalt;Piedmont;Urban;20 - 25  MPH;Stop And Go Signal;Clear;No;35.90375, -79.0527
682;683;Yes;20-24;21;No;With Traffic;C: Possible Injury;Travel Lane;Black;Male;Asheboro;Randolph;No;01-01-03;2011-09-28;Crossing Paths - Other Circumstances;22;Intersection;01-09-01;0001-01-01T18:02:58-04:56;Signalized Intersection - Other /;111158;2011;C: Possible Injury;Residential;;;Missing;6-10 mph;Injury;/Missing;;;No;Yes;Dark - Lighted Roadway;Urban (>70% Developed);2 lanes;2;Straight - Level;Local Street;Dry;Two-Way, Not Divided;None;Four-Way Intersection;Smooth Asphalt;Piedmont;Urban;30 - 35  MPH;Stop And Go Signal;Cloudy;No;35.70519, -79.807
685;686;Yes;16-19;19;No;With Traffic;B: Evident Injury;Travel Lane;Black;Male;Franklinton;Franklin;No;;2011-09-26;Motorist Overtaking Bicyclist;18;Intersection;01-09-01;0001-01-01T13:53:58-04:56;Motorist Overtaking - Other /;111239;2011;B: Evident Injury;Residential;;;Missing;;Injury;/Missing;;Pickup;No;Yes;Daylight;Mixed (30% To 70% Developed);2 lanes;2;Straight - Level;Local Street;Dry;Two-Way, Not Divided;None;T-Intersection;Smooth Asphalt;Piedmont;Rural;30 - 35  MPH;Stop Sign;Clear;No;36.09186, -78.4648
690;691;Yes;30-39;30;No;With Traffic;C: Possible Injury;Travel Lane;White;Male;Wilmington;New Hanover;No;01-01-04;2011-09-22;Motorist Overtaking Bicyclist;21;Intersection;01-09-01;0001-01-01T16:33:58-04:56;Motorist Overtaking - Other /;111239;2011;C: Possible Injury;Commercial;;;No;;Injury;/Missing;;;No;Yes;Dark - Roadway Not Lighted;Urban (>70% Developed);3 lanes;2;Straight - Level;Local Street;Wet;Two-Way, Not Divided;None;No Special Feature;Coarse Asphalt;Coastal;Urban;30 - 35  MPH;No Control Present;Rain;No;34.22314, -77.8861
694;695;Yes;30-39;36;Yes;Not Applicable;A: Disabling Injury;Travel Lane;Hispanic;Male;Raleigh;Wake;Yes;01-01-07;2011-10-09;Bicyclist Failed to Yield - Midblock;19;Non-Intersection;01-10-01;0001-01-01T14:13:58-04:56;Bicyclist Ride Out - Midblock -;313319;2011;A: Disabling Injury;Residential;30-39;38;Yes;36-40 mph;O: No Injury;Black;Male;Passenger Car;No;No;Dusk;Urban (>70% Developed);5 lanes;2;Curve - Level;Local Street;Dry;Two-Way, Not Divided;None;No Special Feature;Smooth Asphalt;Piedmont;Urban;40 - 45  MPH;No Control Present;Clear;No;35.84972, -78.5767
695;696;Yes;50-59;53;No;With Traffic;B: Evident Injury;Sidewalk / Crosswalk / Driveway Crossing;White;Female;Raleigh;Wake;No;;2011-10-10;Motorist Failed to Yield - Signalized Intersection;12;Intersection;01-10-01;0001-01-01T07:58:58-04:56;Motorist Drive Through - Signalized Intersection;131154;2011;B: Evident Injury;Commercial;20-24;21;No;41-45 mph;O: No Injury;Black;Male;Passenger Car;No;No;Daylight;Urban (>70% Developed);5 lanes;2;Straight - Level;Local Street;Dry;Two-Way, Divided, Unprotected Median;None;No Special Feature;Smooth Asphalt;Piedmont;Urban;40 - 45  MPH;Stop And Go Signal;Clear;No;35.80985, -78.7057
702;703;Yes;50-59;52;No;With Traffic;C: Possible Injury;Travel Lane;Black;Male;Clinton;Sampson;No;01-01-06;2011-10-15;Motorist Overtaking Bicyclist;19;Non-Intersection;01-10-01;0001-01-01T14:22:58-04:56;Motorist Overtaking - Other /;311239;2011;C: Possible Injury;Commercial;70+;;No;0-5 mph;O: No Injury;Black;Male;Passenger Car;No;No;Dark - Lighted Roadway;Mixed (30% To 70% Developed);2 lanes;2;Straight - Level;Local Street;Dry;Two-Way, Not Divided;None;No Special Feature;Coarse Asphalt;Coastal;Urban;5 - 15 MPH;No Control Present;Clear;No;34.99797, -78.3176
704;705;Yes;60-69;64;No;With Traffic;B: Evident Injury;Travel Lane;White;Male;None - Rural Crash;Onslow;No;;2011-10-17;Motorist Overtaking Bicyclist;19;Non-Intersection;01-10-01;0001-01-01T14:48:58-04:56;Motorist Overtaking - Misjudged Space;311232;2011;B: Evident Injury;Farms, Woods, Pastures;40-49;42;No;36-40 mph;O: No Injury;White;Male;Pickup;No;No;Dark - Roadway Not Lighted;Rural (<30% Developed);2 lanes;2;Straight - Level;NC Route;Dry;Two-Way, Not Divided;None;No Special Feature;Coarse Asphalt;Coastal;Rural;50 - 55  MPH;Double Yellow Line, No Passing Zone;Clear;No;34.51465, -77.4359
705;706;Yes;40-49;44;No;Facing Traffic;C: Possible Injury;Travel Lane;Black;Male;Charlotte;Mecklenburg;No;01-01-05;2011-09-30;Head-On;11;Non-Intersection;01-09-01;0001-01-01T06:56:58-04:56;Head-On - Bicyclist;312250;2011;C: Possible Injury;Commercial;50-59;50;No;0-5 mph;O: No Injury;Black;Female;Truck/Trailer;No;No;Daylight;Urban (>70% Developed);4 lanes;2;Straight - Level;Local Street;Dry;Two-Way, Divided, Unprotected Median;None;No Special Feature;Smooth Asphalt;Piedmont;Urban;5 - 15 MPH;Stop And Go Signal;Clear;No;35.22709, -80.8431
1003;1004;Yes;10-Jun;7;No;With Traffic;C: Possible Injury;Travel Lane;Black;Male;Charlotte;Mecklenburg;No;01-01-03;2008-02-13;Crossing Paths - Other Circumstances;17;Intersection;01-02-01;0001-01-01T12:36:58-04:56;Sign-Controlled Intersection - Other /;111148;2008;C: Possible Injury;Residential;40-49;44;No;41-45 mph;Injury;Other;Male;Pickup;Yes;No;Daylight;Mixed (30% To 70% Developed);;2;;Local Street;Dry;;None;No Special Feature;;Piedmont;Urban;30 - 35  MPH;Missing;Clear;No;0.0, 0.0
1005;1006;Yes;40-49;49;No;;C: Possible Injury;Travel Lane;Black;Male;Greensboro;Guilford;No;01-01-02;2008-07-22;Other /  - Insufficient Details;0;Non-Intersection;01-07-01;0000-12-31T19:33:58-04:56;Approach Paths;3190970;2008;C: Possible Injury;Residential;20-24;22;No;0-5 mph;O: No Injury;Black;Male;Passenger Car;No;No;Dark - Lighted Roadway;Rural (<30% Developed);2 lanes;2;Straight - Level;Local Street;Wet;Two-Way, Not Divided;None;No Special Feature;Smooth Asphalt;Piedmont;Urban;30 - 35  MPH;No Control Present;Clear;No;0.0, 0.0
1007;1008;No;15-Nov;13;No;;C: Possible Injury;Travel Lane;Black;Male;Greensboro;Guilford;No;01-01-02;2008-08-05;Bicyclist Failed to Yield - Sign-Controlled Intersection;11;Intersection;01-08-01;0001-01-01T06:58:58-04:56;Bicyclist Ride Through - Sign-Controlled Intersection;119144;2008;C: Possible Injury;Residential;50-59;57;No;31-35 mph;O: No Injury;Black;Male;Pickup;No;No;Daylight;Urban (>70% Developed);2 lanes;2;Straight - Level;Local Street;Dry;Two-Way, Divided, Unprotected Median;None;Four-Way Intersection;Smooth Asphalt;Piedmont;Urban;30 - 35  MPH;Stop Sign;Clear;No;0.0, 0.0
1010;1011;Yes;70+;;No;With Traffic;C: Possible Injury;Travel Lane;White;Male;Greensboro;Guilford;No;01-01-02;2008-05-20;Motorist Overtaking Bicyclist;11;Non-Intersection;01-05-01;0001-01-01T06:42:58-04:56;Motorist Overtaking - Misjudged Space;311232;2008;C: Possible Injury;Commercial;;;Missing;16-20 mph;Injury;/Missing;;;No;Yes;Daylight;Urban (>70% Developed);6 lanes;2;Straight - Level;Local Street;Dry;Two-Way, Not Divided;None;Four-Way Intersection;Smooth Asphalt;Piedmont;Urban;40 - 45  MPH;Stop And Go Signal;Cloudy;No;0.0, 0.0
1012;1013;No;40-49;41;No;With Traffic;K: Killed;Travel Lane;White;Male;Charlotte;Mecklenburg;No;;2008-12-01;Motorist Overtaking Bicyclist;14;Non-Intersection;01-12-01;0001-01-01T09:14:58-04:56;Motorist Overtaking - Other /;311239;2008;K: Killed;Commercial;20-24;22;No;36-40 mph;O: No Injury;Asian;Male;Passenger Car;No;No;Daylight;Urban (>70% Developed);5 lanes;2;Straight - Level;Local Street;Dry;Two-Way, Divided, Unprotected Median;None;No Special Feature;Smooth Asphalt;Piedmont;Urban;40 - 45  MPH;No Control Present;Clear;No;0.0, 0.0
3;4;Yes;25-29;29;No;With Traffic;C: Possible Injury;Travel Lane;Black;Male;Cary;Wake;No;01-01-03;2009-01-14;Motorist Overtaking Bicyclist;16;Non-Intersection;;0001-01-01T11:52:58-04:56;Motorist Overtaking - Bicyclist Swerved;311235;2009;C: Possible Injury;Residential;25-29;25;No;41-45 mph;O: No Injury;Other;Male;Motorcycle;No;No;Daylight;Urban (>70% Developed);5 lanes;2;Straight - Level;State Secondary Route;Dry;Two-Way, Not Divided;None;No Special Feature;Smooth Asphalt;Piedmont;Urban;40 - 45  MPH;No Control Present;Clear;No;35.824387, -78.77068
9;10;Yes;25-29;27;Yes;Facing Traffic;B: Evident Injury;Travel Lane;White;Male;None - Rural Crash;Cumberland;Yes;01-01-07;2009-01-18;Head-On;20;Non-Intersection;;0001-01-01T15:23:58-04:56;Head-On - Bicyclist;312250;2009;B: Evident Injury;Farms, Woods, Pastures;30-39;33;No;36-40 mph;O: No Injury;White;Male;Passenger Car;No;No;Dark - Roadway Not Lighted;Rural (<30% Developed);2 lanes;2;Straight - Level;State Secondary Route;Dry;Two-Way, Not Divided;None;No Special Feature;Coarse Asphalt;Coastal;Rural;50 - 55  MPH;No Control Present;Fog, Smog, Smoke;No;34.901127, -78.901
18;19;Yes;20-24;21;No;With Traffic;C: Possible Injury;Bike Lane / Paved Shoulder;Black;Male;None - Rural Crash;Hertford;No;;2009-02-09;Motorist Overtaking Bicyclist;18;Non-Intersection;01-02-01;0001-01-01T14:01:58-04:56;Motorist Overtaking - Misjudged Space;321232;2009;C: Possible Injury;Commercial;70+;;No;51-55 mph;O: No Injury;White;Male;Sport Utility;No;No;Dark - Roadway Not Lighted;Rural (<30% Developed);2 lanes;2;Curve - Level;NC Route;Dry;Two-Way, Not Divided;None;No Special Feature;Coarse Asphalt;Coastal;Rural;50 - 55  MPH;Double Yellow Line, No Passing Zone;Clear;No;36.27684, -77.01139
42;43;Yes;40-49;43;No;Facing Traffic;C: Possible Injury;Bike Lane / Paved Shoulder;White;Male;Goldsboro;Wayne;No;01-01-03;2009-02-11;Bicyclist Failed to Yield - Signalized Intersection;17;Intersection;01-02-01;0001-01-01T12:13:58-04:56;Bicyclist Ride Out - Signalized  Intersection;122153;2009;C: Possible Injury;Commercial;70+;;No;21-25 mph;O: No Injury;White;Female;Passenger Car;No;No;Daylight;Urban (>70% Developed);6 lanes;2;Straight - Level;Local Street;Dry;Two-Way, Not Divided;None;No Special Feature;Coarse Asphalt;Coastal;Urban;20 - 25  MPH;Stop And Go Signal;Clear;No;35.38444, -77.9967
59;60;Yes;50-59;51;No;With Traffic;C: Possible Injury;Travel Lane;White;Male;None - Rural Crash;Johnston;No;01-01-04;2009-03-05;Bicyclist Overtaking Motorist;16;Intersection-Related;01-03-01;0001-01-01T11:48:58-04:56;Bicyclist Overtaking - Other /;211249;2009;C: Possible Injury;Farms, Woods, Pastures;50-59;51;No;0-5 mph;O: No Injury;White;Male;Passenger Car;No;No;Daylight;Rural (<30% Developed);2 lanes;2;Straight - Level;State Secondary Route;Dry;Two-Way, Not Divided;None;T-Intersection;Smooth Asphalt;Coastal;Rural;50 - 55  MPH;Double Yellow Line, No Passing Zone;Clear;No;35.37243, -78.444786
60;61;Yes;20-24;22;No;With Traffic;B: Evident Injury;Travel Lane;White;Male;None - Rural Crash;Wake;No;01-01-04;2009-03-19;Bicyclist Failed to Yield - Sign-Controlled Intersection;15;Intersection;01-03-01;0001-01-01T10:10:58-04:56;Bicyclist Ride Out - Sign-Controlled Intersection;111142;2009;B: Evident Injury;Farms, Woods, Pastures;20-24;21;No;6-10 mph;O: No Injury;White;Male;Pickup;No;No;Daylight;Rural (<30% Developed);2 lanes;2;Curve - Grade;State Secondary Route;Dry;Two-Way, Not Divided;None;T-Intersection;Coarse Asphalt;Piedmont;Rural;40 - 45  MPH;Double Yellow Line, No Passing Zone;Clear;No;35.72253, -78.71577
64;65;Yes;15-Nov;12;No;Facing Traffic;B: Evident Injury;Sidewalk / Crosswalk / Driveway Crossing;White;Female;Cary;Wake;No;01-01-07;2009-03-22;Crossing Paths - Other Circumstances;14;Intersection;01-03-01;0001-01-01T09:33:58-04:56;Signalized Intersection - Other /;132158;2009;B: Evident Injury;Commercial;;;Missing;6-10 mph;Injury;/Missing;;Passenger Car;No;Yes;Daylight;Urban (>70% Developed);3 lanes;2;Straight - Hillcrest;Local Street;Dry;Two-Way, Not Divided;None;Four-Way Intersection;Smooth Asphalt;Piedmont;Urban;20 - 25  MPH;Stop And Go Signal;Clear;No;35.764786, -78.78362
67;68;No;25-29;26;Yes;;B: Evident Injury;;White;Male;Statesville;Iredell;Yes;01-01-04;2009-03-12;Other /  - Insufficient Details;20;Intersection-Related;01-03-01;0001-01-01T15:18:58-04:56;Approach Paths;299970;2009;B: Evident Injury;Residential;;;Missing;;Injury;/Missing;;;No;Yes;Dark - Lighted Roadway;Urban (>70% Developed);2 lanes;2;Straight - Level;Local Street;Dry;Two-Way, Not Divided;None;No Special Feature;Smooth Asphalt;Piedmont;Urban;30 - 35  MPH;No Control Present;Clear;No;35.782326, -80.89593