FID;OBJECTID;AmbulanceR;BikeAge_Gr;Bike_Age;Bike_Alc_D;Bike_Dir;Bike_Injur;Bike_Pos;Bike_Race;Bike_Sex;City;County;CrashAlcoh;CrashDay;Crash_Date;Crash_Grp;Crash_Hour;Crash_Loc;Crash_Mont;Crash_Time;Crash_Type;Crash_Ty_1;Crash_Year;Crsh_Sevri;Developmen;DrvrAge_Gr;Drvr_Age;Drvr_Alc_D;Drvr_EstSp;Drvr_Injur;Drvr_Race;Drvr_Sex;Drvr_VehTy;ExcsSpdInd;Hit_Run;Light_Cond;Locality;Num_Lanes;Num_Units;Rd_Charact;Rd_Class;Rd_Conditi;Rd_Config;Rd_Defects;Rd_Feature;Rd_Surface;Region;Rural_Urba;Speed_Limi;Traff_Cntr;Weather;Workzone_I;Location
69;70;No;40-49;42;No;With Traffic;C: Possible Injury;Travel Lane;Black;Female;Wilson;Wilson;No;01-01-05;2009-03-06;Motorist Left Turn / Merge;17;Intersection;01-03-01;0001-01-01T13:00:58-04:56;Motorist Left Turn - Opposite Direction;111212;2009;C: Possible Injury;Commercial;;;Missing;;Injury;/Missing;;;No;Yes;Dusk;Urban (>70% Developed);2 lanes;2;Straight - Level;Local Street;Dry;Two-Way, Not Divided;None;T-Intersection;Smooth Asphalt;Coastal;Urban;30 - 35  MPH;No Control Present;Clear;No;35.72093, -77.90823
77;78;No;25-29;27;No;With Traffic;O: No Injury;Sidewalk / Crosswalk / Driveway Crossing;Black;Male;Wilmington;New Hanover;No;01-01-06;2009-03-14;Bicyclist Overtaking Motorist;20;Intersection-Related;01-03-01;0001-01-01T15:46:58-04:56;Bicyclist Overtaking - Other /;231249;2009;O: No Injury;Residential;20-24;23;No;0-5 mph;O: No Injury;White;Male;Passenger Car;No;No;Dark - Lighted Roadway;Urban (>70% Developed);2 lanes;2;Straight - Level;Local Street;Dry;Two-Way, Divided, Unprotected Median;None;No Special Feature;Coarse Asphalt;Coastal;Urban;20 - 25  MPH;No Control Present;Cloudy;No;34.24249, -77.94266
81;82;Yes;15-Nov;13;No;Not Applicable;C: Possible Injury;Travel Lane;White;Male;None - Rural Crash;Alamance;No;01-01-04;2009-03-05;Bicyclist Failed to Yield - Midblock;20;Non-Intersection;01-03-01;0001-01-01T15:03:58-04:56;Bicyclist Ride Out - Other Midblock;313318;2009;C: Possible Injury;Residential;;;Missing;46-50 mph;Injury;/Missing;;;No;Yes;Dark - Roadway Not Lighted;Rural (<30% Developed);2 lanes;2;Straight - Level;State Secondary Route;Dry;Two-Way, Not Divided;None;No Special Feature;Smooth Asphalt;Piedmont;Rural;50 - 55  MPH;No Control Present;Clear;No;36.095142, -79.32742
91;92;No;10-Jun;10;No;Not Applicable;C: Possible Injury;Driveway / Alley;White;Male;Mint Hill;Mecklenburg;No;01-01-02;2009-03-31;Bicyclist Failed to Yield - Midblock;17;Non-Intersection;01-03-01;0001-01-01T12:42:58-04:56;Bicyclist Ride Out - Residential Driveway;353311;2009;C: Possible Injury;Residential;30-39;37;No;16-20 mph;O: No Injury;White;Female;Van;No;No;Daylight;Mixed (30% To 70% Developed);;2;;.;Dry;;None;No Special Feature;;Piedmont;Urban;20 - 25  MPH;No Control Present;Clear;No;35.163906, -80.61446
103;104;Yes;40-49;41;No;With Traffic;B: Evident Injury;Travel Lane;White;Male;None - Rural Crash;Yancey;No;;2009-03-23;Motorist Left Turn / Merge;15;Non-Intersection;01-03-01;0001-01-01T10:42:58-04:56;Motorist Left Turn - Opposite Direction;311212;2009;B: Evident Injury;Farms, Woods, Pastures;20-24;21;No;11-15 mph;O: No Injury;White;Male;Passenger Car;No;No;Daylight;Rural (<30% Developed);2 lanes;2;Curve - Grade;NC Route;Dry;Two-Way, Not Divided;None;No Special Feature;Smooth Asphalt;Mountains;Rural;30 - 35  MPH;Double Yellow Line, No Passing Zone;Cloudy;No;35.730255, -82.27928
104;105;Yes;40-49;49;No;With Traffic;A: Disabling Injury;Travel Lane;Black;Male;None - Rural Crash;Robeson;No;01-01-03;2009-04-08;Parallel Paths - Other Circumstances;19;Non-Intersection;01-04-01;0001-01-01T14:13:58-04:56;Parallel Paths - Other /;311280;2009;A: Disabling Injury;Farms, Woods, Pastures;30-39;35;No;51-55 mph;O: No Injury;Native American;Female;Sport Utility;No;No;Daylight;Rural (<30% Developed);2 lanes;2;Straight - Level;State Secondary Route;Dry;Two-Way, Not Divided;None;No Special Feature;Coarse Asphalt;Coastal;Rural;50 - 55  MPH;No Control Present;Clear;No;34.85171, -79.09158
105;106;Yes;20-24;21;No;Not Applicable;O: No Injury;Non-Roadway;Other;Male;Cary;Wake;No;01-01-06;2009-04-18;Non-Roadway;16;Non-Roadway;01-04-01;0001-01-01T11:52:58-04:56;Non-Roadway;460910;2009;O: No Injury;Commercial;40-49;45;No;0-5 mph;O: No Injury;White;Female;Sport Utility;No;No;Daylight;Urban (>70% Developed);;2;Straight - Grade;Public Vehicular Area;Dry;Two-Way, Not Divided;None;Driveway, Public;Smooth Asphalt;Piedmont;Urban;5 - 15 MPH;No Control Present;Clear;No;35.771732, -78.76127
111;112;Yes;30-39;38;No;With Traffic;B: Evident Injury;Travel Lane;White;Male;None - Rural Crash;Rowan;No;01-01-07;2009-03-08;Loss of Control / Turning Error;11;Intersection-Related;01-03-01;0001-01-01T06:22:58-04:56;Motorist Turning Error - Left Turn;211111;2009;B: Evident Injury;Farms, Woods, Pastures;50-59;57;No;0-5 mph;O: No Injury;White;Female;Sport Utility;No;No;Daylight;Rural (<30% Developed);2 lanes;2;Straight - Level;State Secondary Route;Dry;Two-Way, Not Divided;None;No Special Feature;Smooth Asphalt;Piedmont;Rural;50 - 55  MPH;Double Yellow Line, No Passing Zone;Clear;No;35.558395, -80.2833
112;113;Yes;15-Nov;14;No;;B: Evident Injury;;Black;Male;Rocky Mount;Nash;No;01-01-05;2009-03-20;Other /  - Insufficient Details;19;Location;01-03-01;0001-01-01T14:58:58-04:56;Location;999980;2009;B: Evident Injury;Residential;;;No;11-15 mph;Injury;/Missing;;Passenger Car;No;Yes;Dark - Roadway Not Lighted;Urban (>70% Developed);2 lanes;3;Straight - Level;Local Street;Dry;Two-Way, Not Divided;None;No Special Feature;Coarse Asphalt;Coastal;Urban;30 - 35  MPH;No Control Present;Clear;No;35.927265, -77.814865
116;117;Yes;60-69;62;No;With Traffic;C: Possible Injury;Travel Lane;White;Male;None - Rural Crash;Nash;No;01-01-05;2009-04-17;Motorist Overtaking Bicyclist;12;Intersection-Related;01-04-01;0001-01-01T07:36:58-04:56;Motorist Overtaking - Bicyclist Swerved;211235;2009;C: Possible Injury;Institutional;50-59;51;No;41-45 mph;O: No Injury;White;Female;Passenger Car;No;No;Daylight;Mixed (30% To 70% Developed);3 lanes;2;Straight - Level;State Secondary Route;Dry;Two-Way, Not Divided;None;Driveway, Public;Coarse Asphalt;Coastal;Rural;40 - 45  MPH;Double Yellow Line, No Passing Zone;Clear;No;35.975384, -77.8964
117;118;No;15-Nov;15;No;Not Applicable;C: Possible Injury;Non-Roadway;Hispanic;Male;Cary;Wake;No;01-01-04;2009-04-23;Non-Roadway;16;Non-Roadway;01-04-01;0001-01-01T12:00:58-04:56;Non-Roadway;460910;2009;C: Possible Injury;Residential;20-24;24;No;21-25 mph;O: No Injury;Black;Female;Passenger Car;No;No;Daylight;Urban (>70% Developed);2 lanes;2;Curve - Grade;Local Street;Dry;Two-Way, Not Divided;None;No Special Feature;Coarse Asphalt;Piedmont;Urban;30 - 35  MPH;No Control Present;Clear;No;35.779346, -78.76079
118;119;Yes;16-19;16;No;Not Applicable;B: Evident Injury;;Black;Male;Charlotte;Mecklenburg;No;01-01-03;2009-04-15;Bicyclist Failed to Yield - Midblock;0;Non-Intersection;01-04-01;0000-12-31T19:24:58-04:56;Bicyclist Ride Out - Midblock -;393319;2009;B: Evident Injury;Residential;;;Missing;26-30 mph;Injury;/Missing;;;No;Yes;Dark - Lighted Roadway;Urban (>70% Developed);4 lanes;2;Straight - Level;Local Street;Dry;Two-Way, Divided, Positive Median Barrier;None;No Special Feature;Smooth Asphalt;Piedmont;Urban;30 - 35  MPH;No Control Present;Clear;No;35.249397, -80.764755
125;126;Yes;40-49;43;Yes;With Traffic;C: Possible Injury;Travel Lane;Black;Male;Raleigh;Wake;Yes;01-01-05;2009-03-20;Parallel Paths - Other Circumstances;23;Intersection;01-03-01;0001-01-01T18:52:58-04:56;Parallel Paths - Other /;111280;2009;C: Possible Injury;Residential;40-49;49;Yes;0-5 mph;O: No Injury;Black;Male;Passenger Car;No;No;Dark - Lighted Roadway;Urban (>70% Developed);3 lanes;2;Straight - Level;Local Street;Dry;One-Way, Not Divided;None;Four-Way Intersection;Concrete;Piedmont;Urban;30 - 35  MPH;Stop And Go Signal;Clear;No;35.76705, -78.6355
126;127;Yes;50-59;51;No;Not Applicable;K: Killed;Travel Lane;Black;Male;Shelby;Cleveland;Yes;01-01-05;2009-04-17;Bicyclist Failed to Yield - Midblock;21;Non-Intersection;01-04-01;0001-01-01T16:14:58-04:56;Bicyclist Ride Out - Other Midblock;313318;2009;K: Killed;Commercial;50-59;55;Yes;36-40 mph;C: Possible Injury;White;Male;Passenger Car;No;No;Dark - Roadway Not Lighted;Urban (>70% Developed);;2;Straight - Level;US Route;Dry;Two-Way, Divided, Unprotected Median;None;No Special Feature;Smooth Asphalt;Mountains;Urban;40 - 45  MPH;No Control Present;Clear;No;35.280735, -81.54936
132;133;No;25-29;26;No;With Traffic;C: Possible Injury;Travel Lane;White;Female;Charlotte;Mecklenburg;No;01-01-05;2009-04-24;Motorist Right Turn / Merge;8;Non-Intersection;01-04-01;0001-01-01T03:23:58-04:56;Motorist Right Turn - Same Direction;311213;2009;C: Possible Injury;Residential;40-49;44;No;0-5 mph;O: No Injury;White;Male;Passenger Car;No;No;Daylight;Urban (>70% Developed);2 lanes;2;Straight - Grade;Local Street;Dry;Two-Way, Not Divided;None;No Special Feature;Smooth Asphalt;Piedmont;Urban;20 - 25  MPH;No Control Present;Clear;No;35.233505, -80.79283
136;137;Yes;40-49;48;No;With Traffic;B: Evident Injury;Travel Lane;Black;Male;Garysburg;Northampton;No;01-01-05;2009-05-01;Motorist Overtaking Bicyclist;20;Non-Intersection;01-05-01;0001-01-01T15:03:58-04:56;Motorist Overtaking - Other /;311239;2009;B: Evident Injury;Farms, Woods, Pastures;;;No;41-45 mph;Injury;/Missing;Male;;No;Yes;Daylight;Rural (<30% Developed);2 lanes;2;Straight - Level;NC Route;Dry;Two-Way, Not Divided;None;No Special Feature;Smooth Asphalt;Coastal;Rural;40 - 45  MPH;No Control Present;Clear;No;36.455456, -77.551674
139;140;No;40-49;48;No;Facing Traffic;B: Evident Injury;Sidewalk / Crosswalk / Driveway Crossing;Black;Male;Raleigh;Wake;No;01-01-05;2009-03-27;Crossing Paths - Other Circumstances;7;Intersection;01-03-01;0001-01-01T02:58:58-04:56;Signalized Intersection - Other /;132158;2009;B: Evident Injury;Commercial;50-59;57;No;0-5 mph;O: No Injury;White;Male;Pickup;No;No;Daylight;Urban (>70% Developed);4 lanes;2;Straight - Level;Local Street;Dry;Two-Way, Not Divided;None;Four-Way Intersection;Smooth Asphalt;Piedmont;Urban;30 - 35  MPH;Stop And Go Signal;Cloudy;No;35.79325, -78.68431
149;150;Yes;25-29;25;No;Facing Traffic;C: Possible Injury;Travel Lane;White;Female;Greensboro;Guilford;No;01-01-03;2009-04-29;Motorist Failed to Yield - Signalized Intersection;17;Intersection;01-04-01;0001-01-01T12:17:58-04:56;Motorist Drive Out - Right Turn on Red;112151;2009;C: Possible Injury;Commercial;40-49;46;No;11-15 mph;O: No Injury;Black;Female;Passenger Car;No;No;Daylight;Urban (>70% Developed);;2;Straight - Hillcrest;Local Street;Dry;Two-Way, Not Divided;None;Four-Way Intersection;Smooth Asphalt;Piedmont;Urban;30 - 35  MPH;Stop And Go Signal;Clear;No;36.08042, -79.82714
154;155;Yes;25-29;26;No;Not Applicable;C: Possible Injury;Non-Roadway;White;Male;None - Rural Crash;Pender;No;01-01-05;2009-05-08;Bicyclist Failed to Yield - Midblock;15;Non-Intersection;01-05-01;0001-01-01T10:33:58-04:56;Bicyclist Ride Out - Commercial Driveway / Alley;363312;2009;C: Possible Injury;Commercial;20-24;20;No;41-45 mph;O: No Injury;White;Male;Pickup;No;No;Daylight;Urban (>70% Developed);5 lanes;2;Straight - Level;US Route;Dry;Two-Way, Not Divided;None;Driveway, Public;Coarse Asphalt;Coastal;Rural;40 - 45  MPH;No Control Present;Clear;No;34.390038, -77.68332
158;159;Yes;15-Nov;12;No;With Traffic;B: Evident Injury;Sidewalk / Crosswalk / Driveway Crossing;Black;Male;Cary;Wake;No;01-01-02;2009-05-12;Motorist Right Turn / Merge;15;Intersection;01-05-01;0001-01-01T10:33:58-04:56;Motorist Right Turn - Same Direction;131213;2009;B: Evident Injury;Residential;70+;;No;0-5 mph;O: No Injury;White;Female;Passenger Car;No;No;Daylight;Urban (>70% Developed);2 lanes;2;Straight - Grade;Local Street;Dry;Two-Way, Not Divided;None;T-Intersection;Smooth Asphalt;Piedmont;Urban;20 - 25  MPH;Stop And Go Signal;Clear;No;35.771008, -78.82089
159;160;Yes;30-39;31;No;With Traffic;C: Possible Injury;Travel Lane;White;Female;Durham;Durham;No;01-01-03;2009-05-13;Motorist Failed to Yield - Sign-Controlled Intersection;12;Intersection;01-05-01;0001-01-01T07:11:58-04:56;Motorist Drive Out - Sign-Controlled Intersection;111141;2009;C: Possible Injury;Commercial;25-29;27;No;0-5 mph;O: No Injury;White;Male;Pickup;No;No;Daylight;Urban (>70% Developed);4 lanes;2;Straight - Level;Local Street;Dry;Two-Way, Not Divided;None;Four-Way Intersection;Smooth Asphalt;Piedmont;Urban;30 - 35  MPH;Stop Sign;Clear;No;35.87327, -78.8459
163;164;Yes;30-39;35;No;Not Applicable;C: Possible Injury;;White;Male;Mebane;Alamance;No;01-01-05;2009-05-08;Bicyclist Failed to Yield - Midblock;19;Non-Intersection;01-05-01;0001-01-01T14:19:58-04:56;Bicyclist Ride Out - Residential Driveway;393311;2009;C: Possible Injury;Commercial;30-39;38;No;31-35 mph;O: No Injury;White;Male;Pickup;No;No;Daylight;Urban (>70% Developed);3 lanes;2;Straight - Level;Local Street;Dry;Two-Way, Not Divided;None;No Special Feature;Smooth Asphalt;Piedmont;Urban;30 - 35  MPH;Stop And Go Signal;Clear;No;36.0685, -79.270035
170;171;Yes;40-49;45;No;With Traffic;A: Disabling Injury;Travel Lane;Black;Male;Gibson;Scotland;No;01-01-04;2009-04-30;Bicyclist Failed to Yield - Sign-Controlled Intersection;15;Intersection;01-04-01;0001-01-01T10:19:58-04:56;Bicyclist Ride Through - Sign-Controlled Intersection;111144;2009;A: Disabling Injury;Residential;30-39;30;No;31-35 mph;C: Possible Injury;White;Male;Pickup;No;No;Daylight;Rural (<30% Developed);2 lanes;2;Curve - Level;NC Route;Dry;Two-Way, Not Divided;None;T-Intersection;Smooth Asphalt;Coastal;Rural;30 - 35  MPH;Stop Sign;Clear;No;34.758793, -79.61536
172;173;Yes;30-39;36;No;With Traffic;C: Possible Injury;Travel Lane;White;Female;Charlotte;Mecklenburg;No;01-01-04;2009-04-30;Crossing Paths - Other Circumstances;10;Intersection;01-04-01;0001-01-01T05:20:58-04:56;Signalized Intersection - Other /;111158;2009;C: Possible Injury;Residential;25-29;27;No;6-10 mph;O: No Injury;Asian;Male;Passenger Car;No;No;Daylight;Urban (>70% Developed);4 lanes;2;Straight - Level;Local Street;Dry;Two-Way, Not Divided;None;Four-Way Intersection;Coarse Asphalt;Piedmont;Urban;30 - 35  MPH;Stop And Go Signal;Cloudy;No;35.16829, -80.822395
177;178;Yes;30-39;32;No;With Traffic;B: Evident Injury;Travel Lane;White;Male;Wilmington;New Hanover;No;01-01-03;2009-05-06;Motorist Left Turn / Merge;22;Intersection;01-05-01;0001-01-01T17:32:58-04:56;Motorist Left Turn - Opposite Direction;111212;2009;B: Evident Injury;Commercial;30-39;34;No;31-35 mph;O: No Injury;White;Male;Passenger Car;No;No;Dark - Roadway Not Lighted;Urban (>70% Developed);6 lanes;2;Straight - Level;US Route;Dry;Two-Way, Not Divided;None;Four-Way Intersection;Coarse Asphalt;Coastal;Urban;40 - 45  MPH;Stop And Go Signal;Clear;No;34.219433, -77.83266
189;190;Yes;40-49;41;No;With Traffic;B: Evident Injury;Travel Lane;White;Male;Cary;Wake;No;01-01-04;2009-05-28;Motorist Overtaking Bicyclist;12;Intersection;01-05-01;0001-01-01T07:44:58-04:56;Motorist Overtaking - Bicyclist Swerved;111235;2009;B: Evident Injury;Commercial;20-24;22;No;36-40 mph;O: No Injury;White;Female;Sport Utility;No;No;Daylight;Urban (>70% Developed);4 lanes;2;Straight - Level;Local Street;Dry;Two-Way, Divided, Unprotected Median;None;No Special Feature;Smooth Asphalt;Piedmont;Urban;40 - 45  MPH;No Control Present;Clear;No;35.830093, -78.77439
191;192;Yes;40-49;49;No;With Traffic;B: Evident Injury;Bike Lane / Paved Shoulder;White;Male;None - Rural Crash;Buncombe;No;01-01-04;2009-05-28;Motorist Overtaking Bicyclist;21;Non-Intersection;01-05-01;0001-01-01T16:09:58-04:56;Motorist Overtaking - Other /;321239;2009;B: Evident Injury;Farms, Woods, Pastures;25-29;28;No;36-40 mph;O: No Injury;White;Male;Passenger Car;No;No;Dark - Roadway Not Lighted;Rural (<30% Developed);5 lanes;2;Straight - Level;NC Route;Dry;Two-Way, Not Divided;None;No Special Feature;Smooth Asphalt;Mountains;Rural;50 - 55  MPH;No Control Present;Clear;No;35.619415, -82.65276
192;193;No;10-Jun;7;No;Not Applicable;C: Possible Injury;Non-Roadway;Black;Female;Statesville;Iredell;No;;2009-05-18;Bicyclist Failed to Yield - Midblock;19;Non-Intersection;01-05-01;0001-01-01T14:33:58-04:56;Multiple Threat - Midblock;363357;2009;C: Possible Injury;Residential;20-24;20;No;16-20 mph;O: No Injury;Hispanic;Male;Passenger Car;No;No;;Urban (>70% Developed);2 lanes;2;Straight - Level;Local Street;Dry;Two-Way, Not Divided;None;No Special Feature;Smooth Asphalt;Piedmont;Urban;30 - 35  MPH;No Control Present;Clear;No;35.768757, -80.88686
195;196;Yes;10-Jun;10;No;Not Applicable;B: Evident Injury;Driveway / Alley;Black;Male;None - Rural Crash;Cabarrus;No;01-01-06;2009-05-16;Loss of Control / Turning Error;19;Non-Intersection;01-05-01;0001-01-01T14:33:58-04:56;Bicyclist Lost Control - Other /;353129;2009;B: Evident Injury;Residential;20-24;22;No;31-35 mph;O: No Injury;Black;Male;Passenger Car;No;No;Daylight;Mixed (30% To 70% Developed);2 lanes;2;Curve - Grade;State Secondary Route;Dry;Two-Way, Not Divided;None;No Special Feature;Coarse Asphalt;Piedmont;Rural;30 - 35  MPH;No Control Present;Clear;No;35.291553, -80.63521
6;7;Yes;70+;;Yes;With Traffic;B: Evident Injury;Travel Lane;White;Male;Durham;Durham;Yes;01-01-03;2008-02-06;Bicyclist Failed to Yield - Sign-Controlled Intersection;13;Intersection;01-02-01;0001-01-01T08:28:58-04:56;Bicyclist Ride Through - Sign-Controlled Intersection;111144;2008;B: Evident Injury;Residential;70+;;No;21-25 mph;O: No Injury;White;Female;Passenger Car;No;No;Daylight;Urban (>70% Developed);2 lanes;2;Straight - Level;Local Street;Dry;Two-Way, Not Divided;None;Four-Way Intersection;Smooth Asphalt;Piedmont;Urban;30 - 35  MPH;Stop Sign;Cloudy;No;0.0, 0.0
21;22;Yes;10-Jun;9;No;Not Applicable;B: Evident Injury;Non-Roadway;Black;Male;Charlotte;Mecklenburg;No;01-01-07;2008-03-16;Bicyclist Failed to Yield - Sign-Controlled Intersection;16;Intersection;01-03-01;0001-01-01T11:57:58-04:56;Bicyclist Ride Through - Sign-Controlled Intersection;163144;2008;B: Evident Injury;Residential;20-24;20;No;31-35 mph;O: No Injury;Other;Male;Passenger Car;No;No;Daylight;Mixed (30% To 70% Developed);2 lanes;2;Straight - Grade;Local Street;Dry;Two-Way, Not Divided;None;T-Intersection;Smooth Asphalt;Piedmont;Urban;30 - 35  MPH;Stop Sign;Clear;No;0.0, 0.0
22;23;Yes;30-39;38;No;With Traffic;B: Evident Injury;Travel Lane;Black;Male;Durham;Durham;No;01-01-02;2008-03-18;Motorist Right Turn / Merge;7;Intersection;01-03-01;0001-01-01T02:05:58-04:56;Motorist Right Turn - Same Direction;111213;2008;B: Evident Injury;Residential;20-24;21;No;11-15 mph;O: No Injury;Black;Female;Passenger Car;No;No;Daylight;Urban (>70% Developed);2 lanes;2;Straight - Grade;Local Street;Dry;Two-Way, Not Divided;None;T-Intersection;Coarse Asphalt;Piedmont;Urban;40 - 45  MPH;No Control Present;Clear;No;0.0, 0.0
24;25;No;15-Nov;14;No;Facing Traffic;O: No Injury;;Black;Male;Cary;Wake;No;01-01-05;2008-03-28;Motorist Failed to Yield - Sign-Controlled Intersection;14;Intersection;01-03-01;0001-01-01T09:53:58-04:56;Motorist Drive Out - Sign-Controlled Intersection;192141;2008;O: No Injury;Residential;40-49;40;No;0-5 mph;O: No Injury;Black;Female;Van;No;No;Daylight;Urban (>70% Developed);2 lanes;2;Straight - Level;State Secondary Route;Dry;Two-Way, Not Divided;None;Related To Intersection;Smooth Asphalt;Piedmont;Urban;20 - 25  MPH;Stop Sign;Clear;No;0.0, 0.0
34;35;Yes;15-Nov;14;No;With Traffic;B: Evident Injury;Travel Lane;White;Male;None - Rural Crash;Pasquotank;No;01-01-03;2008-04-02;Head-On;16;Non-Intersection;01-04-01;0001-01-01T11:52:58-04:56;Head-On - Bicyclist;311250;2008;B: Evident Injury;Residential;0-19;18;No;16-20 mph;O: No Injury;White;Female;Passenger Car;No;No;Daylight;Mixed (30% To 70% Developed);1 lane;2;Straight - Level;State Secondary Route;Dry;Two-Way, Not Divided;None;No Special Feature;Coarse Asphalt;Coastal;Rural;20 - 25  MPH;No Control Present;Clear;No;0.0, 0.0
36;37;Yes;50-59;51;No;With Traffic;C: Possible Injury;Travel Lane;White;Male;Statesville;Iredell;No;01-01-03;2008-01-09;Motorist Failed to Yield - Sign-Controlled Intersection;15;Intersection;;0001-01-01T10:08:58-04:56;Motorist Drive Through - Sign-Controlled Intersection;111143;2008;C: Possible Injury;Commercial;50-59;59;No;0-5 mph;O: No Injury;White;Female;Passenger Car;No;No;Daylight;Urban (>70% Developed);2 lanes;2;Straight - Level;Local Street;Dry;Two-Way, Not Divided;None;T-Intersection;Smooth Asphalt;Piedmont;Urban;30 - 35  MPH;Stop Sign;Clear;No;0.0, 0.0
39;40;Yes;40-49;42;No;With Traffic;C: Possible Injury;Travel Lane;Black;Male;None - Rural Crash;Granville;No;01-01-04;2008-01-10;Motorist Overtaking Bicyclist;22;Non-Intersection;;0001-01-01T17:03:58-04:56;Motorist Overtaking - Undetected Bicyclist;311231;2008;C: Possible Injury;Farms, Woods, Pastures;40-49;43;No;51-55 mph;O: No Injury;White;Male;Pickup;No;No;Dark - Roadway Not Lighted;Rural (<30% Developed);2 lanes;2;Straight - Level;US Route;Dry;Two-Way, Not Divided;None;No Special Feature;Smooth Asphalt;Piedmont;Rural;50 - 55  MPH;Double Yellow Line, No Passing Zone;Cloudy;No;0.0, 0.0
41;42;Yes;25-29;27;Yes;With Traffic;C: Possible Injury;Travel Lane;White;Male;Greensboro;Guilford;Yes;01-01-04;2008-01-10;Parallel Paths - Other Circumstances;23;Intersection;;0001-01-01T18:15:58-04:56;Motorist Turn / Merge - Other /;111219;2008;C: Possible Injury;Residential;;;Missing;21-25 mph;Injury;/Missing;;;No;Yes;Dark - Lighted Roadway;Urban (>70% Developed);2 lanes;2;Straight - Level;Local Street;Wet;Two-Way, Divided, Unprotected Median;None;T-Intersection;Smooth Asphalt;Piedmont;Urban;30 - 35  MPH;Missing;Cloudy;No;0.0, 0.0
43;44;Yes;20-24;21;Yes;With Traffic;A: Disabling Injury;Travel Lane;White;Male;None - Rural Crash;Rockingham;Yes;01-01-05;2008-04-04;Bicyclist Left Turn / Merge;20;Intersection;01-04-01;0001-01-01T15:41:58-04:56;Bicyclist Left Turn - Same Direction;111221;2008;A: Disabling Injury;Farms, Woods, Pastures;30-39;38;No;26-30 mph;O: No Injury;White;Female;Passenger Car;No;No;Dark - Roadway Not Lighted;Urban (>70% Developed);2 lanes;2;Curve - Level;NC Route;Wet;Two-Way, Not Divided;None;No Special Feature;Coarse Asphalt;Piedmont;Rural;50 - 55  MPH;Double Yellow Line, No Passing Zone;Rain;No;0.0, 0.0
48;49;Yes;40-49;40;No;With Traffic;B: Evident Injury;;White;Male;Wilmington;New Hanover;No;;2008-01-14;Motorist Left Turn / Merge;7;Intersection;;0001-01-01T02:43:58-04:56;Motorist Left Turn - Opposite Direction;191212;2008;B: Evident Injury;Commercial;50-59;59;No;11-15 mph;O: No Injury;Black;Female;Passenger Car;No;No;Daylight;Urban (>70% Developed);5 lanes;2;Straight - Level;Local Street;Dry;Two-Way, Not Divided;None;Four-Way Intersection;Smooth Asphalt;Coastal;Urban;40 - 45  MPH;Stop And Go Signal;Clear;No;0.0, 0.0
53;54;Yes;16-19;16;No;With Traffic;C: Possible Injury;Sidewalk / Crosswalk / Driveway Crossing;Black;Male;Greensboro;Guilford;No;01-01-07;2008-01-20;Bicyclist Failed to Yield - Signalized Intersection;12;Intersection;;0001-01-01T07:33:58-04:56;Bicyclist Failed to Clear - Trapped;131156;2008;C: Possible Injury;Institutional;;;Missing;;Injury;/Missing;;;No;Yes;Daylight;Urban (>70% Developed);5 lanes;2;Straight - Grade;Local Street;Dry;Two-Way, Divided, Unprotected Median;None;Related To Intersection;Smooth Asphalt;Piedmont;Urban;;Stop And Go Signal;Clear;No;0.0, 0.0
58;59;No;60-69;67;No;With Traffic;B: Evident Injury;Travel Lane;White;Male;Pleasant Garden;Guilford;No;01-01-02;2008-01-22;Motorist Overtaking Bicyclist;18;Non-Intersection;;0001-01-01T13:22:58-04:56;Motorist Overtaking - Undetected Bicyclist;311231;2008;B: Evident Injury;Commercial;50-59;51;No;21-25 mph;O: No Injury;White;Male;Passenger Car;No;No;Dark - Roadway Not Lighted;Mixed (30% To 70% Developed);2 lanes;2;Straight - Level;State Secondary Route;Wet;Two-Way, Not Divided;None;No Special Feature;Coarse Asphalt;Piedmont;Urban;30 - 35  MPH;Double Yellow Line, No Passing Zone;Rain;No;0.0, 0.0
67;68;Yes;40-49;46;No;With Traffic;K: Killed;Travel Lane;White;Male;Wesley Chapel;Union;No;01-01-07;2008-01-27;Head-On;15;Non-Intersection;;0001-01-01T10:33:58-04:56;Head-On - Motorist;311255;2008;K: Killed;Residential;40-49;46;No;36-40 mph;B: Evident Injury;White;Female;Van;No;No;Daylight;Rural (<30% Developed);2 lanes;2;Straight - Level;State Secondary Route;Dry;Two-Way, Not Divided;None;No Special Feature;Smooth Asphalt;Piedmont;Rural;30 - 35  MPH;Double Yellow Line, No Passing Zone;Clear;No;0.0, 0.0
68;69;Yes;30-39;35;No;Facing Traffic;C: Possible Injury;Travel Lane;White;Male;Greensboro;Guilford;No;;2008-01-28;Motorist Failed to Yield - Signalized Intersection;12;Intersection;;0001-01-01T07:45:58-04:56;Motorist Drive Out - Right Turn on Red;112151;2008;C: Possible Injury;Commercial;30-39;32;No;0-5 mph;O: No Injury;White;Female;Passenger Car;No;No;Daylight;Urban (>70% Developed);4 lanes;2;Straight - Level;Local Street;Dry;Two-Way, Not Divided;None;T-Intersection;Smooth Asphalt;Piedmont;Urban;30 - 35  MPH;Stop And Go Signal;Clear;No;0.0, 0.0