FID;OBJECTID;AmbulanceR;BikeAge_Gr;Bike_Age;Bike_Alc_D;Bike_Dir;Bike_Injur;Bike_Pos;Bike_Race;Bike_Sex;City;County;CrashAlcoh;CrashDay;Crash_Date;Crash_Grp;Crash_Hour;Crash_Loc;Crash_Mont;Crash_Time;Crash_Type;Crash_Ty_1;Crash_Year;Crsh_Sevri;Developmen;DrvrAge_Gr;Drvr_Age;Drvr_Alc_D;Drvr_EstSp;Drvr_Injur;Drvr_Race;Drvr_Sex;Drvr_VehTy;ExcsSpdInd;Hit_Run;Light_Cond;Locality;Num_Lanes;Num_Units;Rd_Charact;Rd_Class;Rd_Conditi;Rd_Config;Rd_Defects;Rd_Feature;Rd_Surface;Region;Rural_Urba;Speed_Limi;Traff_Cntr;Weather;Workzone_I;Location
71;72;Yes;30-39;39;No;With Traffic;A: Disabling Injury;Travel Lane;White;Male;Wilmington;New Hanover;No;01-01-02;2008-01-29;Motorist Overtaking Bicyclist;13;Non-Intersection;;0001-01-01T08:16:58-04:56;Motorist Overtaking - Misjudged Space;311232;2008;A: Disabling Injury;Commercial;40-49;46;No;41-45 mph;O: No Injury;Black;Male;Single Unit Truck (2-Axle, 6-Tire);No;No;Daylight;Urban (>70% Developed);5 lanes;2;Straight - Level;Local Street;Dry;Two-Way, Not Divided;None;No Special Feature;Coarse Asphalt;Coastal;Urban;40 - 45  MPH;Missing;Clear;No;0.0, 0.0
73;74;Yes;16-19;17;No;With Traffic;C: Possible Injury;Bike Lane / Paved Shoulder;White;Male;None - Rural Crash;Wake;No;01-01-03;2008-01-30;Motorist Overtaking Bicyclist;7;Non-Intersection;;0001-01-01T02:35:58-04:56;Motorist Overtaking - Other /;321239;2008;C: Possible Injury;Farms, Woods, Pastures;70+;;No;21-25 mph;O: No Injury;White;Male;Pickup;No;No;Daylight;Rural (<30% Developed);2 lanes;2;Straight - Grade;State Secondary Route;Dry;Two-Way, Not Divided;None;No Special Feature;Smooth Asphalt;Piedmont;Rural;40 - 45  MPH;Double Yellow Line, No Passing Zone;Cloudy;No;0.0, 0.0
75;76;Yes;40-49;42;No;With Traffic;B: Evident Injury;;Black;Female;Raleigh;Wake;No;01-01-07;2008-01-20;Motorist Right Turn / Merge;14;Non-Intersection;;0001-01-01T09:14:58-04:56;Motorist Right Turn - Same Direction;391213;2008;B: Evident Injury;Institutional;20-24;22;No;0-5 mph;O: No Injury;White;Female;Passenger Car;No;No;Daylight;Urban (>70% Developed);3 lanes;2;Straight - Bottom;Local Street;Dry;Two-Way, Not Divided;None;Driveway, Public;Coarse Asphalt;Piedmont;Urban;30 - 35  MPH;Stop And Go Signal;Clear;No;0.0, 0.0
76;77;Yes;25-29;29;No;With Traffic;C: Possible Injury;Travel Lane;White;Male;Morganton;Burke;No;01-01-04;2008-01-31;Motorist Failed to Yield - Midblock;20;Non-Intersection;;0001-01-01T15:47:58-04:56;Motorist Drive Out - Midblock -;311329;2008;C: Possible Injury;Residential;30-39;37;No;6-10 mph;O: No Injury;Black;Male;Passenger Car;No;No;Dark - Lighted Roadway;Urban (>70% Developed);2 lanes;2;Straight - Grade;Local Street;Wet;Two-Way, Not Divided;None;No Special Feature;Smooth Asphalt;Mountains;Urban;30 - 35  MPH;No Control Present;Rain;No;0.0, 0.0
85;86;Yes;50-59;56;Yes;With Traffic;C: Possible Injury;Bike Lane / Paved Shoulder;Black;Male;Morehead City;Carteret;Yes;01-01-07;2008-02-03;Bicyclist Left Turn / Merge;18;Non-Intersection;01-02-01;0001-01-01T13:49:58-04:56;Bicyclist Left Turn - Same Direction;321221;2008;C: Possible Injury;Commercial;60-69;67;No;36-40 mph;O: No Injury;White;Male;Pickup;No;No;Dark - Lighted Roadway;Urban (>70% Developed);4 lanes;2;Straight - Level;US Route;Dry;Two-Way, Divided, Unprotected Median;None;No Special Feature;Smooth Asphalt;Coastal;Urban;40 - 45  MPH;No Control Present;Clear;No;0.0, 0.0
95;96;No;16-19;16;No;Facing Traffic;A: Disabling Injury;Sidewalk / Crosswalk / Driveway Crossing;Black;Male;Winston-Salem;Forsyth;No;01-01-03;2008-02-06;Bicyclist Failed to Yield - Sign-Controlled Intersection;19;Intersection;01-02-01;0001-01-01T14:15:58-04:56;Bicyclist Ride Out - Sign-Controlled Intersection;132142;2008;A: Disabling Injury;Residential;40-49;43;No;26-30 mph;O: No Injury;White;Female;Passenger Car;No;No;Dark - Lighted Roadway;Urban (>70% Developed);2 lanes;2;Straight - Grade;Local Street;Water (Standing, Moving);One-Way, Not Divided;Road Surface Condition;No Special Feature;Smooth Asphalt;Piedmont;Urban;30 - 35  MPH;Stop Sign;Rain;No;0.0, 0.0
98;99;Yes;20-24;24;No;With Traffic;B: Evident Injury;Travel Lane;White;Male;None - Rural Crash;Caldwell;No;01-01-04;2008-02-07;Motorist Overtaking Bicyclist;15;Non-Intersection;01-02-01;0001-01-01T10:18:58-04:56;Motorist Overtaking - Other /;311239;2008;B: Evident Injury;Farms, Woods, Pastures;;;Missing;31-35 mph;Injury;/Missing;;;No;Yes;Daylight;Rural (<30% Developed);2 lanes;2;Curve - Grade;State Secondary Route;Dry;Two-Way, Not Divided;None;No Special Feature;Smooth Asphalt;Mountains;Rural;30 - 35  MPH;Double Yellow Line, No Passing Zone;Clear;No;0.0, 0.0
101;102;No;50-59;52;No;Facing Traffic;B: Evident Injury;Sidewalk / Crosswalk / Driveway Crossing;White;Male;High Point;Guilford;No;01-01-06;2008-02-09;Motorist Failed to Yield - Midblock;13;Non-Intersection;01-02-01;0001-01-01T08:47:58-04:56;Motorist Drive Out - Commercial Driveway / Alley;332322;2008;B: Evident Injury;Commercial;30-39;38;No;0-5 mph;O: No Injury;White;Male;Passenger Car;No;No;Daylight;Urban (>70% Developed);2 lanes;2;Straight - Level;Private Road, Driveway;Dry;Two-Way, Not Divided;None;Driveway, Public;Concrete;Piedmont;Urban;5 - 15 MPH;No Control Present;Clear;No;0.0, 0.0
105;106;Yes;16-19;16;No;Facing Traffic;C: Possible Injury;Travel Lane;Black;Male;High Point;Guilford;No;01-01-07;2008-02-10;Motorist Failed to Yield - Sign-Controlled Intersection;17;Intersection;01-02-01;0001-01-01T13:00:58-04:56;Motorist Drive Out - Sign-Controlled Intersection;112141;2008;C: Possible Injury;Residential;20-24;24;No;0-5 mph;O: No Injury;White;Male;Sport Utility;No;No;Daylight;Urban (>70% Developed);4 lanes;2;Straight - Level;Local Street;Dry;Two-Way, Not Divided;None;Related To Intersection;Coarse Asphalt;Piedmont;Urban;30 - 35  MPH;Stop Sign;Clear;No;0.0, 0.0
108;109;No;40-49;47;No;With Traffic;O: No Injury;Travel Lane;White;Female;None - Rural Crash;Orange;No;01-01-05;2008-02-15;Motorist Overtaking Bicyclist;13;Non-Intersection;01-02-01;0001-01-01T08:48:58-04:56;Motorist Overtaking - Misjudged Space;311232;2008;O: No Injury;Residential;;;Missing;41-45 mph;Injury;/Missing;;;No;Yes;Daylight;Mixed (30% To 70% Developed);2 lanes;2;Straight - Level;State Secondary Route;Dry;Two-Way, Not Divided;None;No Special Feature;Smooth Asphalt;Piedmont;Rural;40 - 45  MPH;Missing;Clear;No;0.0, 0.0
111;112;No;40-49;48;No;Facing Traffic;C: Possible Injury;Travel Lane;Black;Male;Fayetteville;Cumberland;No;01-01-06;2008-02-16;Head-On;10;Intersection;01-02-01;0001-01-01T05:25:58-04:56;Head-On - Bicyclist;112250;2008;C: Possible Injury;Commercial;30-39;35;No;6-10 mph;O: No Injury;Black;Female;Sport Utility;No;No;Daylight;Urban (>70% Developed);5 lanes;2;Straight - Level;Local Street;Dry;Two-Way, Not Divided;None;No Special Feature;Coarse Asphalt;Coastal;Urban;40 - 45  MPH;Stop And Go Signal;Clear;No;0.0, 0.0
121;122;Yes;30-39;30;No;With Traffic;B: Evident Injury;Travel Lane;Black;Male;None - Rural Crash;Craven;No;01-01-05;2008-02-22;Bicyclist Left Turn / Merge;16;Non-Intersection;01-02-01;0001-01-01T11:36:58-04:56;Bicyclist Left Turn - Same Direction;311221;2008;B: Evident Injury;Residential;70+;;No;36-40 mph;O: No Injury;Black;Female;Passenger Car;No;No;Daylight;Rural (<30% Developed);2 lanes;2;Straight - Level;State Secondary Route;Dry;Two-Way, Not Divided;None;No Special Feature;Smooth Asphalt;Coastal;Rural;40 - 45  MPH;Missing;Cloudy;No;0.0, 0.0
132;133;Yes;30-39;30;No;Facing Traffic;B: Evident Injury;Travel Lane;Hispanic;Female;Charlotte;Mecklenburg;No;01-01-04;2008-05-01;Head-On;15;Intersection;01-05-01;0001-01-01T10:58:58-04:56;Head-On - Bicyclist;112250;2008;B: Evident Injury;Institutional;30-39;36;No;11-15 mph;O: No Injury;Other;Female;Passenger Car;No;No;Daylight;Mixed (30% To 70% Developed);2 lanes;2;;Local Street;Dry;;None;No Special Feature;;Piedmont;Urban;40 - 45  MPH;No Control Present;Clear;No;0.0, 0.0
144;145;Yes;10-Jun;8;No;Not Applicable;C: Possible Injury;Non-Roadway;White;Female;Greensboro;Guilford;No;;2008-03-03;Non-Roadway;18;Non-Roadway;01-03-01;0001-01-01T14:00:58-04:56;Non-Roadway;460910;2008;C: Possible Injury;Residential;;;No;;Injury;/Missing;;;No;Yes;Dusk;Urban (>70% Developed);;2;Curve - Hillcrest;Public Vehicular Area;Dry;Two-Way, Not Divided;None;Driveway, Public;Coarse Asphalt;Piedmont;Urban;;Missing;Clear;No;0.0, 0.0
152;153;Yes;40-49;43;Yes;With Traffic;A: Disabling Injury;Travel Lane;Black;Male;Rocky Mount;Nash;Yes;01-01-05;2008-03-07;Motorist Overtaking Bicyclist;20;Intersection;01-03-01;0001-01-01T15:10:58-04:56;Motorist Overtaking - Other /;111239;2008;A: Disabling Injury;Commercial;;;Missing;41-45 mph;Injury;/Missing;;;No;Yes;Dark - Lighted Roadway;Urban (>70% Developed);4 lanes;2;Straight - Level;Local Street;Wet;Two-Way, Divided, Unprotected Median;None;T-Intersection;Smooth Asphalt;Coastal;Urban;40 - 45  MPH;Stop Sign;Rain;No;0.0, 0.0
156;157;Yes;15-Nov;14;No;With Traffic;B: Evident Injury;Travel Lane;Black;Male;None - Rural Crash;Wilson;No;01-01-07;2008-03-09;Loss of Control / Turning Error;18;Intersection;01-03-01;0001-01-01T13:33:58-04:56;Bicyclist Turning Error - Left Turn;111114;2008;B: Evident Injury;Residential;20-24;20;No;6-10 mph;O: No Injury;Black;Male;Passenger Car;No;No;Daylight;Mixed (30% To 70% Developed);2 lanes;2;Straight - Level;State Secondary Route;Dry;Two-Way, Not Divided;None;T-Intersection;Coarse Asphalt;Coastal;Rural;20 - 25  MPH;Stop Sign;Cloudy;No;0.0, 0.0
161;162;Yes;40-49;48;No;Facing Traffic;B: Evident Injury;Travel Lane;White;Male;Huntersville;Mecklenburg;No;01-01-02;2008-03-11;Motorist Failed to Yield - Sign-Controlled Intersection;15;Intersection;01-03-01;0001-01-01T10:11:58-04:56;Motorist Drive Out - Sign-Controlled Intersection;112141;2008;B: Evident Injury;Commercial;50-59;55;No;0-5 mph;O: No Injury;Hispanic;Male;Passenger Car;No;No;Daylight;Urban (>70% Developed);2 lanes;2;Straight - Level;Local Street;Dry;Two-Way, Not Divided;None;T-Intersection;Smooth Asphalt;Piedmont;Urban;40 - 45  MPH;Double Yellow Line, No Passing Zone;Clear;No;0.0, 0.0
165;166;Yes;15-Nov;13;No;Not Applicable;B: Evident Injury;Non-Roadway;Hispanic;Male;Charlotte;Mecklenburg;No;01-01-03;2008-05-07;Bicyclist Failed to Yield - Midblock;17;Non-Intersection;01-05-01;0001-01-01T12:31:58-04:56;Bicyclist Ride Out - Other Midblock;363318;2008;B: Evident Injury;Residential;20-24;21;No;36-40 mph;O: No Injury;Black;Female;Passenger Car;Yes;No;Daylight;Urban (>70% Developed);2 lanes;2;Straight - Hillcrest;Local Street;Dry;Two-Way, Not Divided;None;No Special Feature;Smooth Asphalt;Piedmont;Urban;20 - 25  MPH;No Control Present;Clear;No;0.0, 0.0
169;170;Yes;20-24;21;No;With Traffic;B: Evident Injury;Travel Lane;White;Female;None - Rural Crash;Avery;No;01-01-04;2008-03-13;Motorist Overtaking Bicyclist;17;Non-Intersection;01-03-01;0001-01-01T12:04:58-04:56;Motorist Overtaking - Misjudged Space;311232;2008;B: Evident Injury;Residential;70+;;No;41-45 mph;O: No Injury;White;Male;Pickup;No;No;Daylight;Mixed (30% To 70% Developed);2 lanes;2;Straight - Level;NC Route;Dry;One-Way, Not Divided;None;No Special Feature;Smooth Asphalt;Mountains;Rural;50 - 55  MPH;Double Yellow Line, No Passing Zone;Clear;No;0.0, 0.0
186;187;Yes;40-49;45;Yes;With Traffic;B: Evident Injury;Travel Lane;Black;Male;None - Rural Crash;Duplin;Yes;01-01-07;2008-03-23;Motorist Overtaking Bicyclist;20;Non-Intersection;01-03-01;0001-01-01T15:03:58-04:56;Motorist Overtaking - Other /;311239;2008;B: Evident Injury;Farms, Woods, Pastures;40-49;48;No;41-45 mph;O: No Injury;Black;Male;Passenger Car;No;No;Dark - Roadway Not Lighted;Rural (<30% Developed);2 lanes;2;Straight - Level;State Secondary Route;Dry;Two-Way, Not Divided;None;No Special Feature;Coarse Asphalt;Coastal;Rural;50 - 55  MPH;No Control Present;Clear;No;0.0, 0.0
196;197;Yes;60-69;61;No;With Traffic;B: Evident Injury;Travel Lane;White;Female;Lewisville;Forsyth;No;01-01-04;2008-03-27;Motorist Failed to Yield - Sign-Controlled Intersection;16;Intersection;01-03-01;0001-01-01T11:33:58-04:56;Motorist Drive Through - Sign-Controlled Intersection;111143;2008;B: Evident Injury;Farms, Woods, Pastures;60-69;65;No;0-5 mph;O: No Injury;White;Female;Passenger Car;No;No;Daylight;Rural (<30% Developed);1 lane;2;Straight - Level;State Secondary Route;Dry;One-Way, Not Divided;None;Traffic Circle/Roundabout;Smooth Asphalt;Piedmont;Urban;40 - 45  MPH;Yield Sign;Clear;No;0.0, 0.0
201;202;Yes;20-24;22;No;Facing Traffic;B: Evident Injury;Sidewalk / Crosswalk / Driveway Crossing;White;Male;Raleigh;Wake;No;01-01-05;2008-03-28;Motorist Failed to Yield - Midblock;16;Non-Intersection;01-03-01;0001-01-01T11:59:58-04:56;Motorist Drive Out - Commercial Driveway / Alley;332322;2008;B: Evident Injury;Commercial;25-29;26;No;;O: No Injury;White;Male;Pickup;No;No;Daylight;Urban (>70% Developed);2 lanes;2;Straight - Grade;Local Street;Dry;Two-Way, Divided, Unprotected Median;None;No Special Feature;Smooth Asphalt;Piedmont;Urban;30 - 35  MPH;No Control Present;Clear;No;0.0, 0.0
210;211;Yes;25-29;26;No;With Traffic;B: Evident Injury;Travel Lane;Black;Male;High Point;Guilford;No;01-01-04;2008-04-03;Bicyclist Failed to Yield - Sign-Controlled Intersection;9;Intersection;01-04-01;0001-01-01T04:35:58-04:56;Bicyclist Ride Through - Sign-Controlled Intersection;111144;2008;B: Evident Injury;Residential;50-59;57;No;26-30 mph;O: No Injury;Black;Female;Passenger Car;No;No;Daylight;Urban (>70% Developed);2 lanes;2;Straight - Level;Public Vehicular Area;Dry;Two-Way, Not Divided;None;Four-Way Intersection;Smooth Asphalt;Piedmont;Urban;30 - 35  MPH;Stop Sign;Clear;No;0.0, 0.0
216;217;No;15-Nov;15;No;With Traffic;B: Evident Injury;;Black;Male;Rocky Mount;Edgecombe;No;01-01-05;2008-04-11;Loss of Control / Turning Error;21;Intersection;01-04-01;0001-01-01T16:21:58-04:56;Bicyclist Lost Control - Mechanical Problems;191121;2008;B: Evident Injury;Residential;30-39;34;No;;O: No Injury;Black;Female;Passenger Car;No;No;Daylight;Urban (>70% Developed);2 lanes;2;Straight - Level;Local Street;Dry;Two-Way, Not Divided;None;No Special Feature;Coarse Asphalt;Coastal;Urban;30 - 35  MPH;Stop Sign;Clear;No;0.0, 0.0
226;227;Yes;20-24;20;No;With Traffic;B: Evident Injury;Travel Lane;White;Male;Raleigh;Wake;No;01-01-04;2008-04-10;Bicyclist Left Turn / Merge;10;Intersection;01-04-01;0001-01-01T05:10:58-04:56;Bicyclist Left Turn - Same Direction;111221;2008;B: Evident Injury;Residential;20-24;23;No;6-10 mph;O: No Injury;White;Male;Motorcycle;No;No;Daylight;Urban (>70% Developed);2 lanes;2;Straight - Level;Local Street;Dry;Two-Way, Not Divided;None;T-Intersection;Coarse Asphalt;Piedmont;Urban;40 - 45  MPH;Missing;Clear;No;0.0, 0.0
231;232;No;0-5;3;No;Not Applicable;C: Possible Injury;Sidewalk / Crosswalk / Driveway Crossing;White;Male;Mooresville;Iredell;No;01-01-06;2008-04-12;Non-Roadway;19;Non-Roadway;01-04-01;0001-01-01T15:02:58-04:56;Non-Roadway;430910;2008;C: Possible Injury;Residential;30-39;37;No;;O: No Injury;White;Female;Passenger Car;No;No;Dusk;Urban (>70% Developed);;2;;Local Street;Dry;;None;No Special Feature;;Piedmont;Urban;;Missing;Clear;No;0.0, 0.0
234;235;Yes;50-59;53;No;With Traffic;B: Evident Injury;Travel Lane;White;Female;Huntersville;Mecklenburg;No;01-01-06;2008-05-31;Loss of Control / Turning Error;10;Non-Intersection;01-05-01;0001-01-01T05:20:58-04:56;Bicyclist Lost Control - Other /;311129;2008;B: Evident Injury;Residential;40-49;40;No;21-25 mph;O: No Injury;Black;Male;Single Unit Truck (2-Axle, 6-Tire);No;No;Daylight;Urban (>70% Developed);2 lanes;2;Straight - Level;Local Street;Dry;Two-Way, Not Divided;None;No Special Feature;Smooth Asphalt;Piedmont;Urban;40 - 45  MPH;No Control Present;Clear;No;0.0, 0.0
237;238;No;50-59;52;No;With Traffic;B: Evident Injury;Travel Lane;Hispanic;Male;Fayetteville;Cumberland;No;;2008-04-14;Bicyclist Failed to Yield - Sign-Controlled Intersection;15;Intersection;01-04-01;0001-01-01T10:35:58-04:56;Bicyclist Ride Through - Sign-Controlled Intersection;111144;2008;B: Evident Injury;Commercial;60-69;62;No;31-35 mph;O: No Injury;White;Female;Passenger Car;No;No;Daylight;Urban (>70% Developed);4 lanes;2;Straight - Level;Local Street;Dry;Two-Way, Divided, Unprotected Median;None;Four-Way Intersection;Coarse Asphalt;Coastal;Urban;30 - 35  MPH;Stop Sign;Clear;No;0.0, 0.0
238;239;Yes;60-69;60;No;With Traffic;O: No Injury;Sidewalk / Crosswalk / Driveway Crossing;Black;Male;Goldsboro;Wayne;No;01-01-03;2008-04-16;Parallel Paths - Other Circumstances;10;Non-Intersection;01-04-01;0001-01-01T05:23:58-04:56;Bicyclist Ride Out - Parallel Path;331225;2008;B: Evident Injury;Commercial;60-69;62;No;;B: Evident Injury;Black;Male;Pedestrian;No;No;Daylight;Urban (>70% Developed);3 lanes;2;Straight - Level;Local Street;Dry;Two-Way, Not Divided;None;No Special Feature;Coarse Asphalt;Coastal;Urban;;No Control Present;Clear;No;0.0, 0.0
254;255;No;50-59;51;No;With Traffic;B: Evident Injury;Travel Lane;White;Male;None - Rural Crash;Orange;No;01-01-04;2008-04-17;Motorist Overtaking Bicyclist;20;Non-Intersection;01-04-01;0001-01-01T15:41:58-04:56;Motorist Overtaking - Undetected Bicyclist;311231;2008;B: Evident Injury;Farms, Woods, Pastures;40-49;49;No;41-45 mph;O: No Injury;Black;Male;Sport Utility;No;No;Dark - Roadway Not Lighted;Mixed (30% To 70% Developed);2 lanes;2;Straight - Level;State Secondary Route;Dry;Two-Way, Not Divided;None;No Special Feature;Smooth Asphalt;Piedmont;Rural;40 - 45  MPH;Double Yellow Line, No Passing Zone;Clear;No;0.0, 0.0
259;260;No;20-24;24;No;With Traffic;O: No Injury;Travel Lane;Hispanic;Male;Charlotte;Mecklenburg;No;01-01-04;2008-06-05;Motorist Right Turn / Merge;7;Non-Intersection;01-06-01;0001-01-01T02:38:58-04:56;Motorist Right Turn - Same Direction;311213;2008;O: No Injury;Commercial;30-39;31;No;21-25 mph;O: No Injury;Hispanic;Male;Light Truck (Mini-Van, Panel);No;No;Daylight;Urban (>70% Developed);4 lanes;2;Straight - Level;Local Street;Dry;Two-Way, Not Divided;None;No Special Feature;Smooth Asphalt;Piedmont;Urban;40 - 45  MPH;No Control Present;Clear;No;0.0, 0.0
263;264;No;16-19;18;No;;C: Possible Injury;;White;Female;Raleigh;Wake;No;01-01-02;2008-04-22;Crossing Paths - Other Circumstances;16;Non-Intersection;01-04-01;0001-01-01T11:08:58-04:56;Crossing Paths - Midblock - Other /;399380;2008;C: Possible Injury;Commercial;30-39;34;No;31-35 mph;O: No Injury;Black;Female;Passenger Car;No;No;Daylight;Urban (>70% Developed);4 lanes;2;Straight - Grade;Local Street;Wet;Two-Way, Divided, Positive Median Barrier;None;No Special Feature;Smooth Asphalt;Piedmont;Urban;40 - 45  MPH;Missing;Cloudy;No;0.0, 0.0
268;269;Yes;25-29;25;No;With Traffic;B: Evident Injury;Sidewalk / Crosswalk / Driveway Crossing;White;Male;Gastonia;Gaston;No;01-01-05;2008-04-25;Motorist Left Turn / Merge;15;Intersection;01-04-01;0001-01-01T10:44:58-04:56;Motorist Left Turn - Same Direction;131211;2008;B: Evident Injury;Commercial;;;Missing;16-20 mph;Injury;/Missing;;;No;Yes;Daylight;Urban (>70% Developed);4 lanes;2;Straight - Level;Local Street;Dry;Two-Way, Not Divided;None;Four-Way Intersection;Smooth Asphalt;Piedmont;Urban;30 - 35  MPH;Stop And Go Signal;Clear;No;0.0, 0.0
269;270;No;10-Jun;10;No;Not Applicable;O: No Injury;Driveway / Alley;Black;Male;Reidsville;Rockingham;No;01-01-07;2008-04-27;Bicyclist Failed to Yield - Midblock;10;Non-Intersection;01-04-01;0001-01-01T05:59:58-04:56;Bicyclist Ride Out - Residential Driveway;353311;2008;O: No Injury;Residential;30-39;31;No;31-35 mph;O: No Injury;White;Male;Passenger Car;No;No;Daylight;Rural (<30% Developed);2 lanes;2;Straight - Level;Local Street;Dry;Two-Way, Not Divided;None;No Special Feature;Coarse Asphalt;Piedmont;Urban;30 - 35  MPH;No Control Present;Clear;No;0.0, 0.0
271;272;No;30-39;34;No;With Traffic;O: No Injury;Travel Lane;Hispanic;Male;Charlotte;Mecklenburg;No;01-01-06;2008-06-07;Motorist Failed to Yield - Midblock;19;Non-Intersection;01-06-01;0001-01-01T14:39:58-04:56;Motorist Drive Out - Commercial Driveway / Alley;311322;2008;O: No Injury;Residential;20-24;22;No;36-40 mph;O: No Injury;Hispanic;Male;Passenger Car;No;No;Daylight;Urban (>70% Developed);2 lanes;2;Straight - Level;Local Street;Dry;Two-Way, Not Divided;None;No Special Feature;Concrete;Piedmont;Urban;20 - 25  MPH;No Control Present;Clear;No;0.0, 0.0
273;274;Yes;60-69;61;No;Facing Traffic;C: Possible Injury;Travel Lane;Hispanic;Male;Sanford;Lee;No;01-01-04;2008-04-24;Crossing Paths - Other Circumstances;11;Intersection;01-04-01;0001-01-01T06:24:58-04:56;Signalized Intersection - Other /;112158;2008;C: Possible Injury;Residential;40-49;44;No;0-5 mph;O: No Injury;White;Male;Police;No;No;Daylight;Urban (>70% Developed);2 lanes;2;Straight - Level;Local Street;Dry;Two-Way, Not Divided;None;Four-Way Intersection;Smooth Asphalt;Piedmont;Urban;30 - 35  MPH;Stop And Go Signal;Clear;No;0.0, 0.0
276;277;Yes;10-Jun;10;No;Not Applicable;A: Disabling Injury;Driveway / Alley;White;Male;Cary;Wake;No;01-01-07;2008-06-08;Bicyclist Failed to Yield - Midblock;14;Non-Intersection;01-06-01;0001-01-01T09:57:58-04:56;Bicyclist Ride Out - Residential Driveway;353311;2008;A: Disabling Injury;Residential;50-59;54;No;21-25 mph;O: No Injury;White;Male;Passenger Car;No;No;Daylight;Urban (>70% Developed);2 lanes;2;Straight - Level;Local Street;Dry;Two-Way, Not Divided;None;No Special Feature;Smooth Asphalt;Piedmont;Urban;20 - 25  MPH;No Control Present;Clear;No;0.0, 0.0
279;280;No;40-49;45;No;With Traffic;C: Possible Injury;Travel Lane;White;Male;Wilmington;New Hanover;No;01-01-07;2008-04-27;Motorist Overtaking Bicyclist;22;Non-Intersection;01-04-01;0001-01-01T17:18:58-04:56;Motorist Overtaking - Other /;311239;2008;C: Possible Injury;Commercial;;;Missing;;Injury;/Missing;;;No;Yes;Dark - Lighted Roadway;Urban (>70% Developed);4 lanes;2;Straight - Level;Local Street;Dry;Two-Way, Divided, Unprotected Median;None;No Special Feature;Smooth Asphalt;Coastal;Urban;;Missing;Clear;No;0.0, 0.0
285;286;No;15-Nov;15;No;Facing Traffic;O: No Injury;Sidewalk / Crosswalk / Driveway Crossing;White;Male;Kannapolis;Cabarrus;No;01-01-04;2008-05-01;Motorist Failed to Yield - Midblock;20;Non-Intersection;01-05-01;0001-01-01T15:14:58-04:56;Motorist Drive Out - Midblock -;332329;2008;O: No Injury;Commercial;25-29;28;No;0-5 mph;O: No Injury;White;Male;Passenger Car;No;No;Dusk;Urban (>70% Developed);1 lane;2;Straight - Level;Local Street;Dry;;None;Alley Intersection;Smooth Asphalt;Piedmont;Urban;5 - 15 MPH;No Control Present;Clear;No;0.0, 0.0
286;287;Yes;40-49;46;No;With Traffic;C: Possible Injury;Travel Lane;Hispanic;Male;Charlotte;Mecklenburg;No;01-01-03;2008-06-11;Motorist Right Turn / Merge;9;Non-Intersection;01-06-01;0001-01-01T04:10:58-04:56;Motorist Right Turn - Same Direction;311213;2008;C: Possible Injury;Commercial;40-49;48;No;6-10 mph;O: No Injury;White;Male;Pickup;No;No;Daylight;Urban (>70% Developed);4 lanes;2;Straight - Level;Local Street;Dry;Two-Way, Divided, Unprotected Median;None;No Special Feature;Smooth Asphalt;Piedmont;Urban;30 - 35  MPH;Stop And Go Signal;Clear;No;0.0, 0.0
293;294;No;40-49;45;No;With Traffic;B: Evident Injury;Travel Lane;White;Male;Charlotte;Mecklenburg;No;01-01-04;2008-06-12;Motorist Failed to Yield - Sign-Controlled Intersection;7;Intersection;01-06-01;0001-01-01T02:07:58-04:56;Motorist Drive Through - Sign-Controlled Intersection;111143;2008;B: Evident Injury;Residential;30-39;39;No;21-25 mph;O: No Injury;Black;Male;Passenger Car;No;No;Daylight;Urban (>70% Developed);2 lanes;2;Straight - Level;Local Street;Dry;Two-Way, Not Divided;None;T-Intersection;Smooth Asphalt;Piedmont;Urban;20 - 25  MPH;Stop Sign;Clear;No;0.0, 0.0
307;308;No;20-24;23;No;Facing Traffic;C: Possible Injury;Sidewalk / Crosswalk / Driveway Crossing;White;Female;Wilmington;New Hanover;No;01-01-03;2008-05-07;Motorist Failed to Yield - Sign-Controlled Intersection;12;Intersection;01-05-01;0001-01-01T07:23:58-04:56;Motorist Drive Out - Sign-Controlled Intersection;132141;2008;C: Possible Injury;Commercial;40-49;49;No;0-5 mph;O: No Injury;White;Male;Van;No;No;Daylight;Urban (>70% Developed);4 lanes;2;Straight - Level;Local Street;Dry;Two-Way, Not Divided;None;T-Intersection;Smooth Asphalt;Coastal;Urban;30 - 35  MPH;Stop Sign;Clear;No;0.0, 0.0
324;325;No;40-49;42;No;With Traffic;B: Evident Injury;Bike Lane / Paved Shoulder;White;Male;Burlington;Alamance;No;;2008-05-12;Motorist Right Turn / Merge;11;Intersection;01-05-01;0001-01-01T06:42:58-04:56;Motorist Right Turn - Same Direction;121213;2008;B: Evident Injury;Residential;60-69;64;No;0-5 mph;O: No Injury;White;Female;Passenger Car;No;No;Daylight;Urban (>70% Developed);5 lanes;2;Straight - Grade;NC Route;Dry;Two-Way, Not Divided;None;T-Intersection;Smooth Asphalt;Piedmont;Urban;30 - 35  MPH;Stop And Go Signal;Clear;No;0.0, 0.0
327;328;No;30-39;31;No;With Traffic;C: Possible Injury;Travel Lane;White;Male;Concord;Cabarrus;No;01-01-02;2008-05-13;Motorist Failed to Yield - Sign-Controlled Intersection;22;Intersection;01-05-01;0001-01-01T17:44:58-04:56;Motorist Drive Through - Sign-Controlled Intersection;111143;2008;C: Possible Injury;Residential;20-24;20;No;0-5 mph;O: No Injury;White;Male;Pickup;No;No;Dark - Lighted Roadway;Urban (>70% Developed);2 lanes;2;Straight - Level;Local Street;Dry;Two-Way, Not Divided;None;T-Intersection;Smooth Asphalt;Piedmont;Urban;30 - 35  MPH;Missing;Clear;No;0.0, 0.0