FID;OBJECTID;AmbulanceR;BikeAge_Gr;Bike_Age;Bike_Alc_D;Bike_Dir;Bike_Injur;Bike_Pos;Bike_Race;Bike_Sex;City;County;CrashAlcoh;CrashDay;Crash_Date;Crash_Grp;Crash_Hour;Crash_Loc;Crash_Mont;Crash_Time;Crash_Type;Crash_Ty_1;Crash_Year;Crsh_Sevri;Developmen;DrvrAge_Gr;Drvr_Age;Drvr_Alc_D;Drvr_EstSp;Drvr_Injur;Drvr_Race;Drvr_Sex;Drvr_VehTy;ExcsSpdInd;Hit_Run;Light_Cond;Locality;Num_Lanes;Num_Units;Rd_Charact;Rd_Class;Rd_Conditi;Rd_Config;Rd_Defects;Rd_Feature;Rd_Surface;Region;Rural_Urba;Speed_Limi;Traff_Cntr;Weather;Workzone_I;Location
328;329;Yes;60-69;66;Yes;Facing Traffic;C: Possible Injury;Travel Lane;White;Male;Wrightsville Beach;New Hanover;Yes;01-01-02;2008-05-13;Motorist Failed to Yield - Sign-Controlled Intersection;14;Intersection;01-05-01;0001-01-01T09:36:58-04:56;Motorist Drive Out - Sign-Controlled Intersection;112141;2008;C: Possible Injury;Residential;0-19;17;No;0-5 mph;O: No Injury;White;Female;Sport Utility;No;No;Daylight;Urban (>70% Developed);1 lane;2;Straight - Level;Local Street;Dry;One-Way, Not Divided;None;T-Intersection;Coarse Asphalt;Coastal;Rural;5 - 15 MPH;Stop Sign;Clear;No;0.0, 0.0
339;340;Yes;50-59;51;No;With Traffic;C: Possible Injury;Travel Lane;Black;Male;None - Rural Crash;New Hanover;No;01-01-07;2008-05-18;Motorist Overtaking Bicyclist;15;Non-Intersection;01-05-01;0001-01-01T10:34:58-04:56;Motorist Overtaking - Other /;311239;2008;C: Possible Injury;Farms, Woods, Pastures;;;Missing;;Injury;/Missing;;;No;Yes;Daylight;Rural (<30% Developed);4 lanes;2;Straight - Level;US Route;Dry;Two-Way, Divided, Unprotected Median;None;No Special Feature;Coarse Asphalt;Coastal;Rural;;Missing;Clear;No;0.0, 0.0
355;356;Yes;60-69;67;No;With Traffic;B: Evident Injury;Travel Lane;White;Male;Southern Pines;Moore;No;01-01-04;2008-05-22;Motorist Right Turn / Merge;13;Intersection;01-05-01;0001-01-01T08:16:58-04:56;Motorist Right Turn - Same Direction;111213;2008;B: Evident Injury;Residential;70+;;No;41-45 mph;O: No Injury;White;Female;Passenger Car;No;No;Daylight;Urban (>70% Developed);4 lanes;2;Straight - Grade;NC Route;Dry;Two-Way, Divided, Unprotected Median;None;T-Intersection;Coarse Asphalt;Piedmont;Urban;40 - 45  MPH;Missing;Clear;No;0.0, 0.0
357;358;No;30-39;30;No;With Traffic;C: Possible Injury;Travel Lane;White;Male;Charlotte;Mecklenburg;No;01-01-02;2008-06-24;Motorist Right Turn / Merge;19;Intersection;01-06-01;0001-01-01T14:48:58-04:56;Motorist Right Turn - Same Direction;111213;2008;C: Possible Injury;Residential;30-39;32;No;16-20 mph;O: No Injury;White;Male;Passenger Car;No;No;Daylight;Urban (>70% Developed);4 lanes;2;Straight - Level;Local Street;Dry;Two-Way, Divided, Unprotected Median;None;No Special Feature;Smooth Asphalt;Piedmont;Urban;30 - 35  MPH;No Control Present;Clear;No;0.0, 0.0
362;363;No;40-49;40;No;With Traffic;C: Possible Injury;Bike Lane / Paved Shoulder;White;Male;Charlotte;Mecklenburg;No;01-01-03;2008-06-25;Motorist Failed to Yield - Sign-Controlled Intersection;17;Intersection;01-06-01;0001-01-01T12:38:58-04:56;Motorist Drive Out - Sign-Controlled Intersection;121141;2008;C: Possible Injury;Residential;50-59;50;No;21-25 mph;O: No Injury;White;Male;Sport Utility;No;No;Daylight;Mixed (30% To 70% Developed);4 lanes;2;Straight - Level;Local Street;Dry;Two-Way, Divided, Positive Median Barrier;None;No Special Feature;Smooth Asphalt;Piedmont;Urban;20 - 25  MPH;Stop Sign;Clear;No;0.0, 0.0
369;370;Yes;50-59;56;No;With Traffic;B: Evident Injury;Travel Lane;Black;Male;Chapel Hill;Orange;No;01-01-03;2008-05-28;Head-On;9;Non-Intersection;01-05-01;0001-01-01T04:35:58-04:56;Head-On - Motorist;311255;2008;B: Evident Injury;Commercial;;;Missing;26-30 mph;Injury;/Missing;;;No;Yes;Daylight;Urban (>70% Developed);4 lanes;2;Straight - Level;Local Street;Wet;Two-Way, Not Divided;None;No Special Feature;Smooth Asphalt;Piedmont;Urban;20 - 25  MPH;Double Yellow Line, No Passing Zone;Rain;No;0.0, 0.0
370;371;Yes;25-29;27;No;Facing Traffic;O: No Injury;Sidewalk / Crosswalk / Driveway Crossing;Black;Male;Wilmington;New Hanover;No;01-01-03;2008-05-28;Motorist Failed to Yield - Sign-Controlled Intersection;16;Intersection;01-05-01;0001-01-01T12:01:58-04:56;Motorist Drive Out - Sign-Controlled Intersection;132141;2008;C: Possible Injury;Residential;40-49;42;No;6-10 mph;C: Possible Injury;Black;Female;Passenger Car;No;No;Daylight;Urban (>70% Developed);6 lanes;2;Straight - Level;Local Street;Dry;One-Way, Not Divided;None;No Special Feature;Smooth Asphalt;Coastal;Urban;30 - 35  MPH;Stop Sign;Cloudy;No;0.0, 0.0
371;372;Yes;20-24;20;No;Facing Traffic;B: Evident Injury;Non-Roadway;Hispanic;Male;None - Rural Crash;Rowan;No;01-01-04;2008-05-29;Motorist Failed to Yield - Sign-Controlled Intersection;15;Intersection;01-05-01;0001-01-01T10:33:58-04:56;Motorist Drive Out - Sign-Controlled Intersection;162141;2008;B: Evident Injury;Commercial;20-24;22;No;0-5 mph;O: No Injury;White;Female;Passenger Car;No;No;Daylight;Mixed (30% To 70% Developed);2 lanes;2;Straight - Grade;State Secondary Route;Dry;Two-Way, Not Divided;None;T-Intersection;Coarse Asphalt;Piedmont;Rural;40 - 45  MPH;Stop Sign;Clear;No;0.0, 0.0
375;376;Yes;25-29;29;No;Facing Traffic;C: Possible Injury;;Black;Female;Kinston;Lenoir;No;01-01-05;2008-06-27;Crossing Paths - Other Circumstances;14;Intersection;01-06-01;0001-01-01T09:24:58-04:56;Signalized Intersection - Other /;192158;2008;C: Possible Injury;Commercial;20-24;22;No;0-5 mph;O: No Injury;White;Female;Sport Utility;No;No;Daylight;Urban (>70% Developed);2 lanes;2;Straight - Level;Local Street;Dry;Two-Way, Not Divided;None;Four-Way Intersection;Smooth Asphalt;Coastal;Urban;30 - 35  MPH;Stop And Go Signal;Clear;No;0.0, 0.0
377;378;No;16-19;19;No;With Traffic;B: Evident Injury;Travel Lane;White;Male;New Bern;Craven;Yes;01-01-05;2008-05-30;Bicyclist Right Turn / Merge;17;Intersection;01-05-01;0001-01-01T12:56:58-04:56;Bicyclist Right Turn - Same Direction;111223;2008;B: Evident Injury;Commercial;30-39;36;Yes;;B: Evident Injury;White;Male;Pedalcycle;No;No;Daylight;Urban (>70% Developed);4 lanes;2;Straight - Level;Local Street;Dry;Two-Way, Not Divided;None;T-Intersection;Smooth Asphalt;Coastal;Urban;;Missing;Clear;No;0.0, 0.0
379;380;Yes;30-39;30;No;Facing Traffic;C: Possible Injury;Travel Lane;White;Male;Wilmington;New Hanover;No;01-01-05;2008-05-30;Motorist Failed to Yield - Midblock;7;Non-Intersection;01-05-01;0001-01-01T02:20:58-04:56;Motorist Drive Out - Commercial Driveway / Alley;312322;2008;C: Possible Injury;Commercial;25-29;29;No;0-5 mph;O: No Injury;White;Female;Passenger Car;No;No;Daylight;Urban (>70% Developed);5 lanes;2;Straight - Level;Local Street;Dry;Two-Way, Not Divided;None;Driveway, Public;Coarse Asphalt;Coastal;Urban;30 - 35  MPH;No Control Present;Clear;No;0.0, 0.0
388;389;Yes;10-Jun;9;No;With Traffic;C: Possible Injury;Travel Lane;Black;Male;Greensboro;Guilford;No;01-01-07;2008-06-08;Loss of Control / Turning Error;18;Intersection;01-06-01;0001-01-01T13:06:58-04:56;Bicyclist Lost Control - Mechanical Problems;111121;2008;C: Possible Injury;Residential;50-59;59;No;31-35 mph;O: No Injury;Black;Male;Passenger Car;No;No;Daylight;Mixed (30% To 70% Developed);4 lanes;2;Straight - Level;Local Street;Dry;Two-Way, Not Divided;None;No Special Feature;Coarse Asphalt;Piedmont;Urban;30 - 35  MPH;Missing;Clear;No;0.0, 0.0
394;395;Yes;40-49;45;No;Not Applicable;C: Possible Injury;Non-Roadway;White;Female;Sharpsburg;Nash;No;01-01-07;2008-02-10;Bicyclist Failed to Yield - Midblock;18;Non-Intersection;01-02-01;0001-01-01T13:03:58-04:56;Bicyclist Ride Out - Commercial Driveway / Alley;363312;2008;C: Possible Injury;Commercial;20-24;21;No;41-45 mph;O: No Injury;Black;Female;Passenger Car;No;No;Dark - Roadway Not Lighted;Mixed (30% To 70% Developed);4 lanes;2;Straight - Level;Local Street;Dry;Two-Way, Divided, Unprotected Median;None;No Special Feature;Coarse Asphalt;Coastal;Rural;40 - 45  MPH;Missing;Clear;No;0.0, 0.0
396;397;Yes;40-49;42;No;With Traffic;B: Evident Injury;Travel Lane;White;Male;Cary;Wake;No;01-01-03;2008-07-02;Motorist Left Turn / Merge;6;Non-Intersection;01-07-01;0001-01-01T01:51:58-04:56;Motorist Left Turn - Opposite Direction;311212;2008;B: Evident Injury;Commercial;50-59;54;No;0-5 mph;O: No Injury;Black;Male;Passenger Car;No;No;Daylight;Urban (>70% Developed);2 lanes;2;Straight - Grade;Local Street;Dry;Two-Way, Not Divided;None;No Special Feature;Smooth Asphalt;Piedmont;Urban;30 - 35  MPH;No Control Present;Clear;No;0.0, 0.0
399;400;Yes;50-59;55;No;With Traffic;B: Evident Injury;Sidewalk / Crosswalk / Driveway Crossing;White;Male;Durham;Durham;No;01-01-03;2008-07-02;Motorist Right Turn / Merge;12;Intersection;01-07-01;0001-01-01T07:35:58-04:56;Motorist Right Turn - Same Direction;131213;2008;B: Evident Injury;Commercial;40-49;47;No;0-5 mph;O: No Injury;Black;Male;Commercial Bus;No;No;Daylight;Urban (>70% Developed);2 lanes;2;Straight - Level;Local Street;Dry;Two-Way, Not Divided;None;No Special Feature;Smooth Asphalt;Piedmont;Urban;20 - 25  MPH;Stop And Go Signal;Clear;No;0.0, 0.0
401;402;No;50-59;59;No;With Traffic;B: Evident Injury;Travel Lane;White;Male;Kannapolis;Cabarrus;No;01-01-04;2008-05-15;Motorist Failed to Yield - Sign-Controlled Intersection;16;Intersection;01-05-01;0001-01-01T11:12:58-04:56;Motorist Drive Out - Sign-Controlled Intersection;111141;2008;B: Evident Injury;Commercial;50-59;58;No;11-15 mph;O: No Injury;White;Female;Sport Utility;No;No;Daylight;Urban (>70% Developed);2 lanes;2;Straight - Level;Local Street;Dry;Two-Way, Not Divided;None;Four-Way Intersection;Smooth Asphalt;Piedmont;Urban;30 - 35  MPH;Stop Sign;Clear;No;0.0, 0.0
405;406;No;30-39;36;No;With Traffic;C: Possible Injury;Travel Lane;White;Male;Matthews;Mecklenburg;No;01-01-02;2008-06-10;Motorist Left Turn / Merge;20;Intersection;01-06-01;0001-01-01T15:09:58-04:56;Motorist Left Turn - Opposite Direction;111212;2008;C: Possible Injury;Commercial;40-49;46;No;6-10 mph;O: No Injury;White;Female;Sport Utility;No;No;Daylight;Rural (<30% Developed);2 lanes;2;Straight - Level;Local Street;Dry;Two-Way, Not Divided;None;No Special Feature;Smooth Asphalt;Piedmont;Urban;30 - 35  MPH;Stop And Go Signal;Clear;No;0.0, 0.0
409;410;Yes;40-49;49;Yes;With Traffic;A: Disabling Injury;Travel Lane;Black;Male;Kinston;Lenoir;Yes;01-01-04;2008-07-10;Bicyclist Failed to Yield - Sign-Controlled Intersection;20;Intersection;01-07-01;0001-01-01T15:25:58-04:56;Bicyclist Ride Out - Sign-Controlled Intersection;111142;2008;A: Disabling Injury;Residential;20-24;21;No;31-35 mph;O: No Injury;Black;Male;Passenger Car;No;No;Dusk;Mixed (30% To 70% Developed);5 lanes;2;Straight - Grade;NC Route;Dry;Two-Way, Divided, Unprotected Median;None;Four-Way Intersection;Coarse Asphalt;Coastal;Urban;30 - 35  MPH;No Control Present;Cloudy;No;0.0, 0.0
413;414;No;30-39;30;No;Facing Traffic;Injury;Sidewalk / Crosswalk / Driveway Crossing;Black;Male;Charlotte;Mecklenburg;No;01-01-05;2008-07-11;Motorist Failed to Yield - Sign-Controlled Intersection;9;Intersection;01-07-01;0001-01-01T04:25:58-04:56;Motorist Drive Out - Sign-Controlled Intersection;132141;2008;O: No Injury;Residential;40-49;41;No;0-5 mph;O: No Injury;Black;Male;Passenger Car;No;No;Daylight;Urban (>70% Developed);4 lanes;2;Straight - Level;Local Street;Dry;Two-Way, Not Divided;None;No Special Feature;Smooth Asphalt;Piedmont;Urban;30 - 35  MPH;No Control Present;Cloudy;No;0.0, 0.0
420;421;Yes;10-Jun;7;No;With Traffic;B: Evident Injury;Travel Lane;White;Male;Raleigh;Wake;No;01-01-06;2008-05-17;Bicyclist Failed to Yield - Sign-Controlled Intersection;17;Intersection;01-05-01;0001-01-01T12:56:58-04:56;Bicyclist Ride Through - Sign-Controlled Intersection;111144;2008;B: Evident Injury;Residential;40-49;43;No;31-35 mph;O: No Injury;Black;Female;Passenger Car;No;No;Daylight;Urban (>70% Developed);2 lanes;2;Curve - Grade;Local Street;Dry;Two-Way, Not Divided;None;Four-Way Intersection;Smooth Asphalt;Piedmont;Urban;30 - 35  MPH;Stop Sign;Clear;No;0.0, 0.0
426;427;No;50-59;59;No;With Traffic;C: Possible Injury;Travel Lane;White;Female;Raleigh;Wake;No;01-01-07;2008-06-15;Motorist Overtaking Bicyclist;11;Non-Intersection;01-06-01;0001-01-01T06:14:58-04:56;Motorist Overtaking - Misjudged Space;311232;2008;C: Possible Injury;Residential;25-29;27;No;36-40 mph;O: No Injury;Black;Female;Passenger Car;No;No;Daylight;Mixed (30% To 70% Developed);5 lanes;2;Straight - Level;Local Street;Dry;Two-Way, Divided, Positive Median Barrier;None;No Special Feature;Smooth Asphalt;Piedmont;Urban;40 - 45  MPH;No Control Present;Clear;No;0.0, 0.0
428;429;Yes;40-49;46;No;With Traffic;B: Evident Injury;Sidewalk / Crosswalk / Driveway Crossing;Black;Male;Charlotte;Mecklenburg;No;01-01-02;2008-07-15;Motorist Right Turn / Merge;17;Non-Intersection;01-07-01;0001-01-01T12:46:58-04:56;Motorist Right Turn - Same Direction;331213;2008;B: Evident Injury;Residential;20-24;23;No;0-5 mph;O: No Injury;Black;Female;Passenger Car;No;No;Daylight;Urban (>70% Developed);2 lanes;2;Straight - Level;Public Vehicular Area;Dry;Two-Way, Not Divided;None;Driveway, Public;Smooth Asphalt;Piedmont;Urban;5 - 15 MPH;No Control Present;Clear;No;0.0, 0.0
432;433;Yes;20-24;20;No;With Traffic;B: Evident Injury;Travel Lane;White;Male;Asheville;Buncombe;No;01-01-07;2008-06-15;Motorist Right Turn / Merge;21;Non-Intersection;01-06-01;0001-01-01T16:43:58-04:56;Motorist Right Turn - Same Direction;311213;2008;B: Evident Injury;Residential;20-24;21;No;0-5 mph;O: No Injury;Black;Male;Passenger Car;No;No;Dark - Lighted Roadway;Urban (>70% Developed);2 lanes;2;Straight - Level;Local Street;Dry;Two-Way, Not Divided;None;No Special Feature;Smooth Asphalt;Mountains;Urban;30 - 35  MPH;No Control Present;Clear;No;0.0, 0.0
437;438;Yes;50-59;56;No;;C: Possible Injury;;White;Male;Charlotte;Mecklenburg;No;01-01-05;2008-07-18;Bicyclist Failed to Yield - Midblock;14;Non-Intersection;01-07-01;0001-01-01T09:14:58-04:56;Bicyclist Ride Out - Midblock -;399319;2008;C: Possible Injury;Commercial;30-39;38;No;0-5 mph;O: No Injury;Black;Female;Passenger Car;No;No;Daylight;Rural (<30% Developed);4 lanes;2;Straight - Level;Local Street;Dry;Two-Way, Not Divided;None;No Special Feature;Smooth Asphalt;Piedmont;Urban;40 - 45  MPH;No Control Present;Clear;No;0.0, 0.0
439;440;No;50-59;51;No;With Traffic;B: Evident Injury;Travel Lane;Black;Male;Lumberton;Robeson;No;01-01-04;2008-06-19;Bicyclist Left Turn / Merge;18;Non-Intersection;01-06-01;0001-01-01T13:04:58-04:56;Bicyclist Left Turn - Same Direction;311221;2008;B: Evident Injury;Commercial;30-39;36;No;41-45 mph;O: No Injury;White;Female;Passenger Car;No;No;Daylight;Urban (>70% Developed);5 lanes;2;Straight - Level;NC Route;Dry;Two-Way, Not Divided;None;No Special Feature;Smooth Asphalt;Coastal;Urban;40 - 45  MPH;No Control Present;Clear;No;0.0, 0.0
443;444;Yes;10-Jun;10;No;With Traffic;O: No Injury;Travel Lane;Black;Female;Kinston;Lenoir;No;01-01-02;2008-07-22;Bicyclist Failed to Yield - Sign-Controlled Intersection;7;Intersection;01-07-01;0001-01-01T02:24:58-04:56;Bicyclist Ride Out - Sign-Controlled Intersection;111142;2008;O: No Injury;Commercial;50-59;57;No;31-35 mph;O: No Injury;White;Female;Pickup;No;No;Daylight;Urban (>70% Developed);4 lanes;2;Straight - Level;Local Street;Dry;Two-Way, Not Divided;None;T-Intersection;Smooth Asphalt;Coastal;Urban;30 - 35  MPH;Stop Sign;Clear;No;0.0, 0.0
447;448;Yes;20-24;21;No;Facing Traffic;C: Possible Injury;Travel Lane;Black;Male;Chadbourn;Columbus;No;01-01-05;2008-06-13;Motorist Failed to Yield - Midblock;12;Non-Intersection;01-06-01;0001-01-01T07:23:58-04:56;Motorist Drive Out - Commercial Driveway / Alley;312322;2008;C: Possible Injury;Commercial;50-59;52;No;0-5 mph;O: No Injury;White;Male;Pickup;No;No;Daylight;Urban (>70% Developed);2 lanes;2;Straight - Level;Local Street;Dry;Two-Way, Not Divided;None;No Special Feature;Smooth Asphalt;Coastal;Rural;30 - 35  MPH;Missing;Clear;No;0.0, 0.0
450;451;Yes;10-Jun;9;No;With Traffic;Injury;Travel Lane;Black;Female;Charlotte;Mecklenburg;No;01-01-02;2008-07-22;Loss of Control / Turning Error;20;Intersection;01-07-01;0001-01-01T15:26:58-04:56;Bicyclist Lost Control - Mechanical Problems;111121;2008;O: No Injury;Residential;30-39;36;No;31-35 mph;O: No Injury;Black;Female;Passenger Car;No;No;Daylight;Urban (>70% Developed);2 lanes;2;Straight - Level;Local Street;Dry;Two-Way, Not Divided;None;No Special Feature;Smooth Asphalt;Piedmont;Urban;30 - 35  MPH;Stop Sign;Cloudy;No;0.0, 0.0
453;454;Yes;50-59;55;No;Facing Traffic;C: Possible Injury;Sidewalk / Crosswalk / Driveway Crossing;Black;Male;Fayetteville;Cumberland;No;;2008-06-23;Motorist Failed to Yield - Sign-Controlled Intersection;14;Intersection;01-06-01;0001-01-01T09:43:58-04:56;Motorist Drive Out - Sign-Controlled Intersection;132141;2008;C: Possible Injury;Commercial;40-49;41;No;0-5 mph;O: No Injury;White;Male;Pickup;No;No;Daylight;Urban (>70% Developed);3 lanes;2;Straight - Level;Local Street;Dry;Two-Way, Not Divided;None;T-Intersection;Smooth Asphalt;Coastal;Urban;30 - 35  MPH;Stop And Go Signal;Clear;No;0.0, 0.0
459;460;Yes;15-Nov;12;No;With Traffic;B: Evident Injury;Travel Lane;Black;Male;Winston-Salem;Forsyth;No;01-01-04;2008-06-26;Bicyclist Left Turn / Merge;11;Non-Intersection;01-06-01;0001-01-01T07:01:58-04:56;Bicyclist Left Turn - Same Direction;311221;2008;B: Evident Injury;Commercial;70+;;No;21-25 mph;O: No Injury;Black;Female;Passenger Car;No;No;Daylight;Urban (>70% Developed);2 lanes;2;Straight - Grade;Local Street;Dry;Two-Way, Not Divided;None;No Special Feature;Smooth Asphalt;Piedmont;Urban;40 - 45  MPH;Double Yellow Line, No Passing Zone;Clear;No;0.0, 0.0
462;463;Yes;30-39;32;No;With Traffic;B: Evident Injury;Travel Lane;White;Female;None - Rural Crash;Chatham;No;01-01-06;2008-06-28;Other / Unusual Circumstances;16;Non-Intersection;01-06-01;0001-01-01T11:40:58-04:56;Motorist Intentionally Caused;311510;2008;B: Evident Injury;Farms, Woods, Pastures;30-39;32;No;16-20 mph;Injury;/Missing;;;No;Yes;Daylight;Rural (<30% Developed);2 lanes;2;Curve - Level;State Secondary Route;Dry;Two-Way, Not Divided;None;No Special Feature;Coarse Asphalt;Piedmont;Rural;50 - 55  MPH;Double Yellow Line, No Passing Zone;Clear;No;0.0, 0.0
465;466;Yes;20-24;23;No;With Traffic;B: Evident Injury;Travel Lane;Hispanic;Male;Bogue;Carteret;No;01-01-07;2008-06-29;Motorist Failed to Yield - Midblock;14;Non-Intersection;01-06-01;0001-01-01T09:14:58-04:56;Motorist Drive Out - Commercial Driveway / Alley;311322;2008;B: Evident Injury;Commercial;60-69;61;No;0-5 mph;O: No Injury;White;Female;Sport Utility;No;No;Daylight;Urban (>70% Developed);5 lanes;2;Straight - Level;NC Route;Dry;Two-Way, Not Divided;None;Driveway, Public;Smooth Asphalt;Coastal;Rural;;Missing;Cloudy;No;0.0, 0.0
469;470;Yes;40-49;41;No;With Traffic;B: Evident Injury;Travel Lane;White;Male;Matthews;Mecklenburg;No;;2008-06-30;Motorist Left Turn / Merge;18;Non-Intersection;01-06-01;0001-01-01T14:01:58-04:56;Motorist Left Turn - Opposite Direction;311212;2008;B: Evident Injury;Residential;0-19;19;No;0-5 mph;O: No Injury;White;Male;Passenger Car;No;No;Daylight;Mixed (30% To 70% Developed);3 lanes;2;Straight - Level;Local Street;Dry;Two-Way, Not Divided;None;T-Intersection;Smooth Asphalt;Piedmont;Urban;30 - 35  MPH;No Control Present;Clear;No;0.0, 0.0
485;486;Yes;20-24;23;No;Facing Traffic;C: Possible Injury;Sidewalk / Crosswalk / Driveway Crossing;Other;Male;Charlotte;Mecklenburg;No;01-01-06;2008-08-02;Motorist Failed to Yield - Midblock;15;Non-Intersection;01-08-01;0001-01-01T11:01:58-04:56;Motorist Drive Out - Commercial Driveway / Alley;332322;2008;C: Possible Injury;Commercial;40-49;48;No;0-5 mph;O: No Injury;Other;Male;Passenger Car;No;No;Daylight;Urban (>70% Developed);2 lanes;2;Straight - Bottom;Local Street;Dry;Two-Way, Not Divided;None;Driveway, Public;Smooth Asphalt;Piedmont;Urban;5 - 15 MPH;No Control Present;Clear;No;0.0, 0.0
493;494;Yes;15-Nov;13;No;Not Applicable;B: Evident Injury;Non-Roadway;Black;Male;Boone;Watauga;Yes;;2008-07-07;Non-Roadway;21;Non-Roadway;01-07-01;0001-01-01T16:12:58-04:56;Non-Roadway;460910;2008;B: Evident Injury;Commercial;40-49;48;Yes;16-20 mph;O: No Injury;White;Male;Passenger Car;No;No;Dusk;Urban (>70% Developed);;2;Straight - Grade;Public Vehicular Area;Dry;Two-Way, Not Divided;None;No Special Feature;Smooth Asphalt;Mountains;Urban;;No Control Present;Clear;No;0.0, 0.0
497;498;No;30-39;32;No;Facing Traffic;C: Possible Injury;Sidewalk / Crosswalk / Driveway Crossing;Black;Male;Greensboro;Guilford;No;01-01-02;2008-07-08;Motorist Failed to Yield - Sign-Controlled Intersection;21;Intersection;01-07-01;0001-01-01T16:27:58-04:56;Motorist Drive Out - Sign-Controlled Intersection;132141;2008;C: Possible Injury;Residential;30-39;35;No;0-5 mph;O: No Injury;Black;Male;Pickup;No;No;Dark - Lighted Roadway;Urban (>70% Developed);2 lanes;2;Straight - Level;Local Street;Dry;Two-Way, Not Divided;None;T-Intersection;Smooth Asphalt;Piedmont;Urban;30 - 35  MPH;Stop Sign;Clear;No;0.0, 0.0
499;500;Yes;15-Nov;15;No;With Traffic;A: Disabling Injury;Travel Lane;Black;Male;None - Rural Crash;Pasquotank;No;01-01-07;2008-08-03;Bicyclist Left Turn / Merge;20;Non-Intersection;01-08-01;0001-01-01T15:08:58-04:56;Bicyclist Left Turn - Same Direction;311221;2008;A: Disabling Injury;Farms, Woods, Pastures;20-24;21;No;41-45 mph;O: No Injury;White;Male;Passenger Car;No;No;Dark - Roadway Not Lighted;Rural (<30% Developed);2 lanes;2;Straight - Level;State Secondary Route;Dry;Two-Way, Not Divided;None;No Special Feature;Coarse Asphalt;Coastal;Rural;40 - 45  MPH;No Control Present;Clear;No;0.0, 0.0
507;508;No;20-24;23;No;With Traffic;B: Evident Injury;Travel Lane;White;Male;Charlotte;Mecklenburg;No;01-01-06;2008-08-09;Motorist Failed to Yield - Sign-Controlled Intersection;16;Intersection;01-08-01;0001-01-01T11:33:58-04:56;Motorist Drive Out - Sign-Controlled Intersection;111141;2008;B: Evident Injury;Farms, Woods, Pastures;0-19;18;No;11-15 mph;O: No Injury;White;Female;Passenger Car;No;No;Daylight;Rural (<30% Developed);2 lanes;2;Straight - Level;Local Street;Dry;Two-Way, Not Divided;None;No Special Feature;Smooth Asphalt;Piedmont;Urban;40 - 45  MPH;Stop Sign;Clear;No;0.0, 0.0
510;511;Yes;25-29;25;No;Facing Traffic;B: Evident Injury;Sidewalk / Crosswalk / Driveway Crossing;Black;Male;Charlotte;Mecklenburg;No;01-01-05;2008-08-08;Bicyclist Failed to Yield - Signalized Intersection;12;Intersection;01-08-01;0001-01-01T07:25:58-04:56;Bicyclist Ride Through - Signalized Intersection;132155;2008;B: Evident Injury;Commercial;20-24;23;No;0-5 mph;O: No Injury;White;Male;Sport Utility;No;No;Daylight;Urban (>70% Developed);4 lanes;2;Straight - Grade;Local Street;Dry;Two-Way, Divided, Unprotected Median;None;No Special Feature;Smooth Asphalt;Piedmont;Urban;40 - 45  MPH;Missing;Clear;No;0.0, 0.0
513;514;Yes;15-Nov;14;No;With Traffic;A: Disabling Injury;Travel Lane;White;Female;None - Rural Crash;Pender;No;01-01-07;2008-08-10;Bicyclist Left Turn / Merge;0;Non-Intersection;01-08-01;0000-12-31T19:28:58-04:56;Bicyclist Left Turn - Same Direction;311221;2008;A: Disabling Injury;Farms, Woods, Pastures;20-24;24;No;51-55 mph;O: No Injury;Black;Female;Passenger Car;No;No;Dark - Roadway Not Lighted;Rural (<30% Developed);2 lanes;2;Straight - Level;State Secondary Route;Dry;Two-Way, Not Divided;None;No Special Feature;Coarse Asphalt;Coastal;Rural;50 - 55  MPH;No Control Present;Clear;No;0.0, 0.0
519;520;Yes;16-19;19;No;Facing Traffic;C: Possible Injury;Travel Lane;White;Female;Kill Devil Hills;Dare;No;;2008-07-14;Bicyclist Failed to Yield - Signalized Intersection;7;Intersection;01-07-01;0001-01-01T02:53:58-04:56;Bicyclist Ride Out - Signalized  Intersection;112153;2008;C: Possible Injury;Commercial;50-59;50;No;0-5 mph;O: No Injury;White;Female;Passenger Car;No;No;Daylight;Mixed (30% To 70% Developed);4 lanes;2;Straight - Level;Local Street;Dry;Two-Way, Divided, Positive Median Barrier;None;Four-Way Intersection;Concrete;Coastal;Urban;30 - 35  MPH;Stop And Go Signal;Clear;No;0.0, 0.0
538;539;Yes;15-Nov;13;No;With Traffic;B: Evident Injury;Travel Lane;White;Male;None - Rural Crash;Franklin;No;01-01-07;2008-07-20;Bicyclist Left Turn / Merge;19;Non-Intersection;01-07-01;0001-01-01T14:52:58-04:56;Bicyclist Left Turn - Same Direction;311221;2008;B: Evident Injury;Farms, Woods, Pastures;0-19;18;No;46-50 mph;O: No Injury;White;Male;Pickup;No;No;Dusk;Rural (<30% Developed);2 lanes;2;Straight - Grade;State Secondary Route;Dry;Two-Way, Not Divided;None;No Special Feature;Coarse Asphalt;Piedmont;Rural;50 - 55  MPH;Double Yellow Line, No Passing Zone;Clear;No;0.0, 0.0
6;7;No;50-59;51;Yes;With Traffic;A: Disabling Injury;Travel Lane;Black;Male;None - Rural Crash;Randolph;Yes;01-01-06;2007-01-06;Motorist Overtaking Bicyclist;19;Non-Intersection;;0001-01-01T14:13:58-04:56;Motorist Overtaking - Undetected Bicyclist;311231;2007;A: Disabling Injury;Farms, Woods, Pastures;60-69;61;No;41-45 mph;O: No Injury;White;Male;Pickup;No;No;Dark - Roadway Not Lighted;Rural (<30% Developed);2 lanes;2;Straight - Level;State Secondary Route;Dry;Two-Way, Not Divided;None;No Special Feature;Coarse Asphalt;Piedmont;Rural;50 - 55  MPH;Double Yellow Line, No Passing Zone;Cloudy;No;35.839287, -79.59008