FID;OBJECTID;AmbulanceR;BikeAge_Gr;Bike_Age;Bike_Alc_D;Bike_Dir;Bike_Injur;Bike_Pos;Bike_Race;Bike_Sex;City;County;CrashAlcoh;CrashDay;Crash_Date;Crash_Grp;Crash_Hour;Crash_Loc;Crash_Mont;Crash_Time;Crash_Type;Crash_Ty_1;Crash_Year;Crsh_Sevri;Developmen;DrvrAge_Gr;Drvr_Age;Drvr_Alc_D;Drvr_EstSp;Drvr_Injur;Drvr_Race;Drvr_Sex;Drvr_VehTy;ExcsSpdInd;Hit_Run;Light_Cond;Locality;Num_Lanes;Num_Units;Rd_Charact;Rd_Class;Rd_Conditi;Rd_Config;Rd_Defects;Rd_Feature;Rd_Surface;Region;Rural_Urba;Speed_Limi;Traff_Cntr;Weather;Workzone_I;Location
9;10;No;30-39;39;No;With Traffic;B: Evident Injury;Travel Lane;White;Male;Eden;Rockingham;No;01-01-02;2007-02-20;Motorist Overtaking Bicyclist;9;Intersection-Related;01-02-01;0001-01-01T04:49:58-04:56;Motorist Overtaking - Other /;211239;2007;B: Evident Injury;Residential;70+;;No;41-45 mph;Injury;/Missing;Male;Passenger Car;No;Yes;Daylight;Urban (>70% Developed);2 lanes;2;Straight - Grade;Local Street;Dry;Two-Way, Not Divided;;No Special Feature;Smooth Asphalt;Piedmont;Urban;30 - 35  MPH;No Control Present;Clear;No;36.512688, -79.75971
10;11;Yes;16-19;19;Yes;Facing Traffic;A: Disabling Injury;Travel Lane;Hispanic;Male;Cary;Wake;Yes;01-01-06;2007-02-10;Bicyclist Right Turn / Merge;21;Non-Intersection;01-02-01;0001-01-01T16:14:58-04:56;Bicyclist Right Turn - Opposite Direction;312224;2007;A: Disabling Injury;Commercial;20-24;24;Yes;31-35 mph;O: No Injury;White;Female;Passenger Car;No;No;Dark - Lighted Roadway;Urban (>70% Developed);4 lanes;2;Straight - Level;State Secondary Route;Dry;Two-Way, Not Divided;None;No Special Feature;Smooth Asphalt;Piedmont;Urban;30 - 35  MPH;No Control Present;Clear;No;35.79067, -78.77092
32;33;Yes;16-19;18;No;Not Applicable;B: Evident Injury;Driveway / Alley;Hispanic;Male;Wilmington;New Hanover;No;01-01-06;2007-01-13;Bicyclist Failed to Yield - Midblock;10;Non-Intersection;;0001-01-01T05:17:58-04:56;Bicyclist Ride Out - Commercial Driveway / Alley;353312;2007;B: Evident Injury;Commercial;20-24;23;No;11-15 mph;O: No Injury;Black;Male;Passenger Car;No;No;Daylight;Urban (>70% Developed);4 lanes;2;Straight - Level;Local Street;Dry;Two-Way, Not Divided;None;No Special Feature;Smooth Asphalt;Coastal;Urban;40 - 45  MPH;No Control Present;Clear;No;34.209282, -77.8869
39;40;Yes;40-49;49;No;With Traffic;C: Possible Injury;Travel Lane;Black;Male;None - Rural Crash;Pitt;No;01-01-02;2007-01-02;Motorist Overtaking Bicyclist;18;Non-Intersection;;0001-01-01T13:24:58-04:56;Motorist Overtaking - Undetected Bicyclist;311231;2007;C: Possible Injury;Farms, Woods, Pastures;40-49;46;No;36-40 mph;O: No Injury;White;Male;Passenger Car;No;No;Dark - Roadway Not Lighted;Rural (<30% Developed);2 lanes;2;Straight - Level;State Secondary Route;Dry;Two-Way, Not Divided;None;No Special Feature;Smooth Asphalt;Coastal;Rural;50 - 55  MPH;No Control Present;Clear;No;35.615498, -77.5762
42;43;Yes;20-24;21;No;With Traffic;B: Evident Injury;Travel Lane;White;Female;Asheville;Buncombe;No;;2007-03-26;Motorist Overtaking Bicyclist;23;Non-Intersection;01-03-01;0001-01-01T18:07:58-04:56;Motorist Overtaking - Bicyclist Swerved;311235;2007;B: Evident Injury;Institutional;30-39;39;No;16-20 mph;O: No Injury;Black;Male;Sport Utility;No;No;Dark - Lighted Roadway;Urban (>70% Developed);2 lanes;2;Straight - Level;Local Street;Dry;Two-Way, Not Divided;None;No Special Feature;Smooth Asphalt;Mountains;Urban;20 - 25  MPH;No Control Present;Clear;No;35.617664, -82.56375
43;44;Yes;20-24;22;No;Facing Traffic;C: Possible Injury;Travel Lane;White;Male;Jacksonville;Onslow;No;01-01-05;2007-01-19;Motorist Failed to Yield - Midblock;13;Non-Intersection;;0001-01-01T08:29:58-04:56;Motorist Drive Out - Commercial Driveway / Alley;312322;2007;C: Possible Injury;Commercial;30-39;37;No;0-5 mph;O: No Injury;White;Male;Pickup;No;No;Daylight;Urban (>70% Developed);6 lanes;2;Straight - Level;NC Route;Dry;Two-Way, Divided, Unprotected Median;None;No Special Feature;Smooth Asphalt;Coastal;Urban;40 - 45  MPH;No Control Present;Clear;No;34.74369, -77.38374
50;51;Yes;30-39;36;No;With Traffic;B: Evident Injury;Bike Lane / Paved Shoulder;White;Male;None - Rural Crash;New Hanover;No;01-01-03;2007-01-24;Motorist Overtaking Bicyclist;11;Non-Intersection;;0001-01-01T07:01:58-04:56;Motorist Overtaking - Other /;321239;2007;B: Evident Injury;Commercial;;;No;31-35 mph;Injury;/Missing;;;No;Yes;Dark - Roadway Not Lighted;Mixed (30% To 70% Developed);4 lanes;2;Straight - Level;US Route;Dry;Two-Way, Divided, Unprotected Median;None;No Special Feature;Smooth Asphalt;Coastal;Rural;50 - 55  MPH;No Control Present;Clear;No;34.128498, -77.89818
52;53;Yes;50-59;52;No;With Traffic;B: Evident Injury;Travel Lane;White;Female;None - Rural Crash;Carteret;No;01-01-03;2007-01-24;Motorist Overtaking Bicyclist;18;Non-Intersection;;0001-01-01T13:16:58-04:56;Motorist Overtaking - Other /;311239;2007;B: Evident Injury;Commercial;;;Missing;;Injury;/Missing;;Truck/Trailer;No;Yes;Dark - Roadway Not Lighted;Mixed (30% To 70% Developed);2 lanes;2;Straight - Level;NC Route;Dry;Two-Way, Not Divided;None;No Special Feature;Coarse Asphalt;Coastal;Rural;50 - 55  MPH;No Control Present;Clear;No;34.75681, -77.09396
54;55;Yes;16-19;16;No;With Traffic;C: Possible Injury;Travel Lane;Black;Male;Kinston;Lenoir;No;01-01-06;2007-01-27;Motorist Overtaking Bicyclist;0;Intersection;;0000-12-31T19:25:58-04:56;Motorist Overtaking - Undetected Bicyclist;111231;2007;C: Possible Injury;Residential;;;Missing;0-5 mph;Injury;/Missing;;;No;Yes;Dark - Roadway Not Lighted;Urban (>70% Developed);4 lanes;2;Straight - Level;Local Street;Dry;Two-Way, Not Divided;None;Four-Way Intersection;Coarse Asphalt;Coastal;Urban;20 - 25  MPH;Stop Sign;Clear;No;35.253994, -77.574646
58;59;Yes;20-24;23;No;;C: Possible Injury;Travel Lane;Black;Male;Washington;Beaufort;No;;2007-01-29;Bicyclist Failed to Yield - Sign-Controlled Intersection;14;Intersection;;0001-01-01T09:35:58-04:56;Bicyclist Ride Out - Sign-Controlled Intersection;119142;2007;C: Possible Injury;Residential;60-69;61;No;26-30 mph;O: No Injury;White;Male;Pickup;No;No;Daylight;Urban (>70% Developed);4 lanes;2;Straight - Level;Local Street;Dry;Two-Way, Not Divided;None;T-Intersection;Coarse Asphalt;Coastal;Urban;30 - 35  MPH;No Control Present;Clear;No;35.552254, -77.04171
61;62;Yes;15-Nov;15;No;Not Applicable;A: Disabling Injury;Driveway / Alley;White;Male;None - Rural Crash;Davidson;No;01-01-07;2007-02-04;Bicyclist Failed to Yield - Midblock;13;Non-Intersection;01-02-01;0001-01-01T08:55:58-04:56;Bicyclist Ride Out - Commercial Driveway / Alley;353312;2007;A: Disabling Injury;Residential;0-19;17;No;51-55 mph;C: Possible Injury;White;Female;Passenger Car;No;No;Daylight;Rural (<30% Developed);2 lanes;2;Curve - Grade;State Secondary Route;Dry;Two-Way, Not Divided;None;Driveway, Private;Smooth Asphalt;Piedmont;Rural;50 - 55  MPH;Double Yellow Line, No Passing Zone;Clear;No;35.69932, -80.24638
67;68;Yes;15-Nov;15;No;With Traffic;C: Possible Injury;Travel Lane;White;Male;Raleigh;Wake;No;01-01-05;2007-02-09;Motorist Right Turn / Merge;15;Non-Intersection;01-02-01;0001-01-01T10:36:58-04:56;Motorist Right Turn - Same Direction;311213;2007;C: Possible Injury;Residential;40-49;45;No;0-5 mph;O: No Injury;White;Male;Passenger Car;No;No;Daylight;Urban (>70% Developed);4 lanes;2;Straight - Level;Local Street;Dry;Two-Way, Divided, Positive Median Barrier;None;T-Intersection;Smooth Asphalt;Piedmont;Urban;30 - 35  MPH;Stop And Go Signal;Clear;No;35.946255, -78.5663
76;77;Yes;16-19;19;No;With Traffic;B: Evident Injury;Travel Lane;White;Male;None - Rural Crash;New Hanover;No;01-01-02;2007-02-20;Motorist Overtaking Bicyclist;7;Non-Intersection;01-02-01;0001-01-01T02:53:58-04:56;Motorist Overtaking - Other /;311239;2007;B: Evident Injury;Farms, Woods, Pastures;30-39;36;No;46-50 mph;O: No Injury;White;Female;Light Truck (Mini-Van, Panel);No;No;Daylight;Rural (<30% Developed);2 lanes;2;Straight - Level;State Secondary Route;Dry;Two-Way, Not Divided;None;No Special Feature;Coarse Asphalt;Coastal;Rural;50 - 55  MPH;No Control Present;Clear;No;34.333782, -77.84164
79;80;Yes;16-19;17;No;Not Applicable;B: Evident Injury;Driveway / Alley;Black;Male;Cary;Wake;No;01-01-05;2007-04-27;Bicyclist Failed to Yield - Midblock;17;Non-Intersection;01-04-01;0001-01-01T12:13:58-04:56;Multiple Threat - Midblock;353357;2007;B: Evident Injury;Commercial;40-49;49;No;11-15 mph;O: No Injury;White;Male;Pickup;No;No;Daylight;Urban (>70% Developed);2 lanes;2;Straight - Level;Local Street;Dry;Two-Way, Not Divided;None;Four-Way Intersection;Smooth Asphalt;Piedmont;Urban;20 - 25  MPH;No Control Present;Cloudy;No;35.769447, -78.782455
91;92;No;15-Nov;15;No;With Traffic;C: Possible Injury;Travel Lane;Black;Male;Kannapolis;Cabarrus;No;01-01-03;2007-02-28;Bicyclist Left Turn / Merge;18;Intersection-Related;01-02-01;0001-01-01T13:26:58-04:56;Bicyclist Left Turn - Same Direction;211221;2007;C: Possible Injury;Residential;;;Missing;31-35 mph;Injury;/Missing;;;No;Yes;Daylight;Urban (>70% Developed);2 lanes;2;Straight - Level;Local Street;Dry;Two-Way, Divided, Unprotected Median;None;No Special Feature;Smooth Asphalt;Piedmont;Urban;30 - 35  MPH;No Control Present;Clear;No;35.48929, -80.60462
95;96;Yes;20-24;20;No;With Traffic;C: Possible Injury;Travel Lane;White;Male;None - Rural Crash;Davie;No;01-01-02;2007-02-27;Motorist Overtaking Bicyclist;17;Intersection;01-02-01;0001-01-01T12:53:58-04:56;Motorist Overtaking - Undetected Bicyclist;111231;2007;C: Possible Injury;Farms, Woods, Pastures;60-69;63;No;31-35 mph;O: No Injury;White;Male;Pickup;No;No;Daylight;Rural (<30% Developed);2 lanes;2;Straight - Level;State Secondary Route;Dry;Two-Way, Not Divided;None;T-Intersection;Coarse Asphalt;Piedmont;Rural;40 - 45  MPH;Double Yellow Line, No Passing Zone;Clear;No;36.035133, -80.47386
96;97;Yes;50-59;53;No;With Traffic;B: Evident Injury;Sidewalk / Crosswalk / Driveway Crossing;Black;Female;Wilson;Wilson;No;01-01-02;2007-02-27;Motorist Failed to Yield - Signalized Intersection;7;Intersection;01-02-01;0001-01-01T02:24:58-04:56;Motorist Drive Through - Signalized Intersection;131154;2007;B: Evident Injury;Residential;60-69;61;No;0-5 mph;C: Possible Injury;Black;Male;Pickup;No;No;Dawn;Urban (>70% Developed);4 lanes;2;Straight - Level;Local Street;Dry;Two-Way, Divided, Unprotected Median;None;Four-Way Intersection;Coarse Asphalt;Coastal;Urban;30 - 35  MPH;Stop And Go Signal;Clear;No;35.71948, -77.913704
98;99;Yes;50-59;54;No;With Traffic;B: Evident Injury;Travel Lane;Black;Male;Charlotte;Mecklenburg;No;01-01-04;2007-03-01;Motorist Left Turn / Merge;9;Non-Intersection;01-03-01;0001-01-01T04:11:58-04:56;Motorist Left Turn - Opposite Direction;311212;2007;B: Evident Injury;Commercial;60-69;64;No;11-15 mph;O: No Injury;Black;Female;Passenger Car;No;No;Daylight;Urban (>70% Developed);4 lanes;2;Straight - Level;Local Street;Dry;Two-Way, Not Divided;None;No Special Feature;Smooth Asphalt;Piedmont;Urban;30 - 35  MPH;No Control Present;Cloudy;No;35.22181, -80.85026
102;103;Yes;40-49;49;No;Facing Traffic;B: Evident Injury;Sidewalk / Crosswalk / Driveway Crossing;Black;Male;Durham;Durham;No;01-01-04;2007-05-17;Bicyclist Failed to Yield - Signalized Intersection;19;Intersection;01-05-01;0001-01-01T14:23:58-04:56;Bicyclist Ride Through - Signalized Intersection;132155;2007;B: Evident Injury;Commercial;25-29;25;No;0-5 mph;O: No Injury;White;Female;Passenger Car;No;No;Dusk;Urban (>70% Developed);8 lanes;2;Straight - Level;Local Street;Dry;Two-Way, Not Divided;None;Four-Way Intersection;Smooth Asphalt;Piedmont;Urban;30 - 35  MPH;Stop And Go Signal;Clear;No;35.902733, -78.95313
109;110;No;30-39;32;No;With Traffic;C: Possible Injury;Travel Lane;Black;Male;Durham;Durham;No;01-01-06;2007-03-10;Motorist Overtaking Bicyclist;22;Non-Intersection;01-03-01;0001-01-01T17:30:58-04:56;Motorist Overtaking - Undetected Bicyclist;311231;2007;C: Possible Injury;Commercial;;;Missing;;Injury;/Missing;;;No;Yes;Dark - Roadway Not Lighted;Urban (>70% Developed);4 lanes;2;Straight - Level;US Route;Dry;Two-Way, Divided, Unprotected Median;None;No Special Feature;Smooth Asphalt;Piedmont;Urban;40 - 45  MPH;No Control Present;Clear;No;35.97225, -78.94338
113;114;No;30-39;34;No;With Traffic;B: Evident Injury;Travel Lane;Black;Male;Charlotte;Mecklenburg;No;01-01-02;2007-03-13;Motorist Overtaking Bicyclist;0;Intersection;01-03-01;0000-12-31T19:18:58-04:56;Motorist Overtaking - Other /;111239;2007;B: Evident Injury;Commercial;30-39;38;No;21-25 mph;O: No Injury;Black;Female;Passenger Car;No;Yes;Dark - Roadway Not Lighted;Urban (>70% Developed);2 lanes;2;Straight - Hillcrest;Local Street;Dry;Two-Way, Not Divided;None;T-Intersection;Smooth Asphalt;Piedmont;Urban;20 - 25  MPH;Stop Sign;Clear;No;35.242477, -80.86091
123;124;No;10-Jun;8;No;With Traffic;B: Evident Injury;Sidewalk / Crosswalk / Driveway Crossing;White;Male;Wilmington;New Hanover;No;01-01-04;2007-03-15;Motorist Failed to Yield - Midblock;7;Non-Intersection;01-03-01;0001-01-01T02:53:58-04:56;Motorist Drive Out - Residential Driveway;331321;2007;B: Evident Injury;Residential;50-59;56;No;0-5 mph;O: No Injury;White;Female;Passenger Car;No;No;Daylight;Urban (>70% Developed);2 lanes;2;Straight - Level;Local Street;Dry;Two-Way, Not Divided;None;Driveway, Private;Concrete;Coastal;Urban;5 - 15 MPH;No Control Present;Clear;No;34.207157, -77.9137
130;131;Yes;60-69;64;No;With Traffic;K: Killed;Travel Lane;White;Male;None - Rural Crash;Madison;No;01-01-07;2007-03-11;Motorist Overtaking Bicyclist;13;Non-Intersection;01-03-01;0001-01-01T08:25:58-04:56;Motorist Overtaking - Misjudged Space;311232;2007;K: Killed;Farms, Woods, Pastures;20-24;20;No;31-35 mph;O: No Injury;White;Male;Pickup;No;No;Daylight;Rural (<30% Developed);2 lanes;2;Straight - Level;NC Route;Dry;Two-Way, Not Divided;None;No Special Feature;Smooth Asphalt;Mountains;Rural;50 - 55  MPH;Double Yellow Line, No Passing Zone;Clear;No;35.986378, -82.68999
136;137;No;20-24;20;No;With Traffic;C: Possible Injury;Sidewalk / Crosswalk / Driveway Crossing;White;Male;Greensboro;Guilford;No;;2007-03-19;Motorist Left Turn / Merge;14;Intersection;01-03-01;0001-01-01T09:03:58-04:56;Motorist Left Turn - Same Direction;131211;2007;C: Possible Injury;Commercial;;;Missing;6-10 mph;Injury;/Missing;;Passenger Car;No;No;Daylight;Urban (>70% Developed);4 lanes;2;Straight - Level;Local Street;Dry;Two-Way, Not Divided;None;Four-Way Intersection;Smooth Asphalt;Piedmont;Urban;30 - 35  MPH;Stop And Go Signal;Clear;No;36.073906, -79.797104
137;138;Yes;15-Nov;12;No;With Traffic;C: Possible Injury;Travel Lane;Black;Female;Kinston;Lenoir;No;01-01-03;2007-06-06;Bicyclist Failed to Yield - Sign-Controlled Intersection;17;Intersection;01-06-01;0001-01-01T12:36:58-04:56;Bicyclist Ride Out - Sign-Controlled Intersection;111142;2007;C: Possible Injury;Residential;25-29;27;No;31-35 mph;O: No Injury;Black;Male;Passenger Car;No;No;Daylight;Urban (>70% Developed);4 lanes;2;Straight - Level;NC Route;Dry;Two-Way, Not Divided;None;Four-Way Intersection;Coarse Asphalt;Coastal;Urban;30 - 35  MPH;Stop Sign;Clear;No;35.261475, -77.57266
142;143;Yes;16-19;16;No;With Traffic;K: Killed;Travel Lane;White;Male;None - Rural Crash;Burke;No;01-01-05;2007-03-23;Head-On;16;Non-Intersection;01-03-01;0001-01-01T11:40:58-04:56;Head-On - Bicyclist;311250;2007;K: Killed;Residential;50-59;50;No;26-30 mph;O: No Injury;White;Male;Pickup;No;No;Daylight;Rural (<30% Developed);2 lanes;2;Curve - Grade;State Secondary Route;Dry;Two-Way, Not Divided;None;No Special Feature;Smooth Asphalt;Mountains;Rural;30 - 35  MPH;Double Yellow Line, No Passing Zone;Clear;No;35.720467, -81.572426
144;145;No;40-49;49;No;Facing Traffic;B: Evident Injury;Sidewalk / Crosswalk / Driveway Crossing;Black;Male;Charlotte;Mecklenburg;No;01-01-05;2007-06-08;Head-On;16;Non-Intersection;01-06-01;0001-01-01T11:05:58-04:56;Head-On - Bicyclist;332250;2007;B: Evident Injury;Residential;60-69;67;No;21-25 mph;O: No Injury;Black;Female;Passenger Car;No;No;Daylight;Urban (>70% Developed);2 lanes;2;Straight - Level;Local Street;Dry;Two-Way, Not Divided;None;No Special Feature;Smooth Asphalt;Piedmont;Urban;30 - 35  MPH;No Control Present;Clear;No;35.262466, -80.85102
146;147;Yes;15-Nov;13;No;With Traffic;A: Disabling Injury;Travel Lane;Black;Female;Statesville;Iredell;Yes;01-01-07;2007-03-25;Bicyclist Failed to Yield - Sign-Controlled Intersection;18;Intersection;01-03-01;0001-01-01T13:43:58-04:56;Bicyclist Ride Through - Sign-Controlled Intersection;111144;2007;A: Disabling Injury;Residential;0-19;19;Yes;41-45 mph;O: No Injury;Black;Female;Passenger Car;Yes;No;Daylight;Urban (>70% Developed);2 lanes;2;Straight - Grade;Local Street;Dry;Two-Way, Not Divided;None;Four-Way Intersection;Coarse Asphalt;Piedmont;Urban;30 - 35  MPH;Stop Sign;Clear;No;35.779594, -80.88761
147;148;Yes;50-59;51;No;With Traffic;B: Evident Injury;Travel Lane;White;Male;Charlotte;Mecklenburg;No;01-01-07;2007-03-25;Motorist Right Turn / Merge;16;Intersection;01-03-01;0001-01-01T11:42:58-04:56;Motorist Right Turn - Same Direction;111213;2007;B: Evident Injury;Residential;25-29;26;No;31-35 mph;O: No Injury;White;Male;Passenger Car;No;No;Daylight;Urban (>70% Developed);4 lanes;2;Straight - Level;Local Street;Dry;Two-Way, Divided, Positive Median Barrier;None;No Special Feature;Smooth Asphalt;Piedmont;Urban;30 - 35  MPH;Stop And Go Signal;Clear;No;35.117256, -80.85951
148;149;Yes;60-69;61;No;With Traffic;O: No Injury;Travel Lane;White;Male;Carolina Beach;New Hanover;No;01-01-07;2007-03-25;Motorist Right Turn / Merge;12;Intersection;01-03-01;0001-01-01T07:11:58-04:56;Motorist Right Turn - Same Direction;111213;2007;O: No Injury;Commercial;;;Missing;;Injury;/Missing;;;No;Yes;Daylight;Urban (>70% Developed);4 lanes;2;Straight - Level;Local Street;Dry;Two-Way, Not Divided;None;Four-Way Intersection;Smooth Asphalt;Coastal;Urban;;Stop And Go Signal;Clear;No;34.03346, -77.89409
150;151;No;30-39;33;No;Facing Traffic;B: Evident Injury;Travel Lane;White;Male;Wilmington;New Hanover;No;01-01-07;2007-03-25;Head-On;15;Non-Intersection;01-03-01;0001-01-01T11:01:58-04:56;Head-On - Bicyclist;312250;2007;B: Evident Injury;Residential;40-49;48;No;26-30 mph;O: No Injury;White;Male;Sport Utility;No;No;Daylight;Urban (>70% Developed);2 lanes;2;Straight - Level;Local Street;Dry;Two-Way, Not Divided;None;No Special Feature;Smooth Asphalt;Coastal;Urban;30 - 35  MPH;No Control Present;Clear;No;34.213627, -77.880905
157;158;Yes;15-Nov;13;No;Not Applicable;C: Possible Injury;;Black;Male;Raleigh;Wake;No;01-01-06;2007-03-24;Bicyclist Failed to Yield - Midblock;15;Non-Intersection;01-03-01;0001-01-01T10:32:58-04:56;Bicyclist Ride Out - Midblock -;393319;2007;C: Possible Injury;Residential;60-69;67;No;31-35 mph;O: No Injury;Black;Male;Passenger Car;No;No;Daylight;Urban (>70% Developed);2 lanes;2;Curve - Level;Local Street;Dry;Two-Way, Not Divided;None;No Special Feature;Smooth Asphalt;Piedmont;Urban;30 - 35  MPH;No Control Present;Clear;No;35.81968, -78.57538
158;159;No;50-59;54;No;With Traffic;C: Possible Injury;Travel Lane;White;Male;None - Rural Crash;Cumberland;No;;2007-03-26;Motorist Overtaking Bicyclist;20;Non-Intersection;01-03-01;0001-01-01T15:27:58-04:56;Motorist Overtaking - Undetected Bicyclist;311231;2007;C: Possible Injury;Commercial;70+;;No;31-35 mph;O: No Injury;White;Male;Pickup;No;No;Dark - Roadway Not Lighted;Mixed (30% To 70% Developed);2 lanes;2;Straight - Level;State Secondary Route;Dry;Two-Way, Not Divided;None;No Special Feature;Coarse Asphalt;Coastal;Rural;40 - 45  MPH;Double Yellow Line, No Passing Zone;Clear;No;34.98354, -78.90553
167;168;Yes;30-39;36;No;With Traffic;A: Disabling Injury;Travel Lane;White;Male;None - Rural Crash;Moore;No;01-01-05;2007-03-30;Motorist Overtaking Bicyclist;13;Non-Intersection;01-03-01;0001-01-01T08:54:58-04:56;Motorist Overtaking - Other /;311239;2007;A: Disabling Injury;Farms, Woods, Pastures;50-59;59;No;51-55 mph;O: No Injury;Native American;Male;Passenger Car;No;No;Daylight;Mixed (30% To 70% Developed);2 lanes;2;Straight - Level;US Route;Dry;Two-Way, Not Divided;None;No Special Feature;Coarse Asphalt;Piedmont;Rural;50 - 55  MPH;Double Yellow Line, No Passing Zone;Clear;No;35.087036, -79.4282
171;172;Yes;10-Jun;7;No;Not Applicable;B: Evident Injury;Driveway / Alley;White;Male;Wilmington;New Hanover;No;01-01-06;2007-03-31;Bicyclist Failed to Yield - Midblock;16;Non-Intersection;01-03-01;0001-01-01T11:58:58-04:56;Bicyclist Ride Out - Residential Driveway;353311;2007;B: Evident Injury;Commercial;60-69;66;No;16-20 mph;O: No Injury;Black;Male;Pickup;No;No;Daylight;Urban (>70% Developed);2 lanes;2;Straight - Level;Local Street;Dry;Two-Way, Not Divided;None;No Special Feature;Smooth Asphalt;Coastal;Urban;20 - 25  MPH;No Control Present;Clear;No;34.227226, -77.9357
177;178;No;50-59;51;Yes;Facing Traffic;C: Possible Injury;Sidewalk / Crosswalk / Driveway Crossing;Black;Male;Jacksonville;Onslow;Yes;;2007-04-02;Motorist Failed to Yield - Sign-Controlled Intersection;14;Intersection;01-04-01;0001-01-01T09:20:58-04:56;Motorist Drive Out - Sign-Controlled Intersection;132141;2007;C: Possible Injury;Commercial;20-24;22;No;0-5 mph;O: No Injury;White;Female;Pickup;No;No;Daylight;Urban (>70% Developed);5 lanes;2;Straight - Level;Local Street;Dry;Two-Way, Not Divided;None;Driveway, Public;Smooth Asphalt;Coastal;Urban;30 - 35  MPH;Stop Sign;Cloudy;No;34.780098, -77.42579
181;182;Yes;10-Jun;7;No;;C: Possible Injury;Travel Lane;Black;Male;None - Rural Crash;Halifax;No;01-01-03;2007-04-04;Backing Vehicle;17;Non-Intersection;01-04-01;0001-01-01T12:54:58-04:56;Backing Vehicle;319600;2007;C: Possible Injury;Residential;20-24;22;No;0-5 mph;O: No Injury;Hispanic;Male;Van;No;No;Daylight;Mixed (30% To 70% Developed);2 lanes;2;Straight - Level;Local Street;Dry;Two-Way, Not Divided;None;Driveway, Private;Coarse Asphalt;Coastal;Rural;;No Control Present;Clear;No;36.461853, -77.68796
187;188;Yes;15-Nov;12;No;Not Applicable;B: Evident Injury;;Black;Male;Fayetteville;Cumberland;No;01-01-04;2007-04-05;Bicyclist Failed to Yield - Midblock;17;Non-Intersection;01-04-01;0001-01-01T12:51:58-04:56;Bicyclist Ride Out - Midblock -;393319;2007;B: Evident Injury;Residential;40-49;44;No;21-25 mph;O: No Injury;White;Female;Passenger Car;No;No;Daylight;Urban (>70% Developed);5 lanes;2;Straight - Level;Local Street;Dry;Two-Way, Not Divided;None;No Special Feature;Smooth Asphalt;Coastal;Urban;40 - 45  MPH;No Control Present;Clear;No;35.059727, -78.95915
193;194;No;40-49;40;No;;O: No Injury;Travel Lane;Black;Male;None - Rural Crash;Mecklenburg;No;01-01-06;2007-04-07;Other /  - Insufficient Details;16;Non-Intersection;01-04-01;0001-01-01T11:03:58-04:56;Approach Paths;319970;2007;O: No Injury;Residential;0-19;19;No;11-15 mph;O: No Injury;White;Female;Passenger Car;No;No;Daylight;Urban (>70% Developed);2 lanes;2;Straight - Level;Local Street;Dry;Two-Way, Not Divided;None;Other;Smooth Asphalt;Piedmont;Rural;30 - 35  MPH;No Control Present;Clear;No;35.197254, -80.6971
194;195;Yes;40-49;47;No;With Traffic;B: Evident Injury;Sidewalk / Crosswalk / Driveway Crossing;White;Female;Charlotte;Mecklenburg;No;01-01-05;2007-06-29;Motorist Right Turn / Merge;17;Intersection;01-06-01;0001-01-01T12:22:58-04:56;Motorist Right Turn - Same Direction;131213;2007;B: Evident Injury;Commercial;50-59;58;No;11-15 mph;O: No Injury;Black;Female;Passenger Car;No;No;Daylight;Urban (>70% Developed);4 lanes;2;Straight - Level;Local Street;Dry;Two-Way, Divided, Positive Median Barrier;None;Four-Way Intersection;Smooth Asphalt;Piedmont;Urban;30 - 35  MPH;Stop And Go Signal;Clear;No;35.209656, -80.75703
204;205;No;30-39;39;No;;C: Possible Injury;Travel Lane;Black;Female;Burlington;Alamance;No;01-01-04;2007-04-12;Bicyclist Failed to Yield - Sign-Controlled Intersection;21;Intersection;01-04-01;0001-01-01T16:29:58-04:56;Bicyclist Ride Through - Sign-Controlled Intersection;119144;2007;C: Possible Injury;Residential;30-39;34;No;26-30 mph;O: No Injury;Black;Male;Pickup;No;No;Dark - Lighted Roadway;Urban (>70% Developed);2 lanes;2;Straight - Grade;Local Street;Dry;Two-Way, Not Divided;None;Four-Way Intersection;Smooth Asphalt;Piedmont;Urban;30 - 35  MPH;Stop Sign;Clear;No;36.090668, -79.425865
207;208;No;20-24;20;No;Not Applicable;C: Possible Injury;;Black;Female;Wilson;Wilson;No;01-01-03;2007-04-11;Bicyclist Failed to Yield - Midblock;10;Non-Intersection;01-04-01;0001-01-01T05:53:58-04:56;Bicyclist Ride Out - Midblock -;393319;2007;C: Possible Injury;Commercial;60-69;60;No;26-30 mph;O: No Injury;Black;Male;Passenger Car;No;No;Daylight;Urban (>70% Developed);2 lanes;2;Straight - Level;US Route;Wet;Two-Way, Divided, Unprotected Median;None;No Special Feature;Coarse Asphalt;Coastal;Urban;40 - 45  MPH;No Control Present;Cloudy;No;35.719685, -77.89336
208;209;Yes;40-49;46;No;With Traffic;K: Killed;Travel Lane;White;Male;None - Rural Crash;Caldwell;No;01-01-04;2007-04-12;Motorist Overtaking Bicyclist;5;Non-Intersection;01-04-01;0001-01-01T00:33:58-04:56;Motorist Overtaking - Undetected Bicyclist;311231;2007;K: Killed;Farms, Woods, Pastures;0-19;19;No;56-60 mph;O: No Injury;White;Male;Sport Utility;No;No;Dark - Roadway Not Lighted;Rural (<30% Developed);4 lanes;2;Straight - Level;US Route;Wet;Two-Way, Divided, Unprotected Median;None;No Special Feature;Smooth Asphalt;Mountains;Rural;50 - 55  MPH;No Control Present;Fog, Smog, Smoke;No;35.810543, -81.43168