FID;OBJECTID;AmbulanceR;BikeAge_Gr;Bike_Age;Bike_Alc_D;Bike_Dir;Bike_Injur;Bike_Pos;Bike_Race;Bike_Sex;City;County;CrashAlcoh;CrashDay;Crash_Date;Crash_Grp;Crash_Hour;Crash_Loc;Crash_Mont;Crash_Time;Crash_Type;Crash_Ty_1;Crash_Year;Crsh_Sevri;Developmen;DrvrAge_Gr;Drvr_Age;Drvr_Alc_D;Drvr_EstSp;Drvr_Injur;Drvr_Race;Drvr_Sex;Drvr_VehTy;ExcsSpdInd;Hit_Run;Light_Cond;Locality;Num_Lanes;Num_Units;Rd_Charact;Rd_Class;Rd_Conditi;Rd_Config;Rd_Defects;Rd_Feature;Rd_Surface;Region;Rural_Urba;Speed_Limi;Traff_Cntr;Weather;Workzone_I;Location
472;473;Yes;25-29;28;Yes;With Traffic;B: Evident Injury;Travel Lane;Black;Male;Durham;Durham;Yes;01-01-07;2012-07-15;Loss of Control / Turning Error;11;Intersection;01-07-01;0001-01-01T06:51:58-04:56;Bicyclist Turning Error - Right Turn;;2012;B: Evident Injury;Residential;30-39;37;No;31-35 mph;O: No Injury;Hispanic;Male;Sport Utility;No;No;Daylight;Urban (>70% Developed);2 lanes;2;Straight - Grade;Local Street;Dry;Two-Way, Not Divided;None;Four-Way Intersection;Smooth Asphalt;Piedmont;Urban;30 - 35  MPH;Stop Sign;Clear;No;35.99065, -78.8706
478;479;No;10-Jun;8;No;Facing Traffic;C: Possible Injury;Travel Lane;White;Female;None - Rural Crash;Caldwell;No;01-01-02;2012-07-17;Bicyclist Failed to Yield - Sign-Controlled Intersection;10;Intersection;01-07-01;0001-01-01T05:44:58-04:56;Bicyclist Ride Through - Sign-Controlled Intersection;;2012;C: Possible Injury;Residential;70;70;No;11-15 mph;O: No Injury;White;Female;Pickup;No;No;Daylight;Urban (>70% Developed);2 lanes;2;Straight - Level;Local Street;Dry;Two-Way, Not Divided;None;T-Intersection;Smooth Asphalt;Mountains;Rural;20 - 25  MPH;Stop Sign;Cloudy;No;35.85406, -81.5361
480;481;Yes;70;0;No;With Traffic;K: Killed;Travel Lane;White;Male;None - Rural Crash;Stokes;No;01-01-05;2012-06-22;Motorist Overtaking Bicyclist;8;Non-Intersection;01-06-01;0001-01-01T03:16:58-04:56;Motorist Overtaking - Other /;;2012;K: Killed;Farms, Woods, Pastures;50-59;58;No;51-55 mph;O: No Injury;White;Male;Pickup;No;No;Daylight;Mixed (30% To 70% Developed);2 lanes;2;Straight - Level;State Secondary Route;Dry;Two-Way, Not Divided;None;No Special Feature;Smooth Asphalt;Piedmont;Rural;50 - 55  MPH;Double Yellow Line, No Passing Zone;Clear;No;36.36227, -80.4267
485;486;Yes;60-69;62;No;With Traffic;C: Possible Injury;Travel Lane;White;Female;None - Rural Crash;Alleghany;No;;2012-07-23;Motorist Overtaking Bicyclist;8;Non-Intersection;01-07-01;0001-01-01T03:13:58-04:56;Motorist Overtaking - Other /;;2012;C: Possible Injury;Farms, Woods, Pastures;30-39;37;No;46-50 mph;O: No Injury;White;Male;Pickup;No;No;Daylight;Rural (<30% Developed);2 lanes;2;Curve - Level;NC Route;Dry;Two-Way, Not Divided;None;No Special Feature;Smooth Asphalt;Mountains;Rural;50 - 55  MPH;Double Yellow Line, No Passing Zone;Clear;No;36.55505, -80.9153
494;495;Yes;50-59;51;No;Not Applicable;B: Evident Injury;Driveway / Alley;Hispanic;Male;Midland;Cabarrus;No;01-01-02;2012-07-24;Motorist Failed to Yield - Midblock;18;Non-Intersection;01-07-01;0001-01-01T14:00:58-04:56;Motorist Drive Out - Residential Driveway;;2012;B: Evident Injury;Residential;0-19;17;No;0-5 mph;O: No Injury;White;Female;Passenger Car;No;No;Daylight;Rural (<30% Developed);2 lanes;2;Straight - Level;State Secondary Route;Dry;Two-Way, Not Divided;None;Driveway, Private;Coarse Asphalt;Piedmont;Rural;40 - 45  MPH;No Control Present;Cloudy;No;35.23492, -80.5692
495;496;Yes;40-49;46;No;With Traffic;B: Evident Injury;Travel Lane;Black;Male;Weddington;Union;No;01-01-02;2012-07-24;Motorist Overtaking Bicyclist;20;Non-Intersection;01-07-01;0001-01-01T15:12:58-04:56;Motorist Overtaking - Other /;;2012;B: Evident Injury;Residential;20-24;23;No;16-20 mph;O: No Injury;White;Male;Passenger Car;No;No;Daylight;Mixed (30% To 70% Developed);2 lanes;2;Straight - Level;State Secondary Route;Dry;Two-Way, Not Divided;None;No Special Feature;Smooth Asphalt;Piedmont;Urban;40 - 45  MPH;No Control Present;Clear;Yes;35.00074, -80.7187
496;497;Yes;15-Nov;15;No;With Traffic;C: Possible Injury;Travel Lane;White;Male;Cherokee Reservation;Swain;No;01-01-02;2012-07-24;Motorist Overtaking Bicyclist;18;Non-Intersection;01-07-01;0001-01-01T13:42:58-04:56;Motorist Overtaking - Bicyclist Swerved;;2012;C: Possible Injury;Commercial;0-19;18;No;31-35 mph;O: No Injury;Native American;Female;Passenger Car;No;No;Daylight;Mixed (30% To 70% Developed);2 lanes;2;Straight - Level;Local Street;Dry;Two-Way, Not Divided;None;No Special Feature;Smooth Asphalt;Mountains;Rural;30 - 35  MPH;No Control Present;Clear;No;35.53195, -83.2851
502;503;Yes;20-24;20;No;With Traffic;C: Possible Injury;Travel Lane;Black;Male;Charlotte;Mecklenburg;No;01-01-04;2012-06-21;Crossing Paths - Other Circumstances;12;Intersection;01-06-01;0001-01-01T07:14:58-04:56;Crossing Paths - Intersection - Other /;;2012;C: Possible Injury;Commercial;20-24;22;No;16-20 mph;O: No Injury;Black;Female;Passenger Car;No;No;Daylight;Urban (>70% Developed);2 lanes;2;Straight - Level;Local Street;Dry;Two-Way, Not Divided;None;No Special Feature;Smooth Asphalt;Piedmont;Urban;20 - 25  MPH;No Control Present;Clear;No;35.23227, -80.8248
505;506;Yes;20-24;23;No;Facing Traffic;C: Possible Injury;Sidewalk / Crosswalk / Driveway Crossing;Black;Male;Charlotte;Mecklenburg;No;01-01-02;2012-07-17;Crossing Paths - Other Circumstances;14;Intersection;01-07-01;0001-01-01T09:31:58-04:56;Sign-Controlled Intersection - Other /;;2012;C: Possible Injury;Residential;70;70;No;;O: No Injury;White;Female;Passenger Car;No;No;Daylight;Urban (>70% Developed);2 lanes;2;Straight - Level;Local Street;Dry;Two-Way, Not Divided;None;Four-Way Intersection;Smooth Asphalt;Piedmont;Urban;20 - 25  MPH;Stop Sign;Clear;No;35.21308, -80.7661
506;507;Yes;25-29;28;No;With Traffic;A: Disabling Injury;Travel Lane;White;Male;None - Rural Crash;Carteret;No;01-01-03;2012-07-25;Bicyclist Failed to Yield - Signalized Intersection;14;Intersection;01-07-01;0001-01-01T09:08:58-04:56;Bicyclist Ride Through - Signalized Intersection;;2012;A: Disabling Injury;Commercial;50-59;52;No;51-55 mph;O: No Injury;White;Female;Sport Utility;No;No;Daylight;Mixed (30% To 70% Developed);4 lanes;2;Straight - Level;US Route;Dry;Two-Way, Divided, Unprotected Median;None;Four-Way Intersection;Smooth Asphalt;Coastal;Rural;50 - 55  MPH;Stop And Go Signal;Clear;No;34.78921, -76.8761
518;519;No;60-69;65;No;Facing Traffic;O: No Injury;Bike Lane / Paved Shoulder;White;Male;Havelock;Craven;No;01-01-06;2012-06-30;Motorist Failed to Yield - Midblock;11;Non-Intersection;01-06-01;0001-01-01T06:26:58-04:56;Motorist Drive Out - Commercial Driveway / Alley;;2012;O: No Injury;Commercial;25-29;26;No;0-5 mph;O: No Injury;White;Female;Passenger Car;No;No;Daylight;Mixed (30% To 70% Developed);4 lanes;2;Straight - Level;US Route;Dry;Two-Way, Divided, Unprotected Median;None;Driveway, Public;Smooth Asphalt;Coastal;Urban;40 - 45  MPH;No Control Present;Clear;No;34.86166, -76.8976
537;538;Yes;40-49;48;No;Not Applicable;C: Possible Injury;Non-Roadway;Black;Male;Charlotte;Mecklenburg;No;01-01-07;2012-07-15;Non-Roadway;16;Non-Roadway;01-07-01;0001-01-01T11:20:58-04:56;Non-Roadway;;2012;C: Possible Injury;Residential;;;Missing;;Injury;/Missing;;Passenger Car;No;No;Daylight;Urban (>70% Developed);1 lane;2;Straight - Level;Public Vehicular Area;Dry;One-Way, Not Divided;None;Driveway, Private;Sand;Piedmont;Urban;30 - 35  MPH;No Control Present;Clear;No;35.23001, -80.8157
538;539;Yes;20-24;22;No;Facing Traffic;B: Evident Injury;Travel Lane;White;Female;None - Rural Crash;Buncombe;Yes;01-01-05;2012-08-03;Head-On;15;Non-Intersection;01-08-01;0001-01-01T10:04:58-04:56;Head-On - Bicyclist;;2012;B: Evident Injury;Institutional;20-24;23;Yes;11-15 mph;O: No Injury;White;Female;Sport Utility;No;No;Daylight;Mixed (30% To 70% Developed);2 lanes;2;Curve - Grade;Public Vehicular Area;Dry;Two-Way, Not Divided;None;Driveway, Public;Smooth Asphalt;Mountains;Rural;;No Control Present;Clear;No;35.61207, -82.4417
539;540;No;50-59;55;No;With Traffic;C: Possible Injury;Travel Lane;White;Male;None - Rural Crash;Catawba;No;01-01-02;2012-08-07;Motorist Overtaking Bicyclist;8;Non-Intersection;01-08-01;0001-01-01T03:58:58-04:56;Motorist Overtaking - Other /;;2012;C: Possible Injury;Farms, Woods, Pastures;40-49;41;No;41-45 mph;O: No Injury;White;Female;Passenger Car;No;No;Daylight;Mixed (30% To 70% Developed);2 lanes;2;Curve - Grade;State Secondary Route;Dry;Two-Way, Not Divided;None;No Special Feature;Smooth Asphalt;Piedmont;Rural;40 - 45  MPH;Double Yellow Line, No Passing Zone;Cloudy;No;35.66461, -81.2927
540;541;Yes;15-Nov;11;No;With Traffic;B: Evident Injury;Travel Lane;Black;Male;Hendersonville;Henderson;No;01-01-07;2012-07-29;Loss of Control / Turning Error;17;Intersection;01-07-01;0001-01-01T12:06:58-04:56;Bicyclist Lost Control - Mechanical Problems;;2012;B: Evident Injury;Residential;;;Missing;31-35 mph;Injury;/Missing;;;No;Yes;Daylight;Urban (>70% Developed);2 lanes;2;Straight - Grade;Local Street;Dry;Two-Way, Not Divided;None;Related To Intersection;Coarse Asphalt;Mountains;Urban;30 - 35  MPH;No Control Present;Clear;No;35.32903, -82.4726
541;542;Yes;;0;No;Facing Traffic;C: Possible Injury;Sidewalk / Crosswalk / Driveway Crossing;White;Male;Mooresville;Iredell;No;01-01-03;2012-08-01;Motorist Failed to Yield - Midblock;16;Non-Intersection;01-08-01;0001-01-01T11:20:58-04:56;Motorist Drive Out - Commercial Driveway / Alley;;2012;C: Possible Injury;Commercial;30-39;39;No;;O: No Injury;White;Male;Light Truck (Mini-Van, Panel);No;No;Daylight;Urban (>70% Developed);8 lanes;2;Straight - Grade;Local Street;Dry;Two-Way, Divided, Positive Median Barrier;None;No Special Feature;Coarse Asphalt;Piedmont;Urban;40 - 45  MPH;No Control Present;Clear;No;35.5807, -80.8818
544;545;Yes;40-49;45;Missing;Facing Traffic;B: Evident Injury;Sidewalk / Crosswalk / Driveway Crossing;White;Female;Charlotte;Mecklenburg;No;;2012-08-06;Motorist Failed to Yield - Sign-Controlled Intersection;8;Intersection;01-08-01;0001-01-01T03:49:58-04:56;Motorist Drive Out - Sign-Controlled Intersection;;2012;B: Evident Injury;Residential;60-69;65;No;0-5 mph;O: No Injury;White;Male;Passenger Car;No;No;Daylight;Urban (>70% Developed);6 lanes;2;Straight - Level;Local Street;Dry;Two-Way, Not Divided;None;T-Intersection;Smooth Asphalt;Piedmont;Urban;40 - 45  MPH;Stop Sign;Clear;No;35.15884, -80.7893
545;546;Yes;15-Nov;12;No;With Traffic;C: Possible Injury;Travel Lane;Black;Male;None - Rural Crash;Cumberland;No;01-01-07;2012-08-05;Motorist Overtaking Bicyclist;14;Non-Intersection;01-08-01;0001-01-01T09:57:58-04:56;Motorist Overtaking - Bicyclist Swerved;;2012;C: Possible Injury;Residential;0-19;17;No;41-45 mph;O: No Injury;White;Male;Passenger Car;No;No;Daylight;Mixed (30% To 70% Developed);2 lanes;2;Straight - Level;State Secondary Route;Dry;Two-Way, Not Divided;None;No Special Feature;Coarse Asphalt;Coastal;Rural;40 - 45  MPH;Double Yellow Line, No Passing Zone;Clear;No;34.99553, -78.9653
551;552;Yes;50-59;51;No;With Traffic;B: Evident Injury;Travel Lane;White;Male;None - Rural Crash;Iredell;No;01-01-07;2012-08-12;Motorist Overtaking Bicyclist;12;Non-Intersection;01-08-01;0001-01-01T07:19:58-04:56;Motorist Overtaking - Other /;;2012;B: Evident Injury;Residential;70;70;No;26-30 mph;O: No Injury;White;Male;Passenger Car;No;No;Daylight;Mixed (30% To 70% Developed);2 lanes;2;Curve - Level;State Secondary Route;Dry;Two-Way, Not Divided;None;No Special Feature;Coarse Asphalt;Piedmont;Rural;50 - 55  MPH;Double Yellow Line, No Passing Zone;Clear;No;35.78908, -81.0088
561;562;Yes;20-24;21;No;With Traffic;C: Possible Injury;Travel Lane;Hispanic;Male;None - Rural Crash;Franklin;No;01-01-02;2012-08-14;Motorist Overtaking Bicyclist;10;Non-Intersection;01-08-01;0001-01-01T05:32:58-04:56;Motorist Overtaking - Other /;;2012;B: Evident Injury;Residential;0-19;19;No;51-55 mph;O: No Injury;White;Female;Passenger Car;No;No;Daylight;Rural (<30% Developed);2 lanes;3;Straight - Grade;US Route;Dry;Two-Way, Not Divided;None;No Special Feature;Smooth Asphalt;Piedmont;Rural;50 - 55  MPH;Double Yellow Line, No Passing Zone;Clear;No;35.99438, -78.3697
570;571;No;;0;Missing;Not Applicable;Injury;Non-Roadway;/Missing;;Durham;Durham;No;01-01-03;2012-08-15;Non-Roadway;15;Non-Roadway;01-08-01;0001-01-01T10:26:58-04:56;Non-Roadway;;2012;O: No Injury;Commercial;30-39;34;No;0-5 mph;O: No Injury;Black;Female;Sport Utility;No;No;Daylight;Urban (>70% Developed);;2;Straight - Level;Public Vehicular Area;Dry;Two-Way, Not Divided;None;No Special Feature;Smooth Asphalt;Piedmont;Urban;5 - 15 MPH;No Control Present;Clear;No;35.99324, -78.8688
574;575;No;20-24;20;No;With Traffic;C: Possible Injury;Travel Lane;Hispanic;Male;Monroe;Union;No;01-01-05;2012-08-10;Motorist Failed to Yield - Sign-Controlled Intersection;0;Intersection;01-08-01;0000-12-31T19:24:58-04:56;Motorist Drive Out - Sign-Controlled Intersection;;2012;C: Possible Injury;Commercial;50-59;56;No;16-20 mph;O: No Injury;White;Male;Passenger Car;No;No;Dark -  Lighting;Mixed (30% To 70% Developed);2 lanes;2;Straight - Bottom;Local Street;Wet;Two-Way, Not Divided;None;Four-Way Intersection;Smooth Asphalt;Piedmont;Urban;20 - 25  MPH;Stop Sign;Cloudy;No;34.98989, -80.5586
578;579;No;25-29;25;No;With Traffic;C: Possible Injury;Travel Lane;White;Male;Asheville;Buncombe;No;01-01-05;2012-08-10;Motorist Failed to Yield - Sign-Controlled Intersection;9;Intersection;01-08-01;0001-01-01T04:55:58-04:56;Motorist Drive Out - Sign-Controlled Intersection;;2012;C: Possible Injury;Commercial;30-39;30;No;0-5 mph;O: No Injury;White;Male;Passenger Car;No;No;Dark -  Lighting;Urban (>70% Developed);2 lanes;2;Straight - Level;Local Street;Dry;Two-Way, Not Divided;None;No Special Feature;Smooth Asphalt;Mountains;Urban;30 - 35  MPH;Stop Sign;Clear;No;35.56909, -82.5444
581;582;Yes;15-Nov;14;No;Facing Traffic;C: Possible Injury;Multi-use Path;White;Male;Nags Head;Dare;No;01-01-04;2012-07-26;Motorist Failed to Yield - Midblock;21;Non-Intersection;01-07-01;0001-01-01T16:57:58-04:56;Motorist Drive Out - Commercial Driveway / Alley;;2012;C: Possible Injury;Commercial;60-69;61;No;6-10 mph;O: No Injury;White;Male;Passenger Car;No;No;Dark - Roadway Not Lighted;Urban (>70% Developed);;2;Straight - Level;Public Vehicular Area;Dry;Two-Way, Not Divided;None;Driveway, Public;Smooth Asphalt;Coastal;Rural;5 - 15 MPH;No Control Present;Clear;No;35.97764, -75.6355
582;583;Yes;50-59;55;No;With Traffic;O: No Injury;Travel Lane;Black;Male;Salisbury;Rowan;No;01-01-05;2012-08-17;Crossing Paths - Other Circumstances;16;Intersection-Related;01-08-01;0001-01-01T11:32:58-04:56;Crossing Paths - Intersection - Other /;;2012;O: No Injury;Residential;50-59;53;No;6-10 mph;O: No Injury;White;Male;Passenger Car;No;No;Daylight;Urban (>70% Developed);2 lanes;2;Straight - Level;Local Street;Wet;Two-Way, Not Divided;None;T-Intersection;Smooth Asphalt;Piedmont;Urban;30 - 35  MPH;Stop Sign;Rain;No;35.67276, -80.4719
597;598;Yes;15-Nov;15;No;With Traffic;B: Evident Injury;Sidewalk / Crosswalk / Driveway Crossing;Black;Male;Greensboro;Guilford;No;01-01-05;2012-08-24;Parallel Paths - Other Circumstances;10;Non-Intersection;01-08-01;0001-01-01T05:49:58-04:56;Bicyclist Ride Out - Parallel Path;;2012;B: Evident Injury;Residential;30-39;30;No;31-35 mph;O: No Injury;White;Male;Pickup;No;No;Daylight;Urban (>70% Developed);2 lanes;2;Straight - Level;Local Street;Dry;Two-Way, Not Divided;None;No Special Feature;Smooth Asphalt;Piedmont;Urban;30 - 35  MPH;No Control Present;Clear;No;36.12158, -79.7626
602;603;Yes;10-Jun;6;No;Not Applicable;C: Possible Injury;Non-Roadway;Black;Male;Greensboro;Guilford;No;;2012-05-07;Non-Roadway;19;Non-Roadway;01-05-01;0001-01-01T14:05:58-04:56;Non-Roadway;;2012;C: Possible Injury;Residential;0-19;16;No;11-15 mph;O: No Injury;Black;Female;Passenger Car;No;No;Daylight;Urban (>70% Developed);2 lanes;2;Straight - Level;Public Vehicular Area;Dry;Two-Way, Not Divided;None;No Special Feature;Smooth Asphalt;Piedmont;Urban;5 - 15 MPH;No Control Present;Clear;No;36.08311, -79.7521
605;606;No;20-24;22;No;Not Applicable;O: No Injury;Driveway / Alley;Black;Female;Asheville;Buncombe;No;01-01-05;2012-08-17;Crossing Paths - Other Circumstances;12;Intersection;01-08-01;0001-01-01T07:56:58-04:56;Crossing Paths - Uncontrolled Intersection;;2012;B: Evident Injury;Commercial;60-69;62;No;31-35 mph;B: Evident Injury;White;Male;Single Unit Truck (2-Axle, 6-Tire);No;No;Daylight;Urban (>70% Developed);8 lanes;2;Straight - Bottom;US Route;Dry;Two-Way, Not Divided;None;Four-Way Intersection;Coarse Asphalt;Mountains;Urban;30 - 35  MPH;Stop And Go Signal;Cloudy;No;35.58335, -82.5259
609;610;Yes;50-59;52;No;With Traffic;B: Evident Injury;Travel Lane;White;Female;Greensboro;Guilford;No;01-01-07;2012-08-26;Bicyclist Failed to Yield - Sign-Controlled Intersection;14;Intersection;01-08-01;0001-01-01T09:58:58-04:56;Bicyclist Ride Through - Sign-Controlled Intersection;;2012;B: Evident Injury;Residential;30-39;32;No;31-35 mph;O: No Injury;White;Female;Passenger Car;No;No;Daylight;Urban (>70% Developed);2 lanes;2;Straight - Grade;Local Street;Dry;Two-Way, Not Divided;None;T-Intersection;Smooth Asphalt;Piedmont;Urban;30 - 35  MPH;Stop Sign;Cloudy;No;36.07411, -79.8316
610;611;No;10-Jun;9;No;;O: No Injury;Travel Lane;Black;Male;Wilson;Wilson;No;01-01-05;2012-07-20;Backing Vehicle;17;Intersection-Related;01-07-01;0001-01-01T12:39:58-04:56;Backing Vehicle;;2012;O: No Injury;Residential;;;Missing;;Injury;/Missing;;;No;Yes;Daylight;Urban (>70% Developed);2 lanes;2;Straight - Level;Local Street;Dry;Two-Way, Not Divided;None;No Special Feature;Smooth Asphalt;Coastal;Urban;30 - 35  MPH;No Control Present;Clear;No;35.71873, -77.9016
611;612;Yes;16-19;16;No;Facing Traffic;C: Possible Injury;Travel Lane;Black;Male;Wilson;Wilson;No;01-01-06;2012-07-28;Bicyclist Failed to Yield - Signalized Intersection;19;Intersection;01-07-01;0001-01-01T14:40:58-04:56;Bicyclist Ride Out - Signalized  Intersection;;2012;C: Possible Injury;Commercial;60-69;66;No;36-40 mph;O: No Injury;Black;Male;Passenger Car;No;No;Daylight;Urban (>70% Developed);5 lanes;2;Straight - Level;Local Street;Dry;Two-Way, Not Divided;None;Four-Way Intersection;Coarse Asphalt;Coastal;Urban;40 - 45  MPH;Stop And Go Signal;Clear;No;35.75503, -77.9254
619;620;No;15-Nov;14;No;With Traffic;C: Possible Injury;Travel Lane;Black;Male;Burlington;Alamance;No;01-01-03;2012-08-29;Bicyclist Failed to Yield - Sign-Controlled Intersection;17;Intersection;01-08-01;0001-01-01T12:33:58-04:56;Bicyclist Ride Out - Sign-Controlled Intersection;;2012;C: Possible Injury;Residential;;;Missing;6-10 mph;Injury;/Missing;;;No;Yes;Daylight;Urban (>70% Developed);2 lanes;2;Straight - Level;Local Street;Dry;Two-Way, Not Divided;None;No Special Feature;Concrete;Piedmont;Urban;30 - 35  MPH;Stop Sign;Clear;No;36.07155, -79.4497
629;630;Yes;16-19;16;No;With Traffic;B: Evident Injury;Travel Lane;Black;Male;None - Rural Crash;Bertie;No;;2012-09-03;Motorist Overtaking Bicyclist;15;Non-Intersection;01-09-01;0001-01-01T10:44:58-04:56;Motorist Overtaking - Bicyclist Swerved;;2012;B: Evident Injury;Residential;0-19;17;No;41-45 mph;O: No Injury;Black;Male;Passenger Car;No;No;Daylight;Rural (<30% Developed);2 lanes;2;Straight - Level;US Route;Dry;Two-Way, Not Divided;None;No Special Feature;Coarse Asphalt;Coastal;Rural;50 - 55  MPH;Double Yellow Line, No Passing Zone;Clear;No;36.0364, -76.9621
630;631;Yes;10-Jun;10;No;With Traffic;B: Evident Injury;Sidewalk / Crosswalk / Driveway Crossing;White;Female;Greensboro;Guilford;No;01-01-07;2012-05-06;Motorist Failed to Yield - Signalized Intersection;18;Intersection;01-05-01;0001-01-01T13:25:58-04:56;Motorist Drive Out - Right Turn on Red;;2012;B: Evident Injury;Residential;25-29;29;No;6-10 mph;O: No Injury;Black;Female;Passenger Car;No;No;Daylight;Urban (>70% Developed);3 lanes;2;Straight - Level;Local Street;Dry;Two-Way, Not Divided;None;Four-Way Intersection;Smooth Asphalt;Piedmont;Urban;30 - 35  MPH;Stop And Go Signal;Clear;No;36.13821, -79.8473
632;633;No;40-49;45;No;With Traffic;O: No Injury;Travel Lane;White;Male;None - Rural Crash;Alamance;No;01-01-07;2012-08-26;Motorist Overtaking Bicyclist;10;Non-Intersection;01-08-01;0001-01-01T05:17:58-04:56;Motorist Overtaking - Misjudged Space;;2012;C: Possible Injury;Farms, Woods, Pastures;25-29;25;No;26-30 mph;C: Possible Injury;White;Male;Passenger Car;No;Yes;Dawn;Rural (<30% Developed);2 lanes;2;Straight - Grade;State Secondary Route;Dry;Two-Way, Not Divided;None;No Special Feature;Smooth Asphalt;Piedmont;Rural;50 - 55  MPH;No Control Present;Clear;No;35.95519, -79.2916
635;636;Yes;16-19;19;No;With Traffic;C: Possible Injury;Travel Lane;White;Female;Asheville;Buncombe;No;01-01-03;2012-08-29;Crossing Paths - Other Circumstances;12;Intersection;01-08-01;0001-01-01T07:24:58-04:56;Signalized Intersection - Other /;;2012;C: Possible Injury;Commercial;70;70;No;6-10 mph;O: No Injury;White;Male;Passenger Car;No;No;Daylight;Urban (>70% Developed);3 lanes;2;Straight - Level;Local Street;Dry;Two-Way, Not Divided;None;T-Intersection;Coarse Asphalt;Mountains;Urban;20 - 25  MPH;Stop And Go Signal;Cloudy;No;35.59109, -82.5589
638;639;Yes;20-24;23;No;With Traffic;C: Possible Injury;Travel Lane;White;Male;Goldsboro;Wayne;No;01-01-03;2012-08-29;Bicyclist Failed to Yield - Signalized Intersection;12;Intersection;01-08-01;0001-01-01T07:23:58-04:56;Bicyclist Ride Through - Signalized Intersection;;2012;C: Possible Injury;Commercial;60-69;60;No;0-5 mph;O: No Injury;White;Female;Passenger Car;No;No;Daylight;Urban (>70% Developed);5 lanes;2;Straight - Level;Local Street;Dry;Two-Way, Not Divided;None;Four-Way Intersection;Smooth Asphalt;Coastal;Urban;30 - 35  MPH;Stop And Go Signal;Clear;No;35.39815, -77.962
645;646;Yes;16-19;17;No;Facing Traffic;B: Evident Injury;Travel Lane;Black;Male;Rocky Mount;Nash;No;01-01-06;2012-08-11;Bicyclist Failed to Yield - Sign-Controlled Intersection;12;Intersection;01-08-01;0001-01-01T07:31:58-04:56;Bicyclist Ride Through - Sign-Controlled Intersection;;2012;B: Evident Injury;Residential;70;70;No;31-35 mph;O: No Injury;Black;Female;Passenger Car;No;No;Daylight;Urban (>70% Developed);2 lanes;2;Straight - Level;Local Street;Wet;One-Way, Not Divided;None;No Special Feature;Coarse Asphalt;Coastal;Urban;30 - 35  MPH;No Control Present;Cloudy;No;35.9447, -77.8041
650;651;Yes;15-Nov;15;No;With Traffic;C: Possible Injury;Travel Lane;Black;Male;Fayetteville;Cumberland;No;;2012-08-20;Bicyclist Failed to Yield - Sign-Controlled Intersection;18;Intersection;01-08-01;0001-01-01T13:36:58-04:56;Bicyclist Ride Through - Sign-Controlled Intersection;;2012;C: Possible Injury;Residential;0-19;18;No;26-30 mph;O: No Injury;White;Male;Passenger Car;No;No;Daylight;Urban (>70% Developed);2 lanes;2;Straight - Level;Local Street;Dry;Two-Way, Not Divided;None;No Special Feature;Coarse Asphalt;Coastal;Urban;30 - 35  MPH;Stop Sign;Clear;No;35.03876, -78.9643
653;654;Yes;15-Nov;11;No;Facing Traffic;C: Possible Injury;Sidewalk / Crosswalk / Driveway Crossing;Black;Male;Raleigh;Wake;No;01-01-06;2012-09-08;Bicyclist Failed to Yield - Midblock;16;Non-Intersection;01-09-01;0001-01-01T11:16:58-04:56;Bicyclist Ride Out - Other Midblock;;2012;C: Possible Injury;Residential;60-69;62;No;16-20 mph;O: No Injury;White;Female;Passenger Car;No;No;Daylight;Urban (>70% Developed);2 lanes;2;Straight - Level;Local Street;Dry;Two-Way, Not Divided;None;No Special Feature;Coarse Asphalt;Piedmont;Urban;20 - 25  MPH;No Control Present;Clear;No;35.83288, -78.5775
655;656;No;60-69;64;No;With Traffic;C: Possible Injury;Travel Lane;White;Male;Kannapolis;Rowan;No;01-01-03;2012-08-29;Parallel Paths - Other Circumstances;18;Intersection-Related;01-08-01;0001-01-01T13:29:58-04:56;Parallel Paths - Other /;;2012;C: Possible Injury;Commercial;40-49;44;No;16-20 mph;O: No Injury;White;Male;Sport Utility;No;No;Daylight;Urban (>70% Developed);2 lanes;2;Straight - Level;Local Street;Dry;Two-Way, Not Divided;None;No Special Feature;Smooth Asphalt;Piedmont;Urban;30 - 35  MPH;No Control Present;Clear;No;35.50605, -80.608
658;659;Yes;10-Jun;9;No;With Traffic;C: Possible Injury;Travel Lane;Hispanic;Male;Winston-Salem;Forsyth;No;01-01-06;2012-08-25;Bicyclist Failed to Yield - Sign-Controlled Intersection;17;Intersection-Related;01-08-01;0001-01-01T12:59:58-04:56;Bicyclist Ride Through - Sign-Controlled Intersection;;2012;C: Possible Injury;Residential;30-39;31;No;21-25 mph;O: No Injury;Black;Female;Passenger Car;No;No;Daylight;Urban (>70% Developed);2 lanes;2;Straight - Level;Local Street;Dry;Two-Way, Not Divided;None;Four-Way Intersection;Smooth Asphalt;Piedmont;Urban;30 - 35  MPH;Stop Sign;Clear;No;36.0658, -80.22
661;662;Yes;50-59;51;No;With Traffic;O: No Injury;Travel Lane;White;Female;Durham;Durham;No;01-01-03;2012-09-12;Motorist Failed to Yield - Sign-Controlled Intersection;8;Intersection;01-09-01;0001-01-01T03:33:58-04:56;Motorist Drive Out - Sign-Controlled Intersection;;2012;O: No Injury;Residential;70;70;No;6-10 mph;O: No Injury;White;Female;Passenger Car;No;No;Daylight;Urban (>70% Developed);2 lanes;2;Curve - Level;Local Street;Dry;Two-Way, Divided, Unprotected Median;None;Traffic Circle/Roundabout;Smooth Asphalt;Piedmont;Urban;30 - 35  MPH;Yield Sign;Clear;No;35.92206, -78.9363