FID;OBJECTID;AmbulanceR;BikeAge_Gr;Bike_Age;Bike_Alc_D;Bike_Dir;Bike_Injur;Bike_Pos;Bike_Race;Bike_Sex;City;County;CrashAlcoh;CrashDay;Crash_Date;Crash_Grp;Crash_Hour;Crash_Loc;Crash_Mont;Crash_Time;Crash_Type;Crash_Ty_1;Crash_Year;Crsh_Sevri;Developmen;DrvrAge_Gr;Drvr_Age;Drvr_Alc_D;Drvr_EstSp;Drvr_Injur;Drvr_Race;Drvr_Sex;Drvr_VehTy;ExcsSpdInd;Hit_Run;Light_Cond;Locality;Num_Lanes;Num_Units;Rd_Charact;Rd_Class;Rd_Conditi;Rd_Config;Rd_Defects;Rd_Feature;Rd_Surface;Region;Rural_Urba;Speed_Limi;Traff_Cntr;Weather;Workzone_I;Location
663;664;Yes;10-Jun;8;No;Not Applicable;B: Evident Injury;Non-Roadway;Hispanic;Male;Jacksonville;Onslow;No;01-01-04;2012-08-23;Non-Roadway;11;Non-Roadway;01-08-01;0001-01-01T06:14:58-04:56;Non-Roadway;;2012;B: Evident Injury;Residential;25-29;25;No;0-5 mph;O: No Injury;Hispanic;Female;Passenger Car;No;No;Daylight;Urban (>70% Developed);;2;Straight - Level;Public Vehicular Area;Dry;Two-Way, Not Divided;None;Traffic Circle/Roundabout;Smooth Asphalt;Coastal;Urban;;Stop Sign;Clear;No;34.78587, -77.3942
664;665;No;50-59;58;No;With Traffic;C: Possible Injury;Travel Lane;White;Male;None - Rural Crash;Chatham;No;;2012-09-03;Motorist Overtaking Bicyclist;9;Non-Intersection;01-09-01;0001-01-01T04:56:58-04:56;Motorist Overtaking - Other /;;2012;C: Possible Injury;Residential;70;70;No;21-25 mph;O: No Injury;White;Male;Pickup;No;No;Daylight;Mixed (30% To 70% Developed);2 lanes;2;Straight - Level;NC Route;Dry;Two-Way, Not Divided;None;No Special Feature;Smooth Asphalt;Piedmont;Rural;50 - 55  MPH;Double Yellow Line, No Passing Zone;Cloudy;No;35.78537, -78.9628
667;668;Yes;50-59;57;No;With Traffic;B: Evident Injury;Travel Lane;White;Male;Jacksonville;Onslow;No;01-01-04;2012-08-30;Motorist Overtaking Bicyclist;18;Non-Intersection;01-08-01;0001-01-01T13:19:58-04:56;Motorist Overtaking - Other /;;2012;B: Evident Injury;Commercial;20-24;24;No;31-35 mph;O: No Injury;White;Female;Passenger Car;No;No;Daylight;Urban (>70% Developed);3 lanes;2;Straight - Level;Local Street;Dry;Two-Way, Divided, Unprotected Median;None;No Special Feature;Smooth Asphalt;Coastal;Urban;30 - 35  MPH;No Control Present;Clear;No;34.76933, -77.3941
670;671;Yes;40-49;41;No;Facing Traffic;C: Possible Injury;Travel Lane;White;Male;Greensboro;Guilford;No;01-01-05;2012-09-14;Motorist Failed to Yield - Sign-Controlled Intersection;13;Intersection;01-09-01;0001-01-01T08:27:58-04:56;Motorist Drive Out - Sign-Controlled Intersection;;2012;C: Possible Injury;Residential;50-59;56;No;6-10 mph;O: No Injury;/Missing;Male;Passenger Car;No;No;Daylight;Urban (>70% Developed);5 lanes;2;Straight - Level;Local Street;Dry;Two-Way, Not Divided;None;T-Intersection;Smooth Asphalt;Piedmont;Urban;30 - 35  MPH;Stop Sign;Clear;No;36.06421, -79.8001
673;674;Yes;25-29;25;No;With Traffic;C: Possible Injury;Travel Lane;Black;Male;Greenville;Pitt;No;01-01-05;2012-09-14;Motorist Left Turn / Merge;12;Intersection;01-09-01;0001-01-01T07:41:58-04:56;Motorist Left Turn - Opposite Direction;;2012;C: Possible Injury;Commercial;20-24;20;No;11-15 mph;C: Possible Injury;White;Male;Passenger Car;No;No;Daylight;Urban (>70% Developed);5 lanes;2;Straight - Level;Local Street;Dry;Two-Way, Divided, Unprotected Median;None;No Special Feature;Coarse Asphalt;Coastal;Urban;30 - 35  MPH;No Control Present;Clear;No;35.60271, -77.3752
674;675;Yes;15-Nov;15;No;With Traffic;B: Evident Injury;Travel Lane;Black;Male;Fairmont;Robeson;No;;2012-08-06;Bicyclist Left Turn / Merge;17;Non-Intersection;01-08-01;0001-01-01T12:37:58-04:56;Bicyclist Left Turn - Same Direction;;2012;B: Evident Injury;Residential;50-59;52;No;31-35 mph;O: No Injury;Black;Male;Van;No;No;Daylight;Mixed (30% To 70% Developed);2 lanes;2;Straight - Level;Local Street;Wet;Two-Way, Not Divided;Road Surface Condition;No Special Feature;Gravel;Coastal;Rural;30 - 35  MPH;No Control Present;Cloudy;No;34.49784, -79.1049
676;677;No;40-49;44;No;With Traffic;B: Evident Injury;Travel Lane;Black;Male;Charlotte;Mecklenburg;No;;2012-07-09;Loss of Control / Turning Error;19;Intersection;01-07-01;0001-01-01T15:02:58-04:56;Bicyclist Lost Control - Other /;;2012;B: Evident Injury;Commercial;30-39;30;No;21-25 mph;O: No Injury;Black;Male;Commercial Bus;No;No;Daylight;Urban (>70% Developed);1 lane;2;Straight - Level;Local Street;Dry;Two-Way, Not Divided;None;No Special Feature;Smooth Asphalt;Piedmont;Urban;40 - 45  MPH;Stop Sign;Clear;No;35.22431, -80.8886
691;692;Yes;50-59;56;No;With Traffic;B: Evident Injury;Bike Lane / Paved Shoulder;White;Male;None - Rural Crash;Swain;No;01-01-04;2012-09-20;Bicyclist Left Turn / Merge;14;Intersection-Related;01-09-01;0001-01-01T09:40:58-04:56;Bicyclist Left Turn - Same Direction;;2012;B: Evident Injury;Farms, Woods, Pastures;70;70;No;36-40 mph;O: No Injury;White;Male;Sport Utility;No;No;Daylight;Rural (<30% Developed);2 lanes;2;Straight - Grade;US Route;Dry;Two-Way, Not Divided;None;No Special Feature;Smooth Asphalt;Mountains;Rural;50 - 55  MPH;Double Yellow Line, No Passing Zone;Clear;No;35.28513, -83.6701
692;693;No;50-59;52;No;With Traffic;B: Evident Injury;Travel Lane;White;Male;None - Rural Crash;Columbus;No;;2012-09-17;Motorist Overtaking Bicyclist;20;Non-Intersection;01-09-01;0001-01-01T15:44:58-04:56;Motorist Overtaking - Other /;;2012;B: Evident Injury;Residential;70;70;No;51-55 mph;O: No Injury;White;Female;Passenger Car;No;No;Dark - Roadway Not Lighted;Rural (<30% Developed);2 lanes;2;Straight - Level;State Secondary Route;Dry;Two-Way, Not Divided;None;No Special Feature;Coarse Asphalt;Coastal;Rural;50 - 55  MPH;Double Yellow Line, No Passing Zone;Clear;No;34.36106, -78.7513
697;698;Yes;25-29;26;Missing;With Traffic;B: Evident Injury;Travel Lane;White;Male;Charlotte;Mecklenburg;No;01-01-05;2012-09-21;Motorist Left Turn / Merge;13;Intersection;01-09-01;0001-01-01T08:28:58-04:56;Motorist Left Turn - Opposite Direction;;2012;B: Evident Injury;Residential;70;70;No;6-10 mph;O: No Injury;White;Male;Passenger Car;No;No;Daylight;Urban (>70% Developed);4 lanes;2;Straight - Hillcrest;Local Street;Dry;Two-Way, Divided, Unprotected Median;None;T-Intersection;Smooth Asphalt;Piedmont;Urban;30 - 35  MPH;Stop Sign;Clear;No;35.19299, -80.8368
698;699;Yes;20-24;24;No;With Traffic;C: Possible Injury;Sidewalk / Crosswalk / Driveway Crossing;White;Male;Huntersville;Mecklenburg;No;01-01-03;2012-09-12;Motorist Right Turn / Merge;15;Intersection;01-09-01;0001-01-01T10:33:58-04:56;Motorist Right Turn - Same Direction;;2012;C: Possible Injury;Commercial;;;Missing;;Injury;/Missing;;;No;Yes;Daylight;Urban (>70% Developed);3 lanes;2;Straight - Level;Local Street;Dry;Two-Way, Divided, Unprotected Median;None;Related To Intersection;Smooth Asphalt;Piedmont;Urban;40 - 45  MPH;Stop And Go Signal;Clear;No;35.44189, -80.8633
700;701;Yes;15-Nov;12;No;Facing Traffic;B: Evident Injury;Travel Lane;White;Male;Albemarle;Stanly;No;01-01-04;2012-09-13;Motorist Right Turn / Merge;19;Intersection;01-09-01;0001-01-01T14:53:58-04:56;Motorist Right Turn - Opposite Direction;;2012;B: Evident Injury;Commercial;;;No;11-15 mph;Injury;/Missing;;;No;Yes;Dark - Lighted Roadway;Urban (>70% Developed);3 lanes;2;Straight - Grade;Local Street;Dry;Two-Way, Not Divided;None;Four-Way Intersection;Smooth Asphalt;Piedmont;Urban;20 - 25  MPH;Stop And Go Signal;Clear;No;35.35034, -80.2009
703;704;No;30-39;36;No;With Traffic;O: No Injury;Travel Lane;White;Female;Raleigh;Wake;No;;2012-09-24;Motorist Left Turn / Merge;8;Intersection;01-09-01;0001-01-01T03:25:58-04:56;Motorist Left Turn - Opposite Direction;;2012;O: No Injury;Institutional;20-24;21;No;16-20 mph;O: No Injury;White;Male;Passenger Car;No;No;Daylight;Urban (>70% Developed);8 lanes;2;Straight - Level;Local Street;Dry;Two-Way, Divided, Unprotected Median;None;No Special Feature;Smooth Asphalt;Piedmont;Urban;30 - 35  MPH;Stop And Go Signal;Clear;No;35.78888, -78.6732
711;712;Yes;10-Jun;10;No;With Traffic;C: Possible Injury;Travel Lane;Black;Male;Greensboro;Guilford;No;01-01-06;2012-09-22;Bicyclist Failed to Yield - Sign-Controlled Intersection;17;Intersection;01-09-01;0001-01-01T12:52:58-04:56;Bicyclist Ride Through - Sign-Controlled Intersection;;2012;C: Possible Injury;Residential;0-19;19;No;31-35 mph;O: No Injury;Black;Male;Sport Utility;No;No;Daylight;Mixed (30% To 70% Developed);2 lanes;2;Straight - Level;Local Street;Dry;Two-Way, Not Divided;None;T-Intersection;Coarse Asphalt;Piedmont;Urban;30 - 35  MPH;Stop Sign;Clear;No;36.05251, -79.8136
723;724;No;16-19;18;No;Facing Traffic;B: Evident Injury;Sidewalk / Crosswalk / Driveway Crossing;White;Male;Raleigh;Wake;No;01-01-02;2012-09-18;Motorist Failed to Yield - Sign-Controlled Intersection;11;Intersection;01-09-01;0001-01-01T06:17:58-04:56;Motorist Drive Out - Sign-Controlled Intersection;;2012;B: Evident Injury;Institutional;25-29;29;No;0-5 mph;O: No Injury;White;Male;Pickup;No;No;Daylight;Urban (>70% Developed);4 lanes;2;Straight - Grade;Local Street;Wet;Two-Way, Not Divided;None;T-Intersection;Smooth Asphalt;Piedmont;Urban;20 - 25  MPH;Stop Sign;Rain;No;35.78375, -78.6772
725;726;Yes;50-59;55;No;With Traffic;B: Evident Injury;Travel Lane;Black;Male;None - Rural Crash;Onslow;No;;2012-10-01;Motorist Overtaking Bicyclist;12;Non-Intersection;01-10-01;0001-01-01T07:33:58-04:56;Motorist Overtaking - Misjudged Space;;2012;B: Evident Injury;Commercial;;;Missing;41-45 mph;Injury;/Missing;;Pickup;No;Yes;Dark - Roadway Not Lighted;Urban (>70% Developed);5 lanes;2;Straight - Level;US Route;Wet;Two-Way, Not Divided;None;Driveway, Public;Coarse Asphalt;Coastal;Rural;40 - 45  MPH;No Control Present;Rain;No;34.75396, -77.471
728;729;No;16-19;18;No;With Traffic;B: Evident Injury;Bike Lane / Paved Shoulder;White;Male;Boone;Watauga;No;01-01-05;2012-09-28;Motorist Right Turn / Merge;7;Intersection;01-09-01;0001-01-01T02:36:58-04:56;Motorist Right Turn - Same Direction;;2012;B: Evident Injury;Commercial;0-19;19;No;6-10 mph;O: No Injury;White;Female;Passenger Car;No;No;Daylight;Urban (>70% Developed);4 lanes;2;Straight - Level;Local Street;Dry;Two-Way, Not Divided;None;Four-Way Intersection;Smooth Asphalt;Mountains;Urban;20 - 25  MPH;Stop And Go Signal;Clear;No;36.21728, -81.6852
729;730;Yes;16-19;18;No;With Traffic;C: Possible Injury;Sidewalk / Crosswalk / Driveway Crossing;White;Male;Greenville;Pitt;No;01-01-05;2012-09-21;Bicyclist Failed to Yield - Sign-Controlled Intersection;20;Intersection;01-09-01;0001-01-01T15:18:58-04:56;Bicyclist Ride Out - Sign-Controlled Intersection;;2012;C: Possible Injury;Commercial;40-49;42;No;31-35 mph;O: No Injury;Black;Male;Van;No;No;Daylight;Urban (>70% Developed);5 lanes;2;Straight - Level;Local Street;Dry;Two-Way, Not Divided;None;Four-Way Intersection;Smooth Asphalt;Coastal;Urban;30 - 35  MPH;Stop And Go Signal;Clear;No;35.60388, -77.3619
733;734;Yes;30-39;31;No;With Traffic;B: Evident Injury;Travel Lane;Black;Male;Salisbury;Rowan;No;;2012-10-01;Motorist Right Turn / Merge;17;Intersection;01-10-01;0001-01-01T12:18:58-04:56;Motorist Right Turn - Same Direction;;2012;B: Evident Injury;Commercial;30-39;37;No;26-30 mph;O: No Injury;White;Male;Pickup;No;No;Daylight;Urban (>70% Developed);4 lanes;2;Straight - Grade;Local Street;Wet;Two-Way, Not Divided;None;Four-Way Intersection;Smooth Asphalt;Piedmont;Urban;30 - 35  MPH;Stop And Go Signal;Cloudy;No;35.6619, -80.4638
736;737;Yes;25-29;27;No;With Traffic;B: Evident Injury;Travel Lane;White;Male;Raleigh;Wake;No;01-01-02;2012-09-11;Bicyclist Overtaking Motorist;9;Intersection;01-09-01;0001-01-01T04:56:58-04:56;Bicyclist Overtaking - Passing on Right;;2012;B: Evident Injury;Institutional;25-29;27;No;;O: No Injury;Hispanic;Female;Passenger Car;No;No;Daylight;Urban (>70% Developed);2 lanes;2;Other;Local Street;Dry;Two-Way, Divided, Unprotected Median;None;T-Intersection;Smooth Asphalt;Piedmont;Urban;20 - 25  MPH;Stop Sign;Clear;No;35.78367, -78.6772
737;738;Yes;15-Nov;15;No;With Traffic;C: Possible Injury;Bike Lane / Paved Shoulder;White;Male;Charlotte;Mecklenburg;No;01-01-03;2012-09-26;Motorist Right Turn / Merge;10;Non-Intersection;01-09-01;0001-01-01T05:26:58-04:56;Motorist Right Turn - Same Direction;;2012;C: Possible Injury;Commercial;20-24;23;No;0-5 mph;O: No Injury;White;Male;Passenger Car;No;No;Daylight;Urban (>70% Developed);2 lanes;2;Straight - Level;Local Street;Dry;Two-Way, Not Divided;None;No Special Feature;Smooth Asphalt;Piedmont;Urban;30 - 35  MPH;No Control Present;Clear;No;35.19924, -80.841
740;741;Yes;60-69;65;No;With Traffic;C: Possible Injury;Travel Lane;White;Male;None - Rural Crash;Person;No;01-01-04;2012-09-27;Motorist Overtaking Bicyclist;20;Non-Intersection;01-09-01;0001-01-01T15:14:58-04:56;Motorist Overtaking - Other /;;2012;C: Possible Injury;Farms, Woods, Pastures;70;70;No;41-45 mph;O: No Injury;White;Female;Passenger Car;No;No;Daylight;Rural (<30% Developed);2 lanes;2;Straight - Hillcrest;State Secondary Route;Dry;Two-Way, Not Divided;None;No Special Feature;Smooth Asphalt;Piedmont;Rural;40 - 45  MPH;Double Yellow Line, No Passing Zone;Clear;No;36.23702, -78.9873
743;744;Yes;30-39;30;No;Facing Traffic;C: Possible Injury;Sidewalk / Crosswalk / Driveway Crossing;Black;Male;Shelby;Cleveland;No;01-01-04;2012-09-27;Crossing Paths - Other Circumstances;20;Intersection;01-09-01;0001-01-01T15:36:58-04:56;Signalized Intersection - Other /;;2012;C: Possible Injury;Commercial;60-69;64;No;21-25 mph;O: No Injury;White;Female;Passenger Car;No;No;Dark - Lighted Roadway;Urban (>70% Developed);3 lanes;2;Straight - Level;Local Street;Dry;Two-Way, Not Divided;None;Four-Way Intersection;Smooth Asphalt;Mountains;Urban;30 - 35  MPH;Stop And Go Signal;Clear;No;35.30134, -81.5396
755;756;Yes;25-29;28;No;With Traffic;C: Possible Injury;Travel Lane;White;Male;Elizabeth City;Pasquotank;No;01-01-02;2012-09-25;Backing Vehicle;12;Intersection-Related;01-09-01;0001-01-01T07:33:58-04:56;Backing Vehicle;;2012;C: Possible Injury;Institutional;0-19;19;No;0-5 mph;O: No Injury;White;Male;Van;No;No;Daylight;Urban (>70% Developed);2 lanes;2;Straight - Level;Local Street;Dry;Two-Way, Not Divided;None;T-Intersection;Smooth Asphalt;Coastal;Urban;5 - 15 MPH;Stop Sign;Clear;No;36.32573, -76.2227
758;759;Yes;40-49;42;No;With Traffic;C: Possible Injury;Travel Lane;Other;Male;None - Rural Crash;Durham;No;01-01-04;2012-10-11;Motorist Left Turn / Merge;7;Intersection;01-10-01;0001-01-01T02:48:58-04:56;Motorist Left Turn - Opposite Direction;;2012;C: Possible Injury;Farms, Woods, Pastures;40-49;44;No;41-45 mph;O: No Injury;White;Male;Passenger Car;No;No;Daylight;Rural (<30% Developed);4 lanes;2;Straight - Grade;NC Route;Dry;Two-Way, Divided, Unprotected Median;None;Four-Way Intersection;Smooth Asphalt;Piedmont;Rural;40 - 45  MPH;Stop And Go Signal;Clear;No;35.89901, -78.8801
759;760;Yes;50-59;57;Yes;Facing Traffic;K: Killed;Travel Lane;White;Male;None - Rural Crash;Brunswick;Yes;01-01-04;2012-10-11;Bicyclist Right Turn / Merge;14;Non-Intersection;01-10-01;0001-01-01T09:23:58-04:56;Bicyclist Right Turn - Same Direction;;2012;K: Killed;Residential;50-59;52;No;46-50 mph;O: No Injury;White;Female;Van;No;No;Daylight;Rural (<30% Developed);2 lanes;2;Straight - Level;NC Route;Dry;Two-Way, Not Divided;None;No Special Feature;Smooth Asphalt;Coastal;Rural;50 - 55  MPH;No Control Present;Clear;No;33.93076, -78.4096
770;771;Yes;20-24;21;No;With Traffic;B: Evident Injury;Travel Lane;White;Male;Charlotte;Mecklenburg;No;;2012-10-15;Bicyclist Failed to Yield - Signalized Intersection;17;Intersection;01-10-01;0001-01-01T12:33:58-04:56;Bicyclist Ride Out - Signalized  Intersection;;2012;B: Evident Injury;Commercial;30-39;33;No;26-30 mph;O: No Injury;Black;Female;Sport Utility;No;No;Daylight;Urban (>70% Developed);4 lanes;2;Straight - Level;Local Street;Dry;Two-Way, Not Divided;None;T-Intersection;Smooth Asphalt;Piedmont;Urban;30 - 35  MPH;Stop And Go Signal;Clear;No;35.22036, -80.8121
923;924;Yes;16-19;18;No;Facing Traffic;C: Possible Injury;Travel Lane;White;Male;Wilmington;New Hanover;No;01-01-02;2007-11-13;Head-On;13;Non-Intersection;01-11-01;0001-01-01T08:10:58-04:56;Head-On - Bicyclist;312250;2007;C: Possible Injury;Commercial;60-69;62;No;16-20 mph;O: No Injury;White;Female;Passenger Car;No;No;Daylight;Urban (>70% Developed);6 lanes;2;Straight - Level;Local Street;Dry;Two-Way, Divided, Positive Median Barrier;None;No Special Feature;Smooth Asphalt;Coastal;Urban;40 - 45  MPH;No Control Present;Clear;No;34.21319, -77.89795
928;929;Yes;40-49;46;No;With Traffic;B: Evident Injury;Travel Lane;White;Male;Asheville;Buncombe;No;01-01-07;2007-11-18;Motorist Left Turn / Merge;6;Intersection;01-11-01;0001-01-01T01:16:58-04:56;Motorist Left Turn - Opposite Direction;111212;2007;B: Evident Injury;Commercial;70+;;No;16-20 mph;O: No Injury;Black;Male;Sport Utility;No;No;Dark - Lighted Roadway;Urban (>70% Developed);3 lanes;2;Straight - Level;Local Street;Dry;Two-Way, Not Divided;None;On or Off Ramp;Smooth Asphalt;Mountains;Urban;30 - 35  MPH;Stop And Go Signal;Clear;No;35.598953, -82.5536
930;931;Yes;40-49;48;No;With Traffic;C: Possible Injury;Travel Lane;White;Male;None - Rural Crash;Iredell;No;;2007-11-19;Motorist Overtaking Bicyclist;8;Non-Intersection;01-11-01;0001-01-01T03:33:58-04:56;Motorist Overtaking - Misjudged Space;311232;2007;C: Possible Injury;Commercial;30-39;33;No;41-45 mph;O: No Injury;White;Male;Pickup;No;No;Daylight;Mixed (30% To 70% Developed);2 lanes;2;Straight - Level;NC Route;Dry;Two-Way, Not Divided;None;No Special Feature;Smooth Asphalt;Piedmont;Rural;50 - 55  MPH;Double Yellow Line, No Passing Zone;Clear;No;35.855713, -81.02874
931;932;No;20-24;23;No;With Traffic;C: Possible Injury;Sidewalk / Crosswalk / Driveway Crossing;Black;Female;Troy;Montgomery;Yes;;2007-11-19;Motorist Failed to Yield - Sign-Controlled Intersection;18;Intersection;01-11-01;0001-01-01T13:03:58-04:56;Motorist Drive Out - Sign-Controlled Intersection;131141;2007;C: Possible Injury;Commercial;40-49;43;Yes;0-5 mph;O: No Injury;Black;Female;Van;No;No;Daylight;Urban (>70% Developed);2 lanes;2;Straight - Level;Local Street;Dry;Two-Way, Not Divided;None;No Special Feature;Smooth Asphalt;Piedmont;Rural;30 - 35  MPH;Stop Sign;Clear;No;35.35579, -79.9001
937;938;No;25-29;26;Yes;;O: No Injury;Travel Lane;Black;Male;Jacksonville;Onslow;Yes;01-01-07;2007-11-25;Head-On;11;Non-Intersection;01-11-01;0001-01-01T07:02:58-04:56;Head-On - Bicyclist;319250;2007;O: No Injury;Residential;25-29;28;No;;O: No Injury;White;Male;Police;No;No;Daylight;Urban (>70% Developed);2 lanes;2;Straight - Level;Local Street;Dry;Two-Way, Not Divided;None;No Special Feature;Smooth Asphalt;Coastal;Urban;20 - 25  MPH;No Control Present;Cloudy;No;34.748215, -77.42227
938;939;No;50-59;52;No;Facing Traffic;Injury;Sidewalk / Crosswalk / Driveway Crossing;/Missing;;Manteo;Dare;No;01-01-02;2007-11-20;Motorist Failed to Yield - Signalized Intersection;12;Intersection;01-11-01;0001-01-01T07:33:58-04:56;Motorist Drive Out - Right Turn on Red;132151;2007;Injury;Residential;40-49;40;No;0-5 mph;Injury;/Missing;Male;Passenger Car;No;No;Daylight;Urban (>70% Developed);3 lanes;2;Straight - Level;Local Street;Dry;Two-Way, Divided, Unprotected Median;None;T-Intersection;Smooth Asphalt;Coastal;Rural;20 - 25  MPH;Stop And Go Signal;Clear;No;35.90869, -75.676056
948;949;Yes;30-39;35;No;With Traffic;B: Evident Injury;Travel Lane;White;Male;Elizabeth City;Pasquotank;No;01-01-07;2007-11-18;Motorist Overtaking Bicyclist;0;Non-Intersection;01-11-01;0000-12-31T19:03:58-04:56;Motorist Overtaking - Undetected Bicyclist;311231;2007;B: Evident Injury;Commercial;70+;;No;31-35 mph;O: No Injury;White;Male;Light Truck (Mini-Van, Panel);No;No;Dark - Roadway Not Lighted;Urban (>70% Developed);5 lanes;2;Straight - Level;US Route;Dry;Two-Way, Divided, Unprotected Median;None;No Special Feature;Smooth Asphalt;Coastal;Urban;40 - 45  MPH;No Control Present;Clear;No;36.287785, -76.27033
950;951;Yes;10-Jun;7;No;With Traffic;B: Evident Injury;Sidewalk / Crosswalk / Driveway Crossing;Black;Male;Fayetteville;Cumberland;No;01-01-06;2007-12-01;Parallel Paths - Other Circumstances;13;Non-Intersection;01-12-01;0001-01-01T08:37:58-04:56;Bicyclist Ride Out - Parallel Path;331225;2007;B: Evident Injury;Residential;40-49;48;No;26-30 mph;O: No Injury;/Missing;Male;Passenger Car;No;No;Daylight;Urban (>70% Developed);3 lanes;2;Straight - Level;Local Street;Dry;Two-Way, Divided, Unprotected Median;None;No Special Feature;Smooth Asphalt;Coastal;Urban;30 - 35  MPH;No Control Present;Clear;No;35.053635, -78.96158
964;965;Yes;70+;;No;With Traffic;C: Possible Injury;Travel Lane;White;Male;Gastonia;Gaston;No;01-01-04;2007-12-06;Motorist Left Turn / Merge;20;Intersection;01-12-01;0001-01-01T15:17:58-04:56;Motorist Left Turn - Opposite Direction;111212;2007;C: Possible Injury;Commercial;50-59;55;No;0-5 mph;O: No Injury;Asian;Female;Passenger Car;No;No;Dark - Lighted Roadway;Urban (>70% Developed);3 lanes;2;Straight - Level;Public Vehicular Area;Dry;Two-Way, Not Divided;None;T-Intersection;Smooth Asphalt;Piedmont;Urban;30 - 35  MPH;No Control Present;Clear;No;35.269505, -81.146965
965;966;No;20-24;23;No;With Traffic;C: Possible Injury;Bike Lane / Paved Shoulder;White;Male;Charlotte;Mecklenburg;No;01-01-03;2007-09-05;Motorist Right Turn / Merge;11;Non-Intersection;01-09-01;0001-01-01T06:28:58-04:56;Motorist Right Turn - Same Direction;321213;2007;C: Possible Injury;Commercial;50-59;58;No;6-10 mph;O: No Injury;White;Male;Van;No;No;Daylight;Urban (>70% Developed);2 lanes;3;Straight - Level;Local Street;Dry;One-Way, Not Divided;None;No Special Feature;Smooth Asphalt;Piedmont;Urban;30 - 35  MPH;No Control Present;Clear;No;35.228992, -80.84718
967;968;Yes;20-24;22;No;With Traffic;B: Evident Injury;Travel Lane;White;Male;None - Rural Crash;Wake;No;01-01-07;2007-12-09;Motorist Overtaking Bicyclist;17;Non-Intersection;01-12-01;0001-01-01T12:46:58-04:56;Motorist Overtaking - Misjudged Space;311232;2007;B: Evident Injury;Farms, Woods, Pastures;30-39;33;No;46-50 mph;Injury;White;Male;;No;Yes;Dark - Roadway Not Lighted;Rural (<30% Developed);2 lanes;2;Straight - Grade;NC Route;Dry;Two-Way, Not Divided;None;No Special Feature;Coarse Asphalt;Piedmont;Rural;50 - 55  MPH;Double Yellow Line, No Passing Zone;Clear;No;35.585297, -78.66256
969;970;Yes;40-49;46;Yes;Facing Traffic;K: Killed;Travel Lane;White;Male;Shelby;Cleveland;Yes;;2007-12-10;Bicyclist Failed to Yield - Signalized Intersection;20;Intersection;01-12-01;0001-01-01T15:47:58-04:56;Bicyclist Ride Through - Signalized Intersection;112155;2007;K: Killed;Commercial;70+;;No;31-35 mph;O: No Injury;White;Male;Passenger Car;No;No;Dark - Roadway Not Lighted;Urban (>70% Developed);4 lanes;2;Straight - Level;US Route;Dry;Two-Way, Divided, Unprotected Median;None;Four-Way Intersection;Smooth Asphalt;Mountains;Urban;40 - 45  MPH;Stop And Go Signal;Clear;No;35.28102, -81.549774
970;971;No;15-Nov;14;No;With Traffic;C: Possible Injury;Travel Lane;White;Male;Roanoke Rapids;Halifax;No;01-01-04;2007-12-20;Bicyclist Left Turn / Merge;15;Intersection;01-12-01;0001-01-01T10:37:58-04:56;Bicyclist Left Turn - Same Direction;111221;2007;C: Possible Injury;Commercial;60-69;67;No;16-20 mph;O: No Injury;White;Male;Passenger Car;No;No;Daylight;Urban (>70% Developed);4 lanes;2;Straight - Level;Local Street;Dry;Two-Way, Not Divided;None;Four-Way Intersection;Smooth Asphalt;Coastal;Urban;20 - 25  MPH;Stop And Go Signal;Clear;No;36.46478, -77.65413
976;977;Yes;20-24;23;No;With Traffic;C: Possible Injury;Travel Lane;White;Male;Raleigh;Wake;No;01-01-05;2007-12-14;Motorist Failed to Yield - Sign-Controlled Intersection;17;Intersection;01-12-01;0001-01-01T12:45:58-04:56;Motorist Drive Out - Sign-Controlled Intersection;111141;2007;C: Possible Injury;Commercial;25-29;27;No;21-25 mph;O: No Injury;Black;Female;Pickup;No;No;Dark - Lighted Roadway;Urban (>70% Developed);2 lanes;2;Straight - Grade;Local Street;Dry;Two-Way, Not Divided;None;No Special Feature;Coarse Asphalt;Piedmont;Urban;30 - 35  MPH;Stop Sign;Clear;No;35.782845, -78.64904
979;980;Yes;50-59;50;No;Facing Traffic;C: Possible Injury;;Black;Male;Fayetteville;Cumberland;No;;2007-12-17;Motorist Failed to Yield - Sign-Controlled Intersection;17;Intersection;01-12-01;0001-01-01T12:14:58-04:56;Motorist Drive Out - Sign-Controlled Intersection;192141;2007;C: Possible Injury;Commercial;30-39;33;No;0-5 mph;O: No Injury;Hispanic;Female;Sport Utility;No;No;Dark - Lighted Roadway;Urban (>70% Developed);2 lanes;2;Straight - Level;Local Street;Dry;Two-Way, Not Divided;None;Traffic Circle/Roundabout;Coarse Asphalt;Coastal;Urban;5 - 15 MPH;Stop Sign;Clear;No;35.0525, -78.87798
980;981;No;60-69;63;No;With Traffic;C: Possible Injury;Travel Lane;Native American;Male;None - Rural Crash;Robeson;No;;2007-12-17;Motorist Overtaking Bicyclist;18;Non-Intersection;01-12-01;0001-01-01T13:33:58-04:56;Motorist Overtaking - Other /;311239;2007;C: Possible Injury;Farms, Woods, Pastures;;;No;51-55 mph;Injury;/Missing;;;No;Yes;Dark - Roadway Not Lighted;Rural (<30% Developed);2 lanes;2;Straight - Level;NC Route;Dry;Two-Way, Not Divided;None;No Special Feature;Smooth Asphalt;Coastal;Rural;50 - 55  MPH;No Control Present;Clear;No;34.73131, -79.211426