FID;OBJECTID;AmbulanceR;BikeAge_Gr;Bike_Age;Bike_Alc_D;Bike_Dir;Bike_Injur;Bike_Pos;Bike_Race;Bike_Sex;City;County;CrashAlcoh;CrashDay;Crash_Date;Crash_Grp;Crash_Hour;Crash_Loc;Crash_Mont;Crash_Time;Crash_Type;Crash_Ty_1;Crash_Year;Crsh_Sevri;Developmen;DrvrAge_Gr;Drvr_Age;Drvr_Alc_D;Drvr_EstSp;Drvr_Injur;Drvr_Race;Drvr_Sex;Drvr_VehTy;ExcsSpdInd;Hit_Run;Light_Cond;Locality;Num_Lanes;Num_Units;Rd_Charact;Rd_Class;Rd_Conditi;Rd_Config;Rd_Defects;Rd_Feature;Rd_Surface;Region;Rural_Urba;Speed_Limi;Traff_Cntr;Weather;Workzone_I;Location
209;210;No;16-19;16;No;Facing Traffic;C: Possible Injury;;Black;Male;Durham;Durham;No;01-01-04;2007-04-12;Motorist Failed to Yield - Sign-Controlled Intersection;19;Intersection;01-04-01;0001-01-01T14:27:58-04:56;Motorist Drive Out - Sign-Controlled Intersection;192141;2007;C: Possible Injury;Residential;50-59;59;No;0-5 mph;O: No Injury;White;Male;Passenger Car;No;No;Daylight;Urban (>70% Developed);4 lanes;2;Straight - Level;Local Street;Dry;Two-Way, Not Divided;None;T-Intersection;Smooth Asphalt;Piedmont;Urban;30 - 35  MPH;Stop Sign;Clear;No;36.022438, -78.91769
210;211;No;15-Nov;11;No;;B: Evident Injury;Travel Lane;White;Female;Emerald Isle;Carteret;No;01-01-05;2007-04-13;Bicyclist Failed to Yield - Sign-Controlled Intersection;14;Intersection;01-04-01;0001-01-01T09:23:58-04:56;Bicyclist Ride Through - Sign-Controlled Intersection;119144;2007;B: Evident Injury;Residential;30-39;33;No;21-25 mph;O: No Injury;White;Male;Van;No;No;Daylight;Urban (>70% Developed);4 lanes;2;Straight - Grade;Local Street;Dry;Two-Way, Not Divided;None;T-Intersection;Coarse Asphalt;Coastal;Rural;20 - 25  MPH;Stop Sign;Clear;No;34.672802, -76.977646
213;214;Yes;15-Nov;14;No;With Traffic;B: Evident Injury;Travel Lane;White;Male;Salisbury;Rowan;No;01-01-05;2007-07-06;Bicyclist Failed to Yield - Sign-Controlled Intersection;17;Intersection;01-07-01;0001-01-01T12:20:58-04:56;Bicyclist Ride Through - Sign-Controlled Intersection;111144;2007;B: Evident Injury;Residential;50-59;58;No;21-25 mph;O: No Injury;White;Female;Passenger Car;No;No;Daylight;Urban (>70% Developed);2 lanes;2;Straight - Grade;Local Street;Dry;Two-Way, Not Divided;None;Four-Way Intersection;Smooth Asphalt;Piedmont;Urban;20 - 25  MPH;Stop Sign;Clear;No;35.66668, -80.475426
218;219;Yes;0-5;5;No;With Traffic;B: Evident Injury;Travel Lane;White;Male;None - Rural Crash;Richmond;No;;2007-04-16;Backing Vehicle;15;Non-Intersection;01-04-01;0001-01-01T10:33:58-04:56;Backing Vehicle;311600;2007;B: Evident Injury;Residential;40-49;41;No;0-5 mph;O: No Injury;White;Male;Pickup;No;No;Daylight;Urban (>70% Developed);2 lanes;2;Straight - Level;State Secondary Route;Dry;Two-Way, Not Divided;None;Driveway, Private;Coarse Asphalt;Piedmont;Rural;30 - 35  MPH;No Control Present;Clear;No;34.921207, -79.76829
222;223;Yes;30-39;39;No;With Traffic;A: Disabling Injury;Travel Lane;White;Male;None - Rural Crash;Gaston;No;01-01-02;2007-04-17;Motorist Overtaking Bicyclist;17;Non-Intersection;01-04-01;0001-01-01T12:08:58-04:56;Motorist Overtaking - Undetected Bicyclist;311231;2007;A: Disabling Injury;Residential;25-29;27;No;46-50 mph;O: No Injury;White;Male;Pickup;No;No;Daylight;Urban (>70% Developed);2 lanes;2;Straight - Level;NC Route;Dry;Two-Way, Not Divided;None;No Special Feature;Smooth Asphalt;Piedmont;Rural;40 - 45  MPH;No Control Present;Clear;No;35.292557, -81.23695
224;225;No;30-39;37;No;With Traffic;C: Possible Injury;Bike Lane / Paved Shoulder;White;Female;None - Rural Crash;Pitt;No;01-01-02;2007-04-17;Motorist Overtaking Bicyclist;7;Non-Intersection;01-04-01;0001-01-01T02:53:58-04:56;Motorist Overtaking - Undetected Bicyclist;321231;2007;C: Possible Injury;Farms, Woods, Pastures;25-29;29;No;41-45 mph;O: No Injury;Black;Female;Passenger Car;No;No;Daylight;Rural (<30% Developed);2 lanes;2;Straight - Hillcrest;State Secondary Route;Dry;Two-Way, Not Divided;None;No Special Feature;Coarse Asphalt;Coastal;Rural;50 - 55  MPH;No Control Present;Clear;No;35.610477, -77.44189
226;227;Yes;40-49;41;No;With Traffic;B: Evident Injury;Travel Lane;White;Male;Charlotte;Mecklenburg;No;01-01-02;2007-04-17;Bicyclist Overtaking Motorist;17;Non-Intersection;01-04-01;0001-01-01T12:06:58-04:56;Bicyclist Overtaking - Other /;311249;2007;B: Evident Injury;Institutional;30-39;34;No;0-5 mph;O: No Injury;White;Male;Passenger Car;No;No;Daylight;Urban (>70% Developed);2 lanes;2;Straight - Level;Local Street;Dry;Two-Way, Not Divided;None;No Special Feature;Smooth Asphalt;Piedmont;Urban;30 - 35  MPH;No Control Present;Clear;No;35.188705, -80.830986
227;228;Yes;20-24;21;No;With Traffic;B: Evident Injury;Sidewalk / Crosswalk / Driveway Crossing;Black;Male;Charlotte;Mecklenburg;No;01-01-03;2007-04-18;Motorist Right Turn / Merge;21;Intersection;01-04-01;0001-01-01T16:51:58-04:56;Motorist Right Turn - Same Direction;131213;2007;B: Evident Injury;Residential;40-49;40;No;6-10 mph;O: No Injury;White;Female;Sport Utility;No;No;Dark - Lighted Roadway;Urban (>70% Developed);4 lanes;2;Straight - Level;Local Street;Dry;Two-Way, Not Divided;None;No Special Feature;Smooth Asphalt;Piedmont;Urban;40 - 45  MPH;Stop And Go Signal;Other;No;35.159485, -80.92077
228;229;Yes;40-49;40;No;With Traffic;B: Evident Injury;Bike Lane / Paved Shoulder;Black;Male;Durham;Durham;No;01-01-04;2007-07-12;Motorist Overtaking Bicyclist;15;Non-Intersection;01-07-01;0001-01-01T10:47:58-04:56;Motorist Overtaking - Undetected Bicyclist;321231;2007;B: Evident Injury;Commercial;50-59;53;No;31-35 mph;O: No Injury;Black;Female;Van;No;No;Daylight;Urban (>70% Developed);4 lanes;2;Straight - Level;Local Street;Dry;Two-Way, Not Divided;None;No Special Feature;Smooth Asphalt;Piedmont;Urban;30 - 35  MPH;No Control Present;Clear;No;36.031948, -78.890785
233;234;Yes;10-Jun;7;No;Not Applicable;C: Possible Injury;Driveway / Alley;White;Male;Charlotte;Mecklenburg;No;01-01-05;2007-04-20;Loss of Control / Turning Error;19;Non-Intersection;01-04-01;0001-01-01T14:58:58-04:56;Bicyclist Lost Control - Mechanical Problems;353121;2007;C: Possible Injury;Residential;40-49;41;No;11-15 mph;O: No Injury;White;Female;Sport Utility;No;No;Daylight;Urban (>70% Developed);2 lanes;2;Straight - Level;Local Street;Dry;Two-Way, Not Divided;None;No Special Feature;Smooth Asphalt;Piedmont;Urban;30 - 35  MPH;No Control Present;Clear;No;35.10358, -80.809204
235;236;Yes;25-29;26;No;With Traffic;C: Possible Injury;Travel Lane;White;Female;Charlotte;Mecklenburg;No;01-01-03;2007-07-18;Motorist Overtaking Bicyclist;19;Intersection;01-07-01;0001-01-01T14:35:58-04:56;Motorist Overtaking - Other /;111239;2007;C: Possible Injury;Residential;;;Missing;;Injury;/Missing;;;No;Yes;Daylight;Urban (>70% Developed);2 lanes;2;Curve - Level;Local Street;Dry;Two-Way, Divided, Unprotected Median;None;No Special Feature;Smooth Asphalt;Piedmont;Urban;;No Control Present;Clear;No;35.123512, -80.78844
240;241;Yes;10-Jun;9;No;;B: Evident Injury;Driveway / Alley;White;Male;Garner;Wake;No;;2007-04-23;Bicyclist Failed to Yield - Midblock;17;Non-Intersection;01-04-01;0001-01-01T12:38:58-04:56;Bicyclist Ride Out - Commercial Driveway / Alley;359312;2007;B: Evident Injury;Institutional;30-39;36;No;26-30 mph;O: No Injury;White;Female;Passenger Car;No;No;Daylight;Urban (>70% Developed);2 lanes;2;Straight - Level;Local Street;Dry;Two-Way, Divided, Unprotected Median;None;T-Intersection;Smooth Asphalt;Piedmont;Urban;30 - 35  MPH;No Control Present;Clear;No;35.689217, -78.61696
241;242;No;10-Jun;9;No;Facing Traffic;C: Possible Injury;Travel Lane;Black;Female;Charlotte;Mecklenburg;No;;2007-04-23;Backing Vehicle;19;Non-Intersection;01-04-01;0001-01-01T14:52:58-04:56;Backing Vehicle;312600;2007;C: Possible Injury;Residential;40-49;45;No;;O: No Injury;Black;Male;Pickup;No;No;Daylight;Urban (>70% Developed);;2;Straight - Grade;Local Street;Dry;Two-Way, Not Divided;None;No Special Feature;Smooth Asphalt;Piedmont;Urban;;No Control Present;Clear;No;35.210136, -80.9211
244;245;Yes;15-Nov;15;No;With Traffic;B: Evident Injury;Travel Lane;White;Male;None - Rural Crash;Pitt;No;01-01-02;2007-04-24;Motorist Overtaking Bicyclist;17;Non-Intersection;01-04-01;0001-01-01T12:30:58-04:56;Motorist Overtaking - Other /;311239;2007;B: Evident Injury;Farms, Woods, Pastures;40-49;41;No;31-35 mph;O: No Injury;Black;Male;Van;No;No;Daylight;Rural (<30% Developed);2 lanes;2;Straight - Level;State Secondary Route;Dry;Two-Way, Not Divided;None;No Special Feature;Coarse Asphalt;Coastal;Rural;50 - 55  MPH;No Control Present;Clear;No;35.45008, -77.410835
257;258;Yes;30-39;37;No;With Traffic;B: Evident Injury;Sidewalk / Crosswalk / Driveway Crossing;Black;Male;Charlotte;Mecklenburg;No;01-01-04;2007-07-26;Motorist Right Turn / Merge;16;Non-Intersection;01-07-01;0001-01-01T11:07:58-04:56;Motorist Right Turn - Same Direction;331213;2007;B: Evident Injury;Commercial;40-49;45;No;0-5 mph;O: No Injury;Black;Male;Van;No;No;Daylight;Urban (>70% Developed);4 lanes;2;Straight - Grade;Local Street;Dry;Two-Way, Not Divided;None;Driveway, Public;Smooth Asphalt;Piedmont;Urban;30 - 35  MPH;No Control Present;Clear;No;35.21934, -80.7988
261;262;Yes;70+;;No;With Traffic;C: Possible Injury;Travel Lane;Black;Male;Morehead City;Carteret;No;01-01-06;2007-04-28;Motorist Failed to Yield - Sign-Controlled Intersection;13;Intersection;01-04-01;0001-01-01T08:27:58-04:56;Motorist Drive Out - Sign-Controlled Intersection;111141;2007;C: Possible Injury;Residential;50-59;57;No;0-5 mph;O: No Injury;Black;Male;Van;No;No;Daylight;Urban (>70% Developed);2 lanes;2;Straight - Level;Local Street;Dry;Two-Way, Not Divided;None;No Special Feature;Smooth Asphalt;Coastal;Urban;20 - 25  MPH;Stop Sign;Clear;No;34.724094, -76.725235
262;263;Yes;30-39;30;No;;C: Possible Injury;Travel Lane;Black;Male;Burlington;Alamance;No;01-01-07;2007-04-29;Loss of Control / Turning Error;9;Non-Intersection;01-04-01;0001-01-01T04:41:58-04:56;Bicyclist Lost Control - Other /;319129;2007;C: Possible Injury;Residential;;;Missing;0-5 mph;Injury;/Missing;;Passenger Car;No;No;Daylight;Urban (>70% Developed);2 lanes;2;Straight - Level;Local Street;Dry;Two-Way, Not Divided;None;No Special Feature;Smooth Asphalt;Piedmont;Urban;30 - 35  MPH;No Control Present;Clear;No;36.106133, -79.411385
272;273;No;16-19;17;No;With Traffic;O: No Injury;Travel Lane;White;Male;Kenly;Johnston;No;;2007-07-30;Bicyclist Failed to Yield - Sign-Controlled Intersection;7;Intersection;01-07-01;0001-01-01T02:10:58-04:56;Bicyclist Ride Through - Sign-Controlled Intersection;111144;2007;O: No Injury;Residential;50-59;53;No;11-15 mph;O: No Injury;White;Male;Passenger Car;No;No;Daylight;Urban (>70% Developed);2 lanes;2;Straight - Level;Local Street;Dry;Two-Way, Not Divided;None;No Special Feature;Smooth Asphalt;Coastal;Rural;20 - 25  MPH;Stop Sign;Clear;No;35.59347, -78.124344
280;281;No;20-24;20;No;With Traffic;C: Possible Injury;Travel Lane;White;Male;Raleigh;Wake;No;01-01-05;2007-05-04;Other / Unusual Circumstances;5;Non-Intersection;01-05-01;0001-01-01T00:20:58-04:56;Motorist Intentionally Caused;311510;2007;C: Possible Injury;Commercial;;;Missing;21-25 mph;Injury;/Missing;;;No;Yes;Dawn;Urban (>70% Developed);4 lanes;2;Straight - Level;Local Street;Dry;Two-Way, Divided, Unprotected Median;None;No Special Feature;Smooth Asphalt;Piedmont;Urban;40 - 45  MPH;No Control Present;Clear;No;35.899822, -78.68073
286;287;No;30-39;32;No;Facing Traffic;O: No Injury;Travel Lane;Black;Male;Rocky Mount;Nash;No;;2007-05-07;Bicyclist Right Turn / Merge;15;Non-Intersection;01-05-01;0001-01-01T10:40:58-04:56;Bicyclist Right Turn - Same Direction;312223;2007;O: No Injury;Residential;30-39;35;No;0-5 mph;O: No Injury;Black;Female;Passenger Car;No;No;Daylight;Urban (>70% Developed);3 lanes;2;Straight - Grade;Local Street;Dry;Two-Way, Not Divided;None;No Special Feature;Coarse Asphalt;Coastal;Urban;30 - 35  MPH;No Control Present;Clear;No;35.91735, -77.807556
292;293;Yes;25-29;26;No;Facing Traffic;C: Possible Injury;Travel Lane;Black;Male;Charlotte;Mecklenburg;No;01-01-03;2007-05-09;Motorist Failed to Yield - Signalized Intersection;19;Intersection;01-05-01;0001-01-01T14:04:58-04:56;Motorist Drive Out - Right Turn on Red;112151;2007;C: Possible Injury;Commercial;50-59;50;No;0-5 mph;O: No Injury;White;Female;Sport Utility;No;No;Daylight;Urban (>70% Developed);4 lanes;2;Straight - Level;Local Street;Dry;Two-Way, Not Divided;None;No Special Feature;Smooth Asphalt;Piedmont;Urban;20 - 25  MPH;Stop And Go Signal;Clear;No;35.228535, -80.838715
308;309;No;50-59;54;No;;C: Possible Injury;Travel Lane;White;Male;Greensboro;Guilford;No;;2007-05-14;Other /  - Insufficient Details;12;Intersection;01-05-01;0001-01-01T07:03:58-04:56;Approach Paths;119970;2007;C: Possible Injury;Residential;25-29;27;No;6-10 mph;O: No Injury;Black;Male;Passenger Car;No;No;Daylight;Urban (>70% Developed);2 lanes;2;Straight - Level;Local Street;Dry;Two-Way, Not Divided;None;Four-Way Intersection;Concrete;Piedmont;Urban;30 - 35  MPH;Stop Sign;Clear;No;36.052532, -79.81239
311;312;Yes;10-Jun;10;No;Not Applicable;B: Evident Injury;Driveway / Alley;Black;Male;Morehead City;Carteret;No;01-01-02;2007-05-15;Bicyclist Failed to Yield - Midblock;17;Non-Intersection;01-05-01;0001-01-01T12:07:58-04:56;Bicyclist Ride Out - Commercial Driveway / Alley;353312;2007;B: Evident Injury;Residential;25-29;28;No;21-25 mph;O: No Injury;White;Male;Pickup;No;No;Daylight;Urban (>70% Developed);2 lanes;2;Straight - Level;Local Street;Dry;Two-Way, Not Divided;None;No Special Feature;Smooth Asphalt;Coastal;Urban;20 - 25  MPH;No Control Present;Clear;No;34.722034, -76.70975
312;313;No;40-49;47;No;Facing Traffic;B: Evident Injury;Bike Lane / Paved Shoulder;White;Male;None - Rural Crash;Craven;No;01-01-03;2007-05-16;Head-On;21;Non-Intersection;01-05-01;0001-01-01T16:03:58-04:56;Head-On - Bicyclist;322250;2007;B: Evident Injury;Farms, Woods, Pastures;;;Missing;;Injury;/Missing;;;No;Yes;Dark - Roadway Not Lighted;Rural (<30% Developed);2 lanes;2;Straight - Level;US Route;Dry;Two-Way, Not Divided;None;No Special Feature;Smooth Asphalt;Coastal;Rural;50 - 55  MPH;No Control Present;Clear;No;35.14582, -77.03163
317;318;Yes;40-49;47;Yes;Facing Traffic;B: Evident Injury;;White;Male;Charlotte;Mecklenburg;Yes;01-01-03;2007-05-16;Crossing Paths - Other Circumstances;22;Intersection;01-05-01;0001-01-01T17:54:58-04:56;Signalized Intersection - Other /;192158;2007;B: Evident Injury;Commercial;30-39;32;No;31-35 mph;O: No Injury;Black;Male;Passenger Car;No;No;Dark - Lighted Roadway;Urban (>70% Developed);4 lanes;2;Straight - Level;Local Street;Dry;Two-Way, Divided, Unprotected Median;None;No Special Feature;Smooth Asphalt;Piedmont;Urban;30 - 35  MPH;Stop And Go Signal;Clear;No;35.19742, -80.88172
326;327;Yes;10-Jun;9;No;With Traffic;O: No Injury;;Black;Male;Rocky Mount;Edgecombe;No;01-01-07;2007-05-20;Crossing Paths - Other Circumstances;14;Intersection;01-05-01;0001-01-01T09:52:58-04:56;Crossing Paths - Intersection - Other /;191180;2007;O: No Injury;Residential;25-29;29;No;26-30 mph;O: No Injury;Black;Female;Passenger Car;No;No;Daylight;Urban (>70% Developed);3 lanes;2;Straight - Hillcrest;Local Street;Dry;One-Way, Not Divided;None;No Special Feature;Smooth Asphalt;Coastal;Urban;30 - 35  MPH;No Control Present;Clear;No;35.938892, -77.79233
345;346;No;50-59;56;No;With Traffic;C: Possible Injury;Travel Lane;White;Male;Lewisville;Forsyth;No;01-01-04;2007-05-24;Motorist Overtaking Bicyclist;16;Non-Intersection;01-05-01;0001-01-01T11:32:58-04:56;Motorist Overtaking - Other /;311239;2007;C: Possible Injury;Residential;25-29;26;No;21-25 mph;O: No Injury;White;Male;Passenger Car;No;No;Daylight;Rural (<30% Developed);2 lanes;2;Straight - Level;State Secondary Route;Dry;Two-Way, Not Divided;None;No Special Feature;Smooth Asphalt;Piedmont;Urban;40 - 45  MPH;Double Yellow Line, No Passing Zone;Clear;No;36.145, -80.41267
347;348;Yes;50-59;52;No;With Traffic;B: Evident Injury;Travel Lane;White;Male;None - Rural Crash;Wayne;No;01-01-04;2007-05-24;Motorist Overtaking Bicyclist;18;Non-Intersection;01-05-01;0001-01-01T13:46:58-04:56;Motorist Overtaking - Other /;311239;2007;B: Evident Injury;Residential;25-29;28;No;31-35 mph;O: No Injury;White;Male;Pickup;No;No;Daylight;Urban (>70% Developed);2 lanes;2;Straight - Level;State Secondary Route;Dry;Two-Way, Not Divided;None;No Special Feature;Coarse Asphalt;Coastal;Rural;30 - 35  MPH;No Control Present;Clear;No;35.32669, -77.93412
349;350;Yes;10-Jun;7;No;With Traffic;B: Evident Injury;Bike Lane / Paved Shoulder;White;Male;None - Rural Crash;Clay;No;01-01-05;2007-05-25;Bicyclist Left Turn / Merge;19;Non-Intersection;01-05-01;0001-01-01T14:35:58-04:56;Bicyclist Left Turn - Same Direction;321221;2007;B: Evident Injury;Residential;20-24;24;No;21-25 mph;O: No Injury;White;Female;Sport Utility;No;No;Daylight;Mixed (30% To 70% Developed);2 lanes;2;Curve - Grade;State Secondary Route;Dry;Two-Way, Not Divided;None;Driveway, Private;Smooth Asphalt;Mountains;Rural;20 - 25  MPH;Double Yellow Line, No Passing Zone;Clear;No;35.038822, -83.755104
354;355;Yes;16-19;18;No;With Traffic;A: Disabling Injury;;Black;Male;Sanford;Lee;No;01-01-06;2007-05-26;Bicyclist Left Turn / Merge;15;Intersection;01-05-01;0001-01-01T10:40:58-04:56;Bicyclist Left Turn - Same Direction;191221;2007;A: Disabling Injury;Residential;50-59;54;No;41-45 mph;O: No Injury;White;Male;Passenger Car;No;No;Daylight;Rural (<30% Developed);2 lanes;2;Straight - Grade;Local Street;Dry;Two-Way, Not Divided;None;T-Intersection;Coarse Asphalt;Piedmont;Urban;40 - 45  MPH;Stop Sign;Clear;No;35.479645, -79.20367
355;356;Yes;10-Jun;7;No;Not Applicable;C: Possible Injury;Driveway / Alley;Hispanic;Male;None - Rural Crash;New Hanover;No;01-01-06;2007-05-26;Bicyclist Failed to Yield - Midblock;20;Non-Intersection;01-05-01;0001-01-01T15:23:58-04:56;Bicyclist Ride Out - Residential Driveway;353311;2007;C: Possible Injury;Residential;25-29;28;No;26-30 mph;O: No Injury;White;Female;Sport Utility;No;No;Dark - Roadway Not Lighted;Urban (>70% Developed);2 lanes;2;Straight - Grade;State Secondary Route;Dry;Two-Way, Not Divided;None;Driveway, Private;Smooth Asphalt;Coastal;Rural;30 - 35  MPH;No Control Present;Clear;No;34.277496, -77.83893
364;365;Yes;30-39;36;No;With Traffic;B: Evident Injury;Travel Lane;White;Male;Durham;Durham;No;01-01-03;2007-08-29;Motorist Right Turn / Merge;13;Intersection;01-08-01;0001-01-01T09:00:58-04:56;Motorist Right Turn - Same Direction;111213;2007;B: Evident Injury;Residential;25-29;27;No;31-35 mph;O: No Injury;White;Male;Single Unit Truck (2-Axle, 6-Tire);No;No;Daylight;Urban (>70% Developed);3 lanes;2;Straight - Grade;Local Street;Dry;Two-Way, Not Divided;None;No Special Feature;Smooth Asphalt;Piedmont;Urban;30 - 35  MPH;No Control Present;Clear;No;35.927017, -78.82637
372;373;No;30-39;31;No;With Traffic;B: Evident Injury;Travel Lane;White;Female;Asheville;Buncombe;No;01-01-04;2007-05-31;Motorist Right Turn / Merge;21;Intersection;01-05-01;0001-01-01T16:17:58-04:56;Motorist Right Turn - Same Direction;111213;2007;B: Evident Injury;Commercial;0-19;16;No;6-10 mph;O: No Injury;Black;Male;Van;No;No;Dusk;Urban (>70% Developed);5 lanes;2;Straight - Level;Local Street;Dry;Two-Way, Not Divided;None;Five-Point, Or More;Smooth Asphalt;Mountains;Urban;30 - 35  MPH;Stop And Go Signal;Clear;No;35.603363, -82.55748
378;379;Yes;20-24;22;No;Facing Traffic;C: Possible Injury;Sidewalk / Crosswalk / Driveway Crossing;Black;Male;Charlotte;Mecklenburg;No;01-01-03;2007-05-30;Motorist Failed to Yield - Midblock;7;Non-Intersection;01-05-01;0001-01-01T03:00:58-04:56;Motorist Drive Out - Commercial Driveway / Alley;332322;2007;C: Possible Injury;Commercial;25-29;28;No;;O: No Injury;White;Female;Passenger Car;No;No;Daylight;Urban (>70% Developed);4 lanes;2;Straight - Level;Local Street;Dry;Two-Way, Divided, Positive Median Barrier;None;Driveway, Public;Smooth Asphalt;Piedmont;Urban;30 - 35  MPH;Stop Sign;Clear;No;35.24888, -80.78098
393;394;Yes;30-39;36;No;With Traffic;B: Evident Injury;Travel Lane;White;Male;Rockingham;Richmond;No;01-01-04;2007-06-07;Motorist Overtaking Bicyclist;20;Non-Intersection;01-06-01;0001-01-01T15:52:58-04:56;Motorist Overtaking - Other /;311239;2007;B: Evident Injury;Residential;;;Missing;;Injury;/Missing;;Passenger Car;No;Yes;Dark - Lighted Roadway;Urban (>70% Developed);2 lanes;2;Straight - Level;Local Street;Dry;Two-Way, Not Divided;None;No Special Feature;Smooth Asphalt;Piedmont;Urban;30 - 35  MPH;No Control Present;Clear;No;34.922966, -79.755196
396;397;Yes;25-29;28;No;Facing Traffic;C: Possible Injury;Sidewalk / Crosswalk / Driveway Crossing;White;Male;Charlotte;Mecklenburg;No;01-01-04;2007-09-13;Motorist Failed to Yield - Midblock;16;Non-Intersection;01-09-01;0001-01-01T11:40:58-04:56;Motorist Drive Out - Commercial Driveway / Alley;332322;2007;C: Possible Injury;Commercial;40-49;43;No;0-5 mph;O: No Injury;Black;Male;Sport Utility;No;No;Daylight;Urban (>70% Developed);4 lanes;2;Straight - Level;NC Route;Dry;Two-Way, Divided, Positive Median Barrier;None;No Special Feature;Smooth Asphalt;Piedmont;Urban;5 - 15 MPH;Stop Sign;Clear;No;35.12533, -80.9435
401;402;No;30-39;38;No;With Traffic;B: Evident Injury;Travel Lane;White;Male;Asheville;Buncombe;No;01-01-06;2007-06-09;Motorist Left Turn / Merge;18;Intersection;01-06-01;0001-01-01T13:47:58-04:56;Motorist Left Turn - Opposite Direction;111212;2007;B: Evident Injury;Commercial;70+;;No;0-5 mph;O: No Injury;White;Female;Passenger Car;No;No;Daylight;Urban (>70% Developed);4 lanes;2;Straight - Grade;US Route;Dry;Two-Way, Not Divided;None;Related To Intersection;Smooth Asphalt;Mountains;Urban;30 - 35  MPH;Stop And Go Signal;Clear;No;35.58842, -82.55179
402;403;Yes;40-49;47;No;With Traffic;C: Possible Injury;Travel Lane;Black;Male;Rocky Mount;Nash;No;01-01-06;2007-06-09;Bicyclist Overtaking Motorist;15;Non-Intersection;01-06-01;0001-01-01T10:07:58-04:56;Bicyclist Overtaking - Parked Vehicle;311243;2007;C: Possible Injury;Residential;;;Missing;;Injury;/Missing;;Van;No;No;Daylight;Urban (>70% Developed);2 lanes;2;Straight - Level;Local Street;Dry;Two-Way, Not Divided;None;No Special Feature;Smooth Asphalt;Coastal;Urban;20 - 25  MPH;No Control Present;Clear;No;35.93954, -77.80198
404;405;Yes;25-29;29;No;Facing Traffic;B: Evident Injury;Bike Lane / Paved Shoulder;White;Male;Charlotte;Mecklenburg;No;01-01-05;2007-09-14;Loss of Control / Turning Error;15;Non-Intersection;01-09-01;0001-01-01T10:48:58-04:56;Motorist Turning Error - Right Turn;322112;2007;B: Evident Injury;Commercial;40-49;42;No;6-10 mph;O: No Injury;White;Male;Passenger Car;No;No;Daylight;Urban (>70% Developed);3 lanes;2;Straight - Level;Local Street;Dry;Two-Way, Divided, Positive Median Barrier;None;Driveway, Public;Smooth Asphalt;Piedmont;Urban;40 - 45  MPH;No Control Present;Cloudy;No;35.340282, -80.766045
407;408;Yes;25-29;29;No;;B: Evident Injury;Travel Lane;Black;Male;High Point;Guilford;No;01-01-07;2007-06-10;Bicyclist Failed to Yield - Sign-Controlled Intersection;15;Intersection;01-06-01;0001-01-01T10:54:58-04:56;Bicyclist Ride Through - Sign-Controlled Intersection;119144;2007;B: Evident Injury;Residential;50-59;53;No;31-35 mph;Injury;Black;Female;Pickup;No;No;Daylight;Urban (>70% Developed);2 lanes;2;Straight - Grade;Local Street;Dry;Two-Way, Not Divided;None;Four-Way Intersection;Smooth Asphalt;Piedmont;Urban;30 - 35  MPH;Stop Sign;Clear;No;35.95269, -79.98966
408;409;Yes;50-59;51;No;With Traffic;C: Possible Injury;;White;Male;Salisbury;Rowan;No;;2007-09-17;Motorist Left Turn / Merge;10;Intersection;01-09-01;0001-01-01T06:00:58-04:56;Motorist Left Turn - Opposite Direction;191212;2007;C: Possible Injury;Residential;60-69;64;No;0-5 mph;O: No Injury;Black;Female;Passenger Car;No;No;Daylight;Urban (>70% Developed);2 lanes;2;Straight - Hillcrest;Local Street;Dry;Two-Way, Not Divided;None;Four-Way Intersection;Smooth Asphalt;Piedmont;Urban;30 - 35  MPH;Stop And Go Signal;Clear;No;35.672695, -80.46983
196;197;No;50-59;54;Yes;With Traffic;C: Possible Injury;Travel Lane;Black;Male;Rocky Mount;Edgecombe;Yes;01-01-05;2009-04-03;Bicyclist Failed to Yield - Sign-Controlled Intersection;14;Intersection;01-04-01;0001-01-01T09:11:58-04:56;Bicyclist Ride Out - Sign-Controlled Intersection;111142;2009;C: Possible Injury;Residential;30-39;35;No;26-30 mph;O: No Injury;Black;Female;Passenger Car;No;No;Daylight;Urban (>70% Developed);4 lanes;2;Straight - Level;Local Street;Dry;Two-Way, Not Divided;None;No Special Feature;Smooth Asphalt;Coastal;Urban;30 - 35  MPH;Stop Sign;Clear;No;35.946587, -77.78812
198;199;Yes;50-59;58;No;Facing Traffic;C: Possible Injury;Non-Roadway;Black;Male;Asheville;Buncombe;No;01-01-07;2009-05-17;Bicyclist Failed to Yield - Midblock;12;Non-Intersection;01-05-01;0001-01-01T07:04:58-04:56;Bicyclist Ride Out - Other Midblock;362318;2009;C: Possible Injury;Commercial;60-69;63;No;6-10 mph;O: No Injury;White;Male;Passenger Car;No;No;Daylight;Urban (>70% Developed);2 lanes;2;Straight - Level;Local Street;Wet;Two-Way, Not Divided;None;T-Intersection;Concrete;Mountains;Urban;20 - 25  MPH;No Control Present;Rain;No;35.5868, -82.586754