FID;OBJECTID;AmbulanceR;BikeAge_Gr;Bike_Age;Bike_Alc_D;Bike_Dir;Bike_Injur;Bike_Pos;Bike_Race;Bike_Sex;City;County;CrashAlcoh;CrashDay;Crash_Date;Crash_Grp;Crash_Hour;Crash_Loc;Crash_Mont;Crash_Time;Crash_Type;Crash_Ty_1;Crash_Year;Crsh_Sevri;Developmen;DrvrAge_Gr;Drvr_Age;Drvr_Alc_D;Drvr_EstSp;Drvr_Injur;Drvr_Race;Drvr_Sex;Drvr_VehTy;ExcsSpdInd;Hit_Run;Light_Cond;Locality;Num_Lanes;Num_Units;Rd_Charact;Rd_Class;Rd_Conditi;Rd_Config;Rd_Defects;Rd_Feature;Rd_Surface;Region;Rural_Urba;Speed_Limi;Traff_Cntr;Weather;Workzone_I;Location
203;204;Yes;16-19;16;No;With Traffic;A: Disabling Injury;Travel Lane;Other;Male;Raleigh;Wake;No;01-01-06;2009-05-09;Bicyclist Left Turn / Merge;15;Non-Intersection;01-05-01;0001-01-01T10:20:58-04:56;Bicyclist Left Turn - Opposite Direction;311222;2009;A: Disabling Injury;Residential;40-49;42;No;31-35 mph;O: No Injury;Black;Female;Sport Utility;No;No;Daylight;Urban (>70% Developed);2 lanes;2;Straight - Bottom;Local Street;Dry;Two-Way, Not Divided;None;No Special Feature;Smooth Asphalt;Piedmont;Urban;30 - 35  MPH;No Control Present;Clear;No;35.830837, -78.67436
204;205;No;60-69;64;No;With Traffic;C: Possible Injury;Bike Lane / Paved Shoulder;White;Male;None - Rural Crash;Orange;No;01-01-02;2009-06-02;Loss of Control / Turning Error;9;Non-Intersection;01-06-01;0001-01-01T04:16:58-04:56;Motorist Lost Control - Other /;321139;2009;C: Possible Injury;Farms, Woods, Pastures;;;No;36-40 mph;Injury;/Missing;;;No;Yes;Daylight;Rural (<30% Developed);2 lanes;2;Straight - Level;NC Route;Dry;Two-Way, Not Divided;None;No Special Feature;Smooth Asphalt;Piedmont;Rural;40 - 45  MPH;Double Yellow Line, No Passing Zone;Clear;No;35.921856, -79.10786
205;206;No;30-39;36;No;With Traffic;O: No Injury;Bike Lane / Paved Shoulder;White;Female;None - Rural Crash;Chowan;No;;2009-06-01;Motorist Overtaking Bicyclist;11;Non-Intersection;01-06-01;0001-01-01T06:25:58-04:56;Motorist Overtaking - Misjudged Space;321232;2009;O: No Injury;Farms, Woods, Pastures;50-59;59;No;31-35 mph;O: No Injury;Black;Male;Pickup;No;No;Daylight;Rural (<30% Developed);2 lanes;2;Straight - Level;State Secondary Route;Dry;Two-Way, Not Divided;None;No Special Feature;Smooth Asphalt;Coastal;Rural;40 - 45  MPH;Double Yellow Line, No Passing Zone;Clear;No;36.07037, -76.64611
216;217;Yes;40-49;46;No;Not Applicable;B: Evident Injury;Travel Lane;White;Male;Durham;Durham;No;01-01-05;2009-05-22;Non-Roadway;12;Non-Roadway;01-05-01;0001-01-01T07:54:58-04:56;Non-Roadway;410910;2009;B: Evident Injury;Institutional;40-49;41;No;0-5 mph;O: No Injury;White;Female;Passenger Car;No;No;Daylight;Urban (>70% Developed);2 lanes;2;Straight - Grade;Public Vehicular Area;Dry;Two-Way, Not Divided;None;Driveway, Private;Coarse Asphalt;Piedmont;Urban;20 - 25  MPH;No Control Present;Cloudy;No;36.00432, -78.93957
218;219;Yes;50-59;51;No;Facing Traffic;C: Possible Injury;Sidewalk / Crosswalk / Driveway Crossing;Black;Male;Chapel Hill;Orange;No;01-01-05;2009-05-22;Motorist Failed to Yield - Sign-Controlled Intersection;15;Intersection;01-05-01;0001-01-01T10:35:58-04:56;Motorist Drive Out - Sign-Controlled Intersection;132141;2009;C: Possible Injury;Commercial;60-69;61;No;0-5 mph;O: No Injury;White;Female;Passenger Car;No;No;Daylight;Urban (>70% Developed);2 lanes;2;Straight - Level;Local Street;Dry;Two-Way, Not Divided;None;T-Intersection;Smooth Asphalt;Piedmont;Urban;20 - 25  MPH;Stop Sign;Clear;No;35.911034, -79.06614
219;220;Yes;15-Nov;13;No;With Traffic;B: Evident Injury;Travel Lane;White;Male;Tabor City;Columbus;No;01-01-05;2009-05-22;Bicyclist Left Turn / Merge;17;Non-Intersection;01-05-01;0001-01-01T12:20:58-04:56;Bicyclist Left Turn - Opposite Direction;311222;2009;B: Evident Injury;Commercial;60-69;68;No;41-45 mph;O: No Injury;White;Male;Van;No;No;Daylight;Urban (>70% Developed);3 lanes;2;Straight - Level;Local Street;Dry;Two-Way, Divided, Unprotected Median;None;No Special Feature;Coarse Asphalt;Coastal;Rural;40 - 45  MPH;Double Yellow Line, No Passing Zone;Clear;No;34.154327, -78.86451
220;221;Yes;50-59;50;No;With Traffic;B: Evident Injury;Travel Lane;White;Female;Pinehurst;Moore;No;01-01-05;2009-05-22;Parallel Paths - Other Circumstances;19;Intersection;01-05-01;0001-01-01T14:09:58-04:56;Parallel Paths - Other /;111280;2009;B: Evident Injury;Residential;50-59;50;No;16-20 mph;O: No Injury;White;Female;Passenger Car;No;No;Daylight;Mixed (30% To 70% Developed);4 lanes;3;Straight - Level;US Route;Dry;Two-Way, Not Divided;None;Four-Way Intersection;Smooth Asphalt;Piedmont;Urban;30 - 35  MPH;Stop And Go Signal;Clear;No;35.206585, -79.451
223;224;Yes;20-24;23;Yes;Facing Traffic;C: Possible Injury;Other;Black;Male;Benson;Johnston;Yes;01-01-03;2009-05-20;Crossing Paths - Other Circumstances;7;Intersection;01-05-01;0001-01-01T02:38:58-04:56;Signalized Intersection - Other /;182158;2009;C: Possible Injury;Commercial;40-49;49;No;0-5 mph;O: No Injury;Black;Male;Passenger Car;No;No;Daylight;Mixed (30% To 70% Developed);2 lanes;2;Straight - Level;Local Street;Dry;Two-Way, Not Divided;None;Four-Way Intersection;Smooth Asphalt;Coastal;Rural;30 - 35  MPH;Stop And Go Signal;Clear;No;35.380676, -78.54679
226;227;No;20-24;21;No;Facing Traffic;C: Possible Injury;Travel Lane;Black;Female;Charlotte;Mecklenburg;No;01-01-04;2009-05-21;Crossing Paths - Other Circumstances;19;Intersection;01-05-01;0001-01-01T14:12:58-04:56;Signalized Intersection - Other /;112158;2009;C: Possible Injury;Commercial;20-24;24;No;0-5 mph;O: No Injury;White;Male;Sport Utility;No;No;Daylight;Urban (>70% Developed);4 lanes;2;Straight - Level;Local Street;Dry;Two-Way, Divided, Unprotected Median;None;No Special Feature;Smooth Asphalt;Piedmont;Urban;40 - 45  MPH;Stop And Go Signal;Clear;No;35.087498, -80.85281
230;231;No;40-49;47;No;Facing Traffic;B: Evident Injury;Sidewalk / Crosswalk / Driveway Crossing;Black;Male;Charlotte;Mecklenburg;No;01-01-05;2009-05-22;Motorist Failed to Yield - Midblock;17;Non-Intersection;01-05-01;0001-01-01T12:50:58-04:56;Motorist Drive Out - Other Midblock;332328;2009;B: Evident Injury;Commercial;;;No;0-5 mph;Injury;/Missing;;Sport Utility;No;Yes;Daylight;Urban (>70% Developed);;2;Straight - Grade;US Route;Dry;Two-Way, Not Divided;None;Driveway, Public;Concrete;Piedmont;Urban;5 - 15 MPH;No Control Present;Clear;No;35.247284, -80.81786
243;244;No;20-24;22;No;With Traffic;C: Possible Injury;Travel Lane;White;Male;Raleigh;Wake;No;01-01-04;2009-05-21;Motorist Overtaking Bicyclist;2;Non-Intersection;01-05-01;0000-12-31T21:57:58-04:56;Motorist Overtaking - Other /;311239;2009;C: Possible Injury;Commercial;;;Missing;31-35 mph;Injury;/Missing;;;No;Yes;Dark - Lighted Roadway;Urban (>70% Developed);2 lanes;2;Straight - Level;Local Street;Dry;Two-Way, Not Divided;None;No Special Feature;Smooth Asphalt;Piedmont;Urban;30 - 35  MPH;No Control Present;Clear;Yes;35.78782, -78.66822
245;246;Yes;50-59;53;No;With Traffic;C: Possible Injury;Travel Lane;Black;Male;Raleigh;Wake;No;01-01-04;2009-04-23;Crossing Paths - Other Circumstances;17;Intersection;01-04-01;0001-01-01T12:19:58-04:56;Signalized Intersection - Other /;111158;2009;C: Possible Injury;Residential;20-24;22;No;16-20 mph;O: No Injury;Black;Female;Passenger Car;No;No;Daylight;Urban (>70% Developed);3 lanes;2;Straight - Level;Local Street;Dry;One-Way, Not Divided;None;No Special Feature;Concrete;Piedmont;Urban;30 - 35  MPH;Stop And Go Signal;Clear;No;35.7808, -78.62826
252;253;No;0-5;5;No;Facing Traffic;B: Evident Injury;Sidewalk / Crosswalk / Driveway Crossing;Black;Male;Edenton;Chowan;No;01-01-07;2009-05-31;Motorist Failed to Yield - Midblock;14;Non-Intersection;01-05-01;0001-01-01T09:38:58-04:56;Motorist Drive Out - Commercial Driveway / Alley;332322;2009;B: Evident Injury;Residential;20-24;24;No;;O: No Injury;Black;Female;Van;No;No;Daylight;Mixed (30% To 70% Developed);2 lanes;2;Straight - Level;Local Street;Dry;Two-Way, Divided, Unprotected Median;None;No Special Feature;Coarse Asphalt;Coastal;Urban;20 - 25  MPH;Stop Sign;Clear;No;36.063137, -76.60346
260;261;Yes;50-59;55;No;Facing Traffic;C: Possible Injury;Sidewalk / Crosswalk / Driveway Crossing;Black;Male;Winston-Salem;Forsyth;No;01-01-04;2009-06-04;Motorist Failed to Yield - Midblock;7;Non-Intersection;01-06-01;0001-01-01T02:57:58-04:56;Motorist Drive Out - Commercial Driveway / Alley;332322;2009;C: Possible Injury;Commercial;60-69;66;No;0-5 mph;O: No Injury;White;Male;Passenger Car;No;No;Daylight;Urban (>70% Developed);6 lanes;2;Straight - Level;Local Street;Dry;Two-Way, Divided, Positive Median Barrier;None;Driveway, Public;Smooth Asphalt;Piedmont;Urban;40 - 45  MPH;No Control Present;Cloudy;No;36.071663, -80.258026
265;266;No;16-19;19;No;With Traffic;B: Evident Injury;Travel Lane;White;Male;Raleigh;Wake;No;01-01-02;2009-06-02;Crossing Paths - Other Circumstances;11;Intersection;01-06-01;0001-01-01T06:22:58-04:56;Crossing Paths - Intersection - Other /;111180;2009;B: Evident Injury;Farms, Woods, Pastures;25-29;27;No;0-5 mph;O: No Injury;Asian;Male;Passenger Car;No;No;Daylight;Mixed (30% To 70% Developed);2 lanes;2;Straight - Level;Local Street;Dry;Two-Way, Not Divided;None;T-Intersection;Smooth Asphalt;Piedmont;Urban;20 - 25  MPH;Stop Sign;Clear;No;35.784924, -78.67577
268;269;Yes;30-39;38;No;With Traffic;B: Evident Injury;Travel Lane;Native American;Male;None - Rural Crash;Robeson;No;01-01-06;2009-06-20;Motorist Overtaking Bicyclist;22;Non-Intersection;01-06-01;0001-01-01T17:20:58-04:56;Motorist Overtaking - Misjudged Space;311232;2009;B: Evident Injury;Farms, Woods, Pastures;40-49;40;No;51-55 mph;O: No Injury;White;Male;Pickup;No;No;Dark - Roadway Not Lighted;Rural (<30% Developed);2 lanes;2;Straight - Level;NC Route;Dry;Two-Way, Not Divided;None;No Special Feature;Coarse Asphalt;Coastal;Rural;50 - 55  MPH;No Control Present;Clear;No;34.770634, -79.20444
271;272;No;25-29;25;No;With Traffic;B: Evident Injury;Travel Lane;White;Female;None - Rural Crash;Hyde;Yes;;2009-06-01;Motorist Left Turn / Merge;22;Intersection;01-06-01;0001-01-01T17:10:58-04:56;Motorist Left Turn - Opposite Direction;111212;2009;B: Evident Injury;Residential;30-39;39;Yes;6-10 mph;O: No Injury;White;Male;Passenger Car;No;No;Dark - Roadway Not Lighted;Mixed (30% To 70% Developed);2 lanes;2;Straight - Level;NC Route;Dry;Two-Way, Not Divided;None;T-Intersection;Smooth Asphalt;Coastal;Rural;20 - 25  MPH;Stop Sign;Clear;No;35.11083, -75.97992
274;275;Yes;25-29;29;No;With Traffic;B: Evident Injury;Travel Lane;White;Male;None - Rural Crash;Dare;No;01-01-04;2009-06-04;Motorist Overtaking Bicyclist;17;Non-Intersection;01-06-01;0001-01-01T12:58:58-04:56;Motorist Overtaking - Other /;311239;2009;B: Evident Injury;Farms, Woods, Pastures;20-24;22;No;31-35 mph;O: No Injury;White;Male;Pickup;No;No;Daylight;Rural (<30% Developed);2 lanes;2;Curve - Grade;NC Route;Dry;Two-Way, Not Divided;None;No Special Feature;Smooth Asphalt;Coastal;Rural;40 - 45  MPH;Double Yellow Line, No Passing Zone;Clear;No;35.8678, -75.64972
286;287;Yes;15-Nov;15;No;With Traffic;C: Possible Injury;Travel Lane;White;Male;None - Rural Crash;Cleveland;No;;2009-06-29;Bicyclist Failed to Yield - Sign-Controlled Intersection;18;Intersection;01-06-01;0001-01-01T13:22:58-04:56;Bicyclist Ride Through - Sign-Controlled Intersection;111144;2009;C: Possible Injury;Residential;20-24;21;No;31-35 mph;O: No Injury;White;Female;Passenger Car;No;No;Daylight;Mixed (30% To 70% Developed);2 lanes;2;Straight - Level;State Secondary Route;Dry;Two-Way, Not Divided;None;T-Intersection;Coarse Asphalt;Mountains;Rural;30 - 35  MPH;Stop Sign;Clear;No;35.33841, -81.51293
292;293;No;40-49;42;No;With Traffic;B: Evident Injury;Travel Lane;White;Male;None - Rural Crash;Wake;No;01-01-02;2009-06-30;Bicyclist Right Turn / Merge;18;Intersection;01-06-01;0001-01-01T13:33:58-04:56;Bicyclist Right Turn - Same Direction;111223;2009;B: Evident Injury;Farms, Woods, Pastures;25-29;27;No;41-45 mph;O: No Injury;White;Male;Passenger Car;No;No;Daylight;Rural (<30% Developed);2 lanes;2;Straight - Grade;State Secondary Route;Dry;Two-Way, Not Divided;None;T-Intersection;Coarse Asphalt;Piedmont;Rural;40 - 45  MPH;Double Yellow Line, No Passing Zone;Clear;No;35.654915, -78.925835
302;303;Yes;16-19;16;No;With Traffic;C: Possible Injury;Travel Lane;Black;Male;High Point;Guilford;No;01-01-04;2009-06-25;Parallel Paths - Other Circumstances;23;Intersection;01-06-01;0001-01-01T18:10:58-04:56;Motorist Turn / Merge - Other /;111219;2009;C: Possible Injury;Residential;50-59;55;No;0-5 mph;O: No Injury;White;Female;Passenger Car;No;No;Dark - Lighted Roadway;Urban (>70% Developed);4 lanes;2;Straight - Level;Local Street;Dry;Two-Way, Not Divided;None;T-Intersection;Coarse Asphalt;Piedmont;Urban;30 - 35  MPH;Stop Sign;Clear;No;35.997658, -80.02825
316;317;Yes;25-29;25;No;With Traffic;A: Disabling Injury;Travel Lane;White;Male;None - Rural Crash;Onslow;No;01-01-07;2009-06-28;Motorist Overtaking Bicyclist;21;Non-Intersection;01-06-01;0001-01-01T16:17:58-04:56;Motorist Overtaking - Other /;311239;2009;A: Disabling Injury;Farms, Woods, Pastures;;;Missing;41-45 mph;Injury;/Missing;;;No;Yes;Dark - Roadway Not Lighted;Rural (<30% Developed);3 lanes;2;Straight - Level;NC Route;Dry;Two-Way, Not Divided;None;Driveway, Private;Coarse Asphalt;Coastal;Rural;40 - 45  MPH;No Control Present;Clear;No;34.73595, -77.56597
323;324;No;40-49;48;No;With Traffic;B: Evident Injury;Travel Lane;White;Male;None - Rural Crash;Richmond;No;01-01-06;2009-07-04;Motorist Overtaking Bicyclist;19;Intersection;01-07-01;0001-01-01T14:33:58-04:56;Motorist Overtaking - Other /;111239;2009;B: Evident Injury;Residential;20-24;22;No;31-35 mph;Injury;White;Female;Passenger Car;No;Yes;Daylight;Urban (>70% Developed);2 lanes;2;Straight - Level;State Secondary Route;Dry;Two-Way, Not Divided;None;T-Intersection;Smooth Asphalt;Piedmont;Rural;30 - 35  MPH;Double Yellow Line, No Passing Zone;Clear;No;34.921494, -79.76793
331;332;No;15-Nov;14;No;With Traffic;B: Evident Injury;Travel Lane;White;Male;Asheville;Buncombe;No;;2009-06-29;Bicyclist Failed to Yield - Signalized Intersection;18;Intersection;01-06-01;0001-01-01T13:20:58-04:56;Bicyclist Ride Through - Signalized Intersection;111155;2009;B: Evident Injury;Commercial;25-29;26;No;41-45 mph;O: No Injury;White;Male;Passenger Car;No;No;Daylight;Urban (>70% Developed);8 lanes;2;Straight - Level;US Route;Dry;Two-Way, Divided, Positive Median Barrier;None;Four-Way Intersection;Concrete;Mountains;Urban;40 - 45  MPH;Stop And Go Signal;Clear;No;35.58661, -82.59188
339;340;No;20-24;23;Yes;;K: Killed;Bike Lane / Paved Shoulder;Black;Male;Fayetteville;Cumberland;Yes;01-01-05;2009-07-03;Crossing Paths - Other Circumstances;21;Intersection-Related;01-07-01;0001-01-01T16:59:58-04:56;Sign-Controlled Intersection - Other /;229148;2009;K: Killed;Commercial;0-19;16;No;46-50 mph;C: Possible Injury;Black;Female;Passenger Car;No;No;Dark - Lighted Roadway;Urban (>70% Developed);4 lanes;3;Straight - Level;Local Street;Dry;Two-Way, Divided, Unprotected Median;None;Four-Way Intersection;Coarse Asphalt;Coastal;Urban;50 - 55  MPH;Stop And Go Signal;Clear;No;35.058243, -78.992836
341;342;Yes;30-39;36;No;Facing Traffic;C: Possible Injury;Travel Lane;Black;Male;None - Rural Crash;New Hanover;No;01-01-02;2009-07-07;Motorist Failed to Yield - Sign-Controlled Intersection;15;Intersection;01-07-01;0001-01-01T10:48:58-04:56;Motorist Drive Out - Sign-Controlled Intersection;112141;2009;C: Possible Injury;Residential;40-49;48;No;0-5 mph;O: No Injury;White;Female;Passenger Car;No;No;Daylight;Urban (>70% Developed);4 lanes;2;Straight - Level;US Route;Dry;Two-Way, Divided, Unprotected Median;None;T-Intersection;Coarse Asphalt;Coastal;Rural;50 - 55  MPH;Stop Sign;Cloudy;No;34.094852, -77.89784
351;352;Yes;10-Jun;8;No;With Traffic;B: Evident Injury;Sidewalk / Crosswalk / Driveway Crossing;Black;Male;Greensboro;Guilford;No;01-01-04;2009-07-09;Bicyclist Failed to Yield - Sign-Controlled Intersection;14;Intersection;01-07-01;0001-01-01T09:35:58-04:56;Bicyclist Ride Through - Sign-Controlled Intersection;131144;2009;B: Evident Injury;Residential;40-49;47;No;21-25 mph;O: No Injury;Black;Male;Pickup;No;No;Daylight;Urban (>70% Developed);2 lanes;2;Straight - Hillcrest;Local Street;Dry;Two-Way, Not Divided;None;T-Intersection;Smooth Asphalt;Piedmont;Urban;20 - 25  MPH;Stop Sign;Clear;No;36.063557, -79.78272
354;355;Yes;16-19;19;No;With Traffic;C: Possible Injury;Travel Lane;White;Female;None - Rural Crash;New Hanover;No;01-01-06;2009-07-04;Motorist Overtaking Bicyclist;20;Non-Intersection;01-07-01;0001-01-01T15:53:58-04:56;Motorist Overtaking - Undetected Bicyclist;311231;2009;C: Possible Injury;Commercial;20-24;21;No;41-45 mph;O: No Injury;White;Female;Passenger Car;No;No;Dusk;Mixed (30% To 70% Developed);5 lanes;2;Straight - Level;NC Route;Dry;Two-Way, Divided, Unprotected Median;None;No Special Feature;Smooth Asphalt;Coastal;Rural;40 - 45  MPH;No Control Present;Clear;No;34.16604, -77.89144
364;365;Yes;15-Nov;14;No;With Traffic;B: Evident Injury;Travel Lane;Black;Male;None - Rural Crash;Pitt;No;01-01-03;2009-07-15;Motorist Overtaking Bicyclist;14;Non-Intersection;01-07-01;0001-01-01T09:36:58-04:56;Motorist Overtaking - Bicyclist Swerved;311235;2009;B: Evident Injury;Farms, Woods, Pastures;40-49;49;No;46-50 mph;O: No Injury;White;Female;Sport Utility;No;No;Daylight;Rural (<30% Developed);2 lanes;2;Straight - Level;State Secondary Route;Dry;Two-Way, Not Divided;None;No Special Feature;Coarse Asphalt;Coastal;Rural;50 - 55  MPH;No Control Present;Clear;No;35.52624, -77.31117
366;367;Yes;40-49;40;No;With Traffic;B: Evident Injury;Travel Lane;Black;Male;Winston-Salem;Forsyth;Yes;01-01-05;2009-07-10;Motorist Left Turn / Merge;0;Intersection;01-07-01;0000-12-31T19:51:58-04:56;Motorist Left Turn - Opposite Direction;111212;2009;B: Evident Injury;Commercial;0-19;19;Yes;0-5 mph;O: No Injury;Black;Male;Passenger Car;No;No;Dark - Lighted Roadway;Urban (>70% Developed);2 lanes;2;Straight - Grade;Local Street;Dry;Two-Way, Not Divided;None;Four-Way Intersection;Coarse Asphalt;Piedmont;Urban;30 - 35  MPH;Stop And Go Signal;Clear;No;36.09642, -80.25642
368;369;Yes;60-69;60;No;Not Applicable;B: Evident Injury;Travel Lane;White;Female;Beaufort;Carteret;No;01-01-05;2009-07-24;Non-Roadway;11;Non-Roadway;01-07-01;0001-01-01T06:33:58-04:56;Non-Roadway;410910;2009;B: Evident Injury;Commercial;50-59;57;No;11-15 mph;O: No Injury;White;Male;Pickup;No;No;Daylight;Urban (>70% Developed);2 lanes;2;Straight - Level;Public Vehicular Area;Dry;Two-Way, Not Divided;None;Driveway, Public;Coarse Asphalt;Coastal;Rural;30 - 35  MPH;No Control Present;Cloudy;No;34.72436, -76.64756
373;374;Yes;30-39;32;No;With Traffic;B: Evident Injury;Travel Lane;White;Female;Charlotte;Mecklenburg;No;01-01-03;2009-07-15;Motorist Failed to Yield - Sign-Controlled Intersection;19;Intersection;01-07-01;0001-01-01T14:26:58-04:56;Motorist Drive Out - Sign-Controlled Intersection;111141;2009;B: Evident Injury;Residential;50-59;54;No;6-10 mph;O: No Injury;White;Male;Sport Utility;No;No;Daylight;Urban (>70% Developed);2 lanes;2;Straight - Level;Local Street;Dry;Two-Way, Not Divided;None;No Special Feature;Smooth Asphalt;Piedmont;Urban;30 - 35  MPH;Stop Sign;Clear;No;35.03165, -80.79256
376;377;No;25-29;26;No;Not Applicable;O: No Injury;Non-Roadway;White;Male;Durham;Durham;No;;2009-07-27;Non-Roadway;8;Non-Roadway;01-07-01;0001-01-01T03:03:58-04:56;Non-Roadway;460910;2009;O: No Injury;Residential;20-24;24;No;0-5 mph;O: No Injury;White;Male;Passenger Car;No;No;Daylight;Urban (>70% Developed);2 lanes;2;Straight - Grade;Public Vehicular Area;Dry;Two-Way, Not Divided;None;No Special Feature;Smooth Asphalt;Piedmont;Urban;5 - 15 MPH;No Control Present;Clear;No;35.918606, -78.91196
383;384;No;50-59;59;No;;O: No Injury;Driveway / Alley;/Missing;Male;Rocky Mount;Nash;No;;2009-07-13;Motorist Overtaking Bicyclist;18;Non-Intersection;01-07-01;0001-01-01T13:52:58-04:56;Motorist Overtaking - Other /;359239;2009;O: No Injury;Commercial;;;Missing;;Injury;/Missing;;Passenger Car;No;Yes;Daylight;Urban (>70% Developed);2 lanes;2;Straight - Level;Local Street;Dry;Two-Way, Not Divided;None;Alley Intersection;Coarse Asphalt;Coastal;Urban;5 - 15 MPH;No Control Present;Clear;No;35.9433, -77.79573
387;388;No;40-49;44;Yes;Facing Traffic;C: Possible Injury;Sidewalk / Crosswalk / Driveway Crossing;White;Male;Charlotte;Mecklenburg;Yes;01-01-05;2009-07-24;Motorist Right Turn / Merge;20;Intersection;01-07-01;0001-01-01T15:54:58-04:56;Motorist Right Turn - Opposite Direction;132214;2009;C: Possible Injury;Commercial;60-69;68;No;11-15 mph;O: No Injury;White;Male;Passenger Car;No;No;Dusk;Urban (>70% Developed);2 lanes;2;Straight - Grade;Local Street;Dry;One-Way, Not Divided;None;No Special Feature;Smooth Asphalt;Piedmont;Urban;30 - 35  MPH;No Control Present;Clear;No;35.214737, -80.83207
393;394;No;40-49;45;No;With Traffic;B: Evident Injury;Travel Lane;/Missing;Male;Charlotte;Mecklenburg;No;01-01-02;2009-07-28;Motorist Overtaking Bicyclist;16;Non-Intersection;01-07-01;0001-01-01T11:19:58-04:56;Motorist Overtaking - Other /;311239;2009;B: Evident Injury;Commercial;;;Missing;31-35 mph;Injury;/Missing;;;No;Yes;Dawn;Urban (>70% Developed);4 lanes;2;Straight - Level;Local Street;Dry;Two-Way, Divided, Unprotected Median;None;No Special Feature;Smooth Asphalt;Piedmont;Urban;30 - 35  MPH;No Control Present;Clear;No;35.251175, -80.81205
397;398;Yes;20-24;20;No;Facing Traffic;B: Evident Injury;Sidewalk / Crosswalk / Driveway Crossing;White;Male;Apex;Wake;No;;2009-07-27;Motorist Right Turn / Merge;20;Intersection;01-07-01;0001-01-01T15:47:58-04:56;Motorist Right Turn - Opposite Direction;132214;2009;B: Evident Injury;Commercial;60-69;65;No;31-35 mph;O: No Injury;White;Female;Sport Utility;No;No;Dark - Lighted Roadway;Urban (>70% Developed);5 lanes;2;Straight - Level;NC Route;Dry;Two-Way, Not Divided;None;Four-Way Intersection;Smooth Asphalt;Piedmont;Urban;40 - 45  MPH;Stop And Go Signal;Clear;No;35.735813, -78.86255
407;408;Yes;50-59;54;No;With Traffic;C: Possible Injury;Travel Lane;White;Male;Charlotte;Mecklenburg;No;01-01-06;2009-08-01;Motorist Overtaking Bicyclist;10;Non-Intersection;01-08-01;0001-01-01T05:26:58-04:56;Motorist Overtaking - Undetected Bicyclist;311231;2009;C: Possible Injury;Commercial;70+;;No;41-45 mph;O: No Injury;White;Male;Passenger Car;No;No;Daylight;Urban (>70% Developed);4 lanes;2;Straight - Grade;Local Street;Dry;Two-Way, Divided, Unprotected Median;None;No Special Feature;Smooth Asphalt;Piedmont;Urban;40 - 45  MPH;No Control Present;Cloudy;No;35.093422, -80.77647
409;410;Yes;20-24;22;Yes;With Traffic;A: Disabling Injury;Travel Lane;White;Male;Durham;Durham;Yes;01-01-06;2009-08-08;Motorist Left Turn / Merge;23;Intersection;01-08-01;0001-01-01T18:54:58-04:56;Motorist Left Turn - Opposite Direction;111212;2009;A: Disabling Injury;Residential;25-29;26;No;31-35 mph;O: No Injury;Black;Female;Passenger Car;No;Yes;Dark - Roadway Not Lighted;Urban (>70% Developed);2 lanes;2;Straight - Grade;Local Street;Dry;Two-Way, Not Divided;None;Four-Way Intersection;Smooth Asphalt;Piedmont;Urban;30 - 35  MPH;Stop And Go Signal;Clear;No;35.94335, -78.98319
425;426;Yes;40-49;42;No;With Traffic;C: Possible Injury;Travel Lane;White;Female;None - Rural Crash;Wake;No;01-01-04;2009-08-06;Motorist Overtaking Bicyclist;18;Non-Intersection;01-08-01;0001-01-01T13:56:58-04:56;Motorist Overtaking - Other /;311239;2009;C: Possible Injury;Farms, Woods, Pastures;50-59;50;No;31-35 mph;O: No Injury;White;Male;Pickup;No;No;Daylight;Mixed (30% To 70% Developed);2 lanes;2;Straight - Hillcrest;State Secondary Route;Dry;Two-Way, Not Divided;None;No Special Feature;Coarse Asphalt;Piedmont;Rural;40 - 45  MPH;Double Yellow Line, No Passing Zone;Clear;No;36.013577, -78.56324
436;437;No;10-Jun;9;No;Facing Traffic;Injury;Travel Lane;Black;Male;Asheville;Buncombe;No;01-01-05;2009-06-05;Crossing Paths - Other Circumstances;17;Intersection;01-06-01;0001-01-01T12:07:58-04:56;Crossing Paths - Intersection - Other /;112180;2009;C: Possible Injury;Residential;40-49;42;No;16-20 mph;O: No Injury;Black;Female;Passenger Car;No;No;Daylight;Urban (>70% Developed);2 lanes;2;Straight - Grade;Local Street;Dry;Two-Way, Not Divided;None;Four-Way Intersection;Smooth Asphalt;Mountains;Urban;20 - 25  MPH;Other;Clear;No;35.56743, -82.57855
446;447;Yes;20-24;21;No;With Traffic;B: Evident Injury;Travel Lane;White;Female;Chapel Hill;Orange;Yes;01-01-04;2009-08-06;Motorist Failed to Yield - Signalized Intersection;16;Intersection;01-08-01;0001-01-01T11:18:58-04:56;Motorist Drive Through - Signalized Intersection;111154;2009;B: Evident Injury;Institutional;20-24;22;Yes;11-15 mph;O: No Injury;White;Male;Passenger Car;No;No;Daylight;Urban (>70% Developed);;2;Straight - Grade;Local Street;Dry;One-Way, Not Divided;None;No Special Feature;Coarse Asphalt;Piedmont;Urban;20 - 25  MPH;Stop And Go Signal;Clear;No;35.910667, -79.05426