FID;OBJECTID;AmbulanceR;BikeAge_Gr;Bike_Age;Bike_Alc_D;Bike_Dir;Bike_Injur;Bike_Pos;Bike_Race;Bike_Sex;City;County;CrashAlcoh;CrashDay;Crash_Date;Crash_Grp;Crash_Hour;Crash_Loc;Crash_Mont;Crash_Time;Crash_Type;Crash_Ty_1;Crash_Year;Crsh_Sevri;Developmen;DrvrAge_Gr;Drvr_Age;Drvr_Alc_D;Drvr_EstSp;Drvr_Injur;Drvr_Race;Drvr_Sex;Drvr_VehTy;ExcsSpdInd;Hit_Run;Light_Cond;Locality;Num_Lanes;Num_Units;Rd_Charact;Rd_Class;Rd_Conditi;Rd_Config;Rd_Defects;Rd_Feature;Rd_Surface;Region;Rural_Urba;Speed_Limi;Traff_Cntr;Weather;Workzone_I;Location
642;643;Yes;50-59;56;No;Facing Traffic;B: Evident Injury;Sidewalk / Crosswalk / Driveway Crossing;Black;Male;Elizabethtown;Bladen;No;01-01-05;2009-10-23;Motorist Failed to Yield - Midblock;10;Non-Intersection;01-10-01;0001-01-01T05:23:58-04:56;Motorist Drive Out - Commercial Driveway / Alley;332322;2009;B: Evident Injury;Commercial;50-59;58;No;0-5 mph;O: No Injury;White;Female;Passenger Car;No;No;Daylight;Urban (>70% Developed);;2;Straight - Level;Public Vehicular Area;Dry;;None;Driveway, Public;Smooth Asphalt;Coastal;Rural;;No Control Present;Clear;No;34.624264, -78.607834
653;654;Yes;40-49;40;No;With Traffic;B: Evident Injury;Travel Lane;Black;Male;Weldon;Halifax;No;01-01-06;2009-10-24;Crossing Paths - Other Circumstances;17;Intersection;01-10-01;0001-01-01T12:44:58-04:56;Crossing Paths - Intersection - Other /;111180;2009;B: Evident Injury;Residential;40-49;43;No;11-15 mph;O: No Injury;Black;Female;Passenger Car;No;No;Daylight;Urban (>70% Developed);2 lanes;2;Straight - Grade;Local Street;Dry;One-Way, Not Divided;None;No Special Feature;Smooth Asphalt;Coastal;Rural;20 - 25  MPH;No Control Present;Cloudy;No;36.42882, -77.59971
657;658;Yes;16-19;16;Yes;With Traffic;K: Killed;Travel Lane;White;Male;None - Rural Crash;Harnett;Yes;01-01-06;2009-11-07;Motorist Overtaking Bicyclist;18;Non-Intersection;01-11-01;0001-01-01T13:08:58-04:56;Motorist Overtaking - Bicyclist Swerved;311235;2009;K: Killed;Farms, Woods, Pastures;0-19;17;No;41-45 mph;O: No Injury;White;Male;Pickup;No;No;Dark - Roadway Not Lighted;Rural (<30% Developed);2 lanes;2;Straight - Level;State Secondary Route;Dry;Two-Way, Not Divided;None;No Special Feature;Smooth Asphalt;Coastal;Rural;50 - 55  MPH;Double Yellow Line, No Passing Zone;Clear;No;35.322243, -78.56951
668;669;Yes;20-24;22;No;Facing Traffic;C: Possible Injury;Travel Lane;Black;Male;Havelock;Craven;No;01-01-05;2009-10-02;Motorist Failed to Yield - Sign-Controlled Intersection;12;Intersection;01-10-01;0001-01-01T07:30:58-04:56;Motorist Drive Out - Sign-Controlled Intersection;112141;2009;C: Possible Injury;Commercial;60-69;62;No;0-5 mph;O: No Injury;White;Male;Passenger Car;No;No;Daylight;Urban (>70% Developed);2 lanes;2;Straight - Level;Local Street;Water (Standing, Moving);Two-Way, Divided, Unprotected Median;None;No Special Feature;Smooth Asphalt;Coastal;Urban;30 - 35  MPH;Stop Sign;Clear;No;34.86821, -76.90009
673;674;Yes;16-19;16;No;With Traffic;B: Evident Injury;Travel Lane;White;Male;Wilmington;New Hanover;No;01-01-06;2009-10-17;Motorist Overtaking Bicyclist;22;Non-Intersection;01-10-01;0001-01-01T17:47:58-04:56;Motorist Overtaking - Undetected Bicyclist;311231;2009;B: Evident Injury;Commercial;25-29;27;No;36-40 mph;O: No Injury;White;Female;Passenger Car;No;No;Dark - Roadway Not Lighted;Urban (>70% Developed);;2;Straight - Level;Local Street;Dry;Two-Way, Divided, Positive Median Barrier;None;No Special Feature;Coarse Asphalt;Coastal;Urban;40 - 45  MPH;No Control Present;Clear;No;34.21676, -77.90768
676;677;Yes;40-49;49;No;With Traffic;O: No Injury;Bike Lane / Paved Shoulder;White;Male;None - Rural Crash;Guilford;No;01-01-06;2009-10-17;Loss of Control / Turning Error;12;Intersection-Related;01-10-01;0001-01-01T07:28:58-04:56;Motorist Lost Control - Oversteering, Improper Braking, Speed;221132;2009;B: Evident Injury;Residential;30-39;31;No;66-70 mph;B: Evident Injury;Black;Male;Passenger Car;No;No;Daylight;Mixed (30% To 70% Developed);2 lanes;3;Curve - Hillcrest;State Secondary Route;Dry;Two-Way, Not Divided;None;T-Intersection;Smooth Asphalt;Piedmont;Rural;40 - 45  MPH;Double Yellow Line, No Passing Zone;Cloudy;No;36.059753, -79.71282
683;684;Yes;20-24;23;Yes;With Traffic;C: Possible Injury;Travel Lane;Native American;Male;None - Rural Crash;Robeson;Yes;01-01-05;2009-11-13;Bicyclist Left Turn / Merge;22;Non-Intersection;01-11-01;0001-01-01T17:10:58-04:56;Bicyclist Left Turn - Same Direction;311221;2009;B: Evident Injury;Farms, Woods, Pastures;25-29;28;No;51-55 mph;O: No Injury;Native American;Male;Passenger Car;No;No;Dark - Roadway Not Lighted;Rural (<30% Developed);2 lanes;3;Straight - Level;State Secondary Route;Wet;Two-Way, Not Divided;None;No Special Feature;Coarse Asphalt;Coastal;Rural;50 - 55  MPH;Double Yellow Line, No Passing Zone;Cloudy;No;34.701134, -79.25206
692;693;Yes;15-Nov;11;No;With Traffic;B: Evident Injury;Travel Lane;White;Female;None - Rural Crash;Carteret;No;01-01-07;2009-11-29;Motorist Overtaking Bicyclist;12;Non-Intersection;01-11-01;0001-01-01T07:21:58-04:56;Motorist Overtaking - Other /;311239;2009;B: Evident Injury;Residential;70+;;No;21-25 mph;O: No Injury;White;Male;Passenger Car;No;No;Daylight;Mixed (30% To 70% Developed);2 lanes;2;Straight - Level;State Secondary Route;Dry;Two-Way, Not Divided;None;No Special Feature;Coarse Asphalt;Coastal;Rural;40 - 45  MPH;Double Yellow Line, No Passing Zone;Clear;No;34.733032, -77.0857
693;694;Yes;25-29;25;No;With Traffic;B: Evident Injury;Travel Lane;White;Male;Raleigh;Wake;No;01-01-05;2009-10-16;Motorist Right Turn / Merge;11;Intersection;01-10-01;0001-01-01T07:01:58-04:56;Motorist Right Turn on Red - Opposite Direction;111218;2009;B: Evident Injury;Commercial;30-39;34;No;16-20 mph;O: No Injury;Black;Male;Passenger Car;No;No;Daylight;Urban (>70% Developed);6 lanes;2;Straight - Level;Local Street;Dry;Two-Way, Not Divided;None;Four-Way Intersection;Coarse Asphalt;Piedmont;Urban;40 - 45  MPH;Stop And Go Signal;Clear;No;35.78495, -78.6869
696;697;Yes;40-49;46;Yes;With Traffic;B: Evident Injury;Travel Lane;Black;Male;None - Rural Crash;Chatham;Yes;01-01-06;2009-11-28;Motorist Overtaking Bicyclist;20;Non-Intersection;01-11-01;0001-01-01T15:35:58-04:56;Motorist Overtaking - Other /;311239;2009;B: Evident Injury;Farms, Woods, Pastures;40-49;45;No;51-55 mph;O: No Injury;Black;Female;Passenger Car;No;No;Dark - Roadway Not Lighted;Rural (<30% Developed);2 lanes;2;Straight - Level;US Route;Dry;Two-Way, Not Divided;None;No Special Feature;Smooth Asphalt;Piedmont;Rural;50 - 55  MPH;No Control Present;Clear;No;35.721912, -79.19584
699;700;Yes;0-5;3;No;Not Applicable;C: Possible Injury;Non-Roadway;Black;Female;Eden;Rockingham;No;01-01-02;2009-09-15;Non-Roadway;18;Non-Roadway;01-09-01;0001-01-01T13:10:58-04:56;Non-Roadway;460910;2009;C: Possible Injury;Residential;;;No;16-20 mph;Injury;/Missing;;Passenger Car;No;Yes;Daylight;Urban (>70% Developed);;2;Straight - Level;Public Vehicular Area;Dry;;None;Driveway, Public;Smooth Asphalt;Piedmont;Urban;5 - 15 MPH;No Control Present;Clear;No;36.512318, -79.70177
700;701;Yes;50-59;52;Yes;Not Applicable;C: Possible Injury;Non-Roadway;Black;Male;Goldsboro;Wayne;Yes;01-01-02;2009-11-17;Bicyclist Failed to Yield - Midblock;12;Non-Intersection;01-11-01;0001-01-01T07:13:58-04:56;Bicyclist Ride Out - Commercial Driveway / Alley;363312;2009;C: Possible Injury;Commercial;70+;;No;6-10 mph;C: Possible Injury;Black;Male;Pickup;No;No;Daylight;Urban (>70% Developed);2 lanes;2;Straight - Level;Local Street;Dry;Two-Way, Not Divided;None;No Special Feature;Smooth Asphalt;Coastal;Urban;30 - 35  MPH;No Control Present;Clear;No;35.383133, -77.987724
718;719;No;40-49;42;No;With Traffic;B: Evident Injury;Travel Lane;White;Male;Raleigh;Wake;No;01-01-03;2009-11-18;Bicyclist Left Turn / Merge;11;Intersection-Related;01-11-01;0001-01-01T07:02:58-04:56;Bicyclist Left Turn - Same Direction;211221;2009;B: Evident Injury;Residential;60-69;62;No;0-5 mph;O: No Injury;Black;Male;Passenger Car;No;No;Daylight;Urban (>70% Developed);5 lanes;2;Straight - Level;Local Street;Dry;Two-Way, Divided, Unprotected Median;None;No Special Feature;Smooth Asphalt;Piedmont;Urban;30 - 35  MPH;Stop And Go Signal;Cloudy;No;35.803177, -78.60823
544;545;No;30-39;36;No;Not Applicable;B: Evident Injury;Travel Lane;White;Male;Whitsett;Guilford;No;01-01-05;2008-07-25;Non-Roadway;16;Non-Roadway;01-07-01;0001-01-01T11:53:58-04:56;Non-Roadway;410910;2008;B: Evident Injury;Residential;30-39;39;No;41-45 mph;O: No Injury;Black;Female;Sport Utility;No;No;Daylight;Urban (>70% Developed);1 lane;2;Straight - Level;Public Vehicular Area;Dry;One-Way, Not Divided;None;Traffic Circle/Roundabout;Coarse Asphalt;Piedmont;Rural;5 - 15 MPH;Yield Sign;Clear;No;0.0, 0.0
546;547;Yes;25-29;27;No;Facing Traffic;B: Evident Injury;Travel Lane;Black;Male;Lumberton;Robeson;No;01-01-06;2008-07-26;Motorist Failed to Yield - Midblock;12;Non-Intersection;01-07-01;0001-01-01T07:53:58-04:56;Motorist Drive Out - Commercial Driveway / Alley;312322;2008;B: Evident Injury;Commercial;;;Missing;16-20 mph;Injury;/Missing;;;No;Yes;Daylight;Urban (>70% Developed);5 lanes;2;Straight - Level;NC Route;Wet;Two-Way, Not Divided;None;No Special Feature;Smooth Asphalt;Coastal;Urban;40 - 45  MPH;Missing;Cloudy;No;0.0, 0.0
555;556;Yes;20-24;22;No;With Traffic;C: Possible Injury;Travel Lane;White;Male;Gastonia;Gaston;No;01-01-02;2008-07-29;Parallel Paths - Other Circumstances;11;Non-Intersection;01-07-01;0001-01-01T06:41:58-04:56;Parallel Paths - Other /;311280;2008;C: Possible Injury;Commercial;;;Missing;26-30 mph;Injury;/Missing;;;No;Yes;Daylight;Urban (>70% Developed);5 lanes;2;Straight - Grade;Local Street;Dry;Two-Way, Not Divided;None;No Special Feature;Smooth Asphalt;Piedmont;Urban;40 - 45  MPH;No Control Present;Clear;No;0.0, 0.0
568;569;Yes;20-24;22;No;With Traffic;B: Evident Injury;Bike Lane / Paved Shoulder;White;Male;Hudson;Caldwell;No;01-01-07;2008-07-27;Motorist Overtaking Bicyclist;21;Non-Intersection;01-07-01;0001-01-01T16:47:58-04:56;Motorist Overtaking - Other /;321239;2008;B: Evident Injury;Commercial;;;Missing;;Injury;/Missing;;;No;Yes;Dark - Lighted Roadway;Urban (>70% Developed);4 lanes;2;Straight - Level;Local Street;Dry;Two-Way, Divided, Unprotected Median;None;No Special Feature;Smooth Asphalt;Mountains;Rural;50 - 55  MPH;Missing;Clear;No;0.0, 0.0
576;577;Yes;10-Jun;9;No;With Traffic;C: Possible Injury;Travel Lane;White;Female;Troutman;Iredell;No;01-01-04;2008-07-31;Loss of Control / Turning Error;17;Intersection;01-07-01;0001-01-01T12:18:58-04:56;Bicyclist Lost Control - Mechanical Problems;111121;2008;C: Possible Injury;Institutional;40-49;49;No;21-25 mph;O: No Injury;White;Male;Pickup;No;No;Daylight;Mixed (30% To 70% Developed);2 lanes;2;Straight - Level;Local Street;Wet;Two-Way, Not Divided;None;T-Intersection;Smooth Asphalt;Piedmont;Rural;40 - 45  MPH;No Control Present;Cloudy;No;0.0, 0.0
582;583;Yes;40-49;49;Yes;With Traffic;C: Possible Injury;Travel Lane;Black;Male;None - Rural Crash;Pitt;Yes;01-01-06;2008-07-26;Motorist Overtaking Bicyclist;20;Non-Intersection;01-07-01;0001-01-01T15:45:58-04:56;Motorist Overtaking - Bicyclist Swerved;311235;2008;C: Possible Injury;Farms, Woods, Pastures;40-49;48;No;46-50 mph;O: No Injury;White;Female;Sport Utility;No;No;Dusk;Rural (<30% Developed);2 lanes;2;Straight - Level;State Secondary Route;Dry;Two-Way, Not Divided;None;Driveway, Private;Coarse Asphalt;Coastal;Rural;50 - 55  MPH;No Control Present;Clear;No;0.0, 0.0
585;586;No;25-29;25;Yes;With Traffic;C: Possible Injury;Travel Lane;White;Male;Beaufort;Carteret;Yes;;2008-08-18;Motorist Overtaking Bicyclist;18;Intersection;01-08-01;0001-01-01T13:53:58-04:56;Motorist Overtaking - Misjudged Space;111232;2008;C: Possible Injury;Residential;;;Missing;31-35 mph;Injury;/Missing;;Pickup;No;Yes;Daylight;Mixed (30% To 70% Developed);2 lanes;2;Straight - Level;NC Route;Dry;Two-Way, Divided, Unprotected Median;None;No Special Feature;Smooth Asphalt;Coastal;Rural;30 - 35  MPH;No Control Present;Clear;No;0.0, 0.0
588;589;Yes;30-39;36;No;Facing Traffic;O: No Injury;Travel Lane;White;Female;Havelock;Craven;No;01-01-03;2008-07-02;Motorist Failed to Yield - Sign-Controlled Intersection;10;Intersection;01-07-01;0001-01-01T05:16:58-04:56;Motorist Drive Out - Sign-Controlled Intersection;112141;2008;B: Evident Injury;Commercial;0-19;16;No;;B: Evident Injury;Black;Female;Pedalcycle;No;No;Daylight;Urban (>70% Developed);2 lanes;2;Straight - Level;Local Street;Dry;Two-Way, Not Divided;Other;No Special Feature;Smooth Asphalt;Coastal;Urban;;Stop Sign;Clear;No;0.0, 0.0
599;600;Yes;50-59;55;No;With Traffic;B: Evident Injury;Travel Lane;Black;Male;None - Rural Crash;Columbus;No;01-01-04;2008-08-07;Motorist Overtaking Bicyclist;21;Non-Intersection;01-08-01;0001-01-01T16:30:58-04:56;Motorist Overtaking - Bicyclist Swerved;311235;2008;B: Evident Injury;Commercial;60-69;63;No;36-40 mph;O: No Injury;White;Male;Pickup;No;No;Dark - Roadway Not Lighted;Mixed (30% To 70% Developed);2 lanes;2;Straight - Level;State Secondary Route;Wet;Two-Way, Not Divided;None;No Special Feature;Coarse Asphalt;Coastal;Rural;50 - 55  MPH;No Control Present;Rain;No;0.0, 0.0
608;609;Yes;15-Nov;13;No;With Traffic;B: Evident Injury;Travel Lane;White;Male;None - Rural Crash;Lenoir;No;01-01-07;2008-08-10;Bicyclist Failed to Yield - Sign-Controlled Intersection;18;Intersection;01-08-01;0001-01-01T13:33:58-04:56;Bicyclist Ride Through - Sign-Controlled Intersection;111144;2008;B: Evident Injury;Residential;0-19;18;No;31-35 mph;O: No Injury;White;Female;Passenger Car;No;No;Daylight;Mixed (30% To 70% Developed);2 lanes;2;Straight - Level;State Secondary Route;Dry;Two-Way, Not Divided;None;Four-Way Intersection;Coarse Asphalt;Coastal;Rural;30 - 35  MPH;Stop Sign;Clear;No;0.0, 0.0
611;612;Yes;60-69;64;No;With Traffic;B: Evident Injury;Travel Lane;White;Male;None - Rural Crash;Polk;No;;2008-08-11;Bicyclist Left Turn / Merge;16;Intersection-Related;01-08-01;0001-01-01T11:40:58-04:56;Bicyclist Left Turn - Same Direction;211221;2008;B: Evident Injury;Residential;25-29;27;No;51-55 mph;O: No Injury;White;Female;Passenger Car;No;No;Daylight;Mixed (30% To 70% Developed);2 lanes;2;Straight - Level;NC Route;Dry;Two-Way, Not Divided;None;T-Intersection;Smooth Asphalt;Mountains;Rural;50 - 55  MPH;Double Yellow Line, No Passing Zone;Clear;No;0.0, 0.0
612;613;Yes;40-49;48;No;With Traffic;B: Evident Injury;Travel Lane;White;Female;None - Rural Crash;Chatham;No;01-01-06;2008-08-30;Motorist Failed to Yield - Sign-Controlled Intersection;8;Intersection;01-08-01;0001-01-01T03:48:58-04:56;Motorist Drive Out - Sign-Controlled Intersection;111141;2008;B: Evident Injury;Farms, Woods, Pastures;70+;;No;6-10 mph;O: No Injury;White;Female;Passenger Car;No;No;Daylight;Rural (<30% Developed);2 lanes;2;Straight - Level;State Secondary Route;Dry;Two-Way, Not Divided;None;Four-Way Intersection;Smooth Asphalt;Piedmont;Rural;40 - 45  MPH;Stop Sign;Clear;No;0.0, 0.0
613;614;Yes;40-49;47;No;Facing Traffic;B: Evident Injury;Sidewalk / Crosswalk / Driveway Crossing;Black;Female;Charlotte;Mecklenburg;No;;2008-09-01;Motorist Failed to Yield - Sign-Controlled Intersection;17;Intersection;01-09-01;0001-01-01T12:33:58-04:56;Motorist Drive Out - Sign-Controlled Intersection;132141;2008;B: Evident Injury;Commercial;20-24;24;Missing;0-5 mph;O: No Injury;White;Female;Passenger Car;No;No;Daylight;Urban (>70% Developed);3 lanes;2;Straight - Level;Public Vehicular Area;Dry;Two-Way, Not Divided;None;No Special Feature;Smooth Asphalt;Piedmont;Urban;30 - 35  MPH;Stop Sign;Clear;No;0.0, 0.0
622;623;Yes;16-19;18;No;Facing Traffic;Injury;Travel Lane;Black;Male;Sanford;Lee;No;01-01-04;2008-08-14;Crossing Paths - Other Circumstances;23;Intersection;01-08-01;0001-01-01T18:50:58-04:56;Sign-Controlled Intersection - Other /;112148;2008;O: No Injury;Commercial;0-19;18;No;;O: No Injury;White;Male;Pedalcycle;No;No;Dark - Lighted Roadway;Mixed (30% To 70% Developed);6 lanes;3;Straight - Level;Local Street;Dry;Two-Way, Not Divided;None;Y-Intersection;Smooth Asphalt;Piedmont;Urban;;Stop Sign;Clear;No;0.0, 0.0
629;630;No;16-19;18;No;With Traffic;B: Evident Injury;Travel Lane;Hispanic;Male;None - Rural Crash;Washington;No;01-01-05;2008-08-15;Motorist Overtaking Bicyclist;19;Non-Intersection;01-08-01;0001-01-01T14:53:58-04:56;Motorist Overtaking - Other /;311239;2008;B: Evident Injury;Farms, Woods, Pastures;25-29;27;No;51-55 mph;O: No Injury;White;Female;Passenger Car;No;No;Dusk;Rural (<30% Developed);2 lanes;2;Straight - Level;NC Route;Dry;Two-Way, Not Divided;None;No Special Feature;Smooth Asphalt;Coastal;Rural;50 - 55  MPH;Double Yellow Line, No Passing Zone;Clear;No;0.0, 0.0
631;632;Yes;15-Nov;15;No;With Traffic;A: Disabling Injury;Travel Lane;White;Male;None - Rural Crash;Pender;No;;2008-08-11;Bicyclist Failed to Yield - Sign-Controlled Intersection;12;Intersection;01-08-01;0001-01-01T07:16:58-04:56;Bicyclist Ride Out - Sign-Controlled Intersection;111142;2008;A: Disabling Injury;Commercial;60-69;62;No;46-50 mph;O: No Injury;White;Female;Van;No;No;Dusk;Mixed (30% To 70% Developed);4 lanes;2;Straight - Level;US Route;Dry;Two-Way, Divided, Unprotected Median;None;Four-Way Intersection;Coarse Asphalt;Coastal;Rural;50 - 55  MPH;Stop Sign;Clear;No;0.0, 0.0
632;633;Yes;30-39;37;No;Facing Traffic;C: Possible Injury;Multi-use Path;White;Male;Duck;Dare;No;01-01-06;2008-08-16;Motorist Failed to Yield - Midblock;17;Non-Intersection;01-08-01;0001-01-01T12:32:58-04:56;Motorist Drive Out - Commercial Driveway / Alley;342322;2008;B: Evident Injury;Commercial;25-29;25;No;0-5 mph;O: No Injury;White;Male;Sport Utility;No;No;Daylight;Urban (>70% Developed);1 lane;2;Curve - Level;NC Route;Dry;Two-Way, Not Divided;None;Shared-Use Paths Or Trails;Smooth Asphalt;Coastal;Rural;20 - 25  MPH;Missing;Clear;No;0.0, 0.0
636;637;No;15-Nov;13;No;With Traffic;O: No Injury;Travel Lane;/Missing;;Fayetteville;Cumberland;No;01-01-07;2008-08-17;Crossing Paths - Other Circumstances;17;Intersection;01-08-01;0001-01-01T12:09:58-04:56;Sign-Controlled Intersection - Other /;111148;2008;O: No Injury;Residential;20-24;21;No;16-20 mph;O: No Injury;Black;Female;Passenger Car;No;No;Dusk;Urban (>70% Developed);2 lanes;2;Curve - Grade;Local Street;Dry;Two-Way, Not Divided;None;T-Intersection;Coarse Asphalt;Coastal;Urban;20 - 25  MPH;Stop Sign;Clear;No;0.0, 0.0
637;638;No;30-39;34;No;With Traffic;C: Possible Injury;Travel Lane;White;Male;Asheville;Buncombe;No;01-01-07;2008-08-17;Bicyclist Failed to Yield - Signalized Intersection;19;Intersection;01-08-01;0001-01-01T14:29:58-04:56;Bicyclist Ride Through - Signalized Intersection;111155;2008;C: Possible Injury;Commercial;20-24;24;No;11-15 mph;O: No Injury;Black;Female;Passenger Car;No;No;Daylight;Urban (>70% Developed);4 lanes;2;Straight - Level;Local Street;Dry;Two-Way, Not Divided;None;Bridge;Smooth Asphalt;Mountains;Urban;30 - 35  MPH;Stop And Go Signal;Clear;No;0.0, 0.0
639;640;Yes;15-Nov;13;No;With Traffic;C: Possible Injury;Travel Lane;Black;Male;None - Rural Crash;Edgecombe;No;;2008-08-18;Bicyclist Failed to Yield - Sign-Controlled Intersection;20;Intersection;01-08-01;0001-01-01T15:25:58-04:56;Bicyclist Ride Through - Sign-Controlled Intersection;111144;2008;C: Possible Injury;Farms, Woods, Pastures;70+;;No;51-55 mph;O: No Injury;Black;Female;Passenger Car;No;No;Dark - Roadway Not Lighted;Rural (<30% Developed);2 lanes;2;Straight - Level;US Route;Dry;Two-Way, Not Divided;None;Driveway, Private;Coarse Asphalt;Coastal;Rural;50 - 55  MPH;Stop Sign;Clear;No;0.0, 0.0
640;641;No;50-59;50;No;With Traffic;B: Evident Injury;Travel Lane;White;Male;None - Rural Crash;Onslow;No;01-01-03;2008-08-20;Motorist Overtaking Bicyclist;15;Non-Intersection;01-08-01;0001-01-01T10:23:58-04:56;Motorist Overtaking - Other /;311239;2008;B: Evident Injury;Residential;40-49;46;No;36-40 mph;O: No Injury;White;Female;Van;No;No;Daylight;Mixed (30% To 70% Developed);2 lanes;2;Straight - Level;State Secondary Route;Dry;Two-Way, Not Divided;None;No Special Feature;Smooth Asphalt;Coastal;Rural;40 - 45  MPH;Missing;Clear;No;0.0, 0.0
654;655;No;15-Nov;11;No;Not Applicable;C: Possible Injury;;White;Male;Dunn;Harnett;No;01-01-06;2008-08-23;Crossing Paths - Other Circumstances;19;Non-Intersection;01-08-01;0001-01-01T14:49:58-04:56;Crossing Paths - Midblock - Other /;393380;2008;C: Possible Injury;Residential;25-29;27;No;31-35 mph;O: No Injury;Black;Male;Passenger Car;No;No;Daylight;Urban (>70% Developed);2 lanes;2;Straight - Level;Local Street;Dry;Two-Way, Not Divided;None;No Special Feature;Coarse Asphalt;Coastal;Urban;30 - 35  MPH;No Control Present;Clear;No;0.0, 0.0
660;661;Yes;30-39;31;No;With Traffic;K: Killed;Travel Lane;White;Male;Tobaccoville;Forsyth;No;01-01-03;2008-08-20;Motorist Overtaking Bicyclist;12;Non-Intersection;01-08-01;0001-01-01T07:35:58-04:56;Motorist Overtaking - Other /;311239;2008;K: Killed;Residential;30-39;39;No;36-40 mph;O: No Injury;White;Male;Sport Utility;No;No;Daylight;Mixed (30% To 70% Developed);2 lanes;2;Curve - Level;State Secondary Route;Dry;Two-Way, Not Divided;None;Driveway, Private;Coarse Asphalt;Piedmont;Rural;40 - 45  MPH;Double Yellow Line, No Passing Zone;Clear;No;0.0, 0.0
663;664;Yes;10-Jun;10;No;Facing Traffic;B: Evident Injury;Travel Lane;White;Male;None - Rural Crash;Hyde;No;01-01-07;2008-07-20;Bicyclist Failed to Yield - Sign-Controlled Intersection;17;Intersection;01-07-01;0001-01-01T12:23:58-04:56;Bicyclist Ride Out - Sign-Controlled Intersection;112142;2008;B: Evident Injury;Residential;0-19;16;No;11-15 mph;O: No Injury;White;Male;Sport Utility;No;No;Daylight;Urban (>70% Developed);2 lanes;2;Straight - Level;Local Street;Dry;Two-Way, Not Divided;None;Four-Way Intersection;Smooth Asphalt;Coastal;Rural;20 - 25  MPH;Stop Sign;Clear;No;0.0, 0.0
664;665;Yes;30-39;38;No;Facing Traffic;B: Evident Injury;Travel Lane;White;Male;Sylva;Jackson;No;01-01-03;2008-08-20;Head-On;14;Non-Intersection;01-08-01;0001-01-01T09:40:58-04:56;Head-On - Bicyclist;312250;2008;B: Evident Injury;Residential;20-24;23;No;21-25 mph;O: No Injury;White;Female;Pickup;No;No;Daylight;Mixed (30% To 70% Developed);2 lanes;3;Curve - Grade;Local Street;Dry;Two-Way, Not Divided;None;No Special Feature;Smooth Asphalt;Mountains;Rural;20 - 25  MPH;No Control Present;Cloudy;No;0.0, 0.0
667;668;Yes;20-24;22;No;With Traffic;C: Possible Injury;Sidewalk / Crosswalk / Driveway Crossing;Black;Female;Goldsboro;Wayne;No;;2008-08-25;Motorist Left Turn / Merge;21;Non-Intersection;01-08-01;0001-01-01T16:16:58-04:56;Motorist Left Turn - Opposite Direction;331212;2008;C: Possible Injury;Residential;0-19;19;No;31-35 mph;O: No Injury;Black;Female;Passenger Car;No;No;Dark - Lighted Roadway;Urban (>70% Developed);2 lanes;2;Straight - Level;Local Street;Wet;Two-Way, Not Divided;None;No Special Feature;Coarse Asphalt;Coastal;Urban;20 - 25  MPH;No Control Present;Rain;No;0.0, 0.0
669;670;Yes;16-19;18;No;Not Applicable;B: Evident Injury;Non-Roadway;Black;Male;Charlotte;Mecklenburg;No;01-01-03;2008-09-17;Bicyclist Failed to Yield - Midblock;16;Non-Intersection;01-09-01;0001-01-01T11:11:58-04:56;Bicyclist Ride Out - Commercial Driveway / Alley;363312;2008;B: Evident Injury;Commercial;20-24;21;No;16-20 mph;O: No Injury;Hispanic;Male;Passenger Car;No;No;Daylight;Urban (>70% Developed);4 lanes;2;Straight - Level;Local Street;Dry;Two-Way, Divided, Unprotected Median;None;No Special Feature;Smooth Asphalt;Piedmont;Urban;30 - 35  MPH;No Control Present;Cloudy;No;0.0, 0.0
672;673;No;30-39;31;No;Facing Traffic;C: Possible Injury;Travel Lane;Black;Male;Rocky Mount;Nash;No;01-01-05;2008-06-27;Motorist Failed to Yield - Midblock;19;Non-Intersection;01-06-01;0001-01-01T14:33:58-04:56;Motorist Drive Out - Commercial Driveway / Alley;312322;2008;C: Possible Injury;Commercial;25-29;26;No;0-5 mph;O: No Injury;Black;Male;Passenger Car;No;No;Daylight;Urban (>70% Developed);3 lanes;2;Straight - Level;Local Street;Dry;Two-Way, Not Divided;None;No Special Feature;Smooth Asphalt;Coastal;Urban;30 - 35  MPH;Missing;Clear;No;0.0, 0.0
674;675;Yes;15-Nov;15;No;With Traffic;C: Possible Injury;Travel Lane;Black;Male;None - Rural Crash;Franklin;No;01-01-06;2008-09-13;Bicyclist Left Turn / Merge;16;Non-Intersection;01-09-01;0001-01-01T11:33:58-04:56;Bicyclist Left Turn - Same Direction;311221;2008;C: Possible Injury;Farms, Woods, Pastures;40-49;43;No;36-40 mph;O: No Injury;White;Male;Pickup;No;No;Daylight;Rural (<30% Developed);2 lanes;2;Curve - Level;State Secondary Route;Dry;Two-Way, Not Divided;None;No Special Feature;Coarse Asphalt;Piedmont;Rural;50 - 55  MPH;Double Yellow Line, No Passing Zone;Clear;No;0.0, 0.0
681;682;Yes;;;Missing;Facing Traffic;Injury;Travel Lane;/Missing;;Gastonia;Gaston;No;01-01-02;2008-09-02;Motorist Failed to Yield - Midblock;14;Non-Intersection;01-09-01;0001-01-01T09:08:58-04:56;Motorist Drive Out - Commercial Driveway / Alley;312322;2008;C: Possible Injury;Commercial;30-39;32;No;;C: Possible Injury;White;Male;Pedalcycle;No;Yes;Daylight;Urban (>70% Developed);5 lanes;2;Straight - Level;Local Street;Dry;Two-Way, Not Divided;None;Driveway, Public;Smooth Asphalt;Piedmont;Urban;;Missing;Clear;No;0.0, 0.0