FID;OBJECTID;AmbulanceR;BikeAge_Gr;Bike_Age;Bike_Alc_D;Bike_Dir;Bike_Injur;Bike_Pos;Bike_Race;Bike_Sex;City;County;CrashAlcoh;CrashDay;Crash_Date;Crash_Grp;Crash_Hour;Crash_Loc;Crash_Mont;Crash_Time;Crash_Type;Crash_Ty_1;Crash_Year;Crsh_Sevri;Developmen;DrvrAge_Gr;Drvr_Age;Drvr_Alc_D;Drvr_EstSp;Drvr_Injur;Drvr_Race;Drvr_Sex;Drvr_VehTy;ExcsSpdInd;Hit_Run;Light_Cond;Locality;Num_Lanes;Num_Units;Rd_Charact;Rd_Class;Rd_Conditi;Rd_Config;Rd_Defects;Rd_Feature;Rd_Surface;Region;Rural_Urba;Speed_Limi;Traff_Cntr;Weather;Workzone_I;Location
883;884;No;20-24;22;No;Facing Traffic;C: Possible Injury;Travel Lane;/Missing;Male;Williamston;Martin;No;;2008-09-15;Head-On;7;Intersection;01-09-01;0001-01-01T02:33:58-04:56;Head-On - Bicyclist;112250;2008;C: Possible Injury;Commercial;40-49;40;No;16-20 mph;O: No Injury;White;Female;Passenger Car;No;No;Daylight;Mixed (30% To 70% Developed);6 lanes;2;Straight - Level;US Route;Dry;Two-Way, Divided, Unprotected Median;None;Four-Way Intersection;Smooth Asphalt;Coastal;Urban;40 - 45  MPH;Yield Sign;Clear;No;0.0, 0.0
885;886;Yes;30-39;34;No;With Traffic;C: Possible Injury;Travel Lane;White;Female;None - Rural Crash;Brunswick;No;01-01-07;2008-11-09;Motorist Overtaking Bicyclist;13;Non-Intersection;01-11-01;0001-01-01T08:43:58-04:56;Motorist Overtaking - Other /;311239;2008;C: Possible Injury;Farms, Woods, Pastures;70+;;No;31-35 mph;O: No Injury;Black;Male;Pickup;No;No;Daylight;Rural (<30% Developed);2 lanes;2;Straight - Level;State Secondary Route;Dry;Two-Way, Not Divided;None;No Special Feature;Coarse Asphalt;Coastal;Rural;50 - 55  MPH;Double Yellow Line, No Passing Zone;Clear;No;0.0, 0.0
888;889;Yes;50-59;50;No;Facing Traffic;C: Possible Injury;Sidewalk / Crosswalk / Driveway Crossing;White;Male;Raleigh;Wake;No;01-01-03;2008-10-22;Motorist Failed to Yield - Midblock;7;Non-Intersection;01-10-01;0001-01-01T02:52:58-04:56;Motorist Drive Out - Other Midblock;332328;2008;C: Possible Injury;Commercial;50-59;53;No;0-5 mph;O: No Injury;Black;Male;Sport Utility;No;No;Daylight;Urban (>70% Developed);;2;Straight - Level;Public Vehicular Area;Dry;Two-Way, Not Divided;None;No Special Feature;Smooth Asphalt;Piedmont;Urban;;Stop Sign;Clear;No;0.0, 0.0
892;893;Yes;30-39;35;No;With Traffic;K: Killed;Bike Lane / Paved Shoulder;Black;Male;None - Rural Crash;Lenoir;No;01-01-04;2008-11-13;Motorist Overtaking Bicyclist;6;Non-Intersection;01-11-01;0001-01-01T01:18:58-04:56;Motorist Overtaking - Other /;321239;2008;K: Killed;Farms, Woods, Pastures;25-29;29;No;36-40 mph;O: No Injury;White;Male;Single Unit Truck (2-Axle, 6-Tire);No;No;Dark - Roadway Not Lighted;Mixed (30% To 70% Developed);4 lanes;2;Straight - Level;NC Route;Wet;Two-Way, Divided, Unprotected Median;None;No Special Feature;Smooth Asphalt;Coastal;Rural;60 - 75 MPH;No Control Present;Cloudy;No;0.0, 0.0
900;901;Yes;50-59;54;Yes;Facing Traffic;B: Evident Injury;Travel Lane;Black;Male;Chadbourn;Columbus;Yes;01-01-04;2008-10-23;Head-On;16;Intersection;01-10-01;0001-01-01T11:34:58-04:56;Head-On - Bicyclist;112250;2008;B: Evident Injury;Residential;30-39;33;No;26-30 mph;O: No Injury;White;Male;Pickup;No;No;Daylight;Mixed (30% To 70% Developed);3 lanes;2;Straight - Level;Local Street;Dry;Two-Way, Not Divided;None;Four-Way Intersection;Smooth Asphalt;Coastal;Rural;30 - 35  MPH;Stop Sign;Clear;No;0.0, 0.0
901;902;Yes;20-24;22;No;With Traffic;B: Evident Injury;Travel Lane;Black;Male;Durham;Durham;No;01-01-02;2008-09-30;Bicyclist Failed to Yield - Sign-Controlled Intersection;16;Intersection;01-09-01;0001-01-01T11:10:58-04:56;Bicyclist Ride Out - Sign-Controlled Intersection;111142;2008;B: Evident Injury;Residential;;;Missing;11-15 mph;Injury;/Missing;;;No;Yes;Daylight;Urban (>70% Developed);2 lanes;2;Straight - Level;Local Street;Dry;Two-Way, Not Divided;None;Four-Way Intersection;Smooth Asphalt;Piedmont;Urban;20 - 25  MPH;Stop Sign;Clear;No;0.0, 0.0
906;907;Yes;16-19;18;No;With Traffic;B: Evident Injury;Sidewalk / Crosswalk / Driveway Crossing;White;Male;Chapel Hill;Orange;No;01-01-04;2008-11-13;Bicyclist Failed to Yield - Signalized Intersection;18;Intersection;01-11-01;0001-01-01T13:34:58-04:56;Bicyclist Ride Through - Signalized Intersection;131155;2008;B: Evident Injury;Commercial;20-24;23;No;6-10 mph;O: No Injury;White;Female;Light Truck (Mini-Van, Panel);No;No;Dark - Lighted Roadway;Urban (>70% Developed);4 lanes;2;Straight - Bottom;Local Street;Wet;Two-Way, Not Divided;None;Four-Way Intersection;Smooth Asphalt;Piedmont;Urban;20 - 25  MPH;Stop And Go Signal;Cloudy;No;0.0, 0.0
912;913;Yes;16-19;18;No;Facing Traffic;C: Possible Injury;Travel Lane;Black;Male;Greensboro;Guilford;No;01-01-03;2008-10-22;Bicyclist Failed to Yield - Signalized Intersection;15;Intersection;01-10-01;0001-01-01T10:31:58-04:56;Bicyclist Ride Through - Signalized Intersection;112155;2008;C: Possible Injury;Commercial;0-19;19;No;;O: No Injury;Black;Female;Passenger Car;No;No;Daylight;Urban (>70% Developed);2 lanes;2;Straight - Hillcrest;Local Street;Dry;Two-Way, Divided, Unprotected Median;None;No Special Feature;Smooth Asphalt;Piedmont;Urban;5 - 15 MPH;Stop And Go Signal;Clear;No;0.0, 0.0
913;914;No;30-39;32;No;With Traffic;B: Evident Injury;Travel Lane;White;Male;Mount Holly;Gaston;No;01-01-02;2008-11-25;Motorist Overtaking Bicyclist;7;Non-Intersection;01-11-01;0001-01-01T02:58:58-04:56;Motorist Overtaking - Other /;311239;2008;B: Evident Injury;Residential;30-39;37;No;21-25 mph;O: No Injury;White;Male;Pickup;No;No;Daylight;Urban (>70% Developed);2 lanes;2;Straight - Level;Local Street;Wet;Two-Way, Not Divided;None;No Special Feature;Smooth Asphalt;Piedmont;Urban;30 - 35  MPH;Double Yellow Line, No Passing Zone;Clear;No;0.0, 0.0
915;916;No;40-49;40;No;With Traffic;C: Possible Injury;Travel Lane;White;Male;New Bern;Craven;No;01-01-04;2008-11-20;Motorist Right Turn / Merge;7;Intersection;01-11-01;0001-01-01T02:30:58-04:56;Motorist Right Turn - Same Direction;111213;2008;C: Possible Injury;Residential;30-39;32;No;31-35 mph;O: No Injury;Black;Female;Passenger Car;No;No;Daylight;Urban (>70% Developed);4 lanes;2;Straight - Level;NC Route;Dry;Two-Way, Divided, Unprotected Median;None;T-Intersection;Smooth Asphalt;Coastal;Urban;30 - 35  MPH;Missing;Clear;No;0.0, 0.0
916;917;Yes;40-49;46;Yes;Facing Traffic;B: Evident Injury;Travel Lane;Hispanic;Male;Smithfield;Johnston;Yes;01-01-05;2008-11-14;Bicyclist Failed to Yield - Sign-Controlled Intersection;23;Intersection;01-11-01;0001-01-01T18:48:58-04:56;Bicyclist Ride Through - Sign-Controlled Intersection;112144;2008;B: Evident Injury;Residential;20-24;22;No;21-25 mph;O: No Injury;Black;Male;Passenger Car;No;No;Dark - Lighted Roadway;Urban (>70% Developed);2 lanes;2;Straight - Level;Local Street;Wet;Two-Way, Not Divided;None;Four-Way Intersection;Coarse Asphalt;Coastal;Urban;20 - 25  MPH;Stop Sign;Cloudy;No;0.0, 0.0
919;920;Yes;16-19;17;No;With Traffic;C: Possible Injury;Sidewalk / Crosswalk / Driveway Crossing;White;Male;Lumberton;Robeson;No;01-01-05;2008-11-21;Motorist Failed to Yield - Sign-Controlled Intersection;15;Intersection;01-11-01;0001-01-01T10:30:58-04:56;Motorist Drive Out - Sign-Controlled Intersection;131141;2008;C: Possible Injury;Commercial;50-59;51;No;31-35 mph;O: No Injury;Black;Male;Pickup;No;No;Daylight;Urban (>70% Developed);4 lanes;2;Straight - Level;Local Street;Dry;Two-Way, Not Divided;None;No Special Feature;Coarse Asphalt;Coastal;Urban;30 - 35  MPH;Stop Sign;Clear;No;0.0, 0.0
926;927;Yes;15-Nov;15;No;Facing Traffic;C: Possible Injury;Sidewalk / Crosswalk / Driveway Crossing;Black;Male;Durham;Durham;No;01-01-07;2008-12-14;Motorist Failed to Yield - Midblock;17;Non-Intersection;01-12-01;0001-01-01T12:48:58-04:56;Motorist Drive Out - Residential Driveway;332321;2008;C: Possible Injury;Residential;;;Missing;;Injury;/Missing;;Passenger Car;No;Yes;Dark - Lighted Roadway;Urban (>70% Developed);4 lanes;2;Straight - Level;Public Vehicular Area;Dry;Two-Way, Not Divided;None;T-Intersection;Smooth Asphalt;Piedmont;Urban;;No Control Present;Clear;No;0.0, 0.0
927;928;Yes;50-59;57;No;Facing Traffic;C: Possible Injury;Travel Lane;White;Male;None - Rural Crash;Bertie;No;01-01-06;2008-12-20;Bicyclist Right Turn / Merge;10;Non-Intersection;01-12-01;0001-01-01T05:12:58-04:56;Bicyclist Right Turn - Same Direction;312223;2008;C: Possible Injury;Farms, Woods, Pastures;70+;;No;51-55 mph;O: No Injury;White;Male;Passenger Car;No;No;Daylight;Rural (<30% Developed);2 lanes;2;Straight - Level;State Secondary Route;Wet;Two-Way, Not Divided;None;No Special Feature;Coarse Asphalt;Coastal;Rural;50 - 55  MPH;Double Yellow Line, No Passing Zone;Cloudy;No;0.0, 0.0
930;931;Yes;40-49;40;No;With Traffic;B: Evident Injury;Travel Lane;White;Male;Charlotte;Mecklenburg;No;01-01-02;2008-10-14;Motorist Overtaking Bicyclist;18;Non-Intersection;01-10-01;0001-01-01T13:03:58-04:56;Motorist Overtaking - Undetected Bicyclist;311231;2008;B: Evident Injury;Farms, Woods, Pastures;50-59;55;No;51-55 mph;O: No Injury;White;Female;Passenger Car;No;No;Daylight;Rural (<30% Developed);4 lanes;2;Straight - Level;Local Street;Dry;Two-Way, Divided, Unprotected Median;None;No Special Feature;Coarse Asphalt;Piedmont;Urban;50 - 55  MPH;No Control Present;Clear;No;0.0, 0.0
939;940;No;25-29;27;No;With Traffic;O: No Injury;Travel Lane;White;Male;Raleigh;Wake;No;;2008-09-15;Motorist Overtaking Bicyclist;0;Non-Intersection;01-09-01;0000-12-31T19:18:58-04:56;Motorist Overtaking - Misjudged Space;311232;2008;O: No Injury;Residential;;;Missing;11-15 mph;Injury;/Missing;;;No;Yes;Dark - Lighted Roadway;Mixed (30% To 70% Developed);2 lanes;2;Straight - Grade;Local Street;Dry;Two-Way, Not Divided;None;No Special Feature;Smooth Asphalt;Piedmont;Urban;20 - 25  MPH;Missing;Clear;No;0.0, 0.0
941;942;Yes;50-59;55;No;With Traffic;B: Evident Injury;Travel Lane;Black;Male;Raleigh;Wake;No;01-01-02;2008-10-21;Bicyclist Failed to Yield - Sign-Controlled Intersection;23;Intersection;01-10-01;0001-01-01T18:10:58-04:56;Bicyclist Ride Through - Sign-Controlled Intersection;111144;2008;B: Evident Injury;Residential;30-39;37;No;41-45 mph;O: No Injury;Black;Female;Passenger Car;No;No;Dark - Lighted Roadway;Mixed (30% To 70% Developed);3 lanes;2;Straight - Level;Local Street;Dry;Two-Way, Not Divided;None;T-Intersection;Coarse Asphalt;Piedmont;Urban;40 - 45  MPH;Stop Sign;Clear;No;0.0, 0.0
946;947;No;40-49;48;No;Facing Traffic;C: Possible Injury;Sidewalk / Crosswalk / Driveway Crossing;White;Female;Raleigh;Wake;No;01-01-03;2008-12-03;Motorist Failed to Yield - Midblock;8;Non-Intersection;01-12-01;0001-01-01T03:16:58-04:56;Motorist Drive Out - Commercial Driveway / Alley;332322;2008;C: Possible Injury;Commercial;25-29;27;No;0-5 mph;O: No Injury;White;Male;Pickup;No;No;Daylight;Urban (>70% Developed);7 lanes;2;Straight - Level;Local Street;Dry;Two-Way, Not Divided;None;No Special Feature;Smooth Asphalt;Piedmont;Urban;30 - 35  MPH;Missing;Clear;No;0.0, 0.0
953;954;Yes;30-39;38;Yes;With Traffic;O: No Injury;Travel Lane;Black;Male;None - Rural Crash;Camden;Yes;;2008-12-08;Motorist Overtaking Bicyclist;17;Non-Intersection;01-12-01;0001-01-01T12:33:58-04:56;Motorist Overtaking - Undetected Bicyclist;311231;2008;O: No Injury;Farms, Woods, Pastures;60-69;64;No;51-55 mph;O: No Injury;White;Male;Passenger Car;No;No;Dark - Roadway Not Lighted;Rural (<30% Developed);2 lanes;2;Straight - Level;NC Route;Dry;Two-Way, Not Divided;None;No Special Feature;Coarse Asphalt;Coastal;Rural;50 - 55  MPH;No Control Present;Clear;No;0.0, 0.0
965;966;Yes;30-39;30;No;With Traffic;B: Evident Injury;Travel Lane;White;Male;Asheville;Buncombe;No;;2008-12-15;Motorist Failed to Yield - Midblock;17;Non-Intersection;01-12-01;0001-01-01T12:51:58-04:56;Motorist Drive Out - Commercial Driveway / Alley;311322;2008;B: Evident Injury;Commercial;70+;;No;0-5 mph;O: No Injury;White;Female;Passenger Car;No;No;Dark - Roadway Not Lighted;Urban (>70% Developed);3 lanes;2;Straight - Grade;Local Street;Wet;Two-Way, Not Divided;None;No Special Feature;Smooth Asphalt;Mountains;Urban;30 - 35  MPH;Double Yellow Line, No Passing Zone;Clear;No;0.0, 0.0
975;976;No;25-29;25;No;With Traffic;B: Evident Injury;Travel Lane;White;Male;Raleigh;Wake;No;01-01-02;2008-09-23;Loss of Control / Turning Error;17;Intersection;01-09-01;0001-01-01T12:16:58-04:56;Bicyclist Lost Control - Mechanical Problems;111121;2008;B: Evident Injury;Commercial;30-39;30;No;26-30 mph;O: No Injury;White;Male;Passenger Car;No;No;Daylight;Urban (>70% Developed);4 lanes;2;Straight - Grade;Local Street;Dry;Two-Way, Not Divided;None;Four-Way Intersection;Smooth Asphalt;Piedmont;Urban;30 - 35  MPH;Stop And Go Signal;Clear;No;0.0, 0.0
976;977;No;50-59;53;No;With Traffic;C: Possible Injury;Travel Lane;Black;Male;Dunn;Harnett;No;01-01-03;2008-12-03;Bicyclist Failed to Yield - Sign-Controlled Intersection;19;Intersection;01-12-01;0001-01-01T14:23:58-04:56;Bicyclist Ride Through - Sign-Controlled Intersection;111144;2008;C: Possible Injury;Residential;;;Missing;;Injury;/Missing;;Passenger Car;No;Yes;Dark - Roadway Not Lighted;Urban (>70% Developed);2 lanes;2;Straight - Level;Local Street;Dry;Two-Way, Not Divided;None;Four-Way Intersection;Coarse Asphalt;Coastal;Urban;30 - 35  MPH;Stop Sign;Clear;No;0.0, 0.0
981;982;No;50-59;54;Yes;With Traffic;B: Evident Injury;Travel Lane;Black;Male;Goldsboro;Wayne;Yes;01-01-03;2008-12-24;Loss of Control / Turning Error;20;Intersection;01-12-01;0001-01-01T15:42:58-04:56;Motorist Turning Error - Left Turn;111111;2008;B: Evident Injury;Commercial;25-29;26;No;6-10 mph;O: No Injury;White;Female;Sport Utility;No;No;Dark - Lighted Roadway;Urban (>70% Developed);2 lanes;2;Straight - Level;Local Street;Dry;Two-Way, Not Divided;None;No Special Feature;Coarse Asphalt;Coastal;Urban;30 - 35  MPH;Stop And Go Signal;Clear;No;0.0, 0.0
983;984;Yes;40-49;45;No;With Traffic;A: Disabling Injury;Travel Lane;White;Male;None - Rural Crash;Pitt;No;01-01-02;2008-12-30;Motorist Overtaking Bicyclist;20;Non-Intersection;01-12-01;0001-01-01T15:07:58-04:56;Motorist Overtaking - Other /;311239;2008;A: Disabling Injury;Residential;;;Missing;51-55 mph;Injury;/Missing;;;No;Yes;Dark - Roadway Not Lighted;Mixed (30% To 70% Developed);2 lanes;2;Straight - Level;NC Route;Dry;Two-Way, Not Divided;None;No Special Feature;Smooth Asphalt;Coastal;Rural;50 - 55  MPH;Double Yellow Line, No Passing Zone;Clear;No;0.0, 0.0
174;175;Yes;30-39;34;No;Facing Traffic;B: Evident Injury;Bike Lane / Paved Shoulder;Hispanic;Male;None - Rural Crash;Wake;No;01-01-04;2010-04-22;Motorist Failed to Yield - Signalized Intersection;14;Intersection;01-04-01;0001-01-01T09:21:58-04:56;Motorist Drive Out - Signalized Intersection;0;2010;B: Evident Injury;Commercial;40-49;42;No;0-5 mph;O: No Injury;White;Male;Passenger Car;No;No;Daylight;Urban (>70% Developed);8 lanes;2;Straight - Level;US Route;Dry;Two-Way, Divided, Unprotected Median;None;T-Intersection;Smooth Asphalt;Piedmont;Rural;40 - 45  MPH;Stop And Go Signal;Clear;No;35.877384, -78.57469
180;181;Yes;40-49;44;No;With Traffic;C: Possible Injury;Travel Lane;Hispanic;Male;Whiteville;Columbus;No;01-01-07;2010-04-18;Loss of Control / Turning Error;20;Intersection;01-04-01;0001-01-01T15:22:58-04:56;Bicyclist Turning Error - Right Turn;0;2010;C: Possible Injury;Residential;60-69;63;No;0-5 mph;O: No Injury;White;Male;Pickup;No;No;Dark - Lighted Roadway;Urban (>70% Developed);4 lanes;2;Straight - Level;Local Street;Dry;Two-Way, Not Divided;None;Four-Way Intersection;Coarse Asphalt;Coastal;Urban;30 - 35  MPH;Stop And Go Signal;Clear;No;34.33894, -78.70591
541;542;No;20-24;20;No;With Traffic;O: No Injury;Travel Lane;Black;Male;Charlotte;Mecklenburg;No;01-01-05;2007-10-19;Motorist Left Turn / Merge;9;Non-Intersection;01-10-01;0001-01-01T04:45:58-04:56;Motorist Left Turn - Opposite Direction;311212;2007;O: No Injury;Commercial;40-49;42;No;0-5 mph;O: No Injury;Black;Female;Passenger Car;No;No;Daylight;Urban (>70% Developed);4 lanes;2;Straight - Grade;Local Street;Wet;Two-Way, Divided, Unprotected Median;None;No Special Feature;Coarse Asphalt;Piedmont;Urban;30 - 35  MPH;No Control Present;Rain;No;35.220985, -80.81724
544;545;Yes;16-19;19;No;With Traffic;B: Evident Injury;Travel Lane;White;Male;None - Rural Crash;Guilford;No;01-01-07;2007-07-15;Motorist Overtaking Bicyclist;21;Non-Intersection;01-07-01;0001-01-01T16:03:58-04:56;Motorist Overtaking - Other /;311239;2007;B: Evident Injury;Residential;;;No;41-45 mph;Injury;/Missing;;;No;Yes;Dark - Roadway Not Lighted;Urban (>70% Developed);2 lanes;2;Straight - Level;State Secondary Route;Dry;Two-Way, Not Divided;None;Driveway, Private;Coarse Asphalt;Piedmont;Rural;40 - 45  MPH;Double Yellow Line, No Passing Zone;Clear;No;36.065704, -79.67138
549;550;Yes;15-Nov;12;No;Not Applicable;C: Possible Injury;;Black;Male;Rocky Mount;Nash;No;01-01-02;2007-07-17;Bicyclist Failed to Yield - Midblock;17;Non-Intersection;01-07-01;0001-01-01T13:00:58-04:56;Bicyclist Ride Out - Midblock -;393319;2007;C: Possible Injury;Residential;;;Missing;;Injury;/Missing;;;No;Yes;Daylight;Urban (>70% Developed);2 lanes;2;Straight - Level;Local Street;Dry;Two-Way, Not Divided;None;No Special Feature;Smooth Asphalt;Coastal;Urban;30 - 35  MPH;No Control Present;Cloudy;No;35.927002, -77.80487
553;554;Yes;10-Jun;8;No;Not Applicable;C: Possible Injury;Driveway / Alley;Hispanic;Male;None - Rural Crash;Craven;No;01-01-04;2007-07-19;Bicyclist Failed to Yield - Midblock;13;Non-Intersection;01-07-01;0001-01-01T08:54:58-04:56;Bicyclist Ride Out - Residential Driveway;353311;2007;C: Possible Injury;Farms, Woods, Pastures;30-39;32;No;41-45 mph;O: No Injury;White;Female;Van;No;No;Daylight;Rural (<30% Developed);2 lanes;2;Straight - Level;State Secondary Route;Dry;Two-Way, Not Divided;None;Driveway, Private;Coarse Asphalt;Coastal;Rural;40 - 45  MPH;No Control Present;Clear;No;35.16324, -77.05858
573;574;Yes;10-Jun;9;No;With Traffic;B: Evident Injury;Travel Lane;Black;Female;None - Rural Crash;Vance;No;01-01-02;2007-07-24;Loss of Control / Turning Error;18;Non-Intersection;01-07-01;0001-01-01T13:07:58-04:56;Bicyclist Lost Control - Other /;311129;2007;B: Evident Injury;Residential;0-19;16;No;0-5 mph;O: No Injury;Black;Male;Passenger Car;No;No;Daylight;Rural (<30% Developed);2 lanes;2;Straight - Level;State Secondary Route;Dry;Two-Way, Not Divided;None;No Special Feature;Coarse Asphalt;Piedmont;Rural;30 - 35  MPH;Double Yellow Line, No Passing Zone;Clear;No;36.37946, -78.48818
575;576;Yes;40-49;43;No;With Traffic;B: Evident Injury;Bike Lane / Paved Shoulder;Asian;Male;Charlotte;Mecklenburg;No;01-01-05;2007-10-12;Motorist Overtaking Bicyclist;23;Non-Intersection;01-10-01;0001-01-01T18:38:58-04:56;Motorist Overtaking - Bicyclist Swerved;321235;2007;B: Evident Injury;Commercial;50-59;56;No;41-45 mph;O: No Injury;White;Male;Commercial Bus;No;No;Dark - Roadway Not Lighted;Urban (>70% Developed);4 lanes;2;Straight - Grade;Local Street;Dry;Two-Way, Divided, Positive Median Barrier;None;No Special Feature;Smooth Asphalt;Piedmont;Urban;40 - 45  MPH;No Control Present;Clear;No;35.316345, -80.73917
578;579;No;;;No;Facing Traffic;Injury;Sidewalk / Crosswalk / Driveway Crossing;Black;Male;Smithfield;Johnston;No;01-01-03;2007-07-25;Motorist Failed to Yield - Midblock;8;Non-Intersection;01-07-01;0001-01-01T04:00:58-04:56;Motorist Drive Out - Commercial Driveway / Alley;332322;2007;O: No Injury;Commercial;30-39;31;No;0-5 mph;O: No Injury;White;Female;Van;No;No;Daylight;Urban (>70% Developed);1 lane;2;Straight - Level;Public Vehicular Area;Dry;One-Way, Not Divided;None;Driveway, Public;Coarse Asphalt;Coastal;Urban;5 - 15 MPH;No Control Present;Clear;No;35.518574, -78.3168
582;583;Yes;50-59;59;No;With Traffic;B: Evident Injury;Travel Lane;White;Male;None - Rural Crash;Mecklenburg;No;01-01-07;2007-10-21;Bicyclist Left Turn / Merge;13;Intersection;01-10-01;0001-01-01T08:08:58-04:56;Bicyclist Left Turn - Same Direction;111221;2007;B: Evident Injury;Residential;0-19;17;No;36-40 mph;O: No Injury;White;Male;Pickup;No;No;Daylight;Rural (<30% Developed);2 lanes;2;Straight - Level;Local Street;Dry;Two-Way, Not Divided;None;T-Intersection;Smooth Asphalt;Piedmont;Rural;40 - 45  MPH;No Control Present;Clear;No;35.234993, -80.63316
591;592;Yes;50-59;58;No;With Traffic;C: Possible Injury;Travel Lane;White;Male;Hickory;Catawba;No;01-01-05;2007-07-27;Bicyclist Left Turn / Merge;16;Intersection;01-07-01;0001-01-01T11:41:58-04:56;Bicyclist Left Turn - Opposite Direction;111222;2007;C: Possible Injury;Commercial;20-24;22;No;6-10 mph;O: No Injury;White;Male;Pickup;No;No;Daylight;Urban (>70% Developed);2 lanes;2;Straight - Level;Local Street;Dry;Two-Way, Not Divided;None;Four-Way Intersection;Coarse Asphalt;Piedmont;Urban;30 - 35  MPH;Stop Sign;Clear;No;35.701805, -81.28878
594;595;Yes;15-Nov;15;Yes;Facing Traffic;B: Evident Injury;Sidewalk / Crosswalk / Driveway Crossing;White;Male;Wilmington;New Hanover;Yes;01-01-06;2007-07-28;Bicyclist Failed to Yield - Signalized Intersection;1;Intersection;01-07-01;0000-12-31T20:28:58-04:56;Bicyclist Ride Out - Signalized  Intersection;132153;2007;B: Evident Injury;Commercial;20-24;21;No;31-35 mph;O: No Injury;Black;Male;Passenger Car;No;No;Dark - Lighted Roadway;Urban (>70% Developed);2 lanes;2;Straight - Level;Local Street;Dry;Two-Way, Not Divided;None;Four-Way Intersection;Coarse Asphalt;Coastal;Urban;30 - 35  MPH;Stop And Go Signal;Clear;No;34.236786, -77.92893
595;596;Yes;40-49;41;No;Facing Traffic;C: Possible Injury;Sidewalk / Crosswalk / Driveway Crossing;Black;Female;Charlotte;Mecklenburg;No;01-01-05;2007-11-02;Crossing Paths - Other Circumstances;17;Intersection;01-11-01;0001-01-01T12:07:58-04:56;Signalized Intersection - Other /;132158;2007;C: Possible Injury;Residential;20-24;21;No;0-5 mph;O: No Injury;Black;Male;Passenger Car;No;No;Daylight;Urban (>70% Developed);2 lanes;2;Straight - Level;Local Street;Dry;Two-Way, Not Divided;None;No Special Feature;Concrete;Piedmont;Urban;20 - 25  MPH;Stop And Go Signal;Clear;No;35.244587, -80.85758
598;599;Yes;15-Nov;13;No;With Traffic;B: Evident Injury;Travel Lane;White;Male;None - Rural Crash;Wayne;No;01-01-07;2007-07-29;Bicyclist Left Turn / Merge;15;Non-Intersection;01-07-01;0001-01-01T10:42:58-04:56;Bicyclist Left Turn - Same Direction;311221;2007;B: Evident Injury;Farms, Woods, Pastures;50-59;53;No;51-55 mph;O: No Injury;White;Female;Passenger Car;No;No;Daylight;Rural (<30% Developed);2 lanes;2;Straight - Level;State Secondary Route;Dry;Two-Way, Not Divided;None;No Special Feature;Coarse Asphalt;Coastal;Rural;50 - 55  MPH;No Control Present;Clear;No;35.237625, -78.17703
601;602;Yes;16-19;19;No;;B: Evident Injury;Travel Lane;Black;Male;None - Rural Crash;Northampton;No;;2007-07-30;Bicyclist Failed to Yield - Midblock;16;Non-Intersection;01-07-01;0001-01-01T11:48:58-04:56;Bicyclist Ride Out - Midblock -;319319;2007;B: Evident Injury;Residential;20-24;24;No;41-45 mph;O: No Injury;Black;Male;Passenger Car;No;No;Daylight;Urban (>70% Developed);2 lanes;2;Straight - Grade;State Secondary Route;Dry;Two-Way, Not Divided;None;Driveway, Private;Smooth Asphalt;Coastal;Rural;40 - 45  MPH;No Control Present;Cloudy;No;36.51958, -77.67929
604;605;Yes;20-24;22;No;Facing Traffic;B: Evident Injury;Sidewalk / Crosswalk / Driveway Crossing;White;Female;Kill Devil Hills;Dare;No;01-01-07;2007-07-29;Motorist Failed to Yield - Midblock;20;Non-Intersection;01-07-01;0001-01-01T15:31:58-04:56;Motorist Drive Out - Commercial Driveway / Alley;332322;2007;B: Evident Injury;Commercial;30-39;36;No;0-5 mph;O: No Injury;White;Female;Sport Utility;No;No;Other;Urban (>70% Developed);;2;Straight - Level;Public Vehicular Area;Dry;Two-Way, Not Divided;;Driveway, Public;Concrete;Coastal;Urban;5 - 15 MPH;No Control Present;Clear;No;36.034977, -75.67375
606;607;Yes;30-39;38;No;With Traffic;B: Evident Injury;Bike Lane / Paved Shoulder;White;Female;None - Rural Crash;Dare;No;01-01-02;2007-07-31;Motorist Failed to Yield - Midblock;16;Non-Intersection;01-07-01;0001-01-01T11:21:58-04:56;Motorist Drive Out - Commercial Driveway / Alley;321322;2007;B: Evident Injury;Commercial;70+;;No;0-5 mph;O: No Injury;White;Male;Pickup;No;No;Daylight;Urban (>70% Developed);2 lanes;2;Straight - Level;NC Route;Dry;Two-Way, Not Divided;None;Driveway, Public;Coarse Asphalt;Coastal;Rural;30 - 35  MPH;No Control Present;Clear;No;35.344536, -75.50409
609;610;Yes;16-19;16;No;With Traffic;C: Possible Injury;Travel Lane;Black;Male;None - Rural Crash;Union;No;01-01-02;2007-07-31;Motorist Overtaking Bicyclist;9;Non-Intersection;01-07-01;0001-01-01T04:04:58-04:56;Motorist Overtaking - Bicyclist Swerved;311235;2007;C: Possible Injury;Farms, Woods, Pastures;40-49;45;No;51-55 mph;O: No Injury;White;Female;Passenger Car;No;No;Daylight;Rural (<30% Developed);2 lanes;2;Straight - Level;NC Route;Dry;Two-Way, Not Divided;None;No Special Feature;Smooth Asphalt;Piedmont;Rural;50 - 55  MPH;No Control Present;Cloudy;No;34.86828, -80.66659
621;622;Yes;16-19;16;No;Facing Traffic;C: Possible Injury;Sidewalk / Crosswalk / Driveway Crossing;Black;Male;High Point;Guilford;No;01-01-06;2007-08-04;Motorist Failed to Yield - Signalized Intersection;19;Intersection;01-08-01;0001-01-01T14:35:58-04:56;Motorist Drive Out - Right Turn on Red;132151;2007;C: Possible Injury;Commercial;30-39;30;No;0-5 mph;O: No Injury;White;Female;Van;No;No;Daylight;Urban (>70% Developed);2 lanes;2;Straight - Level;Local Street;Dry;Two-Way, Not Divided;None;No Special Feature;Smooth Asphalt;Piedmont;Urban;30 - 35  MPH;Stop And Go Signal;Clear;No;35.96999, -80.01552