FID;OBJECTID;AmbulanceR;BikeAge_Gr;Bike_Age;Bike_Alc_D;Bike_Dir;Bike_Injur;Bike_Pos;Bike_Race;Bike_Sex;City;County;CrashAlcoh;CrashDay;Crash_Date;Crash_Grp;Crash_Hour;Crash_Loc;Crash_Mont;Crash_Time;Crash_Type;Crash_Ty_1;Crash_Year;Crsh_Sevri;Developmen;DrvrAge_Gr;Drvr_Age;Drvr_Alc_D;Drvr_EstSp;Drvr_Injur;Drvr_Race;Drvr_Sex;Drvr_VehTy;ExcsSpdInd;Hit_Run;Light_Cond;Locality;Num_Lanes;Num_Units;Rd_Charact;Rd_Class;Rd_Conditi;Rd_Config;Rd_Defects;Rd_Feature;Rd_Surface;Region;Rural_Urba;Speed_Limi;Traff_Cntr;Weather;Workzone_I;Location
853;854;Yes;40-49;44;No;With Traffic;B: Evident Injury;Travel Lane;Black;Male;None - Rural Crash;Granville;No;01-01-04;2007-10-11;Motorist Overtaking Bicyclist;7;Non-Intersection;01-10-01;0001-01-01T02:56:58-04:56;Motorist Overtaking - Misjudged Space;311232;2007;B: Evident Injury;Farms, Woods, Pastures;60-69;64;No;51-55 mph;O: No Injury;Black;Female;Light Truck (Mini-Van, Panel);No;No;Daylight;Rural (<30% Developed);2 lanes;2;Straight - Level;US Route;Dry;Two-Way, Not Divided;None;No Special Feature;Coarse Asphalt;Piedmont;Rural;50 - 55  MPH;Double Yellow Line, No Passing Zone;Clear;No;36.16387, -78.67529
859;860;Yes;40-49;41;No;Facing Traffic;Injury;Travel Lane;Black;Male;Raeford;Hoke;No;01-01-07;2007-10-14;Head-On;16;Non-Intersection;01-10-01;0001-01-01T11:56:58-04:56;Head-On - Bicyclist;312250;2007;O: No Injury;Commercial;70+;;No;16-20 mph;O: No Injury;White;Male;Pickup;No;No;Daylight;Mixed (30% To 70% Developed);2 lanes;2;Straight - Level;NC Route;Dry;Two-Way, Not Divided;None;Four-Way Intersection;Smooth Asphalt;Coastal;Rural;20 - 25  MPH;Flashing Stop And Go Signal;Clear;No;34.97903, -79.22404
863;864;Yes;16-19;17;No;Facing Traffic;C: Possible Injury;Travel Lane;Black;Male;Hickory;Catawba;No;01-01-02;2007-10-16;Motorist Failed to Yield - Midblock;18;Non-Intersection;01-10-01;0001-01-01T13:13:58-04:56;Motorist Drive Out - Commercial Driveway / Alley;312322;2007;C: Possible Injury;Commercial;;;Missing;0-5 mph;Injury;/Missing;;;No;Yes;Daylight;Urban (>70% Developed);5 lanes;2;Straight - Level;Local Street;Water (Standing, Moving);Two-Way, Not Divided;None;No Special Feature;Smooth Asphalt;Piedmont;Urban;40 - 45  MPH;No Control Present;Clear;No;35.742897, -81.30163
872;873;Yes;25-29;29;No;With Traffic;B: Evident Injury;Travel Lane;White;Male;High Point;Guilford;No;01-01-06;2007-10-20;Motorist Right Turn / Merge;14;Intersection;01-10-01;0001-01-01T09:03:58-04:56;Motorist Right Turn - Same Direction;111213;2007;B: Evident Injury;Residential;70+;;No;6-10 mph;O: No Injury;Black;Female;Passenger Car;No;No;Daylight;Urban (>70% Developed);2 lanes;2;Straight - Bottom;Local Street;Dry;Two-Way, Not Divided;None;No Special Feature;Smooth Asphalt;Piedmont;Urban;30 - 35  MPH;No Control Present;Clear;No;35.97358, -79.989
874;875;Yes;15-Nov;12;No;Facing Traffic;C: Possible Injury;;White;Male;None - Rural Crash;Rutherford;No;;2007-10-22;Bicyclist Right Turn / Merge;14;Non-Intersection;01-10-01;0001-01-01T09:33:58-04:56;Bicyclist Right Turn - Opposite Direction;392224;2007;C: Possible Injury;Residential;0-19;19;No;26-30 mph;O: No Injury;White;Female;Passenger Car;No;No;Dark - Roadway Not Lighted;Mixed (30% To 70% Developed);2 lanes;2;Straight - Level;State Secondary Route;Wet;Two-Way, Not Divided;None;No Special Feature;Smooth Asphalt;Mountains;Rural;30 - 35  MPH;Double Yellow Line, No Passing Zone;Cloudy;No;35.243828, -81.84646
883;884;Yes;25-29;25;No;;B: Evident Injury;;Black;Male;Fayetteville;Cumberland;No;01-01-05;2007-10-26;Other /  - Insufficient Details;23;Non-Intersection;01-10-01;0001-01-01T18:37:58-04:56;Approach Paths;399970;2007;B: Evident Injury;Commercial;;;Missing;16-20 mph;Injury;/Missing;;;No;Yes;Dark - Lighted Roadway;Rural (<30% Developed);1 lane;3;Straight - Level;Local Street;Wet;Two-Way, Not Divided;None;No Special Feature;Coarse Asphalt;Coastal;Urban;20 - 25  MPH;No Control Present;Rain;No;35.093025, -78.95551
895;896;Yes;20-24;21;No;Facing Traffic;B: Evident Injury;Sidewalk / Crosswalk / Driveway Crossing;White;Male;Wilmington;New Hanover;No;01-01-02;2007-10-30;Motorist Failed to Yield - Sign-Controlled Intersection;10;Intersection;01-10-01;0001-01-01T06:02:58-04:56;Motorist Drive Out - Sign-Controlled Intersection;132141;2007;B: Evident Injury;Residential;20-24;23;No;11-15 mph;O: No Injury;Black;Female;Passenger Car;No;No;Daylight;Urban (>70% Developed);2 lanes;2;Straight - Level;Local Street;Dry;Two-Way, Not Divided;None;Four-Way Intersection;Smooth Asphalt;Coastal;Urban;30 - 35  MPH;Stop Sign;Clear;No;34.22993, -77.87096
896;897;Yes;60-69;60;No;With Traffic;B: Evident Injury;Travel Lane;White;Male;Huntersville;Mecklenburg;No;01-01-03;2007-10-31;Bicyclist Overtaking Motorist;10;Non-Intersection;01-10-01;0001-01-01T05:08:58-04:56;Bicyclist Overtaking - Other /;311249;2007;B: Evident Injury;Commercial;20-24;24;No;;O: No Injury;White;Female;Passenger Car;No;No;Daylight;Mixed (30% To 70% Developed);2 lanes;2;Straight - Level;Local Street;Dry;Two-Way, Not Divided;None;No Special Feature;Smooth Asphalt;Piedmont;Urban;30 - 35  MPH;No Control Present;Clear;No;35.399548, -80.86413
898;899;Yes;40-49;46;No;With Traffic;C: Possible Injury;Travel Lane;White;Male;Fayetteville;Cumberland;No;01-01-04;2007-11-01;Crossing Paths - Other Circumstances;8;Intersection;01-11-01;0001-01-01T03:06:58-04:56;Crossing Paths - Intersection - Other /;111180;2007;C: Possible Injury;Residential;30-39;35;No;21-25 mph;O: No Injury;White;Male;Passenger Car;No;No;Daylight;Rural (<30% Developed);4 lanes;2;Straight - Level;Local Street;Dry;Two-Way, Divided, Unprotected Median;None;No Special Feature;Grooved Concrete;Coastal;Urban;40 - 45  MPH;No Control Present;Clear;No;35.058796, -79.00654
904;905;Yes;50-59;54;No;With Traffic;B: Evident Injury;Travel Lane;Black;Male;Rockingham;Richmond;No;01-01-07;2007-11-04;Motorist Overtaking Bicyclist;11;Non-Intersection;01-11-01;0001-01-01T06:13:58-04:56;Motorist Overtaking - Other /;311239;2007;B: Evident Injury;Commercial;30-39;39;No;31-35 mph;O: No Injury;White;Female;Passenger Car;No;No;Daylight;Urban (>70% Developed);2 lanes;2;Straight - Level;Local Street;Dry;Two-Way, Not Divided;None;No Special Feature;Smooth Asphalt;Piedmont;Urban;30 - 35  MPH;No Control Present;Clear;No;34.926655, -79.77634
920;921;Yes;50-59;53;No;With Traffic;B: Evident Injury;Travel Lane;White;Male;Raleigh;Wake;No;01-01-06;2007-11-10;Motorist Failed to Yield - Sign-Controlled Intersection;18;Intersection;01-11-01;0001-01-01T13:28:58-04:56;Motorist Drive Out - Sign-Controlled Intersection;111141;2007;B: Evident Injury;Residential;30-39;37;No;6-10 mph;O: No Injury;Hispanic;Female;Pickup;No;No;Dusk;Urban (>70% Developed);2 lanes;2;Straight - Bottom;Local Street;Dry;Two-Way, Divided, Unprotected Median;None;Four-Way Intersection;Coarse Asphalt;Piedmont;Urban;30 - 35  MPH;Stop Sign;Clear;No;35.86306, -78.65383
921;922;No;50-59;55;No;With Traffic;C: Possible Injury;;White;Male;Raleigh;Wake;No;01-01-06;2007-11-10;Motorist Left Turn / Merge;0;Intersection;01-11-01;0000-12-31T19:18:58-04:56;Motorist Left Turn - Opposite Direction;191212;2007;C: Possible Injury;Commercial;;;Missing;16-20 mph;Injury;/Missing;;Passenger Car;No;Yes;Dark - Lighted Roadway;Urban (>70% Developed);5 lanes;2;Straight - Level;Local Street;Dry;Two-Way, Not Divided;None;T-Intersection;Smooth Asphalt;Piedmont;Urban;40 - 45  MPH;Stop And Go Signal;Clear;No;35.872894, -78.62239
926;927;Yes;30-39;38;No;With Traffic;B: Evident Injury;Travel Lane;White;Male;High Point;Guilford;No;01-01-04;2007-11-15;Bicyclist Failed to Yield - Signalized Intersection;16;Intersection;01-11-01;0001-01-01T11:49:58-04:56;Bicyclist Ride Out - Signalized  Intersection;111153;2007;B: Evident Injury;Commercial;40-49;48;No;26-30 mph;O: No Injury;White;Male;Pickup;No;No;Daylight;Urban (>70% Developed);4 lanes;2;Straight - Level;Local Street;Dry;Two-Way, Not Divided;None;Four-Way Intersection;Smooth Asphalt;Piedmont;Urban;30 - 35  MPH;Stop And Go Signal;Clear;No;35.931164, -80.03464
934;935;Yes;40-49;46;Yes;With Traffic;C: Possible Injury;Travel Lane;Black;Male;None - Rural Crash;Duplin;Yes;01-01-03;2007-11-21;Motorist Failed to Yield - Sign-Controlled Intersection;22;Intersection;01-11-01;0001-01-01T17:48:58-04:56;Motorist Drive Out - Sign-Controlled Intersection;111141;2007;C: Possible Injury;Farms, Woods, Pastures;25-29;25;No;21-25 mph;O: No Injury;White;Male;Pickup;No;No;Dark - Roadway Not Lighted;Rural (<30% Developed);2 lanes;2;Straight - Level;NC Route;Dry;Two-Way, Not Divided;None;Four-Way Intersection;Coarse Asphalt;Coastal;Rural;50 - 55  MPH;Stop Sign;Clear;No;34.80681, -77.942726
936;937;No;40-49;44;No;With Traffic;O: No Injury;Travel Lane;/Missing;;None - Rural Crash;New Hanover;No;01-01-05;2007-11-23;Motorist Overtaking Bicyclist;6;Non-Intersection;01-11-01;0001-01-01T01:03:58-04:56;Motorist Overtaking - Misjudged Space;311232;2007;O: No Injury;Commercial;;;Missing;51-55 mph;Injury;/Missing;;;No;Yes;Dark - Roadway Not Lighted;Mixed (30% To 70% Developed);4 lanes;2;Straight - Level;US Route;Dry;Two-Way, Divided, Unprotected Median;None;No Special Feature;Coarse Asphalt;Coastal;Rural;50 - 55  MPH;No Control Present;Cloudy;No;34.112797, -77.90031
941;942;Yes;50-59;53;No;;C: Possible Injury;;Black;Male;None - Rural Crash;Lenoir;No;01-01-02;2007-11-27;Other /  - Insufficient Details;6;Location;01-11-01;0001-01-01T01:20:58-04:56;Location;999980;2007;C: Possible Injury;Commercial;70+;;No;56-60 mph;O: No Injury;White;Male;Single Unit Truck (2-Axle, 6-Tire);No;No;Dawn;Mixed (30% To 70% Developed);2 lanes;2;Straight - Bottom;US Route;Wet;Two-Way, Not Divided;None;Bridge;Coarse Asphalt;Coastal;Rural;50 - 55  MPH;Double Yellow Line, No Passing Zone;Clear;No;35.22743, -77.61051
951;952;No;15-Nov;13;No;With Traffic;C: Possible Injury;Travel Lane;White;Male;Statesville;Iredell;No;01-01-06;2007-12-01;Bicyclist Failed to Yield - Sign-Controlled Intersection;14;Intersection;01-12-01;0001-01-01T09:03:58-04:56;Bicyclist Ride Out - Sign-Controlled Intersection;111142;2007;C: Possible Injury;Residential;;;No;0-5 mph;Injury;/Missing;;;No;Yes;Daylight;Urban (>70% Developed);2 lanes;2;Straight - Level;Local Street;Dry;Two-Way, Not Divided;None;Four-Way Intersection;Coarse Asphalt;Piedmont;Urban;30 - 35  MPH;Stop Sign;Clear;No;35.793907, -80.87912
954;955;No;16-19;19;No;;C: Possible Injury;;White;Male;Lexington;Davidson;No;;2007-12-03;Bicyclist Failed to Yield - Midblock;17;Non-Intersection;01-12-01;0001-01-01T12:09:58-04:56;Bicyclist Ride Out - Midblock -;399319;2007;C: Possible Injury;Residential;70+;;No;31-35 mph;O: No Injury;White;Male;Sport Utility;No;No;Daylight;Urban (>70% Developed);3 lanes;2;Straight - Level;Local Street;Dry;One-Way, Not Divided;None;No Special Feature;Coarse Asphalt;Piedmont;Urban;30 - 35  MPH;No Control Present;Clear;No;35.833904, -80.253075
955;956;No;10-Jun;6;No;With Traffic;O: No Injury;Travel Lane;White;Male;High Point;Guilford;No;01-01-07;2007-12-02;Bicyclist Failed to Yield - Sign-Controlled Intersection;16;Intersection;01-12-01;0001-01-01T11:03:58-04:56;Bicyclist Ride Through - Sign-Controlled Intersection;111144;2007;O: No Injury;Residential;50-59;59;No;11-15 mph;O: No Injury;White;Male;Passenger Car;No;No;Daylight;Urban (>70% Developed);2 lanes;2;Straight - Grade;Public Vehicular Area;Dry;Two-Way, Not Divided;None;T-Intersection;Smooth Asphalt;Piedmont;Urban;30 - 35  MPH;Stop Sign;Clear;No;35.97927, -80.03022
956;957;Yes;40-49;41;No;With Traffic;C: Possible Injury;Travel Lane;Asian;Male;Tarboro;Edgecombe;No;;2007-12-03;Motorist Overtaking Bicyclist;22;Non-Intersection;01-12-01;0001-01-01T17:31:58-04:56;Motorist Overtaking - Undetected Bicyclist;311231;2007;C: Possible Injury;Commercial;20-24;21;No;41-45 mph;O: No Injury;White;Male;Passenger Car;No;No;Dark - Lighted Roadway;Urban (>70% Developed);3 lanes;2;Straight - Level;Local Street;Dry;Two-Way, Divided, Unprotected Median;None;No Special Feature;Smooth Asphalt;Coastal;Urban;40 - 45  MPH;Stop Sign;Clear;No;35.89645, -77.55689
975;976;Yes;40-49;41;No;With Traffic;C: Possible Injury;Travel Lane;Black;Male;Goldsboro;Wayne;No;01-01-04;2007-12-13;Bicyclist Left Turn / Merge;14;Non-Intersection;01-12-01;0001-01-01T09:50:58-04:56;Bicyclist Left Turn - Same Direction;311221;2007;C: Possible Injury;Commercial;40-49;44;No;31-35 mph;O: No Injury;Black;Male;Pickup;No;No;Daylight;Urban (>70% Developed);5 lanes;2;Straight - Level;Local Street;Dry;Two-Way, Divided, Unprotected Median;None;No Special Feature;Smooth Asphalt;Coastal;Urban;30 - 35  MPH;No Control Present;Cloudy;No;35.375713, -77.96075
988;989;Yes;40-49;44;No;With Traffic;B: Evident Injury;Travel Lane;White;Male;Fayetteville;Cumberland;No;01-01-05;2007-12-28;Motorist Overtaking Bicyclist;16;Non-Intersection;01-12-01;0001-01-01T11:58:58-04:56;Motorist Overtaking - Other /;311239;2007;B: Evident Injury;Residential;;;Missing;;Injury;/Missing;;;No;Yes;Daylight;Urban (>70% Developed);2 lanes;2;Straight - Grade;Local Street;Dry;Two-Way, Not Divided;None;No Special Feature;Coarse Asphalt;Coastal;Urban;20 - 25  MPH;No Control Present;Clear;No;35.0093, -78.968735
991;992;Yes;25-29;27;No;Facing Traffic;B: Evident Injury;Travel Lane;Hispanic;Female;None - Rural Crash;Columbus;No;01-01-06;2007-12-29;Head-On;9;Non-Intersection;01-12-01;0001-01-01T05:01:58-04:56;Head-On - Bicyclist;312250;2007;B: Evident Injury;Farms, Woods, Pastures;40-49;41;No;56-60 mph;O: No Injury;White;Male;Pickup;Yes;No;Daylight;Rural (<30% Developed);2 lanes;2;Straight - Level;NC Route;Dry;Two-Way, Not Divided;None;No Special Feature;Coarse Asphalt;Coastal;Rural;50 - 55  MPH;Double Yellow Line, No Passing Zone;Clear;No;34.1193, -78.84471
999;1000;Yes;20-24;20;No;With Traffic;B: Evident Injury;Travel Lane;White;Female;Kill Devil Hills;Dare;No;01-01-07;2007-06-24;Parallel Paths - Other Circumstances;2;Non-Intersection;01-06-01;0000-12-31T22:01:58-04:56;Parallel Paths - Other /;311280;2007;B: Evident Injury;Commercial;0-19;16;No;;O: No Injury;White;Male;Sport Utility;No;Yes;Dark - Lighted Roadway;Urban (>70% Developed);4 lanes;2;Straight - Level;US Route;Dry;Two-Way, Divided, Unprotected Median;None;No Special Feature;Coarse Asphalt;Coastal;Urban;50 - 55  MPH;No Control Present;Clear;No;36.005005, -75.65568
4;5;No;50-59;57;No;Facing Traffic;C: Possible Injury;Sidewalk / Crosswalk / Driveway Crossing;Black;Male;Charlotte;Mecklenburg;No;;2008-02-04;Motorist Failed to Yield - Midblock;8;Non-Intersection;01-02-01;0001-01-01T03:38:58-04:56;Motorist Drive Out - Commercial Driveway / Alley;332322;2008;C: Possible Injury;Commercial;30-39;39;No;0-5 mph;O: No Injury;Black;Female;Passenger Car;No;No;Daylight;Urban (>70% Developed);;2;Straight - Level;Private Road, Driveway;Dry;;None;Driveway, Public;Other;Piedmont;Urban;20 - 25  MPH;No Control Present;Cloudy;No;0.0, 0.0
7;8;No;20-24;22;No;Facing Traffic;C: Possible Injury;Sidewalk / Crosswalk / Driveway Crossing;Black;Male;Charlotte;Mecklenburg;No;;2008-02-11;Motorist Failed to Yield - Sign-Controlled Intersection;17;Intersection;01-02-01;0001-01-01T12:46:58-04:56;Motorist Drive Out - Sign-Controlled Intersection;132141;2008;C: Possible Injury;Commercial;40-49;44;No;0-5 mph;O: No Injury;Black;Male;Passenger Car;No;No;Daylight;Urban (>70% Developed);2 lanes;2;Straight - Level;Local Street;Dry;Two-Way, Divided, Positive Median Barrier;None;T-Intersection;Smooth Asphalt;Piedmont;Urban;20 - 25  MPH;Stop Sign;Clear;No;0.0, 0.0
13;14;No;40-49;40;No;Facing Traffic;O: No Injury;Travel Lane;Black;Male;Charlotte;Mecklenburg;No;01-01-02;2008-01-22;Crossing Paths - Other Circumstances;16;Intersection-Related;;0001-01-01T11:24:58-04:56;Crossing Paths - Intersection - Other /;212180;2008;O: No Injury;Commercial;25-29;29;No;11-15 mph;O: No Injury;Asian;Female;Passenger Car;No;No;Daylight;Urban (>70% Developed);8 lanes;2;Straight - Level;Local Street;Wet;Two-Way, Divided, Positive Median Barrier;None;No Special Feature;Coarse Asphalt;Piedmont;Urban;40 - 45  MPH;No Control Present;Rain;No;0.0, 0.0
14;15;No;30-39;38;No;With Traffic;C: Possible Injury;Travel Lane;White;Male;Lenoir;Caldwell;No;;2008-02-25;Motorist Failed to Yield - Sign-Controlled Intersection;9;Intersection;01-02-01;0001-01-01T04:45:58-04:56;Motorist Drive Out - Sign-Controlled Intersection;111141;2008;C: Possible Injury;Commercial;70+;;No;0-5 mph;O: No Injury;White;Male;Passenger Car;No;No;Daylight;Urban (>70% Developed);5 lanes;2;Straight - Level;Local Street;Dry;Two-Way, Not Divided;None;Four-Way Intersection;Smooth Asphalt;Mountains;Urban;40 - 45  MPH;Stop Sign;Clear;No;0.0, 0.0
16;17;No;10-Jun;8;No;With Traffic;C: Possible Injury;Sidewalk / Crosswalk / Driveway Crossing;Black;Male;Kinston;Lenoir;No;01-01-07;2008-03-02;Bicyclist Failed to Yield - Sign-Controlled Intersection;14;Intersection;01-03-01;0001-01-01T09:52:58-04:56;Bicyclist Ride Through - Sign-Controlled Intersection;131144;2008;C: Possible Injury;Commercial;70+;;No;;O: No Injury;Black;Female;Passenger Car;No;No;Daylight;Urban (>70% Developed);2 lanes;2;Straight - Bottom;Local Street;Dry;Two-Way, Not Divided;None;Four-Way Intersection;Coarse Asphalt;Coastal;Urban;;Stop Sign;Clear;No;0.0, 0.0
19;20;Yes;15-Nov;11;No;Not Applicable;B: Evident Injury;Multi-use Path;White;Male;Cary;Wake;No;01-01-05;2008-03-14;Bicyclist Failed to Yield - Sign-Controlled Intersection;13;Intersection;01-03-01;0001-01-01T08:13:58-04:56;Bicyclist Ride Through - Sign-Controlled Intersection;143144;2008;B: Evident Injury;Residential;25-29;29;No;26-30 mph;O: No Injury;White;Female;Passenger Car;No;No;Daylight;Urban (>70% Developed);2 lanes;2;Straight - Grade;Local Street;Dry;Two-Way, Not Divided;None;Shared-Use Paths Or Trails;Smooth Asphalt;Piedmont;Urban;30 - 35  MPH;Stop Sign;Clear;No;0.0, 0.0
25;26;Yes;60-69;68;No;With Traffic;C: Possible Injury;Travel Lane;White;Male;None - Rural Crash;Guilford;No;01-01-02;2008-01-01;Loss of Control / Turning Error;15;Intersection;;0001-01-01T10:44:58-04:56;Motorist Turning Error - Left Turn;111111;2008;C: Possible Injury;Farms, Woods, Pastures;70+;;No;11-15 mph;O: No Injury;White;Male;Pickup;No;No;Daylight;Rural (<30% Developed);2 lanes;2;Straight - Level;State Secondary Route;Dry;Two-Way, Not Divided;None;T-Intersection;Coarse Asphalt;Piedmont;Rural;40 - 45  MPH;Stop Sign;Clear;No;0.0, 0.0
28;29;No;0-5;5;No;Not Applicable;C: Possible Injury;Driveway / Alley;Black;Male;None - Rural Crash;Wake;No;01-01-07;2008-01-06;Bicyclist Failed to Yield - Midblock;13;Non-Intersection;;0001-01-01T08:58:58-04:56;Bicyclist Ride Out - Residential Driveway;353311;2008;C: Possible Injury;Farms, Woods, Pastures;;;No;21-25 mph;Injury;/Missing;;;No;Yes;Daylight;Rural (<30% Developed);2 lanes;2;Straight - Level;Local Street;Dry;Two-Way, Not Divided;None;No Special Feature;Smooth Asphalt;Piedmont;Rural;40 - 45  MPH;No Control Present;Clear;No;0.0, 0.0
30;31;Yes;40-49;48;No;With Traffic;B: Evident Injury;Bike Lane / Paved Shoulder;White;Male;Charlotte;Mecklenburg;No;01-01-03;2008-04-02;Motorist Left Turn / Merge;19;Intersection;01-04-01;0001-01-01T14:44:58-04:56;Motorist Left Turn - Opposite Direction;121212;2008;B: Evident Injury;Commercial;30-39;34;No;6-10 mph;O: No Injury;White;Male;Passenger Car;No;No;Daylight;Urban (>70% Developed);2 lanes;2;Straight - Grade;Local Street;;Two-Way, Not Divided;None;T-Intersection;Coarse Asphalt;Piedmont;Urban;30 - 35  MPH;Stop Sign;Clear;No;0.0, 0.0
38;39;Yes;60-69;67;No;With Traffic;C: Possible Injury;Bike Lane / Paved Shoulder;Hispanic;Male;None - Rural Crash;Randolph;No;01-01-03;2008-01-09;Motorist Overtaking Bicyclist;18;Non-Intersection;;0001-01-01T13:31:58-04:56;Motorist Overtaking - Misjudged Space;321232;2008;C: Possible Injury;Farms, Woods, Pastures;20-24;20;No;51-55 mph;O: No Injury;White;Male;Pickup;No;No;Dark - Roadway Not Lighted;Rural (<30% Developed);2 lanes;2;Straight - Level;US Route;Dry;Two-Way, Not Divided;None;No Special Feature;Smooth Asphalt;Piedmont;Rural;50 - 55  MPH;Double Yellow Line, No Passing Zone;Clear;No;0.0, 0.0
47;48;No;25-29;26;No;Not Applicable;O: No Injury;Sidewalk / Crosswalk / Driveway Crossing;White;Male;Raleigh;Wake;No;;2008-01-14;Non-Roadway;18;Non-Roadway;;0001-01-01T13:36:58-04:56;Non-Roadway;430910;2008;O: No Injury;Commercial;50-59;56;No;;O: No Injury;White;Female;Passenger Car;No;No;Dark - Lighted Roadway;Urban (>70% Developed);;2;Straight - Level;Public Vehicular Area;Dry;Two-Way, Not Divided;None;Driveway, Public;Smooth Asphalt;Piedmont;Urban;5 - 15 MPH;Missing;Clear;No;0.0, 0.0
55;56;Yes;25-29;28;No;Facing Traffic;C: Possible Injury;Sidewalk / Crosswalk / Driveway Crossing;Black;Male;Goldsboro;Wayne;No;;2008-01-21;Crossing Paths - Other Circumstances;17;Intersection;;0001-01-01T12:13:58-04:56;Signalized Intersection - Other /;132158;2008;C: Possible Injury;Commercial;30-39;34;No;0-5 mph;O: No Injury;White;Female;Sport Utility;No;No;Dusk;Urban (>70% Developed);4 lanes;2;Straight - Level;Local Street;Dry;Two-Way, Not Divided;None;Four-Way Intersection;Coarse Asphalt;Coastal;Urban;30 - 35  MPH;Stop And Go Signal;Clear;No;0.0, 0.0
62;63;Yes;15-Nov;13;No;With Traffic;B: Evident Injury;Travel Lane;White;Male;Durham;Durham;No;01-01-05;2008-04-11;Loss of Control / Turning Error;15;Intersection;01-04-01;0001-01-01T10:29:58-04:56;Bicyclist Lost Control - Oversteering, Improper Braking, Speed;111122;2008;B: Evident Injury;Commercial;0-19;16;No;6-10 mph;O: No Injury;White;Female;Sport Utility;No;No;Daylight;Urban (>70% Developed);8 lanes;2;Straight - Level;Local Street;Dry;Two-Way, Not Divided;None;Four-Way Intersection;Smooth Asphalt;Piedmont;Urban;30 - 35  MPH;Stop And Go Signal;Clear;No;0.0, 0.0
64;65;No;40-49;41;No;With Traffic;C: Possible Injury;Travel Lane;White;Male;None - Rural Crash;Davie;No;01-01-06;2008-01-26;Parallel Paths - Other Circumstances;11;Non-Intersection;;0001-01-01T06:33:58-04:56;Parallel Paths - Other /;311280;2008;C: Possible Injury;Residential;60-69;61;No;;O: No Injury;White;Male;Police;No;No;Daylight;Mixed (30% To 70% Developed);2 lanes;2;Straight - Level;State Secondary Route;Dry;Two-Way, Not Divided;None;No Special Feature;Smooth Asphalt;Piedmont;Rural;50 - 55  MPH;Missing;Clear;No;0.0, 0.0
65;66;Yes;40-49;42;No;With Traffic;B: Evident Injury;Travel Lane;White;Male;None - Rural Crash;Wilkes;No;01-01-06;2008-01-26;Motorist Overtaking Bicyclist;19;Non-Intersection;;0001-01-01T14:13:58-04:56;Motorist Overtaking - Misjudged Space;311232;2008;B: Evident Injury;Residential;25-29;27;No;31-35 mph;O: No Injury;White;Female;Van;No;No;Daylight;Mixed (30% To 70% Developed);2 lanes;2;Straight - Grade;State Secondary Route;Dry;Two-Way, Not Divided;None;No Special Feature;Smooth Asphalt;Mountains;Rural;50 - 55  MPH;Double Yellow Line, No Passing Zone;Clear;No;0.0, 0.0
80;81;No;15-Nov;12;No;Not Applicable;B: Evident Injury;Non-Roadway;White;Male;Wilson;Wilson;No;01-01-05;2008-02-01;Non-Roadway;17;Non-Roadway;01-02-01;0001-01-01T12:12:58-04:56;Non-Roadway;460910;2008;B: Evident Injury;Commercial;30-39;36;No;16-20 mph;O: No Injury;White;Female;Passenger Car;No;No;Daylight;Urban (>70% Developed);;2;Straight - Level;Public Vehicular Area;Wet;;None;No Special Feature;Smooth Asphalt;Coastal;Urban;30 - 35  MPH;Stop And Go Signal;Clear;No;0.0, 0.0
81;82;No;50-59;51;Yes;With Traffic;C: Possible Injury;Bike Lane / Paved Shoulder;Black;Male;Spencer;Rowan;Yes;01-01-06;2008-02-02;Motorist Failed to Yield - Midblock;12;Non-Intersection;01-02-01;0001-01-01T07:22:58-04:56;Motorist Drive Out - Commercial Driveway / Alley;321322;2008;C: Possible Injury;Commercial;60-69;69;No;;O: No Injury;White;Female;Passenger Car;No;No;Daylight;Mixed (30% To 70% Developed);4 lanes;2;Straight - Level;Public Vehicular Area;Dry;Two-Way, Not Divided;None;Driveway, Public;Smooth Asphalt;Piedmont;Rural;;Missing;Clear;No;0.0, 0.0
771;772;Yes;40-49;49;Yes;With Traffic;B: Evident Injury;Travel Lane;White;Male;Lenoir;Caldwell;Yes;;2012-10-15;Motorist Overtaking Bicyclist;23;Non-Intersection;01-10-01;0001-01-01T18:28:58-04:56;Motorist Overtaking - Other /;;2012;B: Evident Injury;Commercial;20-24;21;No;41-45 mph;O: No Injury;White;Male;Pickup;No;No;Dark - Lighted Roadway;Urban (>70% Developed);5 lanes;2;Straight - Level;US Route;Dry;Two-Way, Not Divided;None;No Special Feature;Smooth Asphalt;Mountains;Urban;40 - 45  MPH;No Control Present;Cloudy;No;35.89663, -81.5607
780;781;Yes;50-59;57;No;With Traffic;B: Evident Injury;Travel Lane;White;Male;Raleigh;Wake;No;01-01-02;2012-10-16;Motorist Left Turn / Merge;11;Non-Intersection;01-10-01;0001-01-01T06:25:58-04:56;Motorist Left Turn - Opposite Direction;;2012;B: Evident Injury;Commercial;60-69;64;No;0-5 mph;O: No Injury;White;Male;Sport Utility;No;No;Daylight;Mixed (30% To 70% Developed);3 lanes;2;Straight - Grade;Local Street;Dry;Two-Way, Not Divided;None;No Special Feature;Smooth Asphalt;Piedmont;Urban;30 - 35  MPH;No Control Present;Clear;No;35.88302, -78.7409
787;788;No;50-59;54;No;With Traffic;C: Possible Injury;Travel Lane;White;Male;None - Rural Crash;Brunswick;No;01-01-04;2012-10-18;Motorist Overtaking Bicyclist;18;Non-Intersection;01-10-01;0001-01-01T13:14:58-04:56;Motorist Overtaking - Other /;;2012;C: Possible Injury;Commercial;30-39;32;No;41-45 mph;O: No Injury;White;Male;Pickup;No;No;Daylight;Urban (>70% Developed);2 lanes;2;Straight - Level;NC Route;Dry;Two-Way, Not Divided;None;No Special Feature;Coarse Asphalt;Coastal;Rural;40 - 45  MPH;No Control Present;Clear;No;33.95316, -78.0514