FID;OBJECTID;AmbulanceR;BikeAge_Gr;Bike_Age;Bike_Alc_D;Bike_Dir;Bike_Injur;Bike_Pos;Bike_Race;Bike_Sex;City;County;CrashAlcoh;CrashDay;Crash_Date;Crash_Grp;Crash_Hour;Crash_Loc;Crash_Mont;Crash_Time;Crash_Type;Crash_Ty_1;Crash_Year;Crsh_Sevri;Developmen;DrvrAge_Gr;Drvr_Age;Drvr_Alc_D;Drvr_EstSp;Drvr_Injur;Drvr_Race;Drvr_Sex;Drvr_VehTy;ExcsSpdInd;Hit_Run;Light_Cond;Locality;Num_Lanes;Num_Units;Rd_Charact;Rd_Class;Rd_Conditi;Rd_Config;Rd_Defects;Rd_Feature;Rd_Surface;Region;Rural_Urba;Speed_Limi;Traff_Cntr;Weather;Workzone_I;Location
260;261;Yes;10-Jun;8;No;With Traffic;C: Possible Injury;Travel Lane;Black;Female;Henderson;Vance;Yes;;2011-05-09;Bicyclist Failed to Yield - Sign-Controlled Intersection;18;Intersection;01-05-01;0001-01-01T13:15:58-04:56;Bicyclist Ride Through - Sign-Controlled Intersection;111144;2011;C: Possible Injury;Residential;0-19;19;Yes;31-35 mph;O: No Injury;Black;Male;Pickup;No;No;Daylight;Urban (>70% Developed);;2;Straight - Level;Local Street;Dry;Two-Way, Not Divided;None;Four-Way Intersection;Coarse Asphalt;Piedmont;Urban;30 - 35  MPH;Stop Sign;Clear;No;36.33039, -78.3946
262;263;Yes;16-19;16;No;With Traffic;B: Evident Injury;Travel Lane;White;Male;None - Rural Crash;Onslow;No;01-01-02;2011-05-31;Bicyclist Left Turn / Merge;16;Non-Intersection;01-05-01;0001-01-01T11:49:58-04:56;Bicyclist Left Turn - Same Direction;311221;2011;B: Evident Injury;Residential;30-39;31;No;41-45 mph;O: No Injury;White;Female;Passenger Car;No;No;Daylight;Rural (<30% Developed);2 lanes;2;Straight - Level;State Secondary Route;Dry;Two-Way, Not Divided;None;No Special Feature;Coarse Asphalt;Coastal;Rural;40 - 45  MPH;No Control Present;Clear;No;34.90234, -77.5445
264;265;Yes;25-29;26;No;With Traffic;B: Evident Injury;Travel Lane;White;Male;None - Rural Crash;Rowan;No;01-01-03;2011-06-01;Bicyclist Left Turn / Merge;21;Non-Intersection;01-06-01;0001-01-01T16:29:58-04:56;Bicyclist Left Turn - Same Direction;311221;2011;B: Evident Injury;Farms, Woods, Pastures;60-69;60;No;51-55 mph;O: No Injury;White;Male;Van;No;No;Dark - Roadway Not Lighted;Rural (<30% Developed);2 lanes;2;Straight - Level;State Secondary Route;Dry;Two-Way, Not Divided;None;No Special Feature;Smooth Asphalt;Piedmont;Rural;50 - 55  MPH;Double Yellow Line, No Passing Zone;Clear;No;35.54532, -80.5202
271;272;Yes;20-24;20;No;;B: Evident Injury;;White;Male;Lumberton;Robeson;No;01-01-03;2011-05-11;Bicyclist Failed to Yield - Sign-Controlled Intersection;13;Intersection;01-05-01;0001-01-01T08:54:58-04:56;Bicyclist Ride Through - Sign-Controlled Intersection;199144;2011;B: Evident Injury;Residential;;;Missing;11-15 mph;Injury;/Missing;;;No;Yes;Daylight;Urban (>70% Developed);2 lanes;2;Straight - Level;Local Street;Dry;Two-Way, Not Divided;None;Driveway, Public;Coarse Asphalt;Coastal;Urban;5 - 15 MPH;Stop Sign;Clear;No;34.61127, -78.9746
280;281;No;40-49;48;No;With Traffic;C: Possible Injury;Bike Lane / Paved Shoulder;White;Male;Chapel Hill;Orange;No;;2011-05-16;Motorist Overtaking Bicyclist;13;Non-Intersection;01-05-01;0001-01-01T08:17:58-04:56;Motorist Overtaking - Misjudged Space;321232;2011;C: Possible Injury;Commercial;;;Missing;41-45 mph;Injury;/Missing;;;No;Yes;Daylight;Urban (>70% Developed);4 lanes;2;Straight - Level;US Route;Dry;Two-Way, Divided, Unprotected Median;None;On or Off Ramp;Concrete;Piedmont;Urban;40 - 45  MPH;No Control Present;Clear;No;35.90935, -79.0269
283;284;No;;;Missing;Facing Traffic;Injury;;/Missing;;Raleigh;Wake;No;;2011-05-16;Head-On;7;Intersection;01-05-01;0001-01-01T02:21:58-04:56;Head-On - Bicyclist;192250;2011;O: No Injury;Institutional;30-39;35;No;0-5 mph;O: No Injury;Black;Male;Sport Utility;No;No;Daylight;Mixed (30% To 70% Developed);3 lanes;2;Straight - Hillcrest;Local Street;Dry;Two-Way, Not Divided;None;Four-Way Intersection;Smooth Asphalt;Piedmont;Urban;20 - 25  MPH;Stop And Go Signal;Clear;No;35.78242, -78.6787
288;289;No;15-Nov;12;No;Not Applicable;C: Possible Injury;Driveway / Alley;White;Male;Asheville;Buncombe;No;01-01-02;2011-05-24;Bicyclist Failed to Yield - Midblock;17;Non-Intersection;01-05-01;0001-01-01T12:24:58-04:56;Bicyclist Ride Out - Residential Driveway;353311;2011;C: Possible Injury;Residential;25-29;25;No;16-20 mph;O: No Injury;White;Female;Van;No;No;Daylight;Urban (>70% Developed);2 lanes;2;Straight - Grade;Local Street;Dry;Two-Way, Not Divided;None;No Special Feature;Smooth Asphalt;Mountains;Urban;20 - 25  MPH;No Control Present;Clear;No;35.58471, -82.601
289;290;Yes;70+;;No;With Traffic;O: No Injury;Travel Lane;Black;Female;Gastonia;Gaston;No;01-01-07;2011-05-22;Motorist Overtaking Bicyclist;15;Intersection;01-05-01;0001-01-01T10:27:58-04:56;Motorist Overtaking - Other /;111239;2011;C: Possible Injury;Commercial;50-59;52;No;31-35 mph;C: Possible Injury;White;Male;Passenger Car;No;No;Daylight;Urban (>70% Developed);3 lanes;2;Straight - Grade;NC Route;Dry;Two-Way, Not Divided;None;Four-Way Intersection;Smooth Asphalt;Piedmont;Urban;40 - 45  MPH;Stop And Go Signal;Clear;No;35.28569, -81.2398
290;291;No;15-Nov;13;No;With Traffic;B: Evident Injury;Travel Lane;White;Female;Durham;Durham;No;01-01-05;2011-06-10;Loss of Control / Turning Error;19;Intersection;01-06-01;0001-01-01T14:21:58-04:56;Bicyclist Lost Control - Oversteering, Improper Braking, Speed;111122;2011;B: Evident Injury;Residential;;;Missing;0-5 mph;Injury;/Missing;;Passenger Car;No;No;Daylight;Urban (>70% Developed);2 lanes;2;Straight - Level;Local Street;Dry;Two-Way, Not Divided;None;No Special Feature;Smooth Asphalt;Piedmont;Urban;30 - 35  MPH;No Control Present;Clear;No;35.99547, -78.9195
293;294;Yes;30-39;37;No;Facing Traffic;C: Possible Injury;Sidewalk / Crosswalk / Driveway Crossing;Black;Female;None - Rural Crash;Brunswick;No;01-01-04;2011-06-09;Motorist Failed to Yield - Midblock;16;Non-Intersection;01-06-01;0001-01-01T11:08:58-04:56;Motorist Drive Out - Midblock -;332329;2011;C: Possible Injury;Commercial;40-49;40;No;6-10 mph;O: No Injury;White;Female;Passenger Car;No;No;Daylight;Urban (>70% Developed);3 lanes;2;Straight - Level;NC Route;Dry;Two-Way, Not Divided;None;Driveway, Public;Coarse Asphalt;Coastal;Rural;5 - 15 MPH;No Control Present;Clear;No;33.93678, -78.0255
296;297;Yes;15-Nov;14;No;With Traffic;B: Evident Injury;Travel Lane;White;Male;Asheboro;Randolph;No;01-01-02;2011-05-24;Bicyclist Left Turn / Merge;7;Non-Intersection;01-05-01;0001-01-01T02:46:58-04:56;Bicyclist Left Turn - Same Direction;311221;2011;B: Evident Injury;Residential;25-29;27;No;31-35 mph;O: No Injury;White;Female;Passenger Car;No;No;Daylight;Urban (>70% Developed);2 lanes;2;Straight - Level;State Secondary Route;Dry;Two-Way, Not Divided;None;No Special Feature;Smooth Asphalt;Piedmont;Urban;30 - 35  MPH;No Control Present;Clear;No;35.69781, -79.8204
297;298;No;10-Jun;10;No;Not Applicable;C: Possible Injury;Travel Lane;Black;Male;Zebulon;Wake;No;01-01-06;2011-06-11;Parallel Paths - Other Circumstances;15;Intersection;01-06-01;0001-01-01T10:43:58-04:56;Parallel Paths - Other /;113280;2011;C: Possible Injury;Commercial;0-19;18;No;0-5 mph;O: No Injury;Black;Female;Passenger Car;No;No;Daylight;Urban (>70% Developed);3 lanes;2;Straight - Level;Local Street;Dry;Two-Way, Not Divided;None;No Special Feature;Coarse Asphalt;Piedmont;Rural;30 - 35  MPH;Stop Sign;Clear;No;35.82028, -78.3273
299;300;No;20-24;21;No;With Traffic;C: Possible Injury;Bike Lane / Paved Shoulder;White;Male;None - Rural Crash;Currituck;No;;2011-06-13;Bicyclist Left Turn / Merge;19;Non-Intersection;01-06-01;0001-01-01T14:17:58-04:56;Bicyclist Left Turn - Same Direction;321221;2011;C: Possible Injury;Residential;30-39;30;No;36-40 mph;O: No Injury;White;Female;Passenger Car;No;No;Daylight;Mixed (30% To 70% Developed);2 lanes;2;Straight - Level;NC Route;Dry;Two-Way, Not Divided;None;No Special Feature;Smooth Asphalt;Coastal;Rural;40 - 45  MPH;No Control Present;Clear;No;36.31971, -75.8151
301;302;Yes;20-24;20;No;Facing Traffic;B: Evident Injury;Travel Lane;Hispanic;Female;Cherokee Reservation;Swain;No;01-01-02;2011-06-14;Motorist Right Turn / Merge;7;Intersection;01-06-01;0001-01-01T02:55:58-04:56;Motorist Right Turn - Opposite Direction;112214;2011;B: Evident Injury;Residential;40-49;49;No;11-15 mph;O: No Injury;Hispanic;Male;Pickup;No;No;Daylight;Rural (<30% Developed);5 lanes;2;Straight - Level;Local Street;Dry;Two-Way, Divided, Unprotected Median;None;No Special Feature;Smooth Asphalt;Mountains;Rural;40 - 45  MPH;Flashing Signal With Stop Sign;Clear;No;35.47708, -83.3205
302;303;Yes;16-19;17;No;Facing Traffic;B: Evident Injury;Travel Lane;Black;Male;Fayetteville;Cumberland;No;01-01-02;2011-05-24;Motorist Right Turn / Merge;0;Intersection;01-05-01;0000-12-31T19:04:58-04:56;Motorist Right Turn - Opposite Direction;112214;2011;B: Evident Injury;Commercial;;;Missing;16-20 mph;Injury;/Missing;;;No;Yes;Dark - Lighted Roadway;Mixed (30% To 70% Developed);2 lanes;2;Straight - Level;Local Street;Dry;One-Way, Not Divided;None;No Special Feature;Coarse Asphalt;Coastal;Urban;40 - 45  MPH;Stop And Go Signal;Clear;No;35.03753, -79.0072
305;306;Yes;50-59;51;No;With Traffic;A: Disabling Injury;Travel Lane;Black;Male;Charlotte;Mecklenburg;No;01-01-05;2011-05-27;Motorist Overtaking Bicyclist;23;Non-Intersection;01-05-01;0001-01-01T18:28:58-04:56;Motorist Overtaking - Other /;311239;2011;A: Disabling Injury;Farms, Woods, Pastures;;;Missing;31-35 mph;Injury;/Missing;;;No;Yes;Dark - Roadway Not Lighted;Rural (<30% Developed);2 lanes;2;Curve - Level;Local Street;Dry;Two-Way, Not Divided;None;No Special Feature;Smooth Asphalt;Piedmont;Urban;30 - 35  MPH;No Control Present;Cloudy;No;35.27469, -80.6974
309;310;Yes;10-Jun;6;No;With Traffic;A: Disabling Injury;Travel Lane;Black;Male;Raleigh;Wake;Yes;01-01-07;2011-05-29;Bicyclist Failed to Yield - Sign-Controlled Intersection;15;Intersection;01-05-01;0001-01-01T10:54:58-04:56;Bicyclist Ride Through - Sign-Controlled Intersection;111144;2011;A: Disabling Injury;Residential;50-59;50;Yes;0-5 mph;O: No Injury;Black;Female;Sport Utility;No;No;Daylight;Urban (>70% Developed);2 lanes;2;Straight - Grade;Local Street;Dry;Two-Way, Not Divided;None;Four-Way Intersection;Smooth Asphalt;Piedmont;Urban;5 - 15 MPH;Stop Sign;Clear;No;35.7721, -78.6386
312;313;No;40-49;41;No;With Traffic;B: Evident Injury;Travel Lane;White;Male;None - Rural Crash;Wake;No;01-01-03;2011-05-25;Crossing Paths - Other Circumstances;21;Intersection;01-05-01;0001-01-01T16:20:58-04:56;Crossing Paths - Uncontrolled Intersection;111160;2011;B: Evident Injury;Commercial;20-24;23;No;0-5 mph;O: No Injury;White;Female;Passenger Car;No;No;Daylight;Urban (>70% Developed);2 lanes;2;Straight - Level;;Dry;Two-Way, Not Divided;None;Other;Smooth Asphalt;Piedmont;Rural;5 - 15 MPH;No Control Present;Rain;No;35.80781, -78.7296
314;315;No;15-Nov;14;No;Facing Traffic;B: Evident Injury;Sidewalk / Crosswalk / Driveway Crossing;Black;Male;Raleigh;Wake;No;01-01-03;2011-05-18;Motorist Failed to Yield - Midblock;15;Non-Intersection;01-05-01;0001-01-01T10:43:58-04:56;Motorist Drive Out - Commercial Driveway / Alley;332322;2011;B: Evident Injury;Commercial;60-69;62;No;0-5 mph;O: No Injury;White;Male;Pickup;No;No;Daylight;Urban (>70% Developed);;2;Straight - Hillcrest;Public Vehicular Area;Dry;One-Way, Not Divided;None;No Special Feature;Concrete;Piedmont;Urban;5 - 15 MPH;No Control Present;Clear;No;35.7446, -77.9647
326;327;Yes;15-Nov;13;No;With Traffic;C: Possible Injury;Travel Lane;White;Male;None - Rural Crash;Lenoir;No;01-01-06;2011-06-18;Motorist Overtaking Bicyclist;19;Non-Intersection;01-06-01;0001-01-01T14:25:58-04:56;Motorist Overtaking - Bicyclist Swerved;311235;2011;C: Possible Injury;Farms, Woods, Pastures;30-39;34;No;31-35 mph;O: No Injury;Black;Female;Passenger Car;No;No;Daylight;Rural (<30% Developed);2 lanes;2;Straight - Level;State Secondary Route;Dry;Two-Way, Not Divided;None;No Special Feature;Coarse Asphalt;Coastal;Rural;40 - 45  MPH;No Control Present;Clear;No;35.31128, -77.8038
329;330;No;16-19;17;No;With Traffic;O: No Injury;Travel Lane;Black;Male;Kinston;Lenoir;No;01-01-06;2011-05-21;Motorist Failed to Yield - Midblock;20;Non-Intersection;01-05-01;0001-01-01T15:22:58-04:56;Motorist Drive Out - Commercial Driveway / Alley;311322;2011;O: No Injury;Commercial;;;Missing;16-20 mph;Injury;/Missing;;;No;Yes;Daylight;Urban (>70% Developed);2 lanes;2;Straight - Level;Local Street;Dry;Two-Way, Not Divided;None;Driveway, Public;Coarse Asphalt;Coastal;Urban;20 - 25  MPH;No Control Present;Clear;No;35.27668, -77.582
332;333;No;20-24;21;No;Facing Traffic;O: No Injury;Sidewalk / Crosswalk / Driveway Crossing;/Missing;Male;Charlotte;Mecklenburg;No;01-01-04;2011-06-02;Motorist Failed to Yield - Sign-Controlled Intersection;7;Intersection;01-06-01;0001-01-01T02:33:58-04:56;Motorist Drive Out - Sign-Controlled Intersection;132141;2011;O: No Injury;Commercial;30-39;33;No;0-5 mph;O: No Injury;White;Male;Passenger Car;No;No;Daylight;Urban (>70% Developed);4 lanes;2;Straight - Grade;Local Street;Dry;Two-Way, Not Divided;None;No Special Feature;Smooth Asphalt;Piedmont;Urban;30 - 35  MPH;Stop Sign;Clear;No;35.21313, -80.8279
335;336;Yes;40-49;45;No;With Traffic;B: Evident Injury;Travel Lane;White;Male;Winston-Salem;Forsyth;No;;2011-06-06;Motorist Left Turn / Merge;8;Intersection;01-06-01;0001-01-01T03:42:58-04:56;Motorist Left Turn - Opposite Direction;111212;2011;B: Evident Injury;Residential;70+;;No;16-20 mph;O: No Injury;White;Female;Passenger Car;No;No;Daylight;Urban (>70% Developed);2 lanes;2;Straight - Level;Local Street;Dry;Two-Way, Not Divided;None;T-Intersection;Smooth Asphalt;Piedmont;Urban;30 - 35  MPH;No Control Present;Clear;No;36.11459, -80.2825
338;339;Yes;50-59;52;No;With Traffic;B: Evident Injury;Travel Lane;White;Male;None - Rural Crash;Wake;No;01-01-03;2011-06-22;Bicyclist Left Turn / Merge;18;Non-Intersection;01-06-01;0001-01-01T13:34:58-04:56;Bicyclist Left Turn - Same Direction;311221;2011;B: Evident Injury;Farms, Woods, Pastures;40-49;49;No;46-50 mph;O: No Injury;White;Female;Passenger Car;No;No;Daylight;Rural (<30% Developed);2 lanes;2;Straight - Level;NC Route;Dry;Two-Way, Not Divided;None;No Special Feature;Coarse Asphalt;Piedmont;Rural;50 - 55  MPH;No Control Present;Clear;No;35.95153, -78.6815
342;343;Yes;30-39;35;No;Facing Traffic;B: Evident Injury;Sidewalk / Crosswalk / Driveway Crossing;White;Male;Charlotte;Mecklenburg;No;;2011-06-06;Motorist Failed to Yield - Midblock;10;Non-Intersection;01-06-01;0001-01-01T05:40:58-04:56;Motorist Drive Out - Commercial Driveway / Alley;332322;2011;B: Evident Injury;Commercial;30-39;39;No;6-10 mph;O: No Injury;White;Female;Passenger Car;No;No;Daylight;Urban (>70% Developed);6 lanes;2;Straight - Level;Local Street;Dry;Two-Way, Divided, Unprotected Median;None;No Special Feature;Coarse Asphalt;Piedmont;Urban;30 - 35  MPH;Stop Sign;Clear;No;35.2195, -80.8361
345;346;Yes;70+;;No;With Traffic;C: Possible Injury;Travel Lane;White;Male;None - Rural Crash;Transylvania;No;01-01-06;2011-06-25;Motorist Overtaking Bicyclist;12;Non-Intersection;01-06-01;0001-01-01T07:52:58-04:56;Motorist Overtaking - Bicyclist Swerved;311235;2011;C: Possible Injury;Farms, Woods, Pastures;50-59;51;No;16-20 mph;O: No Injury;White;Male;Sport Utility;No;No;Daylight;Rural (<30% Developed);2 lanes;2;Straight - Level;State Secondary Route;Dry;Two-Way, Not Divided;None;No Special Feature;Smooth Asphalt;Mountains;Rural;40 - 45  MPH;Double Yellow Line, No Passing Zone;Clear;No;35.23598, -82.6139
348;349;No;15-Nov;12;No;With Traffic;O: No Injury;Travel Lane;White;Male;Asheville;Buncombe;No;01-01-06;2011-06-04;Bicyclist Failed to Yield - Sign-Controlled Intersection;12;Intersection;01-06-01;0001-01-01T07:53:58-04:56;Bicyclist Ride Out - Sign-Controlled Intersection;111142;2011;O: No Injury;Commercial;;;Missing;16-20 mph;Injury;/Missing;;;No;Yes;Daylight;Mixed (30% To 70% Developed);2 lanes;2;Straight - Level;Local Street;Dry;Two-Way, Not Divided;None;Four-Way Intersection;Coarse Asphalt;Mountains;Urban;20 - 25  MPH;Stop Sign;Clear;No;35.57783, -82.5796
352;353;Yes;40-49;49;No;With Traffic;C: Possible Injury;;Black;Male;Winston-Salem;Forsyth;No;;2011-05-30;Crossing Paths - Other Circumstances;19;Intersection-Related;01-05-01;0001-01-01T14:13:58-04:56;Crossing Paths - Intersection - Other /;291180;2011;C: Possible Injury;Residential;20-24;23;No;6-10 mph;O: No Injury;Black;Male;Passenger Car;No;No;Daylight;Urban (>70% Developed);2 lanes;2;Straight - Level;Local Street;Dry;Two-Way, Not Divided;None;Four-Way Intersection;Smooth Asphalt;Piedmont;Urban;30 - 35  MPH;Flashing Signal With Stop Sign;Clear;No;36.12203, -80.2223
354;355;Yes;50-59;50;No;Facing Traffic;B: Evident Injury;Sidewalk / Crosswalk / Driveway Crossing;White;Male;Wilmington;New Hanover;No;;2011-06-06;Bicyclist Right Turn / Merge;19;Non-Intersection;01-06-01;0001-01-01T14:30:58-04:56;Bicyclist Right Turn - Same Direction;332223;2011;B: Evident Injury;Commercial;40-49;49;No;31-35 mph;O: No Injury;White;Male;Pickup;No;No;Daylight;Urban (>70% Developed);5 lanes;2;Straight - Level;Local Street;Dry;Two-Way, Not Divided;None;No Special Feature;Coarse Asphalt;Coastal;Urban;30 - 35  MPH;Stop And Go Signal;Clear;No;34.24168, -77.8959
356;357;No;15-Nov;14;No;With Traffic;O: No Injury;Travel Lane;White;Male;Mooresville;Iredell;No;01-01-04;2011-06-09;Motorist Overtaking Bicyclist;16;Non-Intersection;01-06-01;0001-01-01T11:26:58-04:56;Motorist Overtaking - Misjudged Space;311232;2011;O: No Injury;Residential;40-49;40;No;21-25 mph;O: No Injury;White;Female;Sport Utility;No;No;Daylight;Urban (>70% Developed);2 lanes;2;Straight - Hillcrest;Local Street;Dry;Two-Way, Not Divided;None;No Special Feature;Coarse Asphalt;Piedmont;Urban;20 - 25  MPH;No Control Present;Clear;No;35.53854, -80.7921
360;361;Yes;60-69;60;No;With Traffic;K: Killed;Travel Lane;White;Male;None - Rural Crash;Brunswick;No;;2011-06-20;Bicyclist Left Turn / Merge;14;Non-Intersection;01-06-01;0001-01-01T09:05:58-04:56;Bicyclist Left Turn - Same Direction;311221;2011;K: Killed;Farms, Woods, Pastures;50-59;51;No;51-55 mph;O: No Injury;White;Male;Single Unit Truck (2-Axle, 6-Tire);No;No;Daylight;Rural (<30% Developed);4 lanes;2;Straight - Level;US Route;Dry;Two-Way, Divided, Unprotected Median;None;No Special Feature;Coarse Asphalt;Coastal;Rural;50 - 55  MPH;No Control Present;Clear;No;34.131, -78.0991
362;363;Yes;50-59;59;No;With Traffic;B: Evident Injury;Sidewalk / Crosswalk / Driveway Crossing;White;Male;None - Rural Crash;Johnston;No;01-01-05;2011-07-01;Motorist Left Turn / Merge;1;Non-Intersection;01-07-01;0000-12-31T21:00:58-04:56;Motorist Left Turn - Opposite Direction;331212;2011;B: Evident Injury;Farms, Woods, Pastures;20-24;23;No;51-55 mph;O: No Injury;White;Male;Pickup;No;No;Dark - Roadway Not Lighted;Rural (<30% Developed);2 lanes;2;Straight - Level;State Secondary Route;Dry;Two-Way, Not Divided;None;Driveway, Public;Smooth Asphalt;Coastal;Rural;50 - 55  MPH;No Control Present;Clear;No;35.57861, -78.1406
367;368;Yes;20-24;20;No;With Traffic;C: Possible Injury;Sidewalk / Crosswalk / Driveway Crossing;Black;Male;Charlotte;Mecklenburg;No;01-01-02;2011-06-07;Motorist Failed to Yield - Midblock;15;Non-Intersection;01-06-01;0001-01-01T10:53:58-04:56;Motorist Drive Out - Residential Driveway;331321;2011;C: Possible Injury;Commercial;30-39;33;No;;O: No Injury;White;Male;Pickup;No;No;Dawn;Urban (>70% Developed);4 lanes;2;Curve - Hillcrest;Local Street;Dry;Two-Way, Not Divided;None;Driveway, Private;Smooth Asphalt;Piedmont;Urban;30 - 35  MPH;No Control Present;Clear;No;35.26085, -80.8197
369;370;No;70+;;No;With Traffic;C: Possible Injury;Sidewalk / Crosswalk / Driveway Crossing;White;Male;Wilmington;New Hanover;No;01-01-03;2011-06-15;Motorist Failed to Yield - Signalized Intersection;11;Intersection;01-06-01;0001-01-01T06:10:58-04:56;Motorist Drive Out - Right Turn on Red;131151;2011;C: Possible Injury;Commercial;20-24;22;No;0-5 mph;O: No Injury;White;Female;Passenger Car;No;No;Daylight;Urban (>70% Developed);5 lanes;2;Straight - Level;Local Street;Dry;Two-Way, Not Divided;None;No Special Feature;Coarse Asphalt;Coastal;Urban;40 - 45  MPH;Flashing Stop And Go Signal;Clear;No;34.24015, -77.9044
372;373;No;20-24;22;No;With Traffic;Injury;Travel Lane;Black;Male;Charlotte;Mecklenburg;No;01-01-05;2011-06-10;Motorist Overtaking Bicyclist;14;Non-Intersection;01-06-01;0001-01-01T09:18:58-04:56;Motorist Overtaking - Other /;311239;2011;Injury;Commercial;;;Missing;31-35 mph;Injury;/Missing;;;No;Yes;Daylight;Urban (>70% Developed);4 lanes;2;Straight - Level;Local Street;Dry;Two-Way, Divided, Positive Median Barrier;None;Bridge;Coarse Asphalt;Piedmont;Urban;30 - 35  MPH;No Control Present;Clear;No;35.20458, -80.7851
375;376;No;16-19;19;No;Facing Traffic;B: Evident Injury;Travel Lane;White;Male;Fayetteville;Cumberland;No;01-01-02;2011-06-28;Motorist Failed to Yield - Signalized Intersection;17;Intersection;01-06-01;0001-01-01T12:46:58-04:56;Motorist Drive Out - Signalized Intersection;112152;2011;B: Evident Injury;Commercial;30-39;34;No;0-5 mph;O: No Injury;Hispanic;Female;Light Truck (Mini-Van, Panel);No;No;Daylight;Urban (>70% Developed);4 lanes;2;Straight - Hillcrest;Local Street;Dry;One-Way, Not Divided;None;No Special Feature;Coarse Asphalt;Coastal;Urban;40 - 45  MPH;Stop And Go Signal;Cloudy;No;35.07769, -78.9586
383;384;No;30-39;38;No;With Traffic;O: No Injury;Travel Lane;Hispanic;Male;Siler City;Chatham;No;01-01-03;2011-06-15;Bicyclist Failed to Yield - Sign-Controlled Intersection;20;Intersection;01-06-01;0001-01-01T15:13:58-04:56;Bicyclist Ride Out - Sign-Controlled Intersection;111142;2011;O: No Injury;Commercial;60-69;65;No;31-35 mph;O: No Injury;Black;Female;Passenger Car;No;No;Daylight;Urban (>70% Developed);5 lanes;2;Straight - Level;Local Street;Dry;Two-Way, Not Divided;None;Four-Way Intersection;Smooth Asphalt;Piedmont;Urban;30 - 35  MPH;Stop Sign;Clear;No;35.72626, -79.464
390;391;Yes;16-19;16;No;With Traffic;B: Evident Injury;Sidewalk / Crosswalk / Driveway Crossing;White;Male;Wrightsville Beach;New Hanover;No;01-01-04;2011-06-16;Parallel Paths - Other Circumstances;13;Intersection;01-06-01;0001-01-01T08:25:58-04:56;Bicyclist Ride Out - Parallel Path;131225;2011;B: Evident Injury;Residential;30-39;39;No;;O: No Injury;White;Male;Light Truck (Mini-Van, Panel);No;No;Daylight;Urban (>70% Developed);1 lane;2;Straight - Level;Local Street;Dry;One-Way, Not Divided;None;No Special Feature;Smooth Asphalt;Coastal;Rural;5 - 15 MPH;No Control Present;Clear;No;34.21608, -77.7929
392;393;No;40-49;41;No;With Traffic;B: Evident Injury;Travel Lane;White;Male;Matthews;Mecklenburg;No;01-01-02;2011-06-21;Motorist Left Turn / Merge;20;Non-Intersection;01-06-01;0001-01-01T15:09:58-04:56;Motorist Left Turn - Opposite Direction;311212;2011;B: Evident Injury;Residential;30-39;36;No;21-25 mph;O: No Injury;White;Female;Passenger Car;No;No;Daylight;Urban (>70% Developed);2 lanes;2;Curve - Grade;Local Street;Dry;Two-Way, Not Divided;None;No Special Feature;Smooth Asphalt;Piedmont;Urban;20 - 25  MPH;No Control Present;Clear;No;35.13162, -80.6739
399;400;Yes;15-Nov;12;No;With Traffic;C: Possible Injury;Travel Lane;White;Male;Ramseur;Randolph;No;01-01-07;2011-06-19;Bicyclist Failed to Yield - Signalized Intersection;21;Intersection;01-06-01;0001-01-01T16:17:58-04:56;Bicyclist Ride Out - Signalized  Intersection;111153;2011;C: Possible Injury;Commercial;50-59;54;No;21-25 mph;O: No Injury;White;Female;Passenger Car;No;No;Dark - Lighted Roadway;Urban (>70% Developed);5 lanes;2;Straight - Hillcrest;US Route;Dry;Two-Way, Not Divided;None;Four-Way Intersection;Smooth Asphalt;Piedmont;Rural;30 - 35  MPH;Stop And Go Signal;Clear;No;35.73758, -79.6553
402;403;Yes;40-49;42;Yes;Facing Traffic;B: Evident Injury;Travel Lane;Black;Male;Winston-Salem;Forsyth;Yes;01-01-04;2011-06-23;Head-On;14;Intersection-Related;01-06-01;0001-01-01T09:22:58-04:56;Head-On - Bicyclist;212250;2011;B: Evident Injury;Commercial;40-49;42;No;0-5 mph;O: No Injury;Black;Male;Pickup;No;No;Daylight;Urban (>70% Developed);2 lanes;2;Curve - Hillcrest;Local Street;Dry;Two-Way, Not Divided;None;No Special Feature;Smooth Asphalt;Piedmont;Urban;30 - 35  MPH;Stop And Go Signal;Cloudy;No;36.10522, -80.2576
405;406;Yes;20-24;21;No;Facing Traffic;C: Possible Injury;Travel Lane;White;Male;Wilmington;New Hanover;No;01-01-07;2011-05-22;Motorist Failed to Yield - Sign-Controlled Intersection;17;Intersection;01-05-01;0001-01-01T12:35:58-04:56;Motorist Drive Out - Sign-Controlled Intersection;112141;2011;C: Possible Injury;Commercial;20-24;20;No;0-5 mph;O: No Injury;White;Male;Passenger Car;No;No;Daylight;Urban (>70% Developed);;2;Straight - Grade;Local Street;Dry;Two-Way, Not Divided;None;Related To Intersection;Coarse Asphalt;Coastal;Urban;30 - 35  MPH;Stop Sign;Clear;No;34.21879, -77.8137
406;407;Yes;15-Nov;15;No;Facing Traffic;B: Evident Injury;Travel Lane;White;Male;Carolina Beach;New Hanover;No;01-01-06;2011-06-18;Motorist Left Turn / Merge;14;Non-Intersection;01-06-01;0001-01-01T09:23:58-04:56;Motorist Left Turn - Opposite Direction;312212;2011;B: Evident Injury;Residential;50-59;58;No;0-5 mph;O: No Injury;White;Male;Sport Utility;No;No;Daylight;Urban (>70% Developed);2 lanes;2;Straight - Level;US Route;Dry;Two-Way, Divided, Unprotected Median;None;No Special Feature;Coarse Asphalt;Coastal;Urban;30 - 35  MPH;No Control Present;Clear;No;34.0143, -77.9002