FID;OBJECTID;AmbulanceR;BikeAge_Gr;Bike_Age;Bike_Alc_D;Bike_Dir;Bike_Injur;Bike_Pos;Bike_Race;Bike_Sex;City;County;CrashAlcoh;CrashDay;Crash_Date;Crash_Grp;Crash_Hour;Crash_Loc;Crash_Mont;Crash_Time;Crash_Type;Crash_Ty_1;Crash_Year;Crsh_Sevri;Developmen;DrvrAge_Gr;Drvr_Age;Drvr_Alc_D;Drvr_EstSp;Drvr_Injur;Drvr_Race;Drvr_Sex;Drvr_VehTy;ExcsSpdInd;Hit_Run;Light_Cond;Locality;Num_Lanes;Num_Units;Rd_Charact;Rd_Class;Rd_Conditi;Rd_Config;Rd_Defects;Rd_Feature;Rd_Surface;Region;Rural_Urba;Speed_Limi;Traff_Cntr;Weather;Workzone_I;Location
414;415;Yes;25-29;25;No;With Traffic;C: Possible Injury;Travel Lane;Black;Male;Raleigh;Wake;No;01-01-05;2011-07-15;Bicyclist Failed to Yield - Signalized Intersection;0;Intersection;01-07-01;0000-12-31T19:40:58-04:56;Bicyclist Failed to Clear - Trapped;111156;2011;C: Possible Injury;Commercial;25-29;28;No;0-5 mph;O: No Injury;Black;Female;Sport Utility;No;No;Dark - Lighted Roadway;Mixed (30% To 70% Developed);9 or more lanes;2;Straight - Level;Local Street;Dry;Two-Way, Divided, Unprotected Median;None;Four-Way Intersection;Smooth Asphalt;Piedmont;Urban;40 - 45  MPH;Stop And Go Signal;Clear;No;35.83955, -78.6422
416;417;Yes;15-Nov;15;No;With Traffic;B: Evident Injury;Travel Lane;Black;Male;Fayetteville;Cumberland;No;01-01-06;2011-04-09;Head-On;13;Non-Intersection;01-04-01;0001-01-01T08:30:58-04:56;Head-On - Bicyclist;311250;2011;B: Evident Injury;Residential;30-39;38;No;21-25 mph;O: No Injury;Black;Female;Passenger Car;No;No;Daylight;Urban (>70% Developed);2 lanes;2;Curve - Grade;Local Street;Dry;Two-Way, Not Divided;None;No Special Feature;Coarse Asphalt;Coastal;Urban;20 - 25  MPH;No Control Present;Clear;No;35.06244, -79.0
425;426;Yes;40-49;47;Yes;With Traffic;C: Possible Injury;Travel Lane;White;Male;None - Rural Crash;Jones;Yes;;2011-07-11;Motorist Overtaking Bicyclist;16;Non-Intersection;01-07-01;0001-01-01T11:59:58-04:56;Motorist Overtaking - Other /;311239;2011;C: Possible Injury;Farms, Woods, Pastures;30-39;34;No;46-50 mph;O: No Injury;Other;Male;Sport Utility;No;No;Daylight;Rural (<30% Developed);2 lanes;2;Straight - Level;US Route;Dry;Two-Way, Not Divided;None;No Special Feature;Coarse Asphalt;Coastal;Rural;50 - 55  MPH;Double Yellow Line, No Passing Zone;Clear;No;34.94962, -77.2424
428;429;Yes;50-59;50;No;;C: Possible Injury;Travel Lane;Black;Male;Wilson;Wilson;No;01-01-07;2011-05-15;Other /  - Insufficient Details;0;Intersection-Related;01-05-01;0000-12-31T19:03:58-04:56;Approach Paths;219970;2011;C: Possible Injury;Residential;;;Missing;31-35 mph;Injury;/Missing;;;No;Yes;Dark - Lighted Roadway;Mixed (30% To 70% Developed);2 lanes;2;Straight - Level;Local Street;;Two-Way, Not Divided;None;Y-Intersection;Coarse Asphalt;Coastal;Urban;30 - 35  MPH;Stop And Go Signal;Cloudy;No;35.723, -77.9044
429;430;Yes;16-19;17;No;With Traffic;C: Possible Injury;Travel Lane;White;Male;None - Rural Crash;Carteret;No;01-01-04;2011-07-21;Bicyclist Left Turn / Merge;11;Non-Intersection;01-07-01;0001-01-01T06:33:58-04:56;Bicyclist Left Turn - Same Direction;311221;2011;C: Possible Injury;Farms, Woods, Pastures;25-29;25;No;26-30 mph;O: No Injury;White;Female;Passenger Car;No;No;Daylight;Mixed (30% To 70% Developed);5 lanes;2;Straight - Level;NC Route;Dry;Two-Way, Not Divided;None;No Special Feature;Smooth Asphalt;Coastal;Rural;30 - 35  MPH;No Control Present;Clear;No;34.68857, -77.0703
438;439;No;10-Jun;10;No;With Traffic;Injury;Travel Lane;/Missing;;Cramerton;Gaston;No;01-01-02;2011-07-05;Motorist Overtaking Bicyclist;11;Non-Intersection;01-07-01;0001-01-01T06:23:58-04:56;Motorist Overtaking - Other /;311239;2011;Injury;Residential;;;Missing;31-35 mph;Injury;/Missing;;;No;Yes;Daylight;Mixed (30% To 70% Developed);2 lanes;2;Straight - Grade;Local Street;Dry;Two-Way, Divided, Unprotected Median;None;No Special Feature;Smooth Asphalt;Piedmont;Rural;30 - 35  MPH;No Control Present;Cloudy;No;35.24774, -81.0818
439;440;Yes;50-59;55;No;With Traffic;A: Disabling Injury;Travel Lane;Black;Male;None - Rural Crash;Edgecombe;No;01-01-07;2011-07-24;Motorist Overtaking Bicyclist;6;Non-Intersection;01-07-01;0001-01-01T01:14:58-04:56;Motorist Overtaking - Other /;311239;2011;A: Disabling Injury;Farms, Woods, Pastures;70+;;No;51-55 mph;O: No Injury;White;Male;Pickup;No;No;Dawn;Mixed (30% To 70% Developed);2 lanes;2;Straight - Level;NC Route;Dry;Two-Way, Not Divided;None;No Special Feature;Coarse Asphalt;Coastal;Rural;50 - 55  MPH;No Control Present;Cloudy;No;35.96194, -77.6586
441;442;Yes;50-59;50;No;With Traffic;B: Evident Injury;Travel Lane;White;Female;None - Rural Crash;Currituck;No;01-01-06;2011-07-23;Motorist Overtaking Bicyclist;5;Non-Intersection;01-07-01;0001-01-01T00:44:58-04:56;Motorist Overtaking - Undetected Bicyclist;311231;2011;B: Evident Injury;Farms, Woods, Pastures;40-49;46;No;51-55 mph;O: No Injury;White;Male;Single Unit Truck (2-Axle, 6-Tire);No;No;Dark - Roadway Not Lighted;Rural (<30% Developed);2 lanes;2;Straight - Level;US Route;Dry;Two-Way, Not Divided;None;No Special Feature;Coarse Asphalt;Coastal;Rural;50 - 55  MPH;No Control Present;Clear;No;36.30074, -76.2022
445;446;Yes;10-Jun;10;No;Not Applicable;B: Evident Injury;Travel Lane;Black;Female;Charlotte;Mecklenburg;No;01-01-04;2011-07-07;Crossing Paths - Other Circumstances;13;Intersection;01-07-01;0001-01-01T09:02:58-04:56;Crossing Paths - Intersection - Other /;113180;2011;B: Evident Injury;Residential;40-49;45;No;0-5 mph;O: No Injury;White;Male;Passenger Car;No;No;Daylight;Urban (>70% Developed);2 lanes;2;Straight - Hillcrest;Local Street;Dry;Two-Way, Not Divided;None;Four-Way Intersection;Smooth Asphalt;Piedmont;Urban;5 - 15 MPH;Stop Sign;Clear;No;35.08204, -80.8326
449;450;Yes;70+;;No;With Traffic;K: Killed;Travel Lane;White;Male;Carrboro;Orange;No;01-01-06;2011-07-09;Motorist Overtaking Bicyclist;10;Non-Intersection;01-07-01;0001-01-01T05:15:58-04:56;Motorist Overtaking - Bicyclist Swerved;311235;2011;K: Killed;Commercial;70+;;No;11-15 mph;O: No Injury;White;Male;Passenger Car;No;No;Daylight;Urban (>70% Developed);;2;Straight - Level;State Secondary Route;Dry;Two-Way, Not Divided;None;No Special Feature;Smooth Asphalt;Piedmont;Urban;20 - 25  MPH;No Control Present;Clear;No;35.91006, -79.0745
457;458;Yes;50-59;57;No;With Traffic;K: Killed;Travel Lane;White;Male;None - Rural Crash;Onslow;No;01-01-03;2011-07-27;Motorist Overtaking Bicyclist;16;Non-Intersection;01-07-01;0001-01-01T11:55:58-04:56;Motorist Overtaking - Bicyclist Swerved;311235;2011;K: Killed;Residential;50-59;52;No;51-55 mph;O: No Injury;White;Male;Motorcycle;No;No;Daylight;Urban (>70% Developed);2 lanes;2;Straight - Level;State Secondary Route;Dry;Two-Way, Not Divided;None;No Special Feature;Smooth Asphalt;Coastal;Rural;50 - 55  MPH;No Control Present;Clear;No;34.75514, -77.5517
459;460;No;30-39;30;No;With Traffic;C: Possible Injury;Bike Lane / Paved Shoulder;White;Male;Durham;Durham;No;01-01-04;2011-07-28;Motorist Right Turn / Merge;18;Intersection;01-07-01;0001-01-01T13:20:58-04:56;Motorist Right Turn - Same Direction;121213;2011;C: Possible Injury;Residential;;;Missing;21-25 mph;Injury;/Missing;;Sport Utility;No;Yes;Daylight;Urban (>70% Developed);6 lanes;2;Straight - Level;Local Street;Dry;Two-Way, Divided, Unprotected Median;None;Four-Way Intersection;Smooth Asphalt;Piedmont;Urban;40 - 45  MPH;Stop And Go Signal;Clear;No;35.94793, -78.9238
415;416;No;30-39;32;No;With Traffic;C: Possible Injury;Bike Lane / Paved Shoulder;White;Male;None - Rural Crash;Rockingham;No;01-01-02;2007-06-12;Motorist Overtaking Bicyclist;21;Non-Intersection;01-06-01;0001-01-01T16:03:58-04:56;Motorist Overtaking - Misjudged Space;321232;2007;C: Possible Injury;Farms, Woods, Pastures;;;Missing;;Injury;/Missing;;;No;Yes;Dark - Roadway Not Lighted;Rural (<30% Developed);5 lanes;2;Straight - Grade;NC Route;Dry;Two-Way, Not Divided;None;No Special Feature;Smooth Asphalt;Piedmont;Rural;50 - 55  MPH;No Control Present;Clear;No;36.41708, -79.68694
422;423;No;15-Nov;13;No;;C: Possible Injury;Non-Roadway;White;Male;Rocky Mount;Nash;No;01-01-04;2007-06-14;Non-Roadway;15;Non-Roadway;01-06-01;0001-01-01T10:58:58-04:56;Non-Roadway;460910;2007;C: Possible Injury;Commercial;70+;;No;0-5 mph;O: No Injury;White;Male;Passenger Car;No;No;Daylight;Urban (>70% Developed);;2;Straight - Level;Public Vehicular Area;Dry;Two-Way, Not Divided;None;No Special Feature;Smooth Asphalt;Coastal;Urban;30 - 35  MPH;No Control Present;Clear;No;35.96307, -77.8497
426;427;Yes;15-Nov;14;No;;B: Evident Injury;Travel Lane;Hispanic;Male;Charlotte;Mecklenburg;No;01-01-02;2007-09-18;Motorist Failed to Yield - Sign-Controlled Intersection;17;Intersection;01-09-01;0001-01-01T13:01:58-04:56;Motorist Drive Through - Sign-Controlled Intersection;119143;2007;B: Evident Injury;Residential;50-59;57;No;26-30 mph;O: No Injury;Black;Female;Passenger Car;No;No;Daylight;Urban (>70% Developed);1 lane;2;Straight - Level;Local Street;Dry;Two-Way, Not Divided;None;No Special Feature;Smooth Asphalt;Piedmont;Urban;30 - 35  MPH;No Control Present;Clear;No;35.277252, -80.778206
428;429;Yes;16-19;16;No;Facing Traffic;C: Possible Injury;;Black;Male;Wilson;Wilson;No;01-01-05;2007-06-15;Bicyclist Failed to Yield - Signalized Intersection;14;Intersection;01-06-01;0001-01-01T09:43:58-04:56;Bicyclist Ride Through - Signalized Intersection;192155;2007;C: Possible Injury;Commercial;0-19;18;No;31-35 mph;O: No Injury;Hispanic;Male;Passenger Car;No;No;Daylight;Mixed (30% To 70% Developed);2 lanes;2;Straight - Level;Local Street;Dry;Two-Way, Not Divided;None;Four-Way Intersection;Smooth Asphalt;Coastal;Urban;30 - 35  MPH;Stop And Go Signal;Clear;No;35.72504, -77.91017
429;430;No;20-24;20;No;Facing Traffic;O: No Injury;Travel Lane;White;Female;Atlantic Beach;Carteret;No;01-01-06;2007-06-16;Motorist Failed to Yield - Midblock;8;Non-Intersection;01-06-01;0001-01-01T03:58:58-04:56;Motorist Drive Out - Commercial Driveway / Alley;312322;2007;O: No Injury;Commercial;40-49;41;No;0-5 mph;O: No Injury;White;Female;Passenger Car;No;No;Daylight;Urban (>70% Developed);;2;Straight - Level;NC Route;Dry;Two-Way, Not Divided;None;No Special Feature;Smooth Asphalt;Coastal;Rural;30 - 35  MPH;No Control Present;Clear;No;34.701176, -76.742256
430;431;Yes;40-49;41;No;With Traffic;O: No Injury;Travel Lane;White;Male;Charlotte;Mecklenburg;No;01-01-05;2007-09-14;Motorist Right Turn / Merge;14;Intersection;01-09-01;0001-01-01T09:53:58-04:56;Motorist Right Turn - Same Direction;111213;2007;O: No Injury;Residential;40-49;45;No;11-15 mph;O: No Injury;White;Female;Sport Utility;No;No;Daylight;Urban (>70% Developed);4 lanes;2;Straight - Level;Local Street;Wet;Two-Way, Divided, Positive Median Barrier;None;Four-Way Intersection;Smooth Asphalt;Piedmont;Urban;30 - 35  MPH;Stop And Go Signal;Rain;No;35.189297, -80.8304
432;433;No;15-Nov;15;No;Facing Traffic;Injury;;/Missing;;Raleigh;Wake;No;01-01-07;2007-06-17;Motorist Failed to Yield - Signalized Intersection;16;Intersection;01-06-01;0001-01-01T11:50:58-04:56;Motorist Drive Out - Right Turn on Red;192151;2007;O: No Injury;Commercial;50-59;54;No;;O: No Injury;White;Female;Light Truck (Mini-Van, Panel);No;No;Daylight;Urban (>70% Developed);1 lane;2;Straight - Hillcrest;Local Street;Dry;One-Way, Not Divided;None;On or Off Ramp;Smooth Asphalt;Piedmont;Urban;40 - 45  MPH;Stop And Go Signal;Clear;No;35.75647, -78.61254
434;435;Yes;15-Nov;13;No;With Traffic;B: Evident Injury;Travel Lane;White;Male;Durham;Durham;No;01-01-04;2007-09-20;Bicyclist Failed to Yield - Sign-Controlled Intersection;12;Intersection;01-09-01;0001-01-01T07:14:58-04:56;Bicyclist Ride Through - Sign-Controlled Intersection;111144;2007;B: Evident Injury;Residential;20-24;21;No;41-45 mph;O: No Injury;Black;Female;Van;No;No;Daylight;Mixed (30% To 70% Developed);2 lanes;2;Straight - Grade;Local Street;Dry;Two-Way, Not Divided;None;Four-Way Intersection;Smooth Asphalt;Piedmont;Urban;40 - 45  MPH;Stop Sign;Clear;No;36.082405, -78.891525
437;438;No;20-24;22;No;With Traffic;B: Evident Injury;Travel Lane;White;Female;Jamestown;Guilford;No;01-01-04;2007-06-21;Bicyclist Left Turn / Merge;18;Non-Intersection;01-06-01;0001-01-01T13:51:58-04:56;Bicyclist Left Turn - Same Direction;311221;2007;B: Evident Injury;Farms, Woods, Pastures;30-39;39;No;36-40 mph;O: No Injury;White;Female;Passenger Car;No;No;Daylight;Rural (<30% Developed);2 lanes;2;Straight - Grade;State Secondary Route;Dry;Two-Way, Not Divided;None;Shared-Use Paths Or Trails;Smooth Asphalt;Piedmont;Rural;40 - 45  MPH;Double Yellow Line, No Passing Zone;Clear;No;36.012764, -79.94786
454;455;No;20-24;23;No;With Traffic;B: Evident Injury;Travel Lane;White;Male;Wilson;Wilson;No;01-01-07;2007-06-24;Motorist Failed to Yield - Signalized Intersection;12;Intersection;01-06-01;0001-01-01T07:29:58-04:56;Motorist Drive Out - Signalized Intersection;111152;2007;B: Evident Injury;Commercial;;;Missing;0-5 mph;Injury;/Missing;;;No;Yes;Daylight;Urban (>70% Developed);5 lanes;3;Straight - Level;Local Street;Dry;Two-Way, Not Divided;None;Four-Way Intersection;Smooth Asphalt;Coastal;Urban;40 - 45  MPH;Stop And Go Signal;Clear;No;35.721245, -77.91585
459;460;No;20-24;22;No;With Traffic;B: Evident Injury;Travel Lane;White;Male;Boone;Watauga;No;;2007-06-25;Bicyclist Failed to Yield - Signalized Intersection;19;Intersection;01-06-01;0001-01-01T14:58:58-04:56;Bicyclist Ride Through - Signalized Intersection;111155;2007;B: Evident Injury;Commercial;70+;;No;6-10 mph;O: No Injury;White;Female;Sport Utility;No;No;Daylight;Urban (>70% Developed);2 lanes;2;Straight - Grade;Local Street;Dry;Two-Way, Not Divided;None;Four-Way Intersection;Smooth Asphalt;Mountains;Urban;30 - 35  MPH;Stop And Go Signal;Clear;No;36.216473, -81.674736
460;461;Yes;20-24;24;No;Facing Traffic;O: No Injury;Travel Lane;White;Male;Hickory;Catawba;No;;2007-06-25;Motorist Failed to Yield - Sign-Controlled Intersection;19;Intersection;01-06-01;0001-01-01T14:15:58-04:56;Motorist Drive Out - Sign-Controlled Intersection;112141;2007;O: No Injury;Commercial;40-49;43;No;0-5 mph;O: No Injury;White;Female;Passenger Car;No;No;Daylight;Urban (>70% Developed);6 lanes;2;Straight - Grade;Local Street;Dry;Two-Way, Divided, Positive Median Barrier;None;No Special Feature;Smooth Asphalt;Piedmont;Urban;40 - 45  MPH;Stop Sign;Cloudy;No;35.7105, -81.29479
463;464;Yes;50-59;53;No;With Traffic;B: Evident Injury;Travel Lane;White;Male;Charlotte;Mecklenburg;No;01-01-06;2007-09-29;Motorist Failed to Yield - Sign-Controlled Intersection;11;Intersection;01-09-01;0001-01-01T06:36:58-04:56;Motorist Drive Out - Sign-Controlled Intersection;111141;2007;B: Evident Injury;Residential;70+;;No;0-5 mph;O: No Injury;White;Female;Passenger Car;No;No;Daylight;Urban (>70% Developed);4 lanes;2;Straight - Level;Local Street;Dry;Two-Way, Divided, Unprotected Median;None;Four-Way Intersection;Coarse Asphalt;Piedmont;Urban;30 - 35  MPH;Stop Sign;Clear;No;35.18354, -80.83979
468;469;Yes;30-39;38;No;With Traffic;B: Evident Injury;Bike Lane / Paved Shoulder;White;Male;None - Rural Crash;Currituck;No;;2007-06-18;Motorist Overtaking Bicyclist;11;Non-Intersection;01-06-01;0001-01-01T06:03:58-04:56;Motorist Overtaking - Bicyclist Swerved;321235;2007;B: Evident Injury;Residential;60-69;68;No;36-40 mph;O: No Injury;Asian;Male;Sport Utility;No;No;Daylight;Mixed (30% To 70% Developed);2 lanes;2;Straight - Level;NC Route;Dry;Two-Way, Not Divided;None;No Special Feature;Smooth Asphalt;Coastal;Rural;40 - 45  MPH;No Control Present;Clear;No;36.323803, -75.8167
470;471;Yes;20-24;22;No;Facing Traffic;B: Evident Injury;Travel Lane;White;Male;Southern Pines;Moore;No;01-01-03;2007-06-27;Motorist Right Turn / Merge;17;Intersection;01-06-01;0001-01-01T12:43:58-04:56;Motorist Right Turn - Opposite Direction;112214;2007;B: Evident Injury;Commercial;25-29;25;No;6-10 mph;O: No Injury;White;Female;Passenger Car;No;No;Daylight;Urban (>70% Developed);2 lanes;2;Straight - Hillcrest;Local Street;Dry;Two-Way, Not Divided;None;Four-Way Intersection;Coarse Asphalt;Piedmont;Urban;40 - 45  MPH;Stop Sign;Clear;No;35.160316, -79.4112
471;472;Yes;;;No;Facing Traffic;Injury;Travel Lane;/Missing;;Charlotte;Mecklenburg;No;01-01-02;2007-10-02;Motorist Failed to Yield - Sign-Controlled Intersection;18;Intersection;01-10-01;0001-01-01T13:16:58-04:56;Motorist Drive Out - Sign-Controlled Intersection;112141;2007;O: No Injury;Residential;40-49;49;No;0-5 mph;O: No Injury;Black;Female;Sport Utility;No;No;Daylight;Urban (>70% Developed);2 lanes;2;Straight - Level;Local Street;Dry;Two-Way, Divided, Unprotected Median;None;No Special Feature;Smooth Asphalt;Piedmont;Urban;30 - 35  MPH;Stop Sign;Clear;No;35.341797, -80.75442
483;484;Yes;15-Nov;13;No;Facing Traffic;B: Evident Injury;Travel Lane;Black;Female;Fayetteville;Cumberland;No;01-01-06;2007-06-30;Motorist Failed to Yield - Midblock;17;Non-Intersection;01-06-01;0001-01-01T12:04:58-04:56;Motorist Drive Out - Commercial Driveway / Alley;312322;2007;B: Evident Injury;Commercial;25-29;26;No;0-5 mph;O: No Injury;Black;Female;Passenger Car;No;No;Daylight;Urban (>70% Developed);2 lanes;2;Straight - Level;Local Street;Wet;Two-Way, Not Divided;None;No Special Feature;Coarse Asphalt;Coastal;Urban;30 - 35  MPH;Stop Sign;Cloudy;No;35.04646, -78.92196
484;485;No;40-49;48;No;With Traffic;B: Evident Injury;Travel Lane;White;Male;Salisbury;Rowan;No;01-01-04;2007-10-04;Bicyclist Failed to Yield - Sign-Controlled Intersection;17;Intersection;01-10-01;0001-01-01T12:33:58-04:56;Bicyclist Ride Through - Sign-Controlled Intersection;111144;2007;B: Evident Injury;Residential;30-39;32;No;11-15 mph;O: No Injury;White;Female;Passenger Car;No;No;Daylight;Urban (>70% Developed);2 lanes;2;Straight - Level;Local Street;Dry;Two-Way, Not Divided;None;T-Intersection;Smooth Asphalt;Piedmont;Urban;30 - 35  MPH;Stop Sign;Cloudy;No;35.66177, -80.47948
486;487;Yes;15-Nov;13;No;With Traffic;C: Possible Injury;Bike Lane / Paved Shoulder;Black;Male;Durham;Durham;No;01-01-04;2007-10-04;Motorist Overtaking Bicyclist;7;Non-Intersection;01-10-01;0001-01-01T02:19:58-04:56;Motorist Overtaking - Other /;321239;2007;C: Possible Injury;Commercial;60-69;64;No;41-45 mph;O: No Injury;Black;Male;Light Truck (Mini-Van, Panel);No;No;Dawn;Mixed (30% To 70% Developed);4 lanes;2;Straight - Level;NC Route;Dry;Two-Way, Divided, Positive Median Barrier;None;No Special Feature;Smooth Asphalt;Piedmont;Urban;40 - 45  MPH;No Control Present;Clear;No;35.95124, -78.88977
494;495;Yes;10-Jun;7;No;With Traffic;C: Possible Injury;Travel Lane;Hispanic;Male;Gastonia;Gaston;No;;2007-07-02;Bicyclist Left Turn / Merge;19;Non-Intersection;01-07-01;0001-01-01T14:47:58-04:56;Bicyclist Left Turn - Same Direction;311221;2007;C: Possible Injury;Residential;20-24;20;No;26-30 mph;O: No Injury;White;Female;Passenger Car;No;No;Daylight;Urban (>70% Developed);2 lanes;2;Straight - Level;Local Street;Dry;Two-Way, Not Divided;None;No Special Feature;Smooth Asphalt;Piedmont;Urban;30 - 35  MPH;No Control Present;Clear;No;35.269833, -81.21446
304;305;No;30-39;36;Yes;With Traffic;C: Possible Injury;Travel Lane;White;Male;Cornelius;Mecklenburg;Yes;01-01-02;2012-05-15;Loss of Control / Turning Error;16;Non-Intersection;01-05-01;0001-01-01T11:03:58-04:56;Bicyclist Lost Control - Other /;;2012;C: Possible Injury;Residential;;;Missing;;Injury;/Missing;;Passenger Car;No;No;Daylight;Urban (>70% Developed);2 lanes;2;Straight - Level;Local Street;Dry;Two-Way, Not Divided;None;No Special Feature;Smooth Asphalt;Piedmont;Urban;20 - 25  MPH;No Control Present;Clear;No;35.48853, -80.8668
306;307;Yes;16-19;19;No;Facing Traffic;B: Evident Injury;Sidewalk / Crosswalk / Driveway Crossing;White;Female;Winston-Salem;Forsyth;No;01-01-06;2012-05-12;Motorist Failed to Yield - Sign-Controlled Intersection;10;Intersection;01-05-01;0001-01-01T05:06:58-04:56;Motorist Drive Out - Sign-Controlled Intersection;;2012;B: Evident Injury;Residential;20-24;23;No;6-10 mph;O: No Injury;White;Female;Sport Utility;No;No;Daylight;Urban (>70% Developed);2 lanes;2;Straight - Grade;Local Street;Dry;Two-Way, Not Divided;None;Four-Way Intersection;Smooth Asphalt;Piedmont;Urban;30 - 35  MPH;Stop Sign;Cloudy;No;36.08654, -80.2649
307;308;Yes;30-39;35;No;With Traffic;C: Possible Injury;Bike Lane / Paved Shoulder;White;Male;Chapel Hill;Orange;Yes;01-01-05;2012-05-18;Motorist Right Turn / Merge;16;Non-Intersection;01-05-01;0001-01-01T11:06:58-04:56;Motorist Right Turn - Same Direction;;2012;C: Possible Injury;Residential;20-24;22;Yes;16-20 mph;O: No Injury;White;Male;;No;Yes;Daylight;Urban (>70% Developed);4 lanes;2;Straight - Grade;NC Route;Dry;Two-Way, Divided, Unprotected Median;None;No Special Feature;Smooth Asphalt;Piedmont;Urban;30 - 35  MPH;Double Yellow Line, No Passing Zone;Cloudy;No;35.92287, -79.055
315;316;No;40-49;45;No;With Traffic;C: Possible Injury;Travel Lane;White;Female;None - Rural Crash;Henderson;No;01-01-06;2012-05-26;Motorist Overtaking Bicyclist;13;Non-Intersection;01-05-01;0001-01-01T08:48:58-04:56;Motorist Overtaking - Misjudged Space;;2012;C: Possible Injury;Residential;70;70;No;16-20 mph;O: No Injury;White;Female;Passenger Car;No;No;Daylight;Rural (<30% Developed);2 lanes;2;Straight - Grade;State Secondary Route;Dry;Two-Way, Not Divided;None;No Special Feature;Coarse Asphalt;Mountains;Rural;30 - 35  MPH;Double Yellow Line, No Passing Zone;Clear;No;35.39594, -82.3931
317;318;Yes;15-Nov;13;No;With Traffic;A: Disabling Injury;Travel Lane;Black;Male;None - Rural Crash;Dare;No;;2012-05-28;Bicyclist Failed to Yield - Sign-Controlled Intersection;13;Intersection;01-05-01;0001-01-01T08:15:58-04:56;Bicyclist Ride Through - Sign-Controlled Intersection;;2012;A: Disabling Injury;Residential;40-49;44;No;21-25 mph;O: No Injury;Black;Female;Van;No;No;Daylight;Mixed (30% To 70% Developed);2 lanes;2;Straight - Level;State Secondary Route;Dry;Two-Way, Not Divided;None;T-Intersection;Coarse Asphalt;Coastal;Rural;20 - 25  MPH;Double Yellow Line, No Passing Zone;Cloudy;No;35.90847, -75.6807
318;319;Yes;40-49;46;No;With Traffic;C: Possible Injury;Travel Lane;Black;Male;Greensboro;Guilford;No;01-01-07;2012-05-27;Bicyclist Failed to Yield - Signalized Intersection;14;Intersection;01-05-01;0001-01-01T09:53:58-04:56;Bicyclist Ride Through - Signalized Intersection;;2012;C: Possible Injury;Commercial;50-59;57;No;31-35 mph;O: No Injury;White;Female;Passenger Car;No;Yes;Daylight;Urban (>70% Developed);5 lanes;2;Straight - Level;Local Street;Dry;Two-Way, Divided, Positive Median Barrier;None;Four-Way Intersection;Smooth Asphalt;Piedmont;Urban;30 - 35  MPH;Stop And Go Signal;Clear;No;36.09728, -79.8175
320;321;Yes;20-24;21;No;With Traffic;A: Disabling Injury;Travel Lane;Black;Male;Ahoskie;Hertford;No;;2012-02-13;Other / Unusual Circumstances;23;Non-Intersection;01-02-01;0001-01-01T18:46:58-04:56;Unusual Circumstances;;2012;A: Disabling Injury;Residential;25-29;26;No;31-35 mph;O: No Injury;Black;Female;Passenger Car;No;No;Dark - Lighted Roadway;Urban (>70% Developed);2 lanes;2;Straight - Grade;Local Street;Dry;Two-Way, Not Divided;None;No Special Feature;Coarse Asphalt;Coastal;Rural;20 - 25  MPH;No Control Present;Clear;No;36.28947, -76.9933
326;327;Yes;25-29;28;No;Facing Traffic;B: Evident Injury;Sidewalk / Crosswalk / Driveway Crossing;White;Male;Greenville;Pitt;No;;2012-05-14;Motorist Failed to Yield - Sign-Controlled Intersection;17;Intersection;01-05-01;0001-01-01T12:20:58-04:56;Motorist Drive Out - Sign-Controlled Intersection;;2012;B: Evident Injury;Institutional;25-29;26;No;0-5 mph;O: No Injury;Black;Female;Passenger Car;No;No;Daylight;Mixed (30% To 70% Developed);1 lane;2;Straight - Level;Local Street;Dry;One-Way, Not Divided;None;T-Intersection;Smooth Asphalt;Coastal;Urban;;Stop Sign;Cloudy;No;35.61072, -77.4014
328;329;No;0-5;3;No;Not Applicable;O: No Injury;Non-Roadway;Black;Male;Kinston;Lenoir;No;01-01-05;2012-05-25;Non-Roadway;18;Non-Roadway;01-05-01;0001-01-01T13:23:58-04:56;Non-Roadway;;2012;O: No Injury;Residential;30-39;34;No;6-10 mph;O: No Injury;Black;Male;Passenger Car;No;No;Daylight;Urban (>70% Developed);;2;Straight - Level;Public Vehicular Area;Dry;Two-Way, Not Divided;None;No Special Feature;Smooth Asphalt;Coastal;Urban;5 - 15 MPH;No Control Present;Clear;No;35.27932, -77.5663
338;339;Yes;50-59;54;No;With Traffic;C: Possible Injury;Travel Lane;White;Female;None - Rural Crash;Iredell;No;;2012-06-04;Bicyclist Left Turn / Merge;18;Intersection;01-06-01;0001-01-01T13:32:58-04:56;Bicyclist Left Turn - Same Direction;;2012;C: Possible Injury;Residential;25-29;28;No;26-30 mph;O: No Injury;White;Female;Passenger Car;No;No;Daylight;Rural (<30% Developed);2 lanes;2;Straight - Level;State Secondary Route;Dry;Two-Way, Not Divided;None;T-Intersection;Smooth Asphalt;Piedmont;Rural;40 - 45  MPH;Double Yellow Line, No Passing Zone;Cloudy;No;35.5697, -80.9342
339;340;Yes;16-19;19;No;With Traffic;B: Evident Injury;Travel Lane;White;Male;Wilmington;New Hanover;No;01-01-05;2012-05-25;Bicyclist Failed to Yield - Signalized Intersection;14;Intersection;01-05-01;0001-01-01T09:47:58-04:56;Bicyclist Ride Through - Signalized Intersection;;2012;B: Evident Injury;Residential;30-39;34;No;21-25 mph;O: No Injury;Black;Male;Pickup;No;No;Daylight;Urban (>70% Developed);6 lanes;2;Straight - Level;US Route;Wet;Two-Way, Not Divided;None;Four-Way Intersection;Coarse Asphalt;Coastal;Urban;20 - 25  MPH;Stop And Go Signal;Rain;No;34.22485, -77.9354