FID;OBJECTID;AmbulanceR;BikeAge_Gr;Bike_Age;Bike_Alc_D;Bike_Dir;Bike_Injur;Bike_Pos;Bike_Race;Bike_Sex;City;County;CrashAlcoh;CrashDay;Crash_Date;Crash_Grp;Crash_Hour;Crash_Loc;Crash_Mont;Crash_Time;Crash_Type;Crash_Ty_1;Crash_Year;Crsh_Sevri;Developmen;DrvrAge_Gr;Drvr_Age;Drvr_Alc_D;Drvr_EstSp;Drvr_Injur;Drvr_Race;Drvr_Sex;Drvr_VehTy;ExcsSpdInd;Hit_Run;Light_Cond;Locality;Num_Lanes;Num_Units;Rd_Charact;Rd_Class;Rd_Conditi;Rd_Config;Rd_Defects;Rd_Feature;Rd_Surface;Region;Rural_Urba;Speed_Limi;Traff_Cntr;Weather;Workzone_I;Location
341;342;Yes;40-49;43;No;With Traffic;B: Evident Injury;Travel Lane;White;Male;None - Rural Crash;Guilford;No;01-01-07;2012-06-03;Motorist Overtaking Bicyclist;18;Non-Intersection;01-06-01;0001-01-01T13:29:58-04:56;Motorist Overtaking - Other /;;2012;B: Evident Injury;Farms, Woods, Pastures;40-49;41;No;;O: No Injury;White;Female;Passenger Car;No;No;Daylight;Rural (<30% Developed);2 lanes;2;Curve - Grade;State Secondary Route;Dry;Two-Way, Not Divided;None;No Special Feature;Smooth Asphalt;Piedmont;Rural;;Double Yellow Line, No Passing Zone;Clear;No;36.21822, -79.846
359;360;No;30-39;31;No;With Traffic;B: Evident Injury;Travel Lane;White;Female;Charlotte;Mecklenburg;No;01-01-05;2012-06-08;Motorist Overtaking Bicyclist;17;Non-Intersection;01-06-01;0001-01-01T12:54:58-04:56;Motorist Overtaking - Other /;;2012;B: Evident Injury;Commercial;;;Missing;11-15 mph;Injury;/Missing;;;No;Yes;Daylight;Urban (>70% Developed);2 lanes;2;Straight - Level;Local Street;Dry;Two-Way, Not Divided;None;No Special Feature;Concrete;Piedmont;Urban;30 - 35  MPH;No Control Present;Clear;No;35.23297, -80.85
367;368;Yes;25-29;27;No;Facing Traffic;C: Possible Injury;Sidewalk / Crosswalk / Driveway Crossing;White;Female;Durham;Durham;No;01-01-02;2012-06-12;Crossing Paths - Other Circumstances;15;Intersection;01-06-01;0001-01-01T10:24:58-04:56;Signalized Intersection - Other /;;2012;C: Possible Injury;Commercial;50-59;59;No;0-5 mph;O: No Injury;Black;Male;Passenger Car;No;No;Daylight;Urban (>70% Developed);4 lanes;2;Straight - Level;Local Street;Dry;Two-Way, Not Divided;None;No Special Feature;Coarse Asphalt;Piedmont;Urban;30 - 35  MPH;Stop And Go Signal;Cloudy;No;36.00242, -78.9129
373;374;Yes;20-24;21;No;With Traffic;B: Evident Injury;Travel Lane;White;Male;None - Rural Crash;Watauga;No;01-01-05;2012-06-15;Motorist Overtaking Bicyclist;7;Non-Intersection;01-06-01;0001-01-01T02:33:58-04:56;Motorist Overtaking - Misjudged Space;;2012;B: Evident Injury;Farms, Woods, Pastures;;;Missing;16-20 mph;Injury;/Missing;;Passenger Car;No;Yes;Daylight;Rural (<30% Developed);2 lanes;2;Straight - Grade;State Secondary Route;Dry;Two-Way, Not Divided;None;No Special Feature;Coarse Asphalt;Mountains;Rural;50 - 55  MPH;Double Yellow Line, No Passing Zone;Cloudy;No;36.20561, -81.6142
374;375;No;15-Nov;13;No;With Traffic;O: No Injury;Travel Lane;White;Male;Granite Quarry;Rowan;No;01-01-03;2012-06-06;Bicyclist Failed to Yield - Sign-Controlled Intersection;18;Intersection;01-06-01;0001-01-01T13:10:58-04:56;Bicyclist Ride Through - Sign-Controlled Intersection;;2012;O: No Injury;Residential;50-59;56;No;31-35 mph;O: No Injury;White;Female;Sport Utility;No;No;Daylight;Urban (>70% Developed);2 lanes;2;Straight - Level;Local Street;Dry;Two-Way, Not Divided;None;Four-Way Intersection;Smooth Asphalt;Piedmont;Rural;30 - 35  MPH;Stop Sign;Clear;No;35.61316, -80.4465
375;376;Yes;60-69;60;No;With Traffic;K: Killed;Travel Lane;White;Male;None - Rural Crash;Onslow;No;01-01-07;2012-06-10;Motorist Left Turn / Merge;10;Intersection;01-06-01;0001-01-01T05:50:58-04:56;Motorist Left Turn - Opposite Direction;;2012;K: Killed;Residential;60-69;65;No;11-15 mph;O: No Injury;White;Male;Passenger Car;No;No;Daylight;Mixed (30% To 70% Developed);2 lanes;2;Straight - Level;Public Vehicular Area;Dry;Two-Way, Not Divided;None;Driveway, Public;Coarse Asphalt;Coastal;Rural;40 - 45  MPH;No Control Present;Clear;No;34.50988, -77.4338
382;383;Yes;30-39;34;No;With Traffic;C: Possible Injury;Travel Lane;White;Male;Asheville;Buncombe;No;01-01-04;2012-06-07;Motorist Overtaking Bicyclist;20;Intersection;01-06-01;0001-01-01T15:25:58-04:56;Motorist Overtaking - Misjudged Space;;2012;C: Possible Injury;Commercial;;;Missing;36-40 mph;Injury;/Missing;;;No;Yes;Daylight;Urban (>70% Developed);5 lanes;2;Straight - Level;Local Street;Dry;Two-Way, Divided, Unprotected Median;None;No Special Feature;Coarse Asphalt;Mountains;Urban;40 - 45  MPH;Stop Sign;Clear;No;35.58956, -82.5502
383;384;No;15-Nov;14;No;Not Applicable;B: Evident Injury;Driveway / Alley;Hispanic;Male;Siler City;Chatham;No;01-01-06;2012-05-26;Bicyclist Failed to Yield - Midblock;18;Non-Intersection;01-05-01;0001-01-01T13:42:58-04:56;Bicyclist Ride Out - Residential Driveway;;2012;B: Evident Injury;Residential;70;70;No;16-20 mph;O: No Injury;Black;Female;Passenger Car;No;No;Daylight;Urban (>70% Developed);2 lanes;2;Straight - Level;Local Street;Dry;Two-Way, Not Divided;None;No Special Feature;Coarse Asphalt;Piedmont;Urban;5 - 15 MPH;No Control Present;Clear;No;35.73079, -79.4416
387;388;Yes;50-59;59;Yes;With Traffic;B: Evident Injury;Travel Lane;Black;Male;Plymouth;Washington;Yes;01-01-02;2012-05-29;Bicyclist Right Turn / Merge;22;Intersection-Related;01-05-01;0001-01-01T17:10:58-04:56;Bicyclist Right Turn - Same Direction;;2012;B: Evident Injury;Commercial;40-49;41;No;41-45 mph;O: No Injury;Black;Female;Passenger Car;No;No;Dark - Lighted Roadway;Urban (>70% Developed);5 lanes;2;Straight - Level;US Route;Dry;Two-Way, Divided, Unprotected Median;None;No Special Feature;Coarse Asphalt;Coastal;Rural;40 - 45  MPH;No Control Present;Clear;No;35.85689, -76.7484
396;397;Yes;15-Nov;15;No;Not Applicable;B: Evident Injury;;Black;Male;Oak Island;Brunswick;No;01-01-05;2012-06-08;Bicyclist Failed to Yield - Midblock;14;Non-Intersection;01-06-01;0001-01-01T09:03:58-04:56;Bicyclist Ride Out - Other Midblock;;2012;B: Evident Injury;Residential;0-19;17;No;31-35 mph;O: No Injury;White;Male;Passenger Car;No;No;Daylight;Urban (>70% Developed);2 lanes;2;Straight - Level;Local Street;Dry;Two-Way, Not Divided;None;No Special Feature;Smooth Asphalt;Coastal;Urban;30 - 35  MPH;No Control Present;Clear;No;33.91029, -78.117
409;410;Yes;15-Nov;12;No;;B: Evident Injury;;Black;Male;Wilmington;New Hanover;No;01-01-06;2012-06-16;Bicyclist Failed to Yield - Midblock;12;Non-Intersection;01-06-01;0001-01-01T07:27:58-04:56;Bicyclist Ride Out - Midblock -;;2012;B: Evident Injury;Residential;;;Missing;;Injury;/Missing;;;No;Yes;Daylight;Urban (>70% Developed);2 lanes;2;Straight - Level;Local Street;Dry;Two-Way, Not Divided;None;No Special Feature;Smooth Asphalt;Coastal;Urban;;No Control Present;Clear;No;34.22733, -77.9304
418;419;No;50-59;57;No;Not Applicable;C: Possible Injury;Non-Roadway;White;Male;Asheboro;Randolph;No;01-01-03;2012-06-20;Non-Roadway;17;Non-Roadway;01-06-01;0001-01-01T12:27:58-04:56;Non-Roadway;;2012;C: Possible Injury;Commercial;60-69;65;No;;O: No Injury;White;Male;Sport Utility;No;No;Daylight;Urban (>70% Developed);;2;Straight - Level;Public Vehicular Area;Dry;One-Way, Not Divided;None;Driveway, Public;Smooth Asphalt;Piedmont;Urban;;No Control Present;Clear;No;35.70556, -79.8155
439;440;No;30-39;34;No;With Traffic;B: Evident Injury;Travel Lane;White;Male;None - Rural Crash;Cabarrus;No;;2012-07-09;Motorist Overtaking Bicyclist;15;Non-Intersection;01-07-01;0001-01-01T10:19:58-04:56;Motorist Overtaking - Other /;;2012;B: Evident Injury;Residential;60-69;61;No;36-40 mph;O: No Injury;White;Male;Van;No;No;Daylight;Rural (<30% Developed);4 lanes;2;Straight - Hillcrest;NC Route;Dry;Two-Way, Divided, Unprotected Median;None;No Special Feature;Smooth Asphalt;Piedmont;Rural;50 - 55  MPH;No Control Present;Clear;No;35.24914, -80.5694
445;446;Yes;60-69;67;No;With Traffic;B: Evident Injury;Other;Black;Male;Goldsboro;Wayne;No;01-01-05;2012-06-29;Bicyclist Left Turn / Merge;9;Intersection-Related;01-06-01;0001-01-01T04:31:58-04:56;Bicyclist Left Turn - Same Direction;;2012;B: Evident Injury;Commercial;25-29;26;No;21-25 mph;O: No Injury;Black;Female;Passenger Car;No;No;Daylight;Urban (>70% Developed);5 lanes;2;Curve - Level;Local Street;Dry;Two-Way, Not Divided;None;No Special Feature;Coarse Asphalt;Coastal;Urban;30 - 35  MPH;No Control Present;Clear;No;35.39027, -77.9461
450;451;Yes;50-59;56;No;With Traffic;B: Evident Injury;Travel Lane;White;Male;Morrisville;Wake;No;01-01-02;2012-07-10;Motorist Overtaking Bicyclist;13;Non-Intersection;01-07-01;0001-01-01T08:58:58-04:56;Motorist Overtaking - Other /;;2012;B: Evident Injury;Residential;60-69;65;No;26-30 mph;O: No Injury;White;Male;Activity Bus;No;No;Daylight;Urban (>70% Developed);4 lanes;2;Straight - Level;Local Street;Wet;Two-Way, Divided, Unprotected Median;None;No Special Feature;Smooth Asphalt;Piedmont;Urban;30 - 35  MPH;No Control Present;Rain;No;35.82196, -78.8287
457;458;Yes;50-59;51;No;With Traffic;C: Possible Injury;Travel Lane;White;Male;Indian Trail;Union;No;;2012-07-09;Motorist Left Turn / Merge;21;Intersection;01-07-01;0001-01-01T16:03:58-04:56;Motorist Left Turn - Opposite Direction;;2012;C: Possible Injury;Commercial;60-69;60;No;0-5 mph;O: No Injury;White;Male;Pickup;No;No;Dark - Lighted Roadway;Urban (>70% Developed);2 lanes;2;Straight - Level;State Secondary Route;Dry;Two-Way, Not Divided;None;Four-Way Intersection;Smooth Asphalt;Piedmont;Urban;40 - 45  MPH;Stop And Go Signal;Clear;No;35.06807, -80.6788
470;471;Yes;20-24;20;No;With Traffic;C: Possible Injury;Travel Lane;Black;Male;None - Rural Crash;Greene;No;01-01-02;2012-07-17;Motorist Overtaking Bicyclist;17;Non-Intersection;01-07-01;0001-01-01T12:27:58-04:56;Motorist Overtaking - Bicyclist Swerved;;2012;C: Possible Injury;Residential;25-29;28;No;36-40 mph;O: No Injury;White;Male;Passenger Car;No;No;Daylight;Mixed (30% To 70% Developed);2 lanes;2;Straight - Level;NC Route;Dry;Two-Way, Not Divided;None;No Special Feature;Coarse Asphalt;Coastal;Rural;40 - 45  MPH;No Control Present;Clear;No;35.43974, -77.657
475;476;Yes;30-39;32;No;With Traffic;A: Disabling Injury;Travel Lane;Black;Male;Asheville;Buncombe;No;01-01-04;2012-06-28;Motorist Overtaking Bicyclist;21;Non-Intersection;01-06-01;0001-01-01T16:53:58-04:56;Motorist Overtaking - Other /;;2012;A: Disabling Injury;Commercial;0-19;18;No;41-45 mph;O: No Injury;White;Male;Passenger Car;No;No;Dark - Roadway Not Lighted;Urban (>70% Developed);;2;Straight - Grade;NC Route;Dry;Two-Way, Not Divided;None;No Special Feature;Smooth Asphalt;Mountains;Urban;40 - 45  MPH;No Control Present;Clear;No;35.44607, -82.5329
484;485;Yes;30-39;35;No;With Traffic;C: Possible Injury;Travel Lane;Black;Male;Gastonia;Gaston;No;01-01-04;2012-07-12;Crossing Paths - Other Circumstances;17;Intersection;01-07-01;0001-01-01T12:21:58-04:56;Signalized Intersection - Other /;;2012;C: Possible Injury;Commercial;50-59;55;No;6-10 mph;O: No Injury;White;Female;Sport Utility;No;No;Daylight;Urban (>70% Developed);6 lanes;2;Straight - Level;US Route;Dry;Two-Way, Divided, Unprotected Median;None;Four-Way Intersection;Smooth Asphalt;Piedmont;Urban;30 - 35  MPH;Stop And Go Signal;Clear;No;35.26056, -81.2085
489;490;Yes;25-29;25;No;Facing Traffic;B: Evident Injury;Travel Lane;Hispanic;Male;Mooresville;Iredell;No;01-01-02;2012-07-10;Motorist Failed to Yield - Midblock;17;Non-Intersection;01-07-01;0001-01-01T12:45:58-04:56;Motorist Drive Out - Commercial Driveway / Alley;;2012;B: Evident Injury;Commercial;40-49;47;No;6-10 mph;O: No Injury;White;Male;Pickup;No;No;Daylight;Urban (>70% Developed);5 lanes;2;Straight - Level;NC Route;Dry;Two-Way, Not Divided;None;Driveway, Public;Smooth Asphalt;Piedmont;Urban;40 - 45  MPH;Stop Sign;Clear;No;35.58866, -80.8269
490;491;No;20-24;20;No;Facing Traffic;B: Evident Injury;Travel Lane;White;Female;Nags Head;Dare;No;01-01-05;2012-06-29;Motorist Failed to Yield - Signalized Intersection;12;Intersection;01-06-01;0001-01-01T07:04:58-04:56;Motorist Drive Out - Right Turn on Red;;2012;B: Evident Injury;Residential;50-59;57;No;0-5 mph;O: No Injury;White;Male;Passenger Car;No;No;Daylight;Urban (>70% Developed);5 lanes;2;Straight - Level;US Route;Dry;Two-Way, Divided, Unprotected Median;None;Four-Way Intersection;Smooth Asphalt;Coastal;Rural;50 - 55  MPH;Stop And Go Signal;Clear;No;35.92932, -75.6106
493;494;Yes;60-69;63;No;With Traffic;B: Evident Injury;Travel Lane;White;Male;Wilmington;New Hanover;No;01-01-07;2012-07-08;Motorist Failed to Yield - Sign-Controlled Intersection;6;Intersection;01-07-01;0001-01-01T01:27:58-04:56;Motorist Drive Out - Sign-Controlled Intersection;;2012;B: Evident Injury;Residential;40-49;49;No;;O: No Injury;Black;Female;Passenger Car;No;No;Daylight;Urban (>70% Developed);2 lanes;2;Straight - Level;Local Street;Dry;Two-Way, Divided, Unprotected Median;None;Four-Way Intersection;Coarse Asphalt;Coastal;Urban;30 - 35  MPH;Stop Sign;Clear;No;34.24334, -77.8968
498;499;No;20-24;22;No;Facing Traffic;B: Evident Injury;Travel Lane;Hispanic;Male;Durham;Durham;No;01-01-03;2012-07-25;Crossing Paths - Other Circumstances;18;Intersection;01-07-01;0001-01-01T13:06:58-04:56;Signalized Intersection - Other /;;2012;B: Evident Injury;Commercial;30-39;37;No;0-5 mph;O: No Injury;White;Male;Passenger Car;No;No;Daylight;Urban (>70% Developed);3 lanes;2;Straight - Level;Local Street;Dry;Two-Way, Not Divided;None;No Special Feature;Smooth Asphalt;Piedmont;Urban;30 - 35  MPH;Stop And Go Signal;Clear;No;36.04616, -78.9026
503;504;No;20-24;22;No;With Traffic;B: Evident Injury;Travel Lane;White;Male;Chapel Hill;Orange;No;01-01-02;2012-07-17;Motorist Left Turn / Merge;17;Intersection;01-07-01;0001-01-01T12:27:58-04:56;Motorist Left Turn - Opposite Direction;;2012;B: Evident Injury;Residential;0-19;16;No;21-25 mph;O: No Injury;White;Male;Pickup;No;No;Daylight;Urban (>70% Developed);2 lanes;2;Straight - Level;Local Street;Dry;Two-Way, Not Divided;None;T-Intersection;Coarse Asphalt;Piedmont;Urban;20 - 25  MPH;No Control Present;Clear;No;35.90884, -79.0593
509;510;Yes;20-24;20;No;Facing Traffic;C: Possible Injury;Travel Lane;White;Female;Mooresville;Iredell;No;01-01-05;2012-07-13;Motorist Failed to Yield - Signalized Intersection;7;Intersection;01-07-01;0001-01-01T02:52:58-04:56;Motorist Drive Out - Signalized Intersection;;2012;C: Possible Injury;Residential;25-29;27;No;6-10 mph;O: No Injury;White;Male;Passenger Car;No;No;Daylight;Urban (>70% Developed);5 lanes;2;Straight - Hillcrest;NC Route;Dry;Two-Way, Not Divided;None;Four-Way Intersection;Coarse Asphalt;Piedmont;Urban;30 - 35  MPH;Stop And Go Signal;Cloudy;No;35.59142, -80.848
512;513;Yes;15-Nov;11;Missing;;B: Evident Injury;Sidewalk / Crosswalk / Driveway Crossing;Black;Male;Charlotte;Mecklenburg;No;01-01-07;2012-07-29;Parallel Paths - Other Circumstances;17;Intersection-Related;01-07-01;0001-01-01T12:31:58-04:56;Bicyclist Ride Out - Parallel Path;;2012;B: Evident Injury;Residential;30-39;33;No;36-40 mph;O: No Injury;Black;Male;Passenger Car;No;No;Daylight;Urban (>70% Developed);3 lanes;2;Straight - Level;Local Street;Dry;Two-Way, Divided, Positive Median Barrier;;No Special Feature;Coarse Asphalt;Piedmont;Urban;30 - 35  MPH;No Control Present;Clear;No;35.22468, -80.7118
513;514;Yes;40-49;40;No;With Traffic;C: Possible Injury;Travel Lane;White;Male;Kill Devil Hills;Dare;No;01-01-07;2012-07-22;Motorist Failed to Yield - Midblock;8;Non-Intersection;01-07-01;0001-01-01T03:30:58-04:56;Motorist Drive Out - Commercial Driveway / Alley;;2012;C: Possible Injury;Residential;40-49;44;No;6-10 mph;O: No Injury;White;Male;Pickup;No;No;Daylight;Urban (>70% Developed);2 lanes;2;Straight - Level;NC Route;Wet;Two-Way, Not Divided;None;Related To Intersection;Coarse Asphalt;Coastal;Urban;30 - 35  MPH;No Control Present;Cloudy;No;36.00006, -75.649
516;517;No;25-29;25;No;Facing Traffic;C: Possible Injury;Multi-use Path;White;Female;Wilmington;New Hanover;No;01-01-04;2012-07-12;Motorist Failed to Yield - Midblock;11;Non-Intersection;01-07-01;0001-01-01T06:10:58-04:56;Motorist Drive Out - Other Midblock;;2012;C: Possible Injury;Commercial;20-24;24;No;;O: No Injury;White;Female;;No;Yes;Daylight;Urban (>70% Developed);6 lanes;2;Straight - Level;Local Street;Dry;Two-Way, Divided, Unprotected Median;None;Driveway, Public;Smooth Asphalt;Coastal;Urban;;Stop Sign;Clear;No;34.2378, -77.8282
520;521;Yes;15-Nov;13;No;Not Applicable;B: Evident Injury;Driveway / Alley;White;Male;Oak Island;Brunswick;Yes;01-01-02;2012-06-26;Crossing Paths - Other Circumstances;19;Intersection-Related;01-06-01;0001-01-01T14:43:58-04:56;Crossing Paths - Uncontrolled Intersection;;2012;B: Evident Injury;Residential;30-39;36;Yes;16-20 mph;O: No Injury;White;Male;Pickup;No;Yes;Daylight;Urban (>70% Developed);2 lanes;2;Straight - Level;Local Street;Dry;Two-Way, Not Divided;None;No Special Feature;Smooth Asphalt;Coastal;Urban;20 - 25  MPH;No Control Present;Clear;No;33.90354, -78.0774
523;524;Yes;40-49;43;No;;C: Possible Injury;;White;Male;Greenville;Pitt;No;01-01-05;2012-07-27;Bicyclist Failed to Yield - Sign-Controlled Intersection;18;Intersection-Related;01-07-01;0001-01-01T13:36:58-04:56;Bicyclist Ride Through - Sign-Controlled Intersection;;2012;C: Possible Injury;Residential;20-24;22;No;41-45 mph;O: No Injury;Black;Female;Sport Utility;No;No;Daylight;Urban (>70% Developed);5 lanes;2;Straight - Level;Local Street;Dry;Two-Way, Not Divided;None;Other;Smooth Asphalt;Coastal;Urban;40 - 45  MPH;Other;Clear;No;35.60272, -77.354
532;533;Yes;16-19;17;No;Facing Traffic;Injury;Bike Lane / Paved Shoulder;White;Male;Duck;Dare;No;01-01-04;2012-07-26;Crossing Paths - Other Circumstances;19;Intersection;01-07-01;0001-01-01T14:46:58-04:56;Crossing Paths - Uncontrolled Intersection;;2012;O: No Injury;Commercial;20-24;22;No;0-5 mph;O: No Injury;White;Male;Passenger Car;No;No;Daylight;Urban (>70% Developed);;2;Straight - Level;NC Route;Dry;Two-Way, Not Divided;None;No Special Feature;Smooth Asphalt;Coastal;Rural;5 - 15 MPH;No Control Present;Clear;No;36.16627, -75.7539
542;543;Yes;50-59;57;No;With Traffic;A: Disabling Injury;Travel Lane;Black;Male;None - Rural Crash;Pender;No;01-01-07;2012-07-29;Motorist Overtaking Bicyclist;15;Non-Intersection;01-07-01;0001-01-01T10:33:58-04:56;Motorist Overtaking - Bicyclist Swerved;;2012;A: Disabling Injury;Farms, Woods, Pastures;40-49;43;No;51-55 mph;O: No Injury;White;Male;Sport Utility;No;No;Daylight;Rural (<30% Developed);2 lanes;2;Straight - Level;State Secondary Route;Dry;Two-Way, Not Divided;None;No Special Feature;Coarse Asphalt;Coastal;Rural;50 - 55  MPH;Double Yellow Line, No Passing Zone;Clear;No;34.50173, -78.0564
548;549;Yes;50-59;58;No;With Traffic;B: Evident Injury;Travel Lane;Black;Male;Hendersonville;Henderson;No;01-01-04;2012-07-05;Bicyclist Failed to Yield - Sign-Controlled Intersection;23;Intersection;01-07-01;0001-01-01T18:35:58-04:56;Bicyclist Ride Through - Sign-Controlled Intersection;;2012;B: Evident Injury;Residential;0-19;19;No;16-20 mph;O: No Injury;White;Male;Sport Utility;No;No;Dark - Lighted Roadway;Urban (>70% Developed);2 lanes;2;Straight - Level;Local Street;Dry;Two-Way, Not Divided;None;No Special Feature;Coarse Asphalt;Mountains;Urban;20 - 25  MPH;Stop Sign;Clear;No;35.31911, -82.4722
550;551;Yes;50-59;51;No;With Traffic;C: Possible Injury;Travel Lane;Black;Male;High Point;Guilford;No;;2012-07-30;Motorist Failed to Yield - Sign-Controlled Intersection;17;Intersection;01-07-01;0001-01-01T12:29:58-04:56;Motorist Drive Out - Sign-Controlled Intersection;;2012;C: Possible Injury;Commercial;30-39;30;No;11-15 mph;O: No Injury;Black;Female;Passenger Car;No;No;Daylight;Urban (>70% Developed);5 lanes;2;Straight - Level;NC Route;Dry;Two-Way, Not Divided;None;T-Intersection;Smooth Asphalt;Piedmont;Urban;30 - 35  MPH;Stop Sign;Clear;No;35.96442, -80.0116
557;558;Yes;30-39;30;No;Facing Traffic;C: Possible Injury;Travel Lane;Black;Male;Sanford;Lee;No;01-01-02;2012-07-31;Crossing Paths - Other Circumstances;14;Intersection;01-07-01;0001-01-01T09:25:58-04:56;Crossing Paths - Uncontrolled Intersection;;2012;C: Possible Injury;Commercial;60-69;69;No;0-5 mph;O: No Injury;White;Female;Passenger Car;No;No;Daylight;Urban (>70% Developed);2 lanes;2;Straight - Hillcrest;Local Street;Dry;Two-Way, Divided, Unprotected Median;None;No Special Feature;Smooth Asphalt;Piedmont;Urban;30 - 35  MPH;Flashing Signal Without Stop Sign;Clear;No;35.47164, -79.1743
572;573;Yes;30-39;32;No;With Traffic;B: Evident Injury;Travel Lane;White;Female;Wilmington;New Hanover;No;01-01-06;2012-08-11;Motorist Left Turn / Merge;13;Intersection;01-08-01;0001-01-01T08:35:58-04:56;Motorist Left Turn - Opposite Direction;;2012;B: Evident Injury;Commercial;25-29;29;No;0-5 mph;O: No Injury;White;Male;Sport Utility;No;No;Daylight;Urban (>70% Developed);5 lanes;2;Straight - Level;Local Street;Wet;One-Way, Not Divided;None;No Special Feature;Coarse Asphalt;Coastal;Urban;40 - 45  MPH;No Control Present;Rain;No;34.18459, -77.9305
573;574;No;50-59;52;No;Facing Traffic;C: Possible Injury;Sidewalk / Crosswalk / Driveway Crossing;White;Male;High Point;Guilford;No;;2012-08-06;Motorist Failed to Yield - Sign-Controlled Intersection;10;Intersection;01-08-01;0001-01-01T05:28:58-04:56;Motorist Drive Out - Sign-Controlled Intersection;;2012;C: Possible Injury;Residential;20-24;22;No;6-10 mph;O: No Injury;White;Male;Sport Utility;No;No;Daylight;Urban (>70% Developed);4 lanes;2;Straight - Grade;Local Street;Dry;Two-Way, Divided, Unprotected Median;None;T-Intersection;Smooth Asphalt;Piedmont;Urban;40 - 45  MPH;Stop Sign;Clear;No;35.99374, -80.015
583;584;Yes;15-Nov;11;No;With Traffic;B: Evident Injury;Travel Lane;Black;Male;Greensboro;Guilford;No;01-01-05;2012-08-17;Bicyclist Failed to Yield - Sign-Controlled Intersection;12;Intersection;01-08-01;0001-01-01T07:18:58-04:56;Bicyclist Ride Through - Sign-Controlled Intersection;;2012;B: Evident Injury;Residential;50-59;56;No;26-30 mph;O: No Injury;Black;Male;Passenger Car;No;No;Daylight;Urban (>70% Developed);1 lane;2;Straight - Grade;Local Street;Dry;Two-Way, Not Divided;None;Four-Way Intersection;Smooth Asphalt;Piedmont;Urban;30 - 35  MPH;Stop Sign;Clear;No;36.04376, -79.804
585;586;Yes;20-24;20;No;Facing Traffic;C: Possible Injury;Sidewalk / Crosswalk / Driveway Crossing;Black;Male;Greensboro;Guilford;No;01-01-03;2012-08-22;Motorist Failed to Yield - Signalized Intersection;12;Intersection;01-08-01;0001-01-01T07:57:58-04:56;Motorist Drive Out - Right Turn on Red;;2012;C: Possible Injury;Commercial;20-24;22;No;0-5 mph;O: No Injury;Black;Male;Sport Utility;No;No;Daylight;Urban (>70% Developed);2 lanes;2;Straight - Level;Local Street;Dry;Two-Way, Not Divided;None;Four-Way Intersection;Smooth Asphalt;Piedmont;Urban;20 - 25  MPH;Stop And Go Signal;Cloudy;No;36.07018, -79.7916
588;589;No;15-Nov;14;No;With Traffic;O: No Injury;Bike Lane / Paved Shoulder;Black;Male;Mint Hill;Mecklenburg;No;01-01-05;2012-08-17;Bicyclist Left Turn / Merge;14;Non-Intersection;01-08-01;0001-01-01T10:01:58-04:56;Bicyclist Left Turn - Same Direction;;2012;O: No Injury;Residential;0-19;18;No;21-25 mph;O: No Injury;Hispanic;Male;Pickup;No;No;Daylight;Urban (>70% Developed);2 lanes;2;Straight - Level;State Secondary Route;Dry;Two-Way, Not Divided;None;No Special Feature;Smooth Asphalt;Piedmont;Urban;20 - 25  MPH;No Control Present;Clear;No;35.20285, -80.6852
590;591;Yes;40-49;44;Yes;With Traffic;K: Killed;Travel Lane;Black;Male;Raleigh;Wake;Yes;;2012-08-20;Motorist Overtaking Bicyclist;3;Non-Intersection;01-08-01;0000-12-31T22:39:58-04:56;Motorist Overtaking - Other /;;2012;K: Killed;Residential;30-39;33;No;61-65 mph;O: No Injury;Black;Male;Single Unit Truck (2-Axle, 6-Tire);No;No;Dark - Roadway Not Lighted;Urban (>70% Developed);6 lanes;2;Curve - Level;Interstate;Wet;Two-Way, Divided, Positive Median Barrier;None;No Special Feature;Smooth Asphalt;Piedmont;Urban;60 - 75 MPH;No Control Present;Cloudy;No;35.75698, -78.7217
594;595;Yes;20-24;21;No;Facing Traffic;C: Possible Injury;Sidewalk / Crosswalk / Driveway Crossing;Black;Male;Greensboro;Guilford;No;01-01-04;2012-08-23;Motorist Failed to Yield - Signalized Intersection;20;Intersection;01-08-01;0001-01-01T16:02:58-04:56;Motorist Drive Out - Right Turn on Red;;2012;C: Possible Injury;Residential;25-29;25;No;0-5 mph;O: No Injury;White;Male;Passenger Car;No;No;Dark - Lighted Roadway;Urban (>70% Developed);8 lanes;2;Straight - Level;Local Street;Dry;Two-Way, Divided, Unprotected Median;None;Four-Way Intersection;Coarse Asphalt;Piedmont;Urban;40 - 45  MPH;Stop And Go Signal;Clear;No;36.05084, -79.8441
599;600;Yes;30-39;32;No;Facing Traffic;C: Possible Injury;Travel Lane;White;Male;Greensboro;Guilford;No;01-01-04;2012-08-23;Crossing Paths - Other Circumstances;21;Intersection;01-08-01;0001-01-01T16:13:58-04:56;Signalized Intersection - Other /;;2012;C: Possible Injury;Commercial;;;No;6-10 mph;O: No Injury;/Missing;;Passenger Car;No;Yes;Dark - Lighted Roadway;Urban (>70% Developed);5 lanes;2;Straight - Level;Local Street;Dry;Two-Way, Not Divided;None;No Special Feature;Smooth Asphalt;Piedmont;Urban;30 - 35  MPH;Stop And Go Signal;Clear;No;36.07669, -79.8977