FID;OBJECTID;AmbulanceR;BikeAge_Gr;Bike_Age;Bike_Alc_D;Bike_Dir;Bike_Injur;Bike_Pos;Bike_Race;Bike_Sex;City;County;CrashAlcoh;CrashDay;Crash_Date;Crash_Grp;Crash_Hour;Crash_Loc;Crash_Mont;Crash_Time;Crash_Type;Crash_Ty_1;Crash_Year;Crsh_Sevri;Developmen;DrvrAge_Gr;Drvr_Age;Drvr_Alc_D;Drvr_EstSp;Drvr_Injur;Drvr_Race;Drvr_Sex;Drvr_VehTy;ExcsSpdInd;Hit_Run;Light_Cond;Locality;Num_Lanes;Num_Units;Rd_Charact;Rd_Class;Rd_Conditi;Rd_Config;Rd_Defects;Rd_Feature;Rd_Surface;Region;Rural_Urba;Speed_Limi;Traff_Cntr;Weather;Workzone_I;Location
601;602;Yes;50-59;51;Yes;With Traffic;C: Possible Injury;Travel Lane;White;Male;None - Rural Crash;Buncombe;Yes;01-01-02;2012-08-07;Motorist Overtaking Bicyclist;17;Non-Intersection;01-08-01;0001-01-01T12:31:58-04:56;Motorist Overtaking - Other /;;2012;C: Possible Injury;Commercial;;;Missing;;Injury;/Missing;;;No;Yes;Daylight;Urban (>70% Developed);2 lanes;2;Straight - Grade;Local Street;Dry;Two-Way, Divided, Unprotected Median;None;No Special Feature;Smooth Asphalt;Mountains;Rural;30 - 35  MPH;No Control Present;Cloudy;No;35.58689, -82.5641
604;605;No;30-39;35;No;Facing Traffic;O: No Injury;Travel Lane;White;Male;Fayetteville;Cumberland;No;01-01-05;2012-08-17;Head-On;23;Non-Intersection;01-08-01;0001-01-01T18:50:58-04:56;Head-On - Bicyclist;;2012;O: No Injury;Commercial;;;Missing;;Injury;/Missing;;;No;Yes;Dark - Lighted Roadway;Urban (>70% Developed);2 lanes;2;Straight - Level;Local Street;Dry;Two-Way, Not Divided;None;No Special Feature;Coarse Asphalt;Coastal;Urban;30 - 35  MPH;No Control Present;Cloudy;No;35.01486, -78.8973
606;607;No;50-59;51;No;With Traffic;C: Possible Injury;Travel Lane;White;Male;None - Rural Crash;Dare;No;;2012-08-27;Motorist Overtaking Bicyclist;9;Non-Intersection;01-08-01;0001-01-01T04:18:58-04:56;Motorist Overtaking - Other /;;2012;C: Possible Injury;Commercial;40-49;41;No;31-35 mph;O: No Injury;White;Male;Pickup;No;No;Daylight;Urban (>70% Developed);2 lanes;2;Curve - Level;NC Route;Dry;Two-Way, Not Divided;None;Driveway, Public;Coarse Asphalt;Coastal;Rural;30 - 35  MPH;Double Yellow Line, No Passing Zone;Clear;No;35.26596, -75.5201
607;608;No;30-39;32;No;Facing Traffic;O: No Injury;Travel Lane;White;Male;Charlotte;Mecklenburg;No;01-01-02;2012-08-28;Bicyclist Failed to Yield - Signalized Intersection;15;Intersection;01-08-01;0001-01-01T10:48:58-04:56;Bicyclist Ride Through - Signalized Intersection;;2012;O: No Injury;Commercial;40-49;47;No;21-25 mph;O: No Injury;White;Male;Passenger Car;No;No;Daylight;Urban (>70% Developed);2 lanes;2;Straight - Level;Local Street;Dry;One-Way, Not Divided;None;Four-Way Intersection;Smooth Asphalt;Piedmont;Urban;20 - 25  MPH;Stop And Go Signal;Cloudy;No;35.2305, -80.8428
613;614;No;;0;Missing;Facing Traffic;Injury;Travel Lane;/Missing;;Wilson;Wilson;No;01-01-06;2012-08-18;Motorist Failed to Yield - Sign-Controlled Intersection;13;Intersection-Related;01-08-01;0001-01-01T08:59:58-04:56;Motorist Drive Out - Sign-Controlled Intersection;;2012;O: No Injury;Commercial;60-69;69;No;0-5 mph;O: No Injury;Black;Male;Passenger Car;No;No;Daylight;Urban (>70% Developed);2 lanes;2;Straight - Level;Local Street;Dry;Two-Way, Not Divided;None;No Special Feature;Smooth Asphalt;Coastal;Urban;30 - 35  MPH;Stop Sign;Clear;No;35.71727, -77.9217
616;617;Yes;50-59;50;No;Facing Traffic;B: Evident Injury;Sidewalk / Crosswalk / Driveway Crossing;Black;Male;Raleigh;Wake;No;01-01-07;2012-08-26;Motorist Failed to Yield - Midblock;19;Non-Intersection;01-08-01;0001-01-01T14:55:58-04:56;Motorist Drive Out - Commercial Driveway / Alley;;2012;B: Evident Injury;Commercial;40-49;47;No;0-5 mph;O: No Injury;White;Male;Sport Utility;No;No;Daylight;Urban (>70% Developed);6 lanes;2;Straight - Level;Local Street;Dry;Two-Way, Not Divided;None;No Special Feature;Smooth Asphalt;Piedmont;Urban;30 - 35  MPH;Stop Sign;Clear;No;35.84074, -78.6429
622;623;Yes;20-24;21;No;With Traffic;B: Evident Injury;Travel Lane;White;Male;Asheville;Buncombe;No;01-01-03;2012-08-22;Loss of Control / Turning Error;23;Intersection;01-08-01;0001-01-01T18:29:58-04:56;Bicyclist Lost Control - Other /;;2012;B: Evident Injury;Commercial;60-69;62;No;16-20 mph;O: No Injury;White;Male;Sport Utility;No;No;Dark - Lighted Roadway;Urban (>70% Developed);3 lanes;2;Straight - Grade;Local Street;Wet;Two-Way, Not Divided;None;Four-Way Intersection;Smooth Asphalt;Mountains;Urban;30 - 35  MPH;Stop And Go Signal;Rain;No;35.59117, -82.559
625;626;Yes;10-Jun;9;No;Not Applicable;B: Evident Injury;Non-Roadway;Black;Male;Kannapolis;Rowan;No;01-01-07;2012-08-26;Loss of Control / Turning Error;9;Non-Intersection;01-08-01;0001-01-01T04:54:58-04:56;Bicyclist Lost Control - Mechanical Problems;;2012;B: Evident Injury;Residential;70;70;No;6-10 mph;O: No Injury;White;Female;Passenger Car;No;No;Daylight;Urban (>70% Developed);2 lanes;2;Straight - Level;State Secondary Route;Dry;Two-Way, Not Divided;None;No Special Feature;Smooth Asphalt;Piedmont;Urban;40 - 45  MPH;No Control Present;Clear;No;35.50868, -80.5901
628;629;No;40-49;47;No;With Traffic;C: Possible Injury;Travel Lane;White;Female;Raleigh;Wake;No;01-01-05;2012-08-24;Motorist Overtaking Bicyclist;5;Non-Intersection;01-08-01;0001-01-01T00:30:58-04:56;Motorist Overtaking - Misjudged Space;;2012;C: Possible Injury;Residential;30-39;35;No;36-40 mph;O: No Injury;White;Male;Sport Utility;No;No;Dark - Lighted Roadway;Urban (>70% Developed);5 lanes;2;Straight - Hillcrest;Local Street;Dry;Two-Way, Not Divided;None;No Special Feature;Coarse Asphalt;Piedmont;Urban;40 - 45  MPH;No Control Present;Clear;No;35.87319, -78.6857
646;647;Yes;15-Nov;14;No;Not Applicable;B: Evident Injury;Non-Roadway;Black;Male;Rocky Mount;Nash;No;01-01-03;2012-08-22;Motorist Left Turn / Merge;12;Intersection;01-08-01;0001-01-01T07:24:58-04:56;Motorist Left Turn - Opposite Direction;;2012;B: Evident Injury;Commercial;30-39;39;No;11-15 mph;O: No Injury;White;Male;Passenger Car;No;No;Daylight;Urban (>70% Developed);3 lanes;2;Straight - Level;Local Street;Dry;Two-Way, Divided, Unprotected Median;None;T-Intersection;Smooth Asphalt;Coastal;Urban;30 - 35  MPH;Stop Sign;Clear;No;35.93196, -77.8118
647;648;No;0-5;5;No;With Traffic;Injury;Travel Lane;/Missing;Male;Laurinburg;Scotland;No;01-01-06;2012-08-25;Motorist Overtaking Bicyclist;18;Intersection-Related;01-08-01;0001-01-01T13:20:58-04:56;Motorist Overtaking - Other /;;2012;C: Possible Injury;Residential;50-59;59;No;41-45 mph;C: Possible Injury;Black;Female;Passenger Car;No;No;Daylight;Urban (>70% Developed);2 lanes;2;Straight - Level;Local Street;Dry;Two-Way, Not Divided;None;No Special Feature;Coarse Asphalt;Coastal;Urban;30 - 35  MPH;No Control Present;Clear;No;34.7671, -79.4624
649;650;Yes;25-29;27;No;With Traffic;B: Evident Injury;Travel Lane;White;Female;None - Rural Crash;Moore;No;01-01-05;2012-08-31;Motorist Overtaking Bicyclist;6;Non-Intersection;01-08-01;0001-01-01T01:24:58-04:56;Motorist Overtaking - Misjudged Space;;2012;B: Evident Injury;Farms, Woods, Pastures;;;Missing;41-45 mph;Injury;/Missing;;Passenger Car;No;Yes;Daylight;Rural (<30% Developed);2 lanes;2;Straight - Level;State Secondary Route;Dry;Two-Way, Divided, Unprotected Median;None;No Special Feature;Coarse Asphalt;Piedmont;Rural;40 - 45  MPH;No Control Present;Clear;No;35.17528, -79.3521
651;652;Yes;60-69;68;No;With Traffic;B: Evident Injury;Travel Lane;White;Male;Lewisville;Forsyth;No;01-01-02;2012-08-28;Loss of Control / Turning Error;6;Intersection-Related;01-08-01;0001-01-01T01:12:58-04:56;Motorist Turning Error - Left Turn;;2012;B: Evident Injury;Commercial;40-49;45;No;11-15 mph;O: No Injury;White;Male;Passenger Car;No;No;Dawn;Urban (>70% Developed);2 lanes;2;Straight - Level;Local Street;Dry;Two-Way, Not Divided;None;T-Intersection;Smooth Asphalt;Piedmont;Urban;30 - 35  MPH;Stop And Go Signal;Clear;No;36.09867, -80.4164
660;661;No;40-49;48;No;Facing Traffic;O: No Injury;Sidewalk / Crosswalk / Driveway Crossing;White;Male;Greenville;Pitt;No;01-01-02;2012-08-14;Motorist Failed to Yield - Midblock;18;Non-Intersection;01-08-01;0001-01-01T13:45:58-04:56;Motorist Drive Out - Commercial Driveway / Alley;;2012;O: No Injury;Commercial;40-49;41;No;0-5 mph;O: No Injury;Black;Male;Passenger Car;No;No;Daylight;Urban (>70% Developed);3 lanes;2;Straight - Level;Local Street;Dry;Two-Way, Divided, Unprotected Median;None;No Special Feature;Coarse Asphalt;Coastal;Urban;5 - 15 MPH;Stop And Go Signal;Clear;No;35.57168, -77.4031
680;681;Yes;40-49;49;No;With Traffic;C: Possible Injury;Travel Lane;White;Male;None - Rural Crash;Durham;No;01-01-03;2012-09-19;Loss of Control / Turning Error;9;Intersection;01-09-01;0001-01-01T05:01:58-04:56;Motorist Turning Error - Left Turn;;2012;C: Possible Injury;Farms, Woods, Pastures;25-29;29;No;21-25 mph;O: No Injury;Black;Female;Passenger Car;No;No;Daylight;Rural (<30% Developed);3 lanes;2;Straight - Level;State Secondary Route;Dry;Two-Way, Not Divided;None;No Special Feature;Coarse Asphalt;Piedmont;Rural;40 - 45  MPH;Stop And Go Signal;Clear;No;35.92972, -78.9894
682;683;Yes;50-59;52;No;With Traffic;C: Possible Injury;Travel Lane;White;Male;Charlotte;Mecklenburg;No;01-01-03;2012-09-12;Motorist Left Turn / Merge;14;Intersection;01-09-01;0001-01-01T09:41:58-04:56;Motorist Left Turn - Opposite Direction;;2012;C: Possible Injury;Residential;50-59;53;No;16-20 mph;O: No Injury;White;Female;Passenger Car;No;No;Daylight;Urban (>70% Developed);4 lanes;2;Straight - Level;Local Street;Dry;Two-Way, Divided, Positive Median Barrier;None;No Special Feature;Coarse Asphalt;Piedmont;Urban;30 - 35  MPH;No Control Present;Clear;No;35.19488, -80.8278
684;685;Yes;40-49;44;No;With Traffic;C: Possible Injury;Travel Lane;Hispanic;Male;Mooresville;Iredell;No;01-01-04;2012-09-06;Motorist Overtaking Bicyclist;19;Non-Intersection;01-09-01;0001-01-01T14:59:58-04:56;Motorist Overtaking - Other /;;2012;C: Possible Injury;Commercial;40-49;47;No;36-40 mph;O: No Injury;White;Male;Passenger Car;No;No;Dusk;Urban (>70% Developed);2 lanes;2;Curve - Grade;Local Street;Dry;Two-Way, Not Divided;None;No Special Feature;Smooth Asphalt;Piedmont;Urban;40 - 45  MPH;No Control Present;Clear;No;35.60472, -80.8629
687;688;Yes;16-19;19;Yes;With Traffic;C: Possible Injury;Travel Lane;Black;Male;Garner;Wake;Yes;01-01-06;2012-08-25;Backing Vehicle;23;Non-Intersection;01-08-01;0001-01-01T18:31:58-04:56;Backing Vehicle;;2012;C: Possible Injury;Residential;50-59;52;No;0-5 mph;O: No Injury;White;Male;Passenger Car;No;No;Dark - Roadway Not Lighted;Urban (>70% Developed);2 lanes;2;Straight - Level;Local Street;Dry;Two-Way, Not Divided;None;No Special Feature;Coarse Asphalt;Piedmont;Urban;20 - 25  MPH;Double Yellow Line, No Passing Zone;Clear;No;35.71464, -78.6155
696;697;No;20-24;20;No;Facing Traffic;B: Evident Injury;Sidewalk / Crosswalk / Driveway Crossing;White;Female;Wilmington;New Hanover;No;01-01-04;2012-09-13;Motorist Failed to Yield - Midblock;12;Non-Intersection;01-09-01;0001-01-01T07:24:58-04:56;Motorist Drive Out - Commercial Driveway / Alley;;2012;B: Evident Injury;Industrial;25-29;27;No;0-5 mph;O: No Injury;White;Male;Passenger Car;No;No;Daylight;Urban (>70% Developed);3 lanes;2;Straight - Level;Local Street;Dry;Two-Way, Not Divided;None;No Special Feature;Coarse Asphalt;Coastal;Urban;40 - 45  MPH;No Control Present;Clear;No;34.23159, -77.8796
702;703;Yes;0-5;3;No;With Traffic;C: Possible Injury;Travel Lane;White;Male;None - Rural Crash;Gaston;No;01-01-07;2012-09-23;Backing Vehicle;10;Non-Intersection;01-09-01;0001-01-01T05:43:58-04:56;Backing Vehicle;;2012;C: Possible Injury;Residential;0-19;17;No;0-5 mph;O: No Injury;White;Female;Passenger Car;No;No;Daylight;Mixed (30% To 70% Developed);2 lanes;2;Straight - Level;Private Road, Driveway;Dry;Two-Way, Not Divided;None;No Special Feature;Coarse Asphalt;Piedmont;Rural;5 - 15 MPH;No Control Present;Clear;No;35.33301, -81.109
704;705;Yes;10-Jun;9;No;Not Applicable;C: Possible Injury;Non-Roadway;Black;Male;Durham;Durham;No;01-01-02;2012-09-25;Bicyclist Failed to Yield - Midblock;18;Non-Intersection;01-09-01;0001-01-01T13:56:58-04:56;Bicyclist Ride Out - Other Midblock;;2012;C: Possible Injury;Residential;20-24;23;No;21-25 mph;O: No Injury;Black;Male;Passenger Car;No;No;Daylight;Urban (>70% Developed);2 lanes;2;Straight - Level;Local Street;Dry;Two-Way, Not Divided;None;No Special Feature;Smooth Asphalt;Piedmont;Urban;30 - 35  MPH;No Control Present;Clear;No;35.99355, -78.8876
715;716;Yes;30-39;33;No;With Traffic;C: Possible Injury;Travel Lane;White;Female;Chapel Hill;Orange;No;01-01-07;2012-09-23;Motorist Left Turn / Merge;10;Non-Intersection;01-09-01;0001-01-01T05:53:58-04:56;Motorist Left Turn - Opposite Direction;;2012;C: Possible Injury;Commercial;70;70;No;6-10 mph;O: No Injury;White;Female;Passenger Car;No;No;Daylight;Urban (>70% Developed);3 lanes;2;Straight - Level;Local Street;Dry;Two-Way, Not Divided;None;T-Intersection;Coarse Asphalt;Piedmont;Urban;20 - 25  MPH;No Control Present;Clear;No;35.93037, -79.0252
720;721;Yes;50-59;56;No;;C: Possible Injury;Travel Lane;Black;Male;Greenville;Pitt;No;01-01-07;2012-09-30;Bicyclist Failed to Yield - Midblock;14;Non-Intersection;01-09-01;0001-01-01T09:51:58-04:56;Multiple Threat - Midblock;;2012;C: Possible Injury;Commercial;0-19;17;No;31-35 mph;O: No Injury;White;Female;Passenger Car;No;No;Daylight;Urban (>70% Developed);6 lanes;2;Straight - Level;Local Street;Dry;Two-Way, Divided, Unprotected Median;None;No Special Feature;Coarse Asphalt;Coastal;Urban;40 - 45  MPH;No Control Present;Clear;No;35.5779, -77.3808
722;723;Yes;15-Nov;15;No;With Traffic;B: Evident Injury;Travel Lane;Black;Male;Wilson;Wilson;No;01-01-05;2012-09-14;Crossing Paths - Other Circumstances;18;Intersection;01-09-01;0001-01-01T13:50:58-04:56;Signalized Intersection - Other /;;2012;B: Evident Injury;Residential;60-69;63;No;41-45 mph;O: No Injury;White;Male;Pickup;No;No;Daylight;Urban (>70% Developed);5 lanes;2;Straight - Level;Local Street;Dry;Two-Way, Not Divided;None;Four-Way Intersection;Coarse Asphalt;Coastal;Urban;40 - 45  MPH;Stop And Go Signal;Clear;No;35.70983, -77.9439
727;728;No;25-29;29;No;With Traffic;C: Possible Injury;Bike Lane / Paved Shoulder;White;Female;Carrboro;Orange;No;01-01-05;2012-09-21;Motorist Right Turn / Merge;17;Non-Intersection;01-09-01;0001-01-01T13:01:58-04:56;Motorist Right Turn - Same Direction;;2012;C: Possible Injury;Commercial;0-19;16;No;0-5 mph;O: No Injury;White;Male;Pickup;No;No;Daylight;Urban (>70% Developed);2 lanes;2;Straight - Level;Local Street;Dry;Two-Way, Not Divided;None;No Special Feature;Coarse Asphalt;Piedmont;Urban;20 - 25  MPH;No Control Present;Clear;No;35.91014, -79.0732
744;745;Yes;25-29;29;No;With Traffic;C: Possible Injury;Travel Lane;White;Male;Raleigh;Wake;No;01-01-03;2012-10-03;Motorist Failed to Yield - Sign-Controlled Intersection;20;Intersection;01-10-01;0001-01-01T15:37:58-04:56;Motorist Drive Through - Sign-Controlled Intersection;;2012;C: Possible Injury;Commercial;0-19;19;No;6-10 mph;O: No Injury;White;Male;Passenger Car;No;No;Dark - Lighted Roadway;Urban (>70% Developed);1 lane;2;Curve - Level;Local Street;Dry;One-Way, Not Divided;None;Traffic Circle/Roundabout;Smooth Asphalt;Piedmont;Urban;5 - 15 MPH;Yield Sign;Clear;No;35.78597, -78.6625
720;721;No;20-24;23;No;With Traffic;O: No Injury;Travel Lane;White;Female;Boone;Watauga;No;01-01-02;2009-11-24;Motorist Right Turn / Merge;13;Non-Intersection;01-11-01;0001-01-01T08:17:58-04:56;Motorist Right Turn - Same Direction;311213;2009;O: No Injury;Commercial;20-24;21;No;0-5 mph;O: No Injury;White;Female;Passenger Car;No;No;Daylight;Mixed (30% To 70% Developed);2 lanes;2;Straight - Grade;Local Street;Dry;Two-Way, Not Divided;None;No Special Feature;Smooth Asphalt;Mountains;Urban;20 - 25  MPH;No Control Present;Clear;No;36.216488, -81.67602
721;722;No;25-29;27;No;With Traffic;C: Possible Injury;Travel Lane;White;Male;Durham;Durham;No;;2009-12-07;Motorist Right Turn / Merge;16;Non-Intersection;01-12-01;0001-01-01T11:20:58-04:56;Motorist Right Turn - Same Direction;311213;2009;C: Possible Injury;Institutional;60-69;61;No;6-10 mph;O: No Injury;Black;Female;Passenger Car;No;No;Daylight;Urban (>70% Developed);1 lane;2;Straight - Level;Public Vehicular Area;Dry;One-Way, Not Divided;None;Traffic Circle/Roundabout;Coarse Asphalt;Piedmont;Urban;20 - 25  MPH;No Control Present;Clear;No;35.99787, -78.93919
727;728;Yes;70+;;No;With Traffic;B: Evident Injury;Travel Lane;White;Male;None - Rural Crash;Chatham;No;01-01-04;2009-12-24;Motorist Overtaking Bicyclist;11;Non-Intersection;01-12-01;0001-01-01T06:28:58-04:56;Motorist Overtaking - Misjudged Space;311232;2009;B: Evident Injury;Farms, Woods, Pastures;20-24;20;No;51-55 mph;O: No Injury;White;Female;Sport Utility;No;No;Daylight;Rural (<30% Developed);2 lanes;2;Straight - Level;State Secondary Route;Dry;Two-Way, Not Divided;None;No Special Feature;Smooth Asphalt;Piedmont;Rural;50 - 55  MPH;No Control Present;Clear;No;35.7864, -79.009766
729;730;No;40-49;43;No;With Traffic;C: Possible Injury;Travel Lane;White;Male;None - Rural Crash;Wake;No;01-01-03;2009-12-23;Motorist Overtaking Bicyclist;15;Non-Intersection;01-12-01;0001-01-01T10:40:58-04:56;Motorist Overtaking - Misjudged Space;311232;2009;C: Possible Injury;Farms, Woods, Pastures;;;No;51-55 mph;Injury;/Missing;;Passenger Car;No;Yes;Daylight;Rural (<30% Developed);2 lanes;2;Straight - Grade;NC Route;Dry;Two-Way, Not Divided;None;No Special Feature;Smooth Asphalt;Piedmont;Rural;50 - 55  MPH;Double Yellow Line, No Passing Zone;Clear;No;36.046, -78.69808
731;732;No;20-24;20;No;;O: No Injury;Travel Lane;Black;Male;Washington;Beaufort;No;;2009-12-07;Motorist Failed to Yield - Midblock;19;Non-Intersection;01-12-01;0001-01-01T14:28:58-04:56;Motorist Drive Out - Commercial Driveway / Alley;319322;2009;O: No Injury;Commercial;40-49;41;No;0-5 mph;O: No Injury;White;Male;Pickup;No;No;Dark - Lighted Roadway;Urban (>70% Developed);5 lanes;2;Straight - Level;US Route;Dry;Two-Way, Not Divided;None;No Special Feature;Coarse Asphalt;Coastal;Urban;40 - 45  MPH;No Control Present;Clear;No;35.5461, -77.03035
735;736;Yes;50-59;52;No;With Traffic;B: Evident Injury;Travel Lane;Black;Male;None - Rural Crash;Greene;No;01-01-07;2009-11-29;Motorist Overtaking Bicyclist;16;Non-Intersection;01-11-01;0001-01-01T11:47:58-04:56;Motorist Overtaking - Undetected Bicyclist;311231;2009;B: Evident Injury;Farms, Woods, Pastures;20-24;23;No;51-55 mph;O: No Injury;White;Male;Pickup;No;No;Daylight;Rural (<30% Developed);2 lanes;2;Straight - Level;State Secondary Route;Dry;Two-Way, Not Divided;None;Driveway, Private;Coarse Asphalt;Coastal;Rural;50 - 55  MPH;No Control Present;Clear;No;35.587524, -77.69166
737;738;No;15-Nov;12;No;Not Applicable;O: No Injury;;White;Male;Fayetteville;Cumberland;No;01-01-05;2009-12-04;Bicyclist Failed to Yield - Midblock;17;Non-Intersection;01-12-01;0001-01-01T12:20:58-04:56;Bicyclist Ride Out - Midblock -;393319;2009;O: No Injury;Commercial;25-29;28;No;16-20 mph;O: No Injury;Black;Male;Passenger Car;No;No;Dark - Roadway Not Lighted;Urban (>70% Developed);3 lanes;2;Straight - Level;Local Street;Dry;Two-Way, Not Divided;None;No Special Feature;Coarse Asphalt;Coastal;Urban;30 - 35  MPH;No Control Present;Clear;No;35.130924, -78.89928
741;742;No;16-19;18;No;With Traffic;B: Evident Injury;Sidewalk / Crosswalk / Driveway Crossing;Black;Male;Wilmington;New Hanover;No;01-01-02;2009-12-01;Motorist Failed to Yield - Midblock;15;Non-Intersection;01-12-01;0001-01-01T10:26:58-04:56;Motorist Drive Out - Commercial Driveway / Alley;331322;2009;B: Evident Injury;Commercial;;;Missing;;Injury;/Missing;;;No;Yes;Daylight;Urban (>70% Developed);5 lanes;2;Straight - Level;NC Route;Dry;Two-Way, Not Divided;None;Driveway, Public;Smooth Asphalt;Coastal;Urban;;No Control Present;Clear;No;34.2445, -77.88036
743;744;Yes;40-49;41;Yes;Facing Traffic;C: Possible Injury;Travel Lane;Black;Male;Lumberton;Robeson;Yes;01-01-04;2009-12-03;Head-On;19;Non-Intersection;01-12-01;0001-01-01T14:42:58-04:56;Head-On - Bicyclist;312250;2009;C: Possible Injury;Commercial;;;Missing;;Injury;/Missing;;;No;Yes;Dark - Lighted Roadway;Urban (>70% Developed);5 lanes;2;Straight - Level;NC Route;Dry;Two-Way, Not Divided;None;No Special Feature;Coarse Asphalt;Coastal;Urban;;No Control Present;Clear;No;34.628933, -78.98819
745;746;Yes;60-69;62;No;With Traffic;B: Evident Injury;Travel Lane;Native American;Male;None - Rural Crash;Robeson;No;01-01-02;2009-12-08;Motorist Overtaking Bicyclist;17;Non-Intersection;01-12-01;0001-01-01T12:42:58-04:56;Motorist Overtaking - Other /;311239;2009;B: Evident Injury;Farms, Woods, Pastures;70+;;No;51-55 mph;O: No Injury;White;Male;Pickup;No;No;Dark - Roadway Not Lighted;Rural (<30% Developed);2 lanes;2;Straight - Level;NC Route;Wet;Two-Way, Not Divided;None;No Special Feature;Coarse Asphalt;Coastal;Rural;50 - 55  MPH;No Control Present;Rain;No;34.662434, -79.02927
747;748;No;25-29;29;No;With Traffic;B: Evident Injury;Travel Lane;White;Female;Carrboro;Orange;No;01-01-02;2009-12-08;Motorist Failed to Yield - Midblock;17;Non-Intersection;01-12-01;0001-01-01T12:48:58-04:56;Motorist Drive Out - Residential Driveway;311321;2009;B: Evident Injury;Residential;40-49;43;No;0-5 mph;O: No Injury;White;Male;Passenger Car;No;No;Dark - Roadway Not Lighted;Urban (>70% Developed);;2;Straight - Level;Local Street;Dry;Two-Way, Not Divided;None;No Special Feature;Coarse Asphalt;Piedmont;Urban;30 - 35  MPH;No Control Present;Clear;No;35.923958, -79.09035
754;755;Yes;20-24;22;No;With Traffic;C: Possible Injury;Travel Lane;White;Male;Greensboro;Guilford;No;;2009-12-21;Loss of Control / Turning Error;13;Intersection;01-12-01;0001-01-01T08:57:58-04:56;Bicyclist Lost Control - Mechanical Problems;111121;2009;C: Possible Injury;Commercial;20-24;23;No;16-20 mph;O: No Injury;White;Female;Passenger Car;No;No;Daylight;Urban (>70% Developed);2 lanes;2;Straight - Level;Local Street;Dry;Two-Way, Not Divided;None;T-Intersection;Smooth Asphalt;Piedmont;Urban;30 - 35  MPH;Stop Sign;Clear;No;36.07505, -79.814964
757;758;Yes;30-39;33;No;With Traffic;C: Possible Injury;Travel Lane;Black;Male;Winston-Salem;Forsyth;No;01-01-05;2009-12-11;Motorist Overtaking Bicyclist;16;Non-Intersection;01-12-01;0001-01-01T11:40:58-04:56;Motorist Overtaking - Other /;311239;2009;C: Possible Injury;Commercial;20-24;22;No;11-15 mph;O: No Injury;White;Male;Passenger Car;No;No;Daylight;Urban (>70% Developed);3 lanes;2;Straight - Bottom;State Secondary Route;Dry;Two-Way, Divided, Unprotected Median;None;No Special Feature;Smooth Asphalt;Piedmont;Urban;30 - 35  MPH;Double Yellow Line, No Passing Zone;Clear;No;36.09236, -80.26885
763;764;No;25-29;28;No;With Traffic;B: Evident Injury;Travel Lane;White;Female;Charlotte;Mecklenburg;No;01-01-07;2009-12-27;Motorist Left Turn / Merge;14;Non-Intersection;01-12-01;0001-01-01T09:51:58-04:56;Motorist Left Turn - Opposite Direction;311212;2009;B: Evident Injury;Residential;30-39;31;No;16-20 mph;O: No Injury;White;Female;Passenger Car;No;No;Daylight;Urban (>70% Developed);3 lanes;2;Straight - Grade;Local Street;Dry;Two-Way, Not Divided;None;Four-Way Intersection;Smooth Asphalt;Piedmont;Urban;30 - 35  MPH;Stop And Go Signal;Clear;No;35.15758, -80.82736
764;765;Yes;16-19;16;No;With Traffic;B: Evident Injury;Bike Lane / Paved Shoulder;White;Male;Raleigh;Wake;No;01-01-04;2009-12-24;Bicyclist Left Turn / Merge;19;Intersection;01-12-01;0001-01-01T14:33:58-04:56;Bicyclist Left Turn - Same Direction;121221;2009;B: Evident Injury;Residential;;;No;31-35 mph;Injury;/Missing;;Passenger Car;No;Yes;Dark -  Lighting;Urban (>70% Developed);2 lanes;2;Curve - Bottom;Local Street;Dry;Two-Way, Not Divided;None;T-Intersection;Coarse Asphalt;Piedmont;Urban;30 - 35  MPH;Double Yellow Line, No Passing Zone;Clear;No;35.82737, -78.591385
774;775;Yes;15-Nov;15;No;With Traffic;O: No Injury;Travel Lane;White;Male;Wilson;Wilson;No;01-01-06;2009-06-27;Crossing Paths - Other Circumstances;17;Intersection-Related;01-06-01;0001-01-01T12:45:58-04:56;Crossing Paths - Intersection - Other /;211180;2009;O: No Injury;Residential;20-24;20;No;46-50 mph;O: No Injury;White;Female;Passenger Car;No;No;Daylight;Urban (>70% Developed);2 lanes;2;Straight - Level;Local Street;Dry;Two-Way, Not Divided;None;Four-Way Intersection;Coarse Asphalt;Coastal;Urban;40 - 45  MPH;Stop Sign;Clear;No;35.7769, -77.91906
780;781;No;16-19;18;No;With Traffic;O: No Injury;Travel Lane;White;Male;Charlotte;Mecklenburg;No;;2009-10-26;Crossing Paths - Other Circumstances;10;Intersection;01-10-01;0001-01-01T05:39:58-04:56;Signalized Intersection - Other /;111158;2009;O: No Injury;Commercial;60-69;60;No;11-15 mph;O: No Injury;White;Male;Passenger Car;No;No;Daylight;Urban (>70% Developed);4 lanes;2;Straight - Grade;Local Street;Dry;Two-Way, Not Divided;None;Four-Way Intersection;Smooth Asphalt;Piedmont;Urban;20 - 25  MPH;Stop And Go Signal;Cloudy;No;35.22366, -80.83911