FID;OBJECTID;AmbulanceR;BikeAge_Gr;Bike_Age;Bike_Alc_D;Bike_Dir;Bike_Injur;Bike_Pos;Bike_Race;Bike_Sex;City;County;CrashAlcoh;CrashDay;Crash_Date;Crash_Grp;Crash_Hour;Crash_Loc;Crash_Mont;Crash_Time;Crash_Type;Crash_Ty_1;Crash_Year;Crsh_Sevri;Developmen;DrvrAge_Gr;Drvr_Age;Drvr_Alc_D;Drvr_EstSp;Drvr_Injur;Drvr_Race;Drvr_Sex;Drvr_VehTy;ExcsSpdInd;Hit_Run;Light_Cond;Locality;Num_Lanes;Num_Units;Rd_Charact;Rd_Class;Rd_Conditi;Rd_Config;Rd_Defects;Rd_Feature;Rd_Surface;Region;Rural_Urba;Speed_Limi;Traff_Cntr;Weather;Workzone_I;Location
198;199;Yes;40-49;46;No;With Traffic;C: Possible Injury;Travel Lane;White;Male;Asheville;Buncombe;No;01-01-05;2010-04-23;Motorist Left Turn / Merge;16;Non-Intersection;01-04-01;0001-01-01T12:00:58-04:56;Motorist Left Turn - Opposite Direction;0;2010;C: Possible Injury;Commercial;60-69;63;No;6-10 mph;O: No Injury;White;Male;Passenger Car;No;No;Daylight;Urban (>70% Developed);5 lanes;2;Straight - Grade;NC Route;Dry;Two-Way, Divided, Unprotected Median;None;Driveway, Public;Smooth Asphalt;Mountains;Urban;40 - 45  MPH;No Control Present;Clear;No;35.599155, -82.62198
202;203;Yes;15-Nov;14;No;With Traffic;C: Possible Injury;Travel Lane;Black;Male;New Bern;Craven;No;;2010-04-26;Bicyclist Failed to Yield - Sign-Controlled Intersection;17;Intersection;01-04-01;0001-01-01T12:21:58-04:56;Bicyclist Ride Through - Sign-Controlled Intersection;0;2010;C: Possible Injury;Residential;70+;;No;21-25 mph;O: No Injury;White;Female;Passenger Car;No;No;Daylight;Urban (>70% Developed);2 lanes;2;Straight - Level;Local Street;Dry;Two-Way, Not Divided;None;No Special Feature;Smooth Asphalt;Coastal;Urban;20 - 25  MPH;Stop Sign;Clear;No;35.106915, -77.046394
203;204;No;20-24;23;No;;B: Evident Injury;Sidewalk / Crosswalk / Driveway Crossing;White;Male;Charlotte;Mecklenburg;No;01-01-04;2010-04-29;Motorist Failed to Yield - Signalized Intersection;9;Intersection;01-04-01;0001-01-01T04:28:58-04:56;Motorist Drive Out - Right Turn on Red;0;2010;B: Evident Injury;Residential;70+;;No;6-10 mph;O: No Injury;White;Male;Passenger Car;No;No;Daylight;Urban (>70% Developed);4 lanes;2;Straight - Grade;Local Street;Dry;Two-Way, Divided, Positive Median Barrier;None;Four-Way Intersection;Smooth Asphalt;Piedmont;Urban;40 - 45  MPH;Stop And Go Signal;Clear;No;35.070465, -80.77324
205;206;No;15-Nov;12;No;Facing Traffic;B: Evident Injury;Sidewalk / Crosswalk / Driveway Crossing;White;Male;Cary;Wake;No;01-01-04;2010-05-06;Motorist Failed to Yield - Sign-Controlled Intersection;7;Intersection;01-05-01;0001-01-01T02:58:58-04:56;Motorist Drive Out - Sign-Controlled Intersection;0;2010;B: Evident Injury;Commercial;50-59;53;No;0-5 mph;O: No Injury;White;Male;Sport Utility;No;No;Daylight;Urban (>70% Developed);2 lanes;2;Straight - Level;Local Street;Dry;Two-Way, Not Divided;None;T-Intersection;Smooth Asphalt;Piedmont;Urban;20 - 25  MPH;Stop Sign;Clear;No;35.78208, -78.84743
207;208;Yes;50-59;54;No;With Traffic;A: Disabling Injury;Travel Lane;Hispanic;Male;None - Rural Crash;Stanly;No;01-01-05;2010-05-07;Bicyclist Failed to Yield - Sign-Controlled Intersection;15;Intersection;01-05-01;0001-01-01T10:15:58-04:56;Bicyclist Ride Through - Sign-Controlled Intersection;0;2010;A: Disabling Injury;Farms, Woods, Pastures;30-39;38;No;41-45 mph;C: Possible Injury;White;Female;Sport Utility;No;No;Daylight;Rural (<30% Developed);2 lanes;2;Curve - Grade;State Secondary Route;Dry;Two-Way, Not Divided;None;Four-Way Intersection;Smooth Asphalt;Piedmont;Rural;40 - 45  MPH;Stop Sign;Clear;No;35.373356, -80.117134
212;213;No;40-49;47;No;With Traffic;O: No Injury;Travel Lane;White;Female;Raleigh;Wake;No;01-01-06;2010-04-17;Bicyclist Overtaking Motorist;8;Intersection-Related;01-04-01;0001-01-01T03:04:58-04:56;Bicyclist Overtaking - Other /;0;2010;O: No Injury;Commercial;50-59;58;No;21-25 mph;O: No Injury;White;Female;Passenger Car;No;No;Daylight;Urban (>70% Developed);5 lanes;2;Straight - Level;Local Street;Dry;Two-Way, Not Divided;None;No Special Feature;Smooth Asphalt;Piedmont;Urban;40 - 45  MPH;No Control Present;Cloudy;No;35.890625, -78.62748
219;220;Yes;15-Nov;13;No;Facing Traffic;B: Evident Injury;Travel Lane;Black;Male;Greensboro;Guilford;No;01-01-05;2010-04-30;Bicyclist Failed to Yield - Sign-Controlled Intersection;18;Intersection;01-04-01;0001-01-01T13:04:58-04:56;Bicyclist Ride Out - Sign-Controlled Intersection;0;2010;B: Evident Injury;Residential;30-39;36;No;36-40 mph;O: No Injury;White;Female;Passenger Car;No;No;Daylight;Urban (>70% Developed);2 lanes;2;Straight - Hillcrest;Local Street;Dry;Two-Way, Not Divided;None;T-Intersection;Coarse Asphalt;Piedmont;Urban;30 - 35  MPH;Stop Sign;Clear;No;36.17359, -79.69898
223;224;No;30-39;35;No;With Traffic;C: Possible Injury;Travel Lane;White;Male;None - Rural Crash;Dare;No;01-01-02;2010-05-11;Motorist Overtaking Bicyclist;14;Intersection-Related;01-05-01;0001-01-01T09:03:58-04:56;Motorist Overtaking - Other /;0;2010;C: Possible Injury;Commercial;70+;;No;31-35 mph;O: No Injury;White;Male;Motor Home/Recreational Vehicle;No;No;Daylight;Urban (>70% Developed);2 lanes;2;Straight - Level;NC Route;Dry;Two-Way, Not Divided;None;No Special Feature;Smooth Asphalt;Coastal;Rural;30 - 35  MPH;No Control Present;Clear;No;35.25182, -75.60119
227;228;No;10-Jun;9;No;With Traffic;B: Evident Injury;Travel Lane;Black;Female;Siler City;Chatham;No;01-01-02;2010-04-20;Loss of Control / Turning Error;16;Intersection;01-04-01;0001-01-01T11:44:58-04:56;Bicyclist Lost Control - Mechanical Problems;0;2010;B: Evident Injury;Residential;0-19;18;No;21-25 mph;O: No Injury;White;Female;Passenger Car;No;No;Daylight;Urban (>70% Developed);2 lanes;2;Straight - Hillcrest;Local Street;Dry;Two-Way, Not Divided;None;Four-Way Intersection;Smooth Asphalt;Piedmont;Urban;30 - 35  MPH;Stop Sign;Cloudy;No;35.72532, -79.47225
240;241;Yes;30-39;37;No;With Traffic;B: Evident Injury;Travel Lane;White;Male;Charlotte;Mecklenburg;No;01-01-03;2010-05-05;Motorist Left Turn / Merge;11;Intersection;01-05-01;0001-01-01T06:22:58-04:56;Motorist Left Turn - Opposite Direction;0;2010;B: Evident Injury;Residential;70+;;No;26-30 mph;O: No Injury;White;Female;Passenger Car;No;No;Daylight;Mixed (30% To 70% Developed);2 lanes;2;Straight - Level;Local Street;Dry;Two-Way, Not Divided;None;T-Intersection;Smooth Asphalt;Piedmont;Urban;40 - 45  MPH;Stop Sign;Clear;No;35.079227, -81.005905
248;249;No;20-24;22;No;Facing Traffic;B: Evident Injury;Sidewalk / Crosswalk / Driveway Crossing;White;Male;Chapel Hill;Orange;No;01-01-04;2010-05-06;Motorist Failed to Yield - Signalized Intersection;16;Intersection;01-05-01;0001-01-01T11:26:58-04:56;Motorist Drive Out - Signalized Intersection;0;2010;B: Evident Injury;Commercial;50-59;54;No;6-10 mph;O: No Injury;White;Female;Passenger Car;No;No;Daylight;Urban (>70% Developed);6 lanes;2;Straight - Level;NC Route;Dry;Two-Way, Divided, Unprotected Median;None;Four-Way Intersection;Smooth Asphalt;Piedmont;Urban;30 - 35  MPH;Stop And Go Signal;Clear;No;35.963833, -79.05813
251;252;Yes;15-Nov;15;No;Facing Traffic;B: Evident Injury;Travel Lane;White;Male;Greensboro;Guilford;No;01-01-05;2010-05-07;Bicyclist Failed to Yield - Signalized Intersection;8;Intersection;01-05-01;0001-01-01T03:45:58-04:56;Bicyclist Ride Out - Signalized  Intersection;0;2010;B: Evident Injury;Commercial;25-29;28;No;11-15 mph;O: No Injury;White;Male;Passenger Car;No;No;Daylight;Urban (>70% Developed);8 lanes;2;Straight - Level;Local Street;Dry;Two-Way, Divided, Unprotected Median;None;Four-Way Intersection;Coarse Asphalt;Piedmont;Urban;30 - 35  MPH;Stop And Go Signal;Clear;No;36.039825, -79.8495
260;261;No;40-49;48;No;With Traffic;B: Evident Injury;Travel Lane;White;Male;Charlotte;Mecklenburg;No;01-01-07;2010-05-02;Motorist Right Turn / Merge;9;Non-Intersection;01-05-01;0001-01-01T04:55:58-04:56;Motorist Right Turn - Same Direction;0;2010;B: Evident Injury;Residential;40-49;43;No;6-10 mph;O: No Injury;White;Female;Sport Utility;No;No;Daylight;Urban (>70% Developed);6 lanes;2;Straight - Level;Local Street;Dry;Two-Way, Divided, Positive Median Barrier;None;No Special Feature;Smooth Asphalt;Piedmont;Urban;30 - 35  MPH;No Control Present;Clear;No;35.11133, -80.85756
264;265;No;10-Jun;7;No;With Traffic;A: Disabling Injury;Travel Lane;White;Male;Wilmington;New Hanover;No;;2010-05-03;Parallel Paths - Other Circumstances;18;Non-Intersection;01-05-01;0001-01-01T13:08:58-04:56;Parallel Paths - Other /;0;2010;A: Disabling Injury;Residential;40-49;47;No;0-5 mph;O: No Injury;White;Female;Sport Utility;No;No;Daylight;Urban (>70% Developed);1 lane;2;Straight - Level;Private Road, Driveway;Dry;One-Way, Not Divided;None;Bridge;Other;Coastal;Urban;20 - 25  MPH;No Control Present;Clear;No;34.223618, -77.81708
266;267;Yes;16-19;19;No;With Traffic;B: Evident Injury;Travel Lane;Black;Male;Mooresville;Iredell;No;01-01-05;2010-05-07;Motorist Overtaking Bicyclist;12;Non-Intersection;01-05-01;0001-01-01T07:21:58-04:56;Motorist Overtaking - Bicyclist Swerved;0;2010;B: Evident Injury;Residential;30-39;34;No;31-35 mph;O: No Injury;White;Male;Sport Utility;No;No;Daylight;Urban (>70% Developed);3 lanes;2;Straight - Grade;Local Street;Dry;Two-Way, Not Divided;None;No Special Feature;Coarse Asphalt;Piedmont;Urban;30 - 35  MPH;Double Yellow Line, No Passing Zone;Clear;No;35.602505, -80.794945
267;268;No;25-29;26;No;With Traffic;C: Possible Injury;Travel Lane;White;Female;None - Rural Crash;Chatham;No;01-01-02;2010-05-18;Motorist Overtaking Bicyclist;18;Non-Intersection;01-05-01;0001-01-01T13:48:58-04:56;Motorist Overtaking - Other /;0;2010;C: Possible Injury;Farms, Woods, Pastures;50-59;50;No;26-30 mph;O: No Injury;White;Female;Light Truck (Mini-Van, Panel);No;No;Daylight;Rural (<30% Developed);2 lanes;5;Curve - Level;State Secondary Route;Dry;Two-Way, Not Divided;None;Related To Intersection;Smooth Asphalt;Piedmont;Rural;40 - 45  MPH;Double Yellow Line, No Passing Zone;Cloudy;No;35.79141, -78.947105
271;272;Yes;15-Nov;14;No;;B: Evident Injury;Other;White;Male;None - Rural Crash;Surry;No;01-01-02;2010-05-25;Loss of Control / Turning Error;17;Non-Intersection;01-05-01;0001-01-01T13:00:58-04:56;Motorist Lost Control - Other /;0;2010;K: Killed;Residential;60-69;62;No;41-45 mph;K: Killed;White;Male;Pickup;No;No;Daylight;Mixed (30% To 70% Developed);2 lanes;2;Straight - Level;US Route;Dry;Two-Way, Not Divided;None;No Special Feature;Smooth Asphalt;Mountains;Rural;40 - 45  MPH;No Control Present;Clear;No;36.30754, -80.71654
274;275;No;30-39;38;No;Facing Traffic;C: Possible Injury;Travel Lane;White;Male;Wilmington;New Hanover;No;01-01-02;2010-05-11;Motorist Failed to Yield - Sign-Controlled Intersection;19;Intersection;01-05-01;0001-01-01T14:35:58-04:56;Motorist Drive Out - Sign-Controlled Intersection;0;2010;C: Possible Injury;Residential;30-39;37;No;;O: No Injury;White;Male;Pickup;No;No;Daylight;Mixed (30% To 70% Developed);6 lanes;2;Straight - Level;Local Street;Dry;Two-Way, Divided, Positive Median Barrier;None;T-Intersection;Coarse Asphalt;Coastal;Urban;40 - 45  MPH;Stop Sign;Clear;No;34.191444, -77.93591
275;276;Yes;16-19;16;No;Facing Traffic;B: Evident Injury;Sidewalk / Crosswalk / Driveway Crossing;Black;Male;Graham;Alamance;No;01-01-04;2010-05-13;Motorist Right Turn / Merge;21;Intersection;01-05-01;0001-01-01T16:43:58-04:56;Motorist Right Turn - Opposite Direction;0;2010;B: Evident Injury;Residential;60-69;64;No;6-10 mph;O: No Injury;White;Male;Van;No;No;Dark - Roadway Not Lighted;Urban (>70% Developed);2 lanes;2;Straight - Level;Local Street;Dry;Two-Way, Not Divided;None;Four-Way Intersection;Smooth Asphalt;Piedmont;Urban;30 - 35  MPH;Stop And Go Signal;Clear;No;36.07313, -79.39853
277;278;No;50-59;52;No;Facing Traffic;B: Evident Injury;Travel Lane;White;Male;Rocky Mount;Nash;No;01-01-04;2010-04-01;Head-On;10;Intersection-Related;01-04-01;0001-01-01T05:24:58-04:56;Head-On - Bicyclist;0;2010;B: Evident Injury;Commercial;;;Missing;21-25 mph;Injury;/Missing;;;No;Yes;Daylight;Urban (>70% Developed);5 lanes;2;Straight - Level;Local Street;Dry;Two-Way, Divided, Unprotected Median;None;T-Intersection;Coarse Asphalt;Coastal;Urban;40 - 45  MPH;Stop Sign;Clear;No;35.96677, -77.8033
282;283;No;40-49;43;No;With Traffic;C: Possible Injury;Travel Lane;White;Male;Charlotte;Mecklenburg;No;01-01-06;2010-05-15;Motorist Failed to Yield - Sign-Controlled Intersection;9;Intersection;01-05-01;0001-01-01T04:13:58-04:56;Motorist Drive Out - Sign-Controlled Intersection;0;2010;C: Possible Injury;Residential;;;Missing;11-15 mph;Injury;/Missing;;;No;Yes;Daylight;Urban (>70% Developed);4 lanes;2;Straight - Grade;Local Street;Dry;Two-Way, Not Divided;None;Four-Way Intersection;Smooth Asphalt;Piedmont;Urban;30 - 35  MPH;No Control Present;Clear;No;35.217106, -80.869865
283;284;Yes;20-24;21;No;With Traffic;A: Disabling Injury;Travel Lane;White;Male;Burlington;Alamance;No;01-01-07;2010-05-16;Bicyclist Left Turn / Merge;18;Non-Intersection;01-05-01;0001-01-01T13:27:58-04:56;Bicyclist Left Turn - Same Direction;0;2010;A: Disabling Injury;Residential;25-29;29;No;16-20 mph;O: No Injury;Black;Female;Sport Utility;No;No;Daylight;Urban (>70% Developed);2 lanes;2;Straight - Level;Local Street;Dry;Two-Way, Not Divided;None;No Special Feature;Coarse Asphalt;Piedmont;Urban;30 - 35  MPH;No Control Present;Clear;No;36.067257, -79.464264
286;287;Yes;20-24;22;No;With Traffic;A: Disabling Injury;Other;White;Male;None - Rural Crash;Nash;No;01-01-04;2010-05-27;Loss of Control / Turning Error;7;Non-Intersection;01-05-01;0001-01-01T02:38:58-04:56;Motorist Lost Control - Other /;0;2010;A: Disabling Injury;Residential;20-24;22;No;41-45 mph;O: No Injury;White;Female;Passenger Car;No;No;Daylight;Mixed (30% To 70% Developed);2 lanes;2;Straight - Level;State Secondary Route;Dry;Two-Way, Not Divided;None;No Special Feature;Smooth Asphalt;Coastal;Rural;40 - 45  MPH;Double Yellow Line, No Passing Zone;Clear;No;35.995567, -77.93025
291;292;No;20-24;22;No;Facing Traffic;B: Evident Injury;Multi-use Path;White;Male;Wilmington;New Hanover;No;01-01-05;2010-05-21;Motorist Failed to Yield - Signalized Intersection;19;Intersection;01-05-01;0001-01-01T14:19:58-04:56;Motorist Drive Out - Signalized Intersection;0;2010;B: Evident Injury;Residential;;;Missing;0-5 mph;Injury;/Missing;;;No;Yes;Daylight;Urban (>70% Developed);7 lanes;2;Straight - Level;Local Street;Dry;Two-Way, Divided, Positive Median Barrier;None;No Special Feature;Other;Coastal;Urban;5 - 15 MPH;Stop And Go Signal;Clear;No;34.256138, -77.826256
294;295;No;30-39;31;No;Not Applicable;C: Possible Injury;Non-Roadway;White;Male;None - Rural Crash;Gaston;No;01-01-06;2010-06-05;Bicyclist Failed to Yield - Midblock;9;Non-Intersection;01-06-01;0001-01-01T04:22:58-04:56;Bicyclist Ride Out - Other Midblock;0;2010;C: Possible Injury;Farms, Woods, Pastures;50-59;57;No;46-50 mph;O: No Injury;White;Female;Sport Utility;No;No;Daylight;Rural (<30% Developed);2 lanes;2;Straight - Level;NC Route;Dry;Two-Way, Not Divided;None;Driveway, Public;Smooth Asphalt;Piedmont;Rural;50 - 55  MPH;Double Yellow Line, No Passing Zone;Clear;No;35.359825, -81.29881
298;299;Yes;16-19;16;No;With Traffic;C: Possible Injury;Travel Lane;Black;Male;None - Rural Crash;Forsyth;No;01-01-05;2010-06-04;Motorist Overtaking Bicyclist;18;Non-Intersection;01-06-01;0001-01-01T13:33:58-04:56;Motorist Overtaking - Bicyclist Swerved;0;2010;C: Possible Injury;Farms, Woods, Pastures;30-39;30;No;46-50 mph;O: No Injury;Black;Male;Passenger Car;No;No;Daylight;Rural (<30% Developed);2 lanes;2;Curve - Level;State Secondary Route;Dry;Two-Way, Not Divided;None;No Special Feature;Coarse Asphalt;Piedmont;Rural;40 - 45  MPH;Double Yellow Line, No Passing Zone;Clear;No;36.236427, -80.083244
306;307;No;25-29;28;No;With Traffic;B: Evident Injury;Travel Lane;White;Female;Raleigh;Wake;No;01-01-06;2010-05-15;Bicyclist Left Turn / Merge;13;Non-Intersection;01-05-01;0001-01-01T08:18:58-04:56;Bicyclist Left Turn - Same Direction;0;2010;B: Evident Injury;Commercial;20-24;21;No;21-25 mph;O: No Injury;Black;Female;Passenger Car;No;No;Daylight;Urban (>70% Developed);5 lanes;2;Straight - Level;Local Street;Dry;Two-Way, Divided, Unprotected Median;None;No Special Feature;Smooth Asphalt;Piedmont;Urban;30 - 35  MPH;No Control Present;Clear;No;35.795044, -78.69174
307;308;No;50-59;52;No;;O: No Injury;Travel Lane;White;Male;Fayetteville;Cumberland;No;01-01-07;2010-05-23;Other /  - Insufficient Details;10;Intersection-Related;01-05-01;0001-01-01T05:48:58-04:56;Approach Paths;0;2010;O: No Injury;Commercial;40-49;49;No;11-15 mph;O: No Injury;Black;Female;Passenger Car;No;No;Daylight;Urban (>70% Developed);3 lanes;2;Straight - Level;Local Street;Dry;Two-Way, Not Divided;None;Four-Way Intersection;Coarse Asphalt;Coastal;Urban;30 - 35  MPH;Stop And Go Signal;Clear;No;35.047455, -78.86119
316;317;No;40-49;42;No;Facing Traffic;O: No Injury;Sidewalk / Crosswalk / Driveway Crossing;White;Male;Salisbury;Rowan;No;01-01-04;2010-06-10;Bicyclist Failed to Yield - Signalized Intersection;13;Intersection;01-06-01;0001-01-01T08:08:58-04:56;Bicyclist Ride Out - Signalized  Intersection;0;2010;O: No Injury;Commercial;50-59;54;No;11-15 mph;O: No Injury;White;Male;Pickup;No;No;Daylight;Urban (>70% Developed);4 lanes;2;Straight - Level;Local Street;Dry;Two-Way, Not Divided;None;Four-Way Intersection;Smooth Asphalt;Piedmont;Urban;30 - 35  MPH;Stop And Go Signal;Clear;No;35.664745, -80.46683
318;319;No;25-29;27;No;Facing Traffic;C: Possible Injury;Travel Lane;White;Male;None - Rural Crash;Onslow;No;01-01-07;2010-06-13;Head-On;22;Non-Intersection;01-06-01;0001-01-01T17:19:58-04:56;Head-On - Bicyclist;0;2010;C: Possible Injury;Farms, Woods, Pastures;20-24;21;No;41-45 mph;O: No Injury;White;Male;Pickup;No;No;Dark - Roadway Not Lighted;Rural (<30% Developed);2 lanes;2;Straight - Level;State Secondary Route;Wet;Two-Way, Not Divided;None;T-Intersection;Smooth Asphalt;Coastal;Rural;40 - 45  MPH;No Control Present;Rain;No;34.724735, -77.52275
322;323;Yes;30-39;38;No;With Traffic;A: Disabling Injury;Travel Lane;White;Male;Wilmington;New Hanover;No;01-01-03;2010-05-26;Crossing Paths - Other Circumstances;22;Intersection;01-05-01;0001-01-01T17:27:58-04:56;Signalized Intersection - Other /;0;2010;A: Disabling Injury;Commercial;0-19;18;No;41-45 mph;O: No Injury;White;Male;Passenger Car;No;No;Dark - Lighted Roadway;Urban (>70% Developed);7 lanes;2;Straight - Level;Local Street;Wet;Two-Way, Divided, Positive Median Barrier;None;No Special Feature;Smooth Asphalt;Coastal;Urban;40 - 45  MPH;Stop And Go Signal;Cloudy;No;34.23642, -77.87267
332;333;Yes;30-39;38;No;Facing Traffic;B: Evident Injury;Sidewalk / Crosswalk / Driveway Crossing;White;Male;Charlotte;Mecklenburg;No;01-01-04;2010-05-27;Motorist Failed to Yield - Signalized Intersection;12;Intersection;01-05-01;0001-01-01T07:49:58-04:56;Motorist Drive Out - Right Turn on Red;0;2010;B: Evident Injury;Commercial;60-69;63;No;6-10 mph;O: No Injury;White;Male;Passenger Car;No;No;Daylight;Urban (>70% Developed);3 lanes;2;Straight - Grade;Local Street;Dry;Two-Way, Not Divided;None;Four-Way Intersection;Smooth Asphalt;Piedmont;Urban;30 - 35  MPH;Stop And Go Signal;Clear;No;35.16874, -80.85061
335;336;Yes;40-49;47;No;With Traffic;A: Disabling Injury;Travel Lane;White;Male;None - Rural Crash;Cabarrus;No;01-01-03;2010-05-19;Head-On;19;Non-Intersection;01-05-01;0001-01-01T14:35:58-04:56;Head-On - Motorist;0;2010;A: Disabling Injury;Residential;20-24;21;No;51-55 mph;O: No Injury;White;Male;;No;Yes;Daylight;Rural (<30% Developed);2 lanes;7;Straight - Grade;State Secondary Route;Dry;Two-Way, Not Divided;None;Driveway, Private;Smooth Asphalt;Piedmont;Rural;50 - 55  MPH;Double Yellow Line, No Passing Zone;Clear;No;35.475925, -80.371414
336;337;Yes;50-59;53;No;Not Applicable;B: Evident Injury;Bike Lane / Paved Shoulder;White;Male;Charlotte;Mecklenburg;No;01-01-04;2010-05-27;Crossing Paths - Other Circumstances;17;Intersection;01-05-01;0001-01-01T13:01:58-04:56;Crossing Paths - Intersection - Other /;0;2010;B: Evident Injury;Residential;30-39;35;No;11-15 mph;O: No Injury;White;Female;Passenger Car;No;No;Daylight;Urban (>70% Developed);2 lanes;2;Straight - Level;Local Street;Dry;Two-Way, Not Divided;None;No Special Feature;Smooth Asphalt;Piedmont;Urban;30 - 35  MPH;No Control Present;Clear;No;35.12698, -80.84903
339;340;No;10-Jun;7;No;With Traffic;O: No Injury;Travel Lane;Black;Male;Charlotte;Mecklenburg;No;01-01-06;2010-05-29;Loss of Control / Turning Error;12;Non-Intersection;01-05-01;0001-01-01T07:55:58-04:56;Motorist Lost Control - Oversteering, Improper Braking, Speed;0;2010;O: No Injury;Residential;;;Missing;46-50 mph;Injury;/Missing;;Passenger Car;Yes;Yes;Daylight;Urban (>70% Developed);2 lanes;3;Curve - Grade;Local Street;Dry;Two-Way, Not Divided;None;No Special Feature;Smooth Asphalt;Piedmont;Urban;30 - 35  MPH;No Control Present;Cloudy;No;35.23104, -80.87843
340;341;Yes;40-49;45;Yes;With Traffic;B: Evident Injury;Travel Lane;White;Male;Shelby;Cleveland;Yes;01-01-07;2010-05-30;Motorist Overtaking Bicyclist;21;Non-Intersection;01-05-01;0001-01-01T16:26:58-04:56;Motorist Overtaking - Undetected Bicyclist;0;2010;B: Evident Injury;Residential;30-39;33;Yes;16-20 mph;O: No Injury;White;Male;Passenger Car;No;No;Dark - Lighted Roadway;Urban (>70% Developed);2 lanes;2;Straight - Grade;State Secondary Route;Dry;Two-Way, Not Divided;None;No Special Feature;Smooth Asphalt;Mountains;Urban;30 - 35  MPH;No Control Present;Clear;No;35.264584, -81.47558
349;350;Yes;50-59;59;No;With Traffic;B: Evident Injury;Travel Lane;White;Male;Charlotte;Mecklenburg;No;01-01-02;2010-06-01;Crossing Paths - Other Circumstances;18;Intersection;01-06-01;0001-01-01T13:23:58-04:56;Sign-Controlled Intersection - Other /;0;2010;B: Evident Injury;Residential;;;Missing;16-20 mph;Injury;/Missing;;;No;Yes;Daylight;Urban (>70% Developed);4 lanes;2;Straight - Level;Local Street;Dry;Two-Way, Not Divided;None;Four-Way Intersection;Smooth Asphalt;Piedmont;Urban;30 - 35  MPH;Stop Sign;Cloudy;No;35.221603, -80.81058
356;357;No;30-39;33;No;Not Applicable;B: Evident Injury;Sidewalk / Crosswalk / Driveway Crossing;Black;Male;High Point;Guilford;No;01-01-03;2010-06-09;Backing Vehicle;14;Intersection;01-06-01;0001-01-01T09:38:58-04:56;Backing Vehicle;0;2010;B: Evident Injury;Institutional;70+;;No;;O: No Injury;White;Male;Pickup;No;No;Daylight;Urban (>70% Developed);4 lanes;2;Straight - Level;Local Street;Dry;Two-Way, Divided, Positive Median Barrier;None;Related To Intersection;Smooth Asphalt;Piedmont;Urban;40 - 45  MPH;Stop And Go Signal;Clear;No;35.979347, -79.99625
358;359;Yes;50-59;51;No;With Traffic;C: Possible Injury;Bike Lane / Paved Shoulder;White;Female;Durham;Durham;No;;2010-06-21;Motorist Left Turn / Merge;18;Intersection;01-06-01;0001-01-01T13:41:58-04:56;Motorist Left Turn - Opposite Direction;0;2010;C: Possible Injury;Commercial;25-29;27;No;0-5 mph;O: No Injury;Black;Male;Sport Utility;No;No;Daylight;Urban (>70% Developed);3 lanes;2;Straight - Level;Local Street;Dry;Two-Way, Not Divided;None;No Special Feature;Smooth Asphalt;Piedmont;Urban;40 - 45  MPH;No Control Present;Clear;No;35.911633, -78.94339
362;363;Yes;20-24;21;No;Facing Traffic;B: Evident Injury;Travel Lane;Black;Male;Fayetteville;Cumberland;No;01-01-03;2010-06-23;Head-On;16;Non-Intersection;01-06-01;0001-01-01T11:23:58-04:56;Head-On - Bicyclist;0;2010;B: Evident Injury;Residential;30-39;33;No;41-45 mph;O: No Injury;Black;Female;Passenger Car;No;No;Daylight;Urban (>70% Developed);4 lanes;2;Straight - Level;Local Street;Dry;Two-Way, Not Divided;None;No Special Feature;Coarse Asphalt;Coastal;Urban;40 - 45  MPH;No Control Present;Clear;No;35.084946, -78.883095
364;365;No;;;Missing;With Traffic;Injury;Travel Lane;/Missing;;Kannapolis;Rowan;No;01-01-06;2010-06-05;Bicyclist Overtaking Motorist;17;Non-Intersection;01-06-01;0001-01-01T12:10:58-04:56;Bicyclist Overtaking - Parked Vehicle;0;2010;Injury;Residential;;;Missing;;Injury;/Missing;;;No;Yes;Daylight;Urban (>70% Developed);2 lanes;2;Straight - Grade;Local Street;Dry;Two-Way, Not Divided;None;No Special Feature;Smooth Asphalt;Piedmont;Urban;30 - 35  MPH;No Control Present;Cloudy;No;35.50934, -80.62393
365;366;Yes;30-39;31;No;Facing Traffic;C: Possible Injury;Travel Lane;White;Female;Greensboro;Guilford;No;;2010-06-07;Motorist Failed to Yield - Sign-Controlled Intersection;17;Intersection;01-06-01;0001-01-01T12:11:58-04:56;Motorist Drive Out - Sign-Controlled Intersection;0;2010;C: Possible Injury;Residential;40-49;48;No;0-5 mph;O: No Injury;Black;Male;Passenger Car;No;No;Daylight;Urban (>70% Developed);5 lanes;2;Straight - Level;Local Street;Dry;Two-Way, Divided, Positive Median Barrier;None;No Special Feature;Smooth Asphalt;Piedmont;Urban;30 - 35  MPH;Stop Sign;Clear;No;36.089703, -79.82724
368;369;Yes;30-39;32;No;With Traffic;B: Evident Injury;Travel Lane;White;Male;High Point;Guilford;No;01-01-04;2010-06-17;Motorist Overtaking Bicyclist;17;Intersection-Related;01-06-01;0001-01-01T12:04:58-04:56;Motorist Overtaking - Other /;0;2010;B: Evident Injury;Commercial;;;Missing;31-35 mph;Injury;/Missing;;Passenger Car;No;Yes;Daylight;Urban (>70% Developed);4 lanes;2;Straight - Grade;Local Street;Dry;Two-Way, Not Divided;None;No Special Feature;Smooth Asphalt;Piedmont;Urban;30 - 35  MPH;No Control Present;Clear;No;35.94415, -80.023445