FID;OBJECTID;AmbulanceR;BikeAge_Gr;Bike_Age;Bike_Alc_D;Bike_Dir;Bike_Injur;Bike_Pos;Bike_Race;Bike_Sex;City;County;CrashAlcoh;CrashDay;Crash_Date;Crash_Grp;Crash_Hour;Crash_Loc;Crash_Mont;Crash_Time;Crash_Type;Crash_Ty_1;Crash_Year;Crsh_Sevri;Developmen;DrvrAge_Gr;Drvr_Age;Drvr_Alc_D;Drvr_EstSp;Drvr_Injur;Drvr_Race;Drvr_Sex;Drvr_VehTy;ExcsSpdInd;Hit_Run;Light_Cond;Locality;Num_Lanes;Num_Units;Rd_Charact;Rd_Class;Rd_Conditi;Rd_Config;Rd_Defects;Rd_Feature;Rd_Surface;Region;Rural_Urba;Speed_Limi;Traff_Cntr;Weather;Workzone_I;Location
614;615;Yes;25-29;26;No;Not Applicable;B: Evident Injury;Multi-use Path;White;Female;None - Rural Crash;Durham;No;01-01-03;2010-09-01;Non-Roadway;8;Non-Roadway;01-09-01;0001-01-01T03:46:58-04:56;Non-Roadway;0;2010;B: Evident Injury;Farms, Woods, Pastures;40-49;47;No;0-5 mph;O: No Injury;White;Male;Passenger Car;No;No;Daylight;Rural (<30% Developed);2 lanes;3;Straight - Level;State Secondary Route;Dry;Two-Way, Not Divided;None;Driveway, Private;Smooth Asphalt;Piedmont;Rural;30 - 35  MPH;Stop And Go Signal;Clear;No;35.8891, -78.88066
617;618;Yes;10-Jun;10;No;Facing Traffic;C: Possible Injury;Travel Lane;Black;Male;Charlotte;Mecklenburg;No;01-01-05;2010-08-27;Bicyclist Failed to Yield - Sign-Controlled Intersection;18;Intersection;01-08-01;0001-01-01T13:18:58-04:56;Bicyclist Ride Through - Sign-Controlled Intersection;0;2010;C: Possible Injury;Residential;30-39;37;No;11-15 mph;O: No Injury;Asian;Female;Light Truck (Mini-Van, Panel);No;No;Daylight;Urban (>70% Developed);2 lanes;2;Straight - Level;Local Street;Dry;Two-Way, Not Divided;None;No Special Feature;Smooth Asphalt;Piedmont;Urban;30 - 35  MPH;Stop Sign;Clear;No;35.31459, -80.95956
620;621;Yes;20-24;24;No;With Traffic;C: Possible Injury;Travel Lane;White;Female;Greensboro;Guilford;No;;2010-08-23;Motorist Right Turn / Merge;17;Intersection;01-08-01;0001-01-01T12:05:58-04:56;Motorist Right Turn - Same Direction;0;2010;C: Possible Injury;Commercial;25-29;25;No;11-15 mph;O: No Injury;White;Female;Passenger Car;No;No;Daylight;Urban (>70% Developed);;2;Straight - Level;Local Street;Dry;Two-Way, Not Divided;None;Four-Way Intersection;Smooth Asphalt;Piedmont;Urban;30 - 35  MPH;Stop And Go Signal;Clear;No;36.063725, -79.823845
626;627;Yes;30-39;30;No;Facing Traffic;C: Possible Injury;Bike Lane / Paved Shoulder;White;Male;Wilmington;New Hanover;No;01-01-02;2010-08-24;Motorist Failed to Yield - Sign-Controlled Intersection;6;Intersection;01-08-01;0001-01-01T02:00:58-04:56;Motorist Drive Out - Sign-Controlled Intersection;0;2010;C: Possible Injury;Residential;50-59;56;No;0-5 mph;O: No Injury;White;Male;Pickup;No;No;Daylight;Urban (>70% Developed);6 lanes;2;Straight - Level;US Route;Dry;Two-Way, Divided, Unprotected Median;None;No Special Feature;Smooth Asphalt;Coastal;Urban;20 - 25  MPH;Stop Sign;Clear;No;34.14818, -77.901215
627;628;No;15-Nov;11;No;Not Applicable;O: No Injury;Non-Roadway;Black;Male;Wilson;Wilson;No;01-01-03;2010-08-25;Loss of Control / Turning Error;17;Intersection-Related;01-08-01;0001-01-01T12:33:58-04:56;Bicyclist Lost Control - Mechanical Problems;0;2010;O: No Injury;Residential;50-59;56;No;26-30 mph;O: No Injury;Black;Male;Passenger Car;No;No;Daylight;Urban (>70% Developed);2 lanes;2;Straight - Level;Local Street;Dry;Two-Way, Not Divided;None;No Special Feature;Coarse Asphalt;Coastal;Urban;30 - 35  MPH;No Control Present;Cloudy;No;35.732006, -77.89527
634;635;Yes;40-49;46;Yes;Facing Traffic;B: Evident Injury;Travel Lane;Black;Male;Burlington;Alamance;Yes;01-01-04;2010-09-02;Bicyclist Failed to Yield - Signalized Intersection;13;Intersection-Related;01-09-01;0001-01-01T08:09:58-04:56;Bicyclist Ride Through - Signalized Intersection;0;2010;B: Evident Injury;Commercial;50-59;50;No;21-25 mph;O: No Injury;White;Male;Passenger Car;No;No;Daylight;Urban (>70% Developed);4 lanes;2;Straight - Level;NC Route;Dry;Two-Way, Not Divided;None;T-Intersection;Smooth Asphalt;Piedmont;Urban;30 - 35  MPH;Stop And Go Signal;Clear;No;36.088802, -79.43039
635;636;No;16-19;19;No;With Traffic;B: Evident Injury;Travel Lane;White;Male;Chapel Hill;Orange;No;01-01-03;2010-08-25;Motorist Left Turn / Merge;19;Intersection;01-08-01;0001-01-01T14:28:58-04:56;Motorist Left Turn - Opposite Direction;0;2010;B: Evident Injury;Institutional;20-24;21;No;0-5 mph;O: No Injury;White;Male;Sport Utility;No;No;Daylight;Urban (>70% Developed);2 lanes;2;Straight - Grade;Local Street;Dry;Two-Way, Not Divided;None;No Special Feature;Smooth Asphalt;Piedmont;Urban;20 - 25  MPH;No Control Present;Clear;No;35.912685, -79.04899
642;643;Yes;15-Nov;15;No;With Traffic;B: Evident Injury;Travel Lane;Asian;Male;Morganton;Burke;No;01-01-07;2010-09-05;Bicyclist Left Turn / Merge;13;Non-Intersection;01-09-01;0001-01-01T08:22:58-04:56;Bicyclist Left Turn - Same Direction;0;2010;B: Evident Injury;Commercial;40-49;48;No;16-20 mph;O: No Injury;White;Male;Pickup;No;No;Daylight;Urban (>70% Developed);2 lanes;2;Curve - Hillcrest;Local Street;Dry;Two-Way, Not Divided;None;No Special Feature;Smooth Asphalt;Mountains;Urban;40 - 45  MPH;No Control Present;Clear;No;35.724472, -81.743774
651;652;Yes;40-49;42;Yes;With Traffic;C: Possible Injury;Travel Lane;Native American;Male;None - Rural Crash;Robeson;Yes;;2010-09-13;Motorist Overtaking Bicyclist;19;Non-Intersection;01-09-01;0001-01-01T15:01:58-04:56;Motorist Overtaking - Bicyclist Swerved;0;2010;C: Possible Injury;Residential;25-29;28;No;41-45 mph;O: No Injury;Native American;Male;Passenger Car;No;No;Dark - Roadway Not Lighted;Rural (<30% Developed);2 lanes;2;Straight - Level;NC Route;Dry;Two-Way, Not Divided;None;No Special Feature;Coarse Asphalt;Coastal;Rural;50 - 55  MPH;Double Yellow Line, No Passing Zone;Clear;No;34.702023, -79.150764
656;657;Yes;25-29;29;No;With Traffic;B: Evident Injury;Travel Lane;White;Male;Durham;Durham;No;;2010-09-13;Motorist Left Turn / Merge;18;Intersection;01-09-01;0001-01-01T13:15:58-04:56;Motorist Left Turn - Opposite Direction;0;2010;B: Evident Injury;Commercial;40-49;43;No;6-10 mph;C: Possible Injury;Black;Male;Motorcycle;No;No;Daylight;Urban (>70% Developed);5 lanes;2;Straight - Grade;Local Street;Dry;Two-Way, Divided, Unprotected Median;None;Four-Way Intersection;Smooth Asphalt;Piedmont;Urban;20 - 25  MPH;Stop And Go Signal;Clear;No;35.963642, -78.907455
657;658;No;30-39;37;No;Facing Traffic;C: Possible Injury;Travel Lane;White;Male;Wilmington;New Hanover;No;;2010-08-30;Motorist Failed to Yield - Midblock;18;Non-Intersection;01-08-01;0001-01-01T13:06:58-04:56;Motorist Drive Out - Midblock -;0;2010;C: Possible Injury;Commercial;40-49;43;No;0-5 mph;O: No Injury;White;Female;Passenger Car;No;No;Daylight;Urban (>70% Developed);4 lanes;2;Straight - Level;Public Vehicular Area;Dry;Two-Way, Not Divided;None;No Special Feature;Smooth Asphalt;Coastal;Urban;30 - 35  MPH;No Control Present;Clear;No;34.239086, -77.911026
83;84;Yes;40-49;41;No;With Traffic;C: Possible Injury;Travel Lane;White;Male;Wrightsville Beach;New Hanover;No;01-01-06;2008-02-02;Crossing Paths - Other Circumstances;10;Intersection;01-02-01;0001-01-01T05:32:58-04:56;Sign-Controlled Intersection - Other /;111148;2008;C: Possible Injury;Residential;0-19;18;No;0-5 mph;O: No Injury;White;Male;Passenger Car;No;No;Daylight;Urban (>70% Developed);2 lanes;2;Straight - Level;Local Street;Dry;Two-Way, Not Divided;None;Four-Way Intersection;Coarse Asphalt;Coastal;Rural;20 - 25  MPH;No Control Present;Clear;No;0.0, 0.0
96;97;No;16-19;18;No;Facing Traffic;C: Possible Injury;Travel Lane;Black;Male;Fayetteville;Cumberland;No;01-01-04;2008-02-07;Bicyclist Failed to Yield - Signalized Intersection;21;Intersection;01-02-01;0001-01-01T16:12:58-04:56;Bicyclist Failed to Clear - Trapped;112156;2008;C: Possible Injury;Commercial;50-59;57;No;0-5 mph;Injury;White;Female;Passenger Car;No;No;Dark - Lighted Roadway;Urban (>70% Developed);6 lanes;2;Straight - Level;Local Street;Dry;Two-Way, Divided, Positive Median Barrier;None;Four-Way Intersection;Coarse Asphalt;Coastal;Urban;40 - 45  MPH;Stop And Go Signal;Clear;No;0.0, 0.0
97;98;No;25-29;26;No;With Traffic;C: Possible Injury;Travel Lane;White;Male;Boone;Watauga;No;01-01-02;2008-02-05;Bicyclist Failed to Yield - Signalized Intersection;16;Intersection;01-02-01;0001-01-01T11:46:58-04:56;Bicyclist Ride Through - Signalized Intersection;111155;2008;C: Possible Injury;Commercial;40-49;43;No;0-5 mph;O: No Injury;White;Female;Sport Utility;No;No;Daylight;Urban (>70% Developed);5 lanes;2;Straight - Level;Local Street;Dry;Two-Way, Not Divided;None;T-Intersection;Smooth Asphalt;Mountains;Urban;30 - 35  MPH;Stop And Go Signal;Clear;No;0.0, 0.0
100;101;Yes;50-59;51;Yes;Facing Traffic;C: Possible Injury;Sidewalk / Crosswalk / Driveway Crossing;Black;Male;Gastonia;Gaston;Yes;01-01-05;2008-02-08;Motorist Right Turn / Merge;16;Intersection;01-02-01;0001-01-01T11:51:58-04:56;Motorist Right Turn - Opposite Direction;132214;2008;C: Possible Injury;Commercial;;;Missing;0-5 mph;Injury;/Missing;;Passenger Car;No;Yes;Daylight;Urban (>70% Developed);6 lanes;2;Straight - Grade;Local Street;Dry;Two-Way, Not Divided;None;Four-Way Intersection;Smooth Asphalt;Piedmont;Urban;30 - 35  MPH;Stop And Go Signal;Clear;No;0.0, 0.0
114;115;No;25-29;29;No;Facing Traffic;C: Possible Injury;Sidewalk / Crosswalk / Driveway Crossing;Other;Male;Raleigh;Wake;No;01-01-03;2008-02-13;Bicyclist Failed to Yield - Signalized Intersection;21;Intersection;01-02-01;0001-01-01T16:17:58-04:56;Bicyclist Ride Through - Signalized Intersection;132155;2008;C: Possible Injury;Residential;0-19;19;No;6-10 mph;O: No Injury;White;Female;Sport Utility;No;No;Dark - Lighted Roadway;Urban (>70% Developed);5 lanes;2;Straight - Level;Local Street;Wet;Two-Way, Divided, Unprotected Median;None;Four-Way Intersection;Smooth Asphalt;Piedmont;Urban;30 - 35  MPH;Stop And Go Signal;Rain;No;0.0, 0.0
116;117;Yes;50-59;57;Yes;Facing Traffic;C: Possible Injury;Travel Lane;Black;Male;None - Rural Crash;Beaufort;Yes;;2008-02-18;Motorist Overtaking Bicyclist;18;Non-Intersection;01-02-01;0001-01-01T13:44:58-04:56;Motorist Overtaking - Misjudged Space;312232;2008;C: Possible Injury;Farms, Woods, Pastures;70+;;No;51-55 mph;O: No Injury;White;Male;Passenger Car;No;No;Dark - Roadway Not Lighted;Rural (<30% Developed);2 lanes;2;Straight - Level;State Secondary Route;Dry;Two-Way, Not Divided;None;No Special Feature;Smooth Asphalt;Coastal;Rural;50 - 55  MPH;No Control Present;Clear;No;0.0, 0.0
120;121;No;15-Nov;11;No;With Traffic;C: Possible Injury;Travel Lane;White;Female;Trent Woods;Craven;No;01-01-02;2008-02-19;Bicyclist Left Turn / Merge;17;Non-Intersection;01-02-01;0001-01-01T12:38:58-04:56;Bicyclist Left Turn - Same Direction;311221;2008;C: Possible Injury;Residential;70+;;No;;O: No Injury;White;Male;Passenger Car;No;No;Daylight;Urban (>70% Developed);2 lanes;2;Straight - Level;Local Street;Dry;Two-Way, Not Divided;None;No Special Feature;Smooth Asphalt;Coastal;Rural;20 - 25  MPH;No Control Present;Clear;No;0.0, 0.0
123;124;No;50-59;55;No;Facing Traffic;B: Evident Injury;Travel Lane;Black;Male;Greensboro;Guilford;No;01-01-05;2008-02-22;Bicyclist Failed to Yield - Signalized Intersection;1;Intersection;01-02-01;0000-12-31T20:53:58-04:56;Bicyclist Ride Through - Signalized Intersection;112155;2008;B: Evident Injury;Commercial;25-29;25;No;6-10 mph;O: No Injury;Black;Male;Passenger Car;No;No;Dark - Lighted Roadway;Urban (>70% Developed);5 lanes;2;Straight - Level;Local Street;Wet;Two-Way, Divided, Unprotected Median;None;Bridge;Smooth Asphalt;Piedmont;Urban;30 - 35  MPH;Stop And Go Signal;Rain;No;0.0, 0.0
125;126;Yes;20-24;22;Yes;With Traffic;B: Evident Injury;Travel Lane;Black;Female;Kinston;Lenoir;Yes;01-01-02;2008-04-29;Bicyclist Failed to Yield - Sign-Controlled Intersection;23;Intersection;01-04-01;0001-01-01T18:31:58-04:56;Bicyclist Ride Through - Sign-Controlled Intersection;111144;2008;B: Evident Injury;Residential;50-59;57;No;11-15 mph;O: No Injury;Black;Female;Van;No;No;Dark - Lighted Roadway;Urban (>70% Developed);2 lanes;2;Straight - Grade;Local Street;Dry;Two-Way, Not Divided;None;Four-Way Intersection;Smooth Asphalt;Coastal;Urban;30 - 35  MPH;Stop Sign;Clear;No;0.0, 0.0
128;129;Yes;30-39;38;No;With Traffic;C: Possible Injury;Bike Lane / Paved Shoulder;White;Male;Charlotte;Mecklenburg;No;01-01-03;2008-04-30;Motorist Right Turn / Merge;17;Non-Intersection;01-04-01;0001-01-01T12:56:58-04:56;Motorist Right Turn - Same Direction;321213;2008;C: Possible Injury;Commercial;40-49;43;No;31-35 mph;O: No Injury;White;Male;Van;No;No;Daylight;Urban (>70% Developed);6 lanes;2;Straight - Level;Local Street;Dry;Two-Way, Divided, Unprotected Median;None;No Special Feature;Smooth Asphalt;Piedmont;Urban;30 - 35  MPH;No Control Present;Clear;No;0.0, 0.0
129;130;No;25-29;28;No;Facing Traffic;C: Possible Injury;Sidewalk / Crosswalk / Driveway Crossing;White;Male;Gastonia;Gaston;No;;2008-02-25;Motorist Failed to Yield - Midblock;14;Non-Intersection;01-02-01;0001-01-01T09:47:58-04:56;Motorist Drive Out - Commercial Driveway / Alley;332322;2008;C: Possible Injury;Commercial;50-59;52;No;;O: No Injury;White;Female;Passenger Car;No;No;Daylight;Urban (>70% Developed);;2;Straight - Grade;Public Vehicular Area;Dry;Two-Way, Not Divided;None;Driveway, Public;Smooth Asphalt;Piedmont;Urban;;Missing;Clear;No;0.0, 0.0
130;131;No;40-49;44;No;With Traffic;B: Evident Injury;Travel Lane;Black;Male;None - Rural Crash;Edgecombe;No;01-01-02;2008-02-26;Motorist Overtaking Bicyclist;11;Non-Intersection;01-02-01;0001-01-01T06:50:58-04:56;Motorist Overtaking - Misjudged Space;311232;2008;B: Evident Injury;Farms, Woods, Pastures;70+;;No;41-45 mph;O: No Injury;White;Male;Passenger Car;No;No;Daylight;Rural (<30% Developed);2 lanes;2;Straight - Grade;NC Route;Wet;Two-Way, Not Divided;None;No Special Feature;Smooth Asphalt;Coastal;Rural;50 - 55  MPH;Double Yellow Line, No Passing Zone;Rain;No;0.0, 0.0
131;132;Yes;20-24;23;No;Not Applicable;C: Possible Injury;Non-Roadway;Black;Male;Jacksonville;Onslow;No;01-01-03;2008-02-27;Bicyclist Failed to Yield - Midblock;16;Non-Intersection;01-02-01;0001-01-01T12:02:58-04:56;Bicyclist Ride Out - Other Midblock;363318;2008;C: Possible Injury;Commercial;40-49;47;No;31-35 mph;O: No Injury;White;Female;Sport Utility;No;No;Daylight;Urban (>70% Developed);4 lanes;2;Straight - Level;Local Street;Dry;Two-Way, Divided, Unprotected Median;None;No Special Feature;Smooth Asphalt;Coastal;Urban;30 - 35  MPH;No Control Present;Clear;No;0.0, 0.0
133;134;No;15-Nov;13;No;With Traffic;B: Evident Injury;Travel Lane;White;Male;None - Rural Crash;Johnston;No;01-01-03;2008-02-27;Bicyclist Left Turn / Merge;17;Intersection;01-02-01;0001-01-01T12:24:58-04:56;Bicyclist Left Turn - Same Direction;111221;2008;B: Evident Injury;Residential;60-69;62;No;51-55 mph;O: No Injury;White;Male;Passenger Car;No;No;Daylight;Rural (<30% Developed);2 lanes;2;Straight - Level;State Secondary Route;Dry;Two-Way, Not Divided;None;T-Intersection;Coarse Asphalt;Coastal;Rural;50 - 55  MPH;Double Yellow Line, No Passing Zone;Clear;No;0.0, 0.0
134;135;No;15-Nov;13;No;Facing Traffic;C: Possible Injury;Travel Lane;Native American;Male;None - Rural Crash;Robeson;No;01-01-05;2008-02-29;Bicyclist Right Turn / Merge;15;Non-Intersection;01-02-01;0001-01-01T10:53:58-04:56;Bicyclist Right Turn - Same Direction;312223;2008;C: Possible Injury;Residential;20-24;21;No;51-55 mph;O: No Injury;Native American;Male;Passenger Car;No;No;Daylight;Rural (<30% Developed);2 lanes;2;Straight - Level;State Secondary Route;Dry;Two-Way, Not Divided;None;Driveway, Private;Coarse Asphalt;Coastal;Rural;50 - 55  MPH;No Control Present;Clear;No;0.0, 0.0
135;136;Yes;20-24;21;No;With Traffic;C: Possible Injury;Travel Lane;White;Female;Charlotte;Mecklenburg;No;01-01-05;2008-05-02;Bicyclist Overtaking Motorist;18;Non-Intersection;01-05-01;0001-01-01T13:36:58-04:56;Bicyclist Overtaking - Other /;311249;2008;C: Possible Injury;Residential;40-49;44;No;21-25 mph;O: No Injury;White;Female;Van;No;No;Daylight;Urban (>70% Developed);2 lanes;2;Straight - Level;Local Street;Dry;Two-Way, Divided, Positive Median Barrier;None;No Special Feature;Smooth Asphalt;Piedmont;Urban;20 - 25  MPH;Stop And Go Signal;Clear;No;0.0, 0.0
140;141;No;10-Jun;9;No;Not Applicable;C: Possible Injury;Non-Roadway;Asian;Male;Cary;Wake;No;01-01-06;2008-05-03;Non-Roadway;17;Non-Roadway;01-05-01;0001-01-01T12:03:58-04:56;Non-Roadway;460910;2008;C: Possible Injury;Residential;;;Missing;0-5 mph;Injury;/Missing;;Passenger Car;No;No;Daylight;Urban (>70% Developed);2 lanes;2;Curve - Grade;Local Street;Dry;Two-Way, Not Divided;None;No Special Feature;Smooth Asphalt;Piedmont;Urban;5 - 15 MPH;No Control Present;Clear;No;0.0, 0.0
143;144;Yes;16-19;17;No;With Traffic;C: Possible Injury;Travel Lane;Black;Male;None - Rural Crash;Halifax;No;;2008-03-03;Bicyclist Left Turn / Merge;17;Non-Intersection;01-03-01;0001-01-01T12:17:58-04:56;Bicyclist Left Turn - Same Direction;311221;2008;C: Possible Injury;Farms, Woods, Pastures;40-49;46;No;51-55 mph;O: No Injury;Black;Female;Passenger Car;No;No;Daylight;Rural (<30% Developed);2 lanes;2;Straight - Level;NC Route;Dry;Two-Way, Divided, Unprotected Median;None;No Special Feature;Smooth Asphalt;Coastal;Rural;50 - 55  MPH;Missing;Clear;No;0.0, 0.0
146;147;Yes;;;No;With Traffic;C: Possible Injury;Travel Lane;White;Male;Asheville;Buncombe;No;01-01-03;2008-03-05;Head-On;14;Non-Intersection;01-03-01;0001-01-01T09:44:58-04:56;Head-On -;311259;2008;C: Possible Injury;Residential;50-59;53;No;16-20 mph;O: No Injury;White;Female;Passenger Car;No;No;Daylight;Rural (<30% Developed);2 lanes;2;Curve - Grade;Local Street;Dry;Two-Way, Not Divided;None;No Special Feature;Smooth Asphalt;Mountains;Urban;20 - 25  MPH;No Control Present;Clear;No;0.0, 0.0
153;154;Yes;70+;;No;With Traffic;B: Evident Injury;Travel Lane;White;Male;Conover;Catawba;No;01-01-03;2008-05-07;Motorist Left Turn / Merge;15;Intersection;01-05-01;0001-01-01T10:25:58-04:56;Motorist Left Turn - Opposite Direction;111212;2008;B: Evident Injury;Commercial;40-49;44;No;6-10 mph;O: No Injury;White;Male;Pickup;No;No;Daylight;Mixed (30% To 70% Developed);2 lanes;2;Straight - Level;Local Street;Dry;Two-Way, Divided, Unprotected Median;None;Four-Way Intersection;Smooth Asphalt;Piedmont;Urban;40 - 45  MPH;Stop And Go Signal;Clear;No;0.0, 0.0
155;156;No;16-19;18;No;With Traffic;B: Evident Injury;Travel Lane;Black;Male;None - Rural Crash;Halifax;No;01-01-07;2008-03-09;Bicyclist Left Turn / Merge;12;Non-Intersection;01-03-01;0001-01-01T07:12:58-04:56;Bicyclist Left Turn - Same Direction;311221;2008;B: Evident Injury;Residential;25-29;28;No;;O: No Injury;Black;Male;Sport Utility;No;No;Daylight;Mixed (30% To 70% Developed);2 lanes;2;Straight - Level;State Secondary Route;Dry;Two-Way, Not Divided;None;No Special Feature;Smooth Asphalt;Coastal;Rural;;Double Yellow Line, No Passing Zone;Clear;No;0.0, 0.0
171;172;Yes;20-24;24;No;Facing Traffic;B: Evident Injury;Sidewalk / Crosswalk / Driveway Crossing;White;Male;Raleigh;Wake;No;01-01-05;2008-03-14;Crossing Paths - Other Circumstances;18;Intersection;01-03-01;0001-01-01T13:23:58-04:56;Signalized Intersection - Other /;132158;2008;B: Evident Injury;Commercial;40-49;48;No;41-45 mph;B: Evident Injury;White;Male;Passenger Car;No;No;Daylight;Urban (>70% Developed);4 lanes;2;Straight - Level;Local Street;Dry;Two-Way, Not Divided;None;Four-Way Intersection;Smooth Asphalt;Piedmont;Urban;40 - 45  MPH;Stop And Go Signal;Clear;No;0.0, 0.0
173;174;Yes;60-69;64;No;Facing Traffic;O: No Injury;Travel Lane;White;Male;None - Rural Crash;Richmond;Yes;01-01-03;2008-03-12;Bicyclist Right Turn / Merge;20;Non-Intersection;01-03-01;0001-01-01T15:28:58-04:56;Bicyclist Right Turn - Same Direction;312223;2008;A: Disabling Injury;Institutional;40-49;49;Yes;;A: Disabling Injury;Black;Female;Pedalcycle;No;No;Dark - Roadway Not Lighted;Mixed (30% To 70% Developed);2 lanes;2;Straight - Level;State Secondary Route;Dry;Two-Way, Not Divided;None;No Special Feature;Smooth Asphalt;Piedmont;Rural;;Double Yellow Line, No Passing Zone;Clear;No;0.0, 0.0
175;176;Yes;25-29;28;No;Facing Traffic;C: Possible Injury;Sidewalk / Crosswalk / Driveway Crossing;Hispanic;Male;Raleigh;Wake;No;;2008-03-17;Motorist Failed to Yield - Midblock;18;Non-Intersection;01-03-01;0001-01-01T13:36:58-04:56;Motorist Drive Out - Commercial Driveway / Alley;332322;2008;C: Possible Injury;Commercial;20-24;24;No;;O: No Injury;Hispanic;Male;Pickup;No;No;Daylight;Urban (>70% Developed);4 lanes;2;Straight - Grade;Public Vehicular Area;Dry;Two-Way, Not Divided;None;No Special Feature;Concrete;Piedmont;Urban;;No Control Present;Cloudy;No;0.0, 0.0
176;177;Yes;40-49;43;No;With Traffic;C: Possible Injury;Travel Lane;White;Male;None - Rural Crash;Henderson;No;01-01-02;2008-03-18;Motorist Overtaking Bicyclist;7;Non-Intersection;01-03-01;0001-01-01T02:35:58-04:56;Motorist Overtaking - Misjudged Space;311232;2008;C: Possible Injury;Residential;;;No;36-40 mph;Injury;/Missing;;;No;Yes;Daylight;Urban (>70% Developed);2 lanes;2;Straight - Level;US Route;Dry;Two-Way, Not Divided;None;No Special Feature;Smooth Asphalt;Mountains;Rural;40 - 45  MPH;Double Yellow Line, No Passing Zone;Clear;No;0.0, 0.0
177;178;No;15-Nov;12;No;With Traffic;C: Possible Injury;Travel Lane;White;Male;Indian Trail;Union;No;01-01-02;2008-03-18;Bicyclist Failed to Yield - Sign-Controlled Intersection;17;Intersection;01-03-01;0001-01-01T12:10:58-04:56;Bicyclist Ride Through - Sign-Controlled Intersection;111144;2008;C: Possible Injury;Residential;30-39;38;No;31-35 mph;O: No Injury;White;Female;Sport Utility;No;No;Daylight;Urban (>70% Developed);2 lanes;2;Straight - Level;State Secondary Route;Dry;Two-Way, Not Divided;None;T-Intersection;Smooth Asphalt;Piedmont;Urban;40 - 45  MPH;Stop Sign;Cloudy;No;0.0, 0.0
180;181;Yes;0-5;5;No;Not Applicable;B: Evident Injury;Non-Roadway;Hispanic;Male;None - Rural Crash;Dare;No;01-01-04;2008-03-20;Bicyclist Failed to Yield - Midblock;18;Non-Intersection;01-03-01;0001-01-01T13:52:58-04:56;Bicyclist Ride Out - Commercial Driveway / Alley;363312;2008;B: Evident Injury;Residential;20-24;22;No;31-35 mph;O: No Injury;White;Female;Passenger Car;No;No;Dusk;Urban (>70% Developed);2 lanes;2;Straight - Level;State Secondary Route;Dry;Two-Way, Not Divided;None;Driveway, Public;Coarse Asphalt;Coastal;Rural;30 - 35  MPH;Double Yellow Line, No Passing Zone;Cloudy;No;0.0, 0.0
189;190;No;40-49;46;No;Facing Traffic;C: Possible Injury;Travel Lane;White;Male;Gastonia;Gaston;No;01-01-03;2008-03-26;Motorist Failed to Yield - Midblock;14;Non-Intersection;01-03-01;0001-01-01T09:10:58-04:56;Motorist Drive Out - Commercial Driveway / Alley;312322;2008;C: Possible Injury;Commercial;60-69;62;No;;O: No Injury;Black;Female;Passenger Car;No;No;Daylight;Urban (>70% Developed);5 lanes;2;Straight - Level;Local Street;Dry;Two-Way, Not Divided;None;Driveway, Public;Smooth Asphalt;Piedmont;Urban;;Missing;Clear;No;0.0, 0.0
193;194;Yes;40-49;44;Yes;With Traffic;C: Possible Injury;Travel Lane;Black;Male;None - Rural Crash;Wake;Yes;01-01-07;2008-05-18;Motorist Overtaking Bicyclist;23;Non-Intersection;01-05-01;0001-01-01T18:31:58-04:56;Motorist Overtaking - Other /;311239;2008;C: Possible Injury;Farms, Woods, Pastures;;;Missing;41-45 mph;Injury;/Missing;;;No;Yes;Dark - Roadway Not Lighted;Rural (<30% Developed);2 lanes;2;Straight - Level;State Secondary Route;Wet;Two-Way, Not Divided;None;No Special Feature;Smooth Asphalt;Piedmont;Rural;40 - 45  MPH;No Control Present;Cloudy;No;0.0, 0.0
197;198;Yes;25-29;28;No;With Traffic;B: Evident Injury;Travel Lane;White;Male;None - Rural Crash;Rowan;No;01-01-04;2008-03-27;Loss of Control / Turning Error;15;Intersection;01-03-01;0001-01-01T10:13:58-04:56;Motorist Turning Error - Left Turn;111111;2008;B: Evident Injury;Farms, Woods, Pastures;60-69;61;No;31-35 mph;O: No Injury;White;Male;Single Unit Truck (2-Axle, 6-Tire);No;No;Daylight;Rural (<30% Developed);2 lanes;2;Straight - Grade;State Secondary Route;Dry;Two-Way, Not Divided;None;T-Intersection;Smooth Asphalt;Piedmont;Rural;40 - 45  MPH;Stop Sign;Clear;No;0.0, 0.0
199;200;Yes;15-Nov;14;No;With Traffic;C: Possible Injury;Travel Lane;White;Male;Greensboro;Guilford;No;01-01-04;2008-03-27;Bicyclist Left Turn / Merge;16;Intersection;01-03-01;0001-01-01T11:40:58-04:56;Bicyclist Left Turn - Same Direction;111221;2008;C: Possible Injury;Residential;25-29;29;No;31-35 mph;O: No Injury;White;Male;Passenger Car;No;No;Daylight;Urban (>70% Developed);2 lanes;2;Straight - Level;Local Street;Dry;Two-Way, Not Divided;None;No Special Feature;Coarse Asphalt;Piedmont;Urban;30 - 35  MPH;No Control Present;Clear;No;0.0, 0.0
208;209;Yes;25-29;27;No;With Traffic;B: Evident Injury;Travel Lane;White;Male;Raleigh;Wake;No;01-01-03;2008-04-02;Bicyclist Failed to Yield - Sign-Controlled Intersection;19;Intersection;01-04-01;0001-01-01T14:13:58-04:56;Bicyclist Ride Through - Sign-Controlled Intersection;111144;2008;B: Evident Injury;Residential;25-29;28;No;21-25 mph;O: No Injury;White;Female;Passenger Car;No;No;Daylight;Urban (>70% Developed);2 lanes;2;Straight - Bottom;Local Street;Dry;Two-Way, Not Divided;None;Four-Way Intersection;Smooth Asphalt;Piedmont;Urban;20 - 25  MPH;Stop Sign;Clear;No;0.0, 0.0