FID;OBJECTID;AmbulanceR;BikeAge_Gr;Bike_Age;Bike_Alc_D;Bike_Dir;Bike_Injur;Bike_Pos;Bike_Race;Bike_Sex;City;County;CrashAlcoh;CrashDay;Crash_Date;Crash_Grp;Crash_Hour;Crash_Loc;Crash_Mont;Crash_Time;Crash_Type;Crash_Ty_1;Crash_Year;Crsh_Sevri;Developmen;DrvrAge_Gr;Drvr_Age;Drvr_Alc_D;Drvr_EstSp;Drvr_Injur;Drvr_Race;Drvr_Sex;Drvr_VehTy;ExcsSpdInd;Hit_Run;Light_Cond;Locality;Num_Lanes;Num_Units;Rd_Charact;Rd_Class;Rd_Conditi;Rd_Config;Rd_Defects;Rd_Feature;Rd_Surface;Region;Rural_Urba;Speed_Limi;Traff_Cntr;Weather;Workzone_I;Location
446;447;Yes;10-Jun;8;No;With Traffic;A: Disabling Injury;Travel Lane;Black;Male;Selma;Johnston;No;01-01-02;2008-06-24;Bicyclist Failed to Yield - Sign-Controlled Intersection;13;Intersection;01-06-01;0001-01-01T08:25:58-04:56;Bicyclist Ride Out - Sign-Controlled Intersection;111142;2008;A: Disabling Injury;Commercial;60-69;60;No;31-35 mph;O: No Injury;White;Male;Van;No;No;Daylight;Urban (>70% Developed);5 lanes;2;Straight - Level;US Route;Dry;Two-Way, Divided, Unprotected Median;None;Four-Way Intersection;Smooth Asphalt;Coastal;Urban;30 - 35  MPH;Stop Sign;Clear;No;0.0, 0.0
454;455;Yes;16-19;18;No;With Traffic;K: Killed;Travel Lane;White;Male;Jacksonville;Onslow;Yes;01-01-06;2008-06-21;Motorist Overtaking Bicyclist;23;Non-Intersection;01-06-01;0001-01-01T18:35:58-04:56;Motorist Overtaking - Undetected Bicyclist;311231;2008;K: Killed;Commercial;20-24;23;Yes;56-60 mph;O: No Injury;Hispanic;Male;Passenger Car;No;Yes;Dark - Roadway Not Lighted;Urban (>70% Developed);6 lanes;3;Straight - Level;NC Route;Dry;Two-Way, Divided, Positive Median Barrier;None;Bridge Approach;Coarse Asphalt;Coastal;Urban;50 - 55  MPH;No Control Present;Clear;No;0.0, 0.0
457;458;Yes;16-19;18;No;With Traffic;C: Possible Injury;Sidewalk / Crosswalk / Driveway Crossing;White;Male;Gastonia;Gaston;No;01-01-03;2008-06-25;Parallel Paths - Other Circumstances;12;Non-Intersection;01-06-01;0001-01-01T07:12:58-04:56;Bicyclist Ride Out - Parallel Path;331225;2008;C: Possible Injury;Residential;70+;;No;36-40 mph;O: No Injury;White;Female;Passenger Car;No;No;Daylight;Urban (>70% Developed);5 lanes;2;Straight - Grade;Local Street;Dry;Two-Way, Not Divided;None;No Special Feature;Coarse Asphalt;Piedmont;Urban;40 - 45  MPH;No Control Present;Clear;No;0.0, 0.0
464;465;No;25-29;28;No;With Traffic;B: Evident Injury;Bike Lane / Paved Shoulder;White;Male;Charlotte;Mecklenburg;No;;2008-07-07;Motorist Right Turn / Merge;7;Non-Intersection;01-07-01;0001-01-01T02:27:58-04:56;Motorist Right Turn - Same Direction;321213;2008;B: Evident Injury;Commercial;40-49;46;No;31-35 mph;O: No Injury;Black;Male;Passenger Car;No;No;Daylight;Urban (>70% Developed);2 lanes;2;Straight - Level;Local Street;Dry;Two-Way, Divided, Unprotected Median;None;No Special Feature;Smooth Asphalt;Piedmont;Urban;30 - 35  MPH;No Control Present;Cloudy;No;0.0, 0.0
466;467;No;60-69;66;No;With Traffic;C: Possible Injury;Travel Lane;White;Male;None - Rural Crash;Davidson;No;;2008-06-30;Motorist Failed to Yield - Signalized Intersection;10;Intersection;01-06-01;0001-01-01T05:14:58-04:56;Motorist Drive Through - Signalized Intersection;111154;2008;C: Possible Injury;Institutional;30-39;32;No;11-15 mph;O: No Injury;Hispanic;Female;Passenger Car;No;No;Daylight;Mixed (30% To 70% Developed);4 lanes;2;Straight - Level;NC Route;Dry;Two-Way, Divided, Unprotected Median;None;Four-Way Intersection;Smooth Asphalt;Piedmont;Rural;50 - 55  MPH;Stop And Go Signal;Clear;No;0.0, 0.0
468;469;No;40-49;45;No;With Traffic;C: Possible Injury;Travel Lane;White;Female;None - Rural Crash;Guilford;No;;2008-06-30;Motorist Failed to Yield - Sign-Controlled Intersection;11;Intersection;01-06-01;0001-01-01T06:38:58-04:56;Motorist Drive Out - Sign-Controlled Intersection;111141;2008;C: Possible Injury;Commercial;30-39;39;No;11-15 mph;O: No Injury;White;Male;Passenger Car;No;No;Daylight;Urban (>70% Developed);4 lanes;2;Straight - Grade;Local Street;Dry;Two-Way, Divided, Unprotected Median;None;Four-Way Intersection;Smooth Asphalt;Piedmont;Rural;30 - 35  MPH;Stop Sign;Clear;No;0.0, 0.0
470;471;No;10-Jun;10;No;With Traffic;C: Possible Injury;Travel Lane;White;Male;None - Rural Crash;Caldwell;No;01-01-02;2008-07-01;Bicyclist Failed to Yield - Sign-Controlled Intersection;18;Intersection;01-07-01;0001-01-01T13:24:58-04:56;Bicyclist Ride Through - Sign-Controlled Intersection;111144;2008;C: Possible Injury;Residential;20-24;23;No;11-15 mph;O: No Injury;White;Female;Passenger Car;No;No;Daylight;Mixed (30% To 70% Developed);2 lanes;2;Straight - Grade;State Secondary Route;Dry;Two-Way, Not Divided;None;Four-Way Intersection;Smooth Asphalt;Mountains;Rural;20 - 25  MPH;Stop Sign;Clear;No;0.0, 0.0
472;473;Yes;40-49;47;No;With Traffic;C: Possible Injury;Travel Lane;Black;Male;Greensboro;Guilford;No;01-01-06;2008-06-28;Motorist Failed to Yield - Sign-Controlled Intersection;17;Intersection;01-06-01;0001-01-01T12:03:58-04:56;Motorist Drive Out - Sign-Controlled Intersection;111141;2008;C: Possible Injury;Residential;70+;;No;16-20 mph;O: No Injury;White;Female;Passenger Car;No;No;Daylight;Urban (>70% Developed);5 lanes;2;Straight - Level;Local Street;Dry;Two-Way, Not Divided;None;No Special Feature;Smooth Asphalt;Piedmont;Urban;30 - 35  MPH;No Control Present;Clear;No;0.0, 0.0
473;474;Yes;50-59;59;No;Facing Traffic;C: Possible Injury;Travel Lane;White;Female;None - Rural Crash;Cumberland;No;;2008-05-26;Head-On;21;Non-Intersection;01-05-01;0001-01-01T16:13:58-04:56;Head-On - Bicyclist;312250;2008;C: Possible Injury;Residential;25-29;25;No;41-45 mph;O: No Injury;White;Female;Passenger Car;No;No;Dark - Roadway Not Lighted;Mixed (30% To 70% Developed);2 lanes;2;Straight - Level;State Secondary Route;Dry;Two-Way, Not Divided;None;No Special Feature;Smooth Asphalt;Coastal;Rural;40 - 45  MPH;Double Yellow Line, No Passing Zone;Clear;No;0.0, 0.0
476;477;Yes;40-49;46;No;Facing Traffic;C: Possible Injury;Sidewalk / Crosswalk / Driveway Crossing;Black;Male;Gastonia;Gaston;No;01-01-05;2008-06-27;Motorist Failed to Yield - Signalized Intersection;8;Intersection;01-06-01;0001-01-01T03:35:58-04:56;Motorist Drive Out - Signalized Intersection;132152;2008;C: Possible Injury;Commercial;30-39;30;No;;O: No Injury;Black;Female;Passenger Car;No;No;Daylight;Urban (>70% Developed);2 lanes;2;Straight - Level;Local Street;Dry;Two-Way, Not Divided;None;Four-Way Intersection;Smooth Asphalt;Piedmont;Urban;30 - 35  MPH;Stop And Go Signal;Clear;No;0.0, 0.0
477;478;Yes;16-19;16;No;Not Applicable;B: Evident Injury;Non-Roadway;White;Male;Knightdale;Wake;No;01-01-04;2008-07-17;Non-Roadway;13;Non-Roadway;01-07-01;0001-01-01T08:13:58-04:56;Non-Roadway;460910;2008;B: Evident Injury;Commercial;70+;;No;11-15 mph;O: No Injury;White;Female;Passenger Car;No;No;Daylight;Urban (>70% Developed);;2;Straight - Grade;Public Vehicular Area;Dry;Two-Way, Not Divided;None;Driveway, Public;Coarse Asphalt;Piedmont;Urban;30 - 35  MPH;No Control Present;Clear;No;0.0, 0.0
478;479;Yes;50-59;55;No;With Traffic;B: Evident Injury;Sidewalk / Crosswalk / Driveway Crossing;White;Male;Wilmington;New Hanover;No;01-01-03;2008-05-21;Motorist Failed to Yield - Midblock;15;Non-Intersection;01-05-01;0001-01-01T10:59:58-04:56;Motorist Drive Out - Other Midblock;331328;2008;B: Evident Injury;Residential;50-59;50;No;0-5 mph;O: No Injury;White;Male;Single Unit Truck (2-Axle, 6-Tire);No;No;Daylight;Urban (>70% Developed);4 lanes;2;Straight - Grade;Local Street;Dry;Two-Way, Not Divided;None;Driveway, Private;Smooth Asphalt;Coastal;Urban;30 - 35  MPH;No Control Present;Clear;No;0.0, 0.0
481;482;Yes;10-Jun;9;No;Not Applicable;B: Evident Injury;Driveway / Alley;White;Male;None - Rural Crash;Wilkes;No;01-01-04;2008-07-03;Bicyclist Failed to Yield - Midblock;14;Non-Intersection;01-07-01;0001-01-01T09:33:58-04:56;Bicyclist Ride Out - Residential Driveway;353311;2008;B: Evident Injury;Residential;70+;;No;16-20 mph;O: No Injury;White;Female;Passenger Car;No;No;Daylight;Rural (<30% Developed);2 lanes;2;Straight - Level;State Secondary Route;Dry;Two-Way, Not Divided;None;Driveway, Private;Smooth Asphalt;Mountains;Rural;30 - 35  MPH;Double Yellow Line, No Passing Zone;Clear;No;0.0, 0.0
496;497;Yes;25-29;27;No;Facing Traffic;B: Evident Injury;Travel Lane;White;Male;Greensboro;Guilford;No;;2008-06-30;Motorist Failed to Yield - Sign-Controlled Intersection;22;Intersection;01-06-01;0001-01-01T17:22:58-04:56;Motorist Drive Out - Sign-Controlled Intersection;112141;2008;B: Evident Injury;Residential;25-29;29;No;6-10 mph;O: No Injury;White;Male;Passenger Car;No;No;Dark - Lighted Roadway;Urban (>70% Developed);4 lanes;2;Straight - Level;Local Street;Dry;Two-Way, Divided, Unprotected Median;None;Four-Way Intersection;Coarse Asphalt;Piedmont;Urban;30 - 35  MPH;Stop Sign;Clear;No;0.0, 0.0
511;512;Yes;50-59;50;No;With Traffic;C: Possible Injury;Travel Lane;Black;Male;Kinston;Lenoir;No;01-01-02;2008-08-12;Motorist Overtaking Bicyclist;6;Non-Intersection;01-08-01;0001-01-01T01:50:58-04:56;Motorist Overtaking - Undetected Bicyclist;311231;2008;C: Possible Injury;Commercial;20-24;21;No;46-50 mph;O: No Injury;White;Male;Passenger Car;No;No;Daylight;Urban (>70% Developed);2 lanes;2;Straight - Level;US Route;Dry;Two-Way, Not Divided;None;No Special Feature;Coarse Asphalt;Coastal;Urban;40 - 45  MPH;No Control Present;Clear;No;0.0, 0.0
512;513;Yes;50-59;53;No;With Traffic;C: Possible Injury;Travel Lane;Native American;Male;None - Rural Crash;Robeson;Yes;01-01-07;2008-07-13;Motorist Overtaking Bicyclist;21;Non-Intersection;01-07-01;0001-01-01T16:48:58-04:56;Motorist Overtaking - Misjudged Space;311232;2008;C: Possible Injury;Farms, Woods, Pastures;20-24;22;Yes;51-55 mph;O: No Injury;White;Male;Passenger Car;No;No;Daylight;Rural (<30% Developed);2 lanes;2;Straight - Level;NC Route;Dry;Two-Way, Not Divided;None;No Special Feature;Smooth Asphalt;Coastal;Rural;50 - 55  MPH;No Control Present;Clear;No;0.0, 0.0
514;515;Yes;20-24;20;No;With Traffic;C: Possible Injury;Sidewalk / Crosswalk / Driveway Crossing;White;Male;Charlotte;Mecklenburg;No;01-01-02;2008-08-12;Bicyclist Failed to Yield - Signalized Intersection;14;Intersection;01-08-01;0001-01-01T09:18:58-04:56;Bicyclist Failed to Clear - Trapped;131156;2008;C: Possible Injury;Commercial;20-24;20;No;0-5 mph;O: No Injury;White;Male;Pickup;No;No;Daylight;Mixed (30% To 70% Developed);3 lanes;2;Straight - Level;Local Street;Dry;Two-Way, Divided, Unprotected Median;None;No Special Feature;Smooth Asphalt;Piedmont;Urban;40 - 45  MPH;Stop And Go Signal;Clear;No;0.0, 0.0
516;517;Yes;16-19;16;No;With Traffic;C: Possible Injury;Bike Lane / Paved Shoulder;White;Male;Kannapolis;Cabarrus;No;01-01-02;2008-07-15;Crossing Paths - Other Circumstances;19;Intersection;01-07-01;0001-01-01T14:53:58-04:56;Signalized Intersection - Other /;121158;2008;C: Possible Injury;Commercial;0-19;19;No;26-30 mph;O: No Injury;Hispanic;Female;Sport Utility;No;No;Daylight;Urban (>70% Developed);4 lanes;2;Straight - Level;Local Street;Dry;Two-Way, Not Divided;None;Four-Way Intersection;Smooth Asphalt;Piedmont;Urban;30 - 35  MPH;Stop And Go Signal;Clear;No;0.0, 0.0
524;525;No;15-Nov;12;No;With Traffic;O: No Injury;Travel Lane;Black;Male;Fayetteville;Cumberland;No;01-01-05;2008-08-15;Motorist Overtaking Bicyclist;16;Non-Intersection;01-08-01;0001-01-01T11:44:58-04:56;Motorist Overtaking - Bicyclist Swerved;311235;2008;O: No Injury;Residential;25-29;25;No;21-25 mph;O: No Injury;Black;Female;Passenger Car;No;No;Daylight;Urban (>70% Developed);2 lanes;2;Straight - Level;Local Street;Dry;Two-Way, Not Divided;None;No Special Feature;Smooth Asphalt;Coastal;Urban;20 - 25  MPH;No Control Present;Clear;No;0.0, 0.0
529;530;Yes;25-29;27;No;With Traffic;B: Evident Injury;Travel Lane;White;Male;None - Rural Crash;Catawba;No;01-01-06;2008-08-16;Motorist Overtaking Bicyclist;10;Non-Intersection;01-08-01;0001-01-01T05:18:58-04:56;Motorist Overtaking - Misjudged Space;311232;2008;B: Evident Injury;Farms, Woods, Pastures;50-59;56;No;31-35 mph;O: No Injury;White;Male;Passenger Car;No;No;Daylight;Rural (<30% Developed);2 lanes;2;Curve - Grade;State Secondary Route;Dry;Two-Way, Not Divided;None;No Special Feature;Coarse Asphalt;Piedmont;Rural;50 - 55  MPH;Double Yellow Line, No Passing Zone;Clear;No;0.0, 0.0
531;532;No;40-49;44;No;With Traffic;C: Possible Injury;Travel Lane;Black;Male;Spring Lake;Cumberland;No;01-01-02;2008-08-05;Motorist Failed to Yield - Sign-Controlled Intersection;11;Intersection;01-08-01;0001-01-01T06:42:58-04:56;Motorist Drive Out - Sign-Controlled Intersection;111141;2008;C: Possible Injury;Commercial;40-49;46;No;11-15 mph;O: No Injury;White;Male;Passenger Car;No;No;Daylight;Urban (>70% Developed);4 lanes;2;Straight - Level;Local Street;Dry;;Road Surface Condition;T-Intersection;Coarse Asphalt;Coastal;Urban;20 - 25  MPH;Stop Sign;Clear;No;0.0, 0.0
536;537;Yes;15-Nov;15;No;Facing Traffic;C: Possible Injury;Bike Lane / Paved Shoulder;Black;Male;Charlotte;Mecklenburg;No;01-01-04;2008-06-26;Motorist Failed to Yield - Signalized Intersection;17;Intersection;01-06-01;0001-01-01T12:06:58-04:56;Motorist Drive Out - Right Turn on Red;122151;2008;C: Possible Injury;Commercial;20-24;20;No;11-15 mph;O: No Injury;White;Male;Passenger Car;No;Yes;Daylight;Urban (>70% Developed);5 lanes;2;Straight - Level;Local Street;Dry;Two-Way, Divided, Unprotected Median;None;No Special Feature;Smooth Asphalt;Piedmont;Urban;30 - 35  MPH;Stop And Go Signal;Cloudy;No;0.0, 0.0
545;546;No;10-Jun;8;No;Not Applicable;C: Possible Injury;Non-Roadway;Black;Male;Dunn;Harnett;No;01-01-05;2008-07-18;Bicyclist Failed to Yield - Midblock;14;Non-Intersection;01-07-01;0001-01-01T09:57:58-04:56;Bicyclist Ride Out - Other Midblock;363318;2008;C: Possible Injury;Residential;40-49;45;No;26-30 mph;O: No Injury;White;Female;Sport Utility;No;No;Daylight;Mixed (30% To 70% Developed);2 lanes;2;Straight - Level;State Secondary Route;Wet;Two-Way, Not Divided;None;No Special Feature;Coarse Asphalt;Coastal;Urban;40 - 45  MPH;Missing;Rain;No;0.0, 0.0
465;466;Yes;16-19;18;No;With Traffic;B: Evident Injury;Travel Lane;White;Male;None - Rural Crash;New Hanover;No;01-01-06;2011-07-30;Backing Vehicle;17;Non-Intersection;01-07-01;0001-01-01T12:43:58-04:56;Backing Vehicle;311600;2011;B: Evident Injury;Residential;70+;;No;0-5 mph;O: No Injury;White;Female;Passenger Car;No;No;Daylight;Urban (>70% Developed);2 lanes;2;Curve - Level;State Secondary Route;Dry;Two-Way, Not Divided;None;Driveway, Private;Coarse Asphalt;Coastal;Rural;30 - 35  MPH;No Control Present;Clear;No;34.25867, -77.8604
466;467;No;16-19;17;No;Not Applicable;O: No Injury;Travel Lane;Black;Male;None - Rural Crash;Cumberland;No;01-01-03;2011-07-27;Bicyclist Failed to Yield - Midblock;16;Non-Intersection;01-07-01;0001-01-01T12:00:58-04:56;Bicyclist Ride Out - Other Midblock;313318;2011;O: No Injury;Farms, Woods, Pastures;60-69;62;No;36-40 mph;O: No Injury;White;Male;Sport Utility;No;No;Daylight;Mixed (30% To 70% Developed);4 lanes;2;Straight - Level;State Secondary Route;Dry;Two-Way, Divided, Unprotected Median;None;No Special Feature;Smooth Asphalt;Coastal;Rural;40 - 45  MPH;No Control Present;Clear;No;34.99952, -78.8978
470;471;Yes;10-Jun;10;No;Not Applicable;B: Evident Injury;Non-Roadway;Black;Male;Charlotte;Mecklenburg;No;01-01-06;2011-07-16;Non-Roadway;20;Non-Roadway;01-07-01;0001-01-01T15:16:58-04:56;Non-Roadway;460910;2011;B: Evident Injury;Residential;40-49;40;No;6-10 mph;O: No Injury;Hispanic;Male;Pickup;No;No;Daylight;Urban (>70% Developed);;2;Straight - Level;Public Vehicular Area;Dry;Two-Way, Not Divided;None;No Special Feature;Smooth Asphalt;Piedmont;Urban;5 - 15 MPH;No Control Present;Clear;No;35.27299, -80.7721
476;477;No;40-49;40;No;With Traffic;C: Possible Injury;Travel Lane;Black;Male;Fayetteville;Cumberland;No;01-01-03;2011-07-06;Motorist Failed to Yield - Sign-Controlled Intersection;6;Intersection-Related;01-07-01;0001-01-01T01:43:58-04:56;Motorist Drive Out - Sign-Controlled Intersection;211141;2011;C: Possible Injury;Residential;20-24;22;No;6-10 mph;O: No Injury;Black;Male;Passenger Car;No;No;Daylight;Urban (>70% Developed);2 lanes;2;Straight - Level;Local Street;Dry;Two-Way, Not Divided;None;No Special Feature;Coarse Asphalt;Coastal;Urban;30 - 35  MPH;Stop Sign;Cloudy;No;35.02066, -78.9401
481;482;Yes;60-69;61;No;With Traffic;B: Evident Injury;Bike Lane / Paved Shoulder;White;Male;Concord;Cabarrus;No;01-01-04;2011-07-21;Motorist Failed to Yield - Sign-Controlled Intersection;18;Intersection;01-07-01;0001-01-01T13:38:58-04:56;Motorist Drive Out - Sign-Controlled Intersection;121141;2011;B: Evident Injury;Residential;60-69;68;No;0-5 mph;O: No Injury;White;Female;Passenger Car;No;No;Daylight;Urban (>70% Developed);2 lanes;2;Straight - Level;Local Street;Dry;Two-Way, Not Divided;None;T-Intersection;Smooth Asphalt;Piedmont;Urban;30 - 35  MPH;Stop Sign;Clear;No;35.39624, -80.5678
482;483;Yes;20-24;22;No;Facing Traffic;B: Evident Injury;Sidewalk / Crosswalk / Driveway Crossing;Black;Male;Charlotte;Mecklenburg;No;01-01-05;2011-07-22;Motorist Failed to Yield - Sign-Controlled Intersection;17;Intersection;01-07-01;0001-01-01T12:24:58-04:56;Motorist Drive Out - Sign-Controlled Intersection;132141;2011;B: Evident Injury;Residential;60-69;64;No;0-5 mph;O: No Injury;Black;Male;Van;No;No;Daylight;Urban (>70% Developed);2 lanes;2;Straight - Level;Local Street;Dry;Two-Way, Not Divided;Obstruction In Roadway;T-Intersection;Smooth Asphalt;Piedmont;Urban;20 - 25  MPH;No Control Present;Clear;No;35.27883, -80.7759
502;503;Yes;50-59;50;No;With Traffic;C: Possible Injury;Travel Lane;White;Male;Carolina Beach;New Hanover;No;01-01-07;2011-07-24;Motorist Failed to Yield - Midblock;9;Non-Intersection;01-07-01;0001-01-01T04:07:58-04:56;Motorist Drive Out - Other Midblock;311328;2011;C: Possible Injury;Residential;30-39;36;No;6-10 mph;O: No Injury;White;Male;Passenger Car;No;No;Daylight;Urban (>70% Developed);;2;Straight - Level;Public Vehicular Area;Dry;Two-Way, Not Divided;None;Driveway, Public;Smooth Asphalt;Coastal;Urban;30 - 35  MPH;No Control Present;Clear;No;34.01814, -77.8987
511;512;Yes;40-49;45;No;With Traffic;B: Evident Injury;Travel Lane;White;Female;None - Rural Crash;Union;No;01-01-04;2011-08-11;Motorist Failed to Yield - Sign-Controlled Intersection;12;Intersection;01-08-01;0001-01-01T07:36:58-04:56;Motorist Drive Out - Sign-Controlled Intersection;111141;2011;B: Evident Injury;Farms, Woods, Pastures;30-39;34;No;0-5 mph;O: No Injury;White;Male;Pickup;No;No;Daylight;Rural (<30% Developed);2 lanes;2;Straight - Level;State Secondary Route;Dry;Two-Way, Not Divided;None;Four-Way Intersection;Coarse Asphalt;Piedmont;Rural;40 - 45  MPH;Stop Sign;Clear;No;34.9572, -80.6026
512;513;Yes;10-Jun;7;No;Not Applicable;B: Evident Injury;Non-Roadway;Black;Male;None - Rural Crash;Pasquotank;No;01-01-03;2011-08-10;Bicyclist Failed to Yield - Midblock;15;Non-Intersection;01-08-01;0001-01-01T10:39:58-04:56;Bicyclist Ride Out - Commercial Driveway / Alley;363312;2011;B: Evident Injury;Farms, Woods, Pastures;70+;;No;31-35 mph;O: No Injury;White;Male;Sport Utility;No;No;Daylight;Rural (<30% Developed);2 lanes;2;Straight - Level;State Secondary Route;Dry;Two-Way, Not Divided;None;Driveway, Private;Coarse Asphalt;Coastal;Rural;50 - 55  MPH;No Control Present;Clear;No;36.41223, -76.3349
515;516;Yes;15-Nov;12;No;With Traffic;B: Evident Injury;Travel Lane;Hispanic;Female;None - Rural Crash;Hertford;No;01-01-07;2011-08-07;Bicyclist Failed to Yield - Sign-Controlled Intersection;11;Intersection;01-08-01;0001-01-01T06:59:58-04:56;Bicyclist Ride Through - Sign-Controlled Intersection;111144;2011;B: Evident Injury;Farms, Woods, Pastures;20-24;20;No;51-55 mph;O: No Injury;Black;Female;Passenger Car;No;No;Daylight;Rural (<30% Developed);2 lanes;2;Straight - Level;State Secondary Route;Dry;Two-Way, Not Divided;None;Four-Way Intersection;Coarse Asphalt;Coastal;Rural;50 - 55  MPH;Stop Sign;Clear;No;36.25546, -76.9878
525;526;Yes;16-19;17;No;With Traffic;C: Possible Injury;Travel Lane;White;Male;Hendersonville;Henderson;No;01-01-03;2011-07-20;Bicyclist Left Turn / Merge;11;Non-Intersection;01-07-01;0001-01-01T06:56:58-04:56;Bicyclist Left Turn - Opposite Direction;311222;2011;C: Possible Injury;Commercial;50-59;52;No;6-10 mph;O: No Injury;White;Male;Pickup;No;No;Daylight;Urban (>70% Developed);5 lanes;2;Straight - Level;Local Street;Dry;Two-Way, Divided, Unprotected Median;None;No Special Feature;Coarse Asphalt;Mountains;Urban;30 - 35  MPH;Stop And Go Signal;Clear;No;35.30681, -82.455
528;529;No;40-49;46;No;Not Applicable;O: No Injury;Travel Lane;Black;Male;Fayetteville;Cumberland;No;01-01-06;2011-08-06;Motorist Left Turn / Merge;13;Non-Intersection;01-08-01;0001-01-01T08:48:58-04:56;Motorist Left Turn - Opposite Direction;313212;2011;O: No Injury;Commercial;50-59;57;No;16-20 mph;O: No Injury;Black;Male;Pickup;No;No;Daylight;Urban (>70% Developed);6 lanes;2;Straight - Level;Local Street;Dry;Two-Way, Divided, Unprotected Median;None;No Special Feature;Coarse Asphalt;Coastal;Urban;40 - 45  MPH;No Control Present;Clear;No;35.09897, -78.9144
533;534;No;15-Nov;15;No;Facing Traffic;C: Possible Injury;Travel Lane;Black;Male;Winston-Salem;Forsyth;No;01-01-04;2011-08-04;Motorist Failed to Yield - Sign-Controlled Intersection;12;Intersection;01-08-01;0001-01-01T07:57:58-04:56;Motorist Drive Out - Sign-Controlled Intersection;112141;2011;C: Possible Injury;Residential;50-59;50;No;0-5 mph;O: No Injury;Black;Female;Passenger Car;No;No;Daylight;Urban (>70% Developed);2 lanes;2;Straight - Level;Local Street;Dry;Two-Way, Divided, Unprotected Median;None;No Special Feature;Smooth Asphalt;Piedmont;Urban;30 - 35  MPH;Stop Sign;Clear;No;36.07864, -80.278
534;535;No;16-19;18;No;With Traffic;C: Possible Injury;Travel Lane;Black;Male;Charlotte;Mecklenburg;No;01-01-03;2011-08-10;Loss of Control / Turning Error;16;Intersection;01-08-01;0001-01-01T11:16:58-04:56;Bicyclist Lost Control - Oversteering, Improper Braking, Speed;111122;2011;C: Possible Injury;Residential;50-59;56;No;26-30 mph;O: No Injury;White;Female;Passenger Car;No;No;Daylight;Urban (>70% Developed);2 lanes;2;Straight - Grade;Local Street;Dry;Two-Way, Divided, Unprotected Median;None;T-Intersection;Smooth Asphalt;Piedmont;Urban;30 - 35  MPH;Stop Sign;Clear;No;35.2335, -80.8232
535;536;No;15-Nov;12;No;With Traffic;C: Possible Injury;Travel Lane;Hispanic;Male;Charlotte;Mecklenburg;No;01-01-03;2011-08-10;Loss of Control / Turning Error;19;Intersection;01-08-01;0001-01-01T14:40:58-04:56;Motorist Turning Error - Left Turn;111111;2011;C: Possible Injury;Residential;50-59;53;No;6-10 mph;O: No Injury;White;Male;Passenger Car;No;No;Daylight;Rural (<30% Developed);2 lanes;2;Straight - Level;Local Street;Dry;Two-Way, Not Divided;None;No Special Feature;Smooth Asphalt;Piedmont;Urban;20 - 25  MPH;No Control Present;Clear;No;35.2427, -80.7168
540;541;No;25-29;27;No;Facing Traffic;O: No Injury;Bike Lane / Paved Shoulder;White;Male;Raleigh;Wake;No;01-01-05;2011-08-19;Motorist Failed to Yield - Sign-Controlled Intersection;17;Intersection;01-08-01;0001-01-01T12:39:58-04:56;Motorist Drive Out - Sign-Controlled Intersection;122141;2011;O: No Injury;Commercial;50-59;59;No;0-5 mph;O: No Injury;White;Female;Passenger Car;No;Yes;Daylight;Urban (>70% Developed);2 lanes;2;Straight - Level;Local Street;Dry;Two-Way, Not Divided;None;Four-Way Intersection;Coarse Asphalt;Piedmont;Urban;30 - 35  MPH;Stop Sign;Clear;No;35.78922, -78.6938
542;543;No;50-59;54;No;Not Applicable;B: Evident Injury;Travel Lane;Hispanic;Male;Charlotte;Mecklenburg;No;;2011-08-15;Bicyclist Failed to Yield - Midblock;15;Non-Intersection;01-08-01;0001-01-01T10:18:58-04:56;Multiple Threat - Midblock;313357;2011;B: Evident Injury;Commercial;40-49;40;No;26-30 mph;O: No Injury;White;Male;Pickup;No;No;Daylight;Urban (>70% Developed);4 lanes;2;Straight - Level;Local Street;Dry;Two-Way, Not Divided;None;No Special Feature;Smooth Asphalt;Piedmont;Urban;30 - 35  MPH;Double Yellow Line, No Passing Zone;Cloudy;No;35.13783, -80.8793
549;550;Yes;16-19;18;No;Not Applicable;C: Possible Injury;;Black;Male;Greenville;Pitt;No;01-01-05;2011-08-12;Bicyclist Failed to Yield - Midblock;12;Non-Intersection;01-08-01;0001-01-01T07:45:58-04:56;Bicyclist Ride Out - Other Midblock;393318;2011;C: Possible Injury;Institutional;40-49;49;No;6-10 mph;O: No Injury;White;Female;Van;No;No;Daylight;Mixed (30% To 70% Developed);1 lane;2;Straight - Level;Local Street;Dry;One-Way, Not Divided;None;No Special Feature;Smooth Asphalt;Coastal;Urban;5 - 15 MPH;No Control Present;Clear;No;35.6072, -77.3634
550;551;No;10-Jun;9;No;Facing Traffic;O: No Injury;Travel Lane;White;Male;Mooresville;Iredell;No;01-01-05;2011-08-12;Crossing Paths - Other Circumstances;15;Intersection;01-08-01;0001-01-01T10:43:58-04:56;Signalized Intersection - Other /;112158;2011;O: No Injury;Commercial;60-69;61;No;0-5 mph;O: No Injury;White;Male;Passenger Car;No;No;Daylight;Urban (>70% Developed);3 lanes;2;Straight - Level;Local Street;Dry;Two-Way, Not Divided;None;Four-Way Intersection;Smooth Asphalt;Piedmont;Urban;30 - 35  MPH;Stop And Go Signal;Clear;No;35.59534, -80.8164