FID;OBJECTID;AmbulanceR;BikeAge_Gr;Bike_Age;Bike_Alc_D;Bike_Dir;Bike_Injur;Bike_Pos;Bike_Race;Bike_Sex;City;County;CrashAlcoh;CrashDay;Crash_Date;Crash_Grp;Crash_Hour;Crash_Loc;Crash_Mont;Crash_Time;Crash_Type;Crash_Ty_1;Crash_Year;Crsh_Sevri;Developmen;DrvrAge_Gr;Drvr_Age;Drvr_Alc_D;Drvr_EstSp;Drvr_Injur;Drvr_Race;Drvr_Sex;Drvr_VehTy;ExcsSpdInd;Hit_Run;Light_Cond;Locality;Num_Lanes;Num_Units;Rd_Charact;Rd_Class;Rd_Conditi;Rd_Config;Rd_Defects;Rd_Feature;Rd_Surface;Region;Rural_Urba;Speed_Limi;Traff_Cntr;Weather;Workzone_I;Location
554;555;Yes;50-59;52;No;With Traffic;C: Possible Injury;Travel Lane;Black;Male;None - Rural Crash;Stokes;No;01-01-05;2011-08-26;Motorist Overtaking Bicyclist;20;Non-Intersection;01-08-01;0001-01-01T15:39:58-04:56;Motorist Overtaking - Misjudged Space;311232;2011;C: Possible Injury;Farms, Woods, Pastures;;;Missing;41-45 mph;Injury;/Missing;;Passenger Car;No;Yes;Dark - Roadway Not Lighted;Rural (<30% Developed);2 lanes;2;Straight - Level;US Route;Dry;Two-Way, Not Divided;None;No Special Feature;Coarse Asphalt;Piedmont;Rural;40 - 45  MPH;Double Yellow Line, No Passing Zone;Cloudy;No;36.31817, -80.1212
558;559;No;30-39;30;No;With Traffic;B: Evident Injury;Travel Lane;White;Male;Charlotte;Mecklenburg;No;01-01-02;2011-08-16;Motorist Failed to Yield - Signalized Intersection;8;Intersection;01-08-01;0001-01-01T04:00:58-04:56;Motorist Drive Through - Signalized Intersection;111154;2011;B: Evident Injury;Commercial;20-24;22;No;26-30 mph;B: Evident Injury;Black;Female;Motorcycle;No;No;Dawn;Urban (>70% Developed);7 lanes;2;Straight - Level;Local Street;Dry;Two-Way, Not Divided;None;No Special Feature;Smooth Asphalt;Piedmont;Urban;30 - 35  MPH;Stop And Go Signal;Clear;No;35.22565, -80.8453
567;568;Yes;20-24;20;No;Facing Traffic;B: Evident Injury;Sidewalk / Crosswalk / Driveway Crossing;White;Female;None - Rural Crash;Dare;No;01-01-06;2011-08-20;Motorist Failed to Yield - Midblock;11;Non-Intersection;01-08-01;0001-01-01T06:41:58-04:56;Motorist Drive Out - Commercial Driveway / Alley;332322;2011;B: Evident Injury;Commercial;25-29;29;No;;O: No Injury;White;Female;Passenger Car;No;No;Daylight;Urban (>70% Developed);3 lanes;2;Straight - Level;NC Route;Dry;Two-Way, Divided, Unprotected Median;Obstruction In Roadway;T-Intersection;Coarse Asphalt;Coastal;Rural;;No Control Present;Clear;No;36.16869, -75.7553
573;574;No;50-59;53;No;With Traffic;C: Possible Injury;Travel Lane;Black;Male;Winston-Salem;Forsyth;No;01-01-02;2011-08-23;Motorist Overtaking Bicyclist;15;Non-Intersection;01-08-01;0001-01-01T10:13:58-04:56;Motorist Overtaking - Misjudged Space;311232;2011;C: Possible Injury;Residential;;;No;31-35 mph;Injury;/Missing;;Van;No;Yes;Daylight;Urban (>70% Developed);2 lanes;2;Straight - Level;Local Street;Dry;Two-Way, Not Divided;None;No Special Feature;Smooth Asphalt;Piedmont;Urban;30 - 35  MPH;No Control Present;Clear;No;36.10981, -80.2141
576;577;Yes;16-19;19;No;With Traffic;B: Evident Injury;Travel Lane;White;Female;Boone;Watauga;No;01-01-06;2011-08-20;Motorist Failed to Yield - Sign-Controlled Intersection;13;Intersection;01-08-01;0001-01-01T08:14:58-04:56;Motorist Drive Out - Sign-Controlled Intersection;111141;2011;B: Evident Injury;Commercial;;;Missing;0-5 mph;Injury;/Missing;;;No;Yes;Daylight;Urban (>70% Developed);4 lanes;2;Straight - Level;US Route;Wet;Two-Way, Not Divided;None;T-Intersection;Coarse Asphalt;Mountains;Urban;30 - 35  MPH;Stop Sign;Rain;No;36.19982, -81.6598
577;578;No;20-24;21;No;With Traffic;B: Evident Injury;Travel Lane;White;Female;Chapel Hill;Orange;No;01-01-05;2011-08-26;Motorist Right Turn / Merge;12;Intersection;01-08-01;0001-01-01T07:26:58-04:56;Motorist Right Turn - Same Direction;111213;2011;B: Evident Injury;Residential;50-59;52;No;16-20 mph;O: No Injury;White;Female;Pickup;No;No;Daylight;Urban (>70% Developed);3 lanes;2;Straight - Level;Local Street;Dry;Two-Way, Not Divided;None;T-Intersection;Smooth Asphalt;Piedmont;Urban;20 - 25  MPH;No Control Present;Clear;No;35.90886, -79.0593
578;579;Yes;10-Jun;9;No;With Traffic;B: Evident Injury;Travel Lane;White;Male;Sunset Beach;Brunswick;No;01-01-04;2011-08-18;Bicyclist Failed to Yield - Sign-Controlled Intersection;19;Intersection;01-08-01;0001-01-01T14:03:58-04:56;Bicyclist Ride Through - Sign-Controlled Intersection;111144;2011;B: Evident Injury;Residential;50-59;54;No;6-10 mph;O: No Injury;White;Male;Sport Utility;No;No;Daylight;Urban (>70% Developed);2 lanes;2;Straight - Level;Local Street;Dry;Two-Way, Not Divided;None;T-Intersection;Coarse Asphalt;Coastal;Rural;20 - 25  MPH;Stop Sign;Clear;No;33.87114, -78.4983
581;582;No;30-39;31;No;Facing Traffic;O: No Injury;Sidewalk / Crosswalk / Driveway Crossing;White;Male;Fayetteville;Cumberland;No;01-01-04;2011-09-01;Motorist Failed to Yield - Midblock;15;Non-Intersection;01-09-01;0001-01-01T10:36:58-04:56;Motorist Drive Out - Commercial Driveway / Alley;332322;2011;O: No Injury;Commercial;60-69;66;No;6-10 mph;O: No Injury;Black;Female;Passenger Car;No;No;Daylight;Urban (>70% Developed);;2;Straight - Level;Public Vehicular Area;Dry;Two-Way, Not Divided;None;No Special Feature;Coarse Asphalt;Coastal;Urban;30 - 35  MPH;No Control Present;Clear;No;35.05625, -78.8952
587;588;No;15-Nov;12;No;With Traffic;B: Evident Injury;Travel Lane;Black;Male;Durham;Durham;No;01-01-07;2011-09-04;Motorist Overtaking Bicyclist;17;Non-Intersection;01-09-01;0001-01-01T12:33:58-04:56;Motorist Overtaking - Bicyclist Swerved;311235;2011;B: Evident Injury;Residential;0-19;18;No;36-40 mph;O: No Injury;Black;Female;Passenger Car;No;No;Daylight;Mixed (30% To 70% Developed);2 lanes;2;Curve - Level;Local Street;Dry;Two-Way, Not Divided;None;No Special Feature;Smooth Asphalt;Piedmont;Urban;20 - 25  MPH;No Control Present;Clear;No;35.95927, -78.8973
607;608;No;16-19;17;No;Not Applicable;O: No Injury;Non-Roadway;White;Female;Emerald Isle;Carteret;No;01-01-06;2011-09-03;Bicyclist Failed to Yield - Midblock;12;Non-Intersection;01-09-01;0001-01-01T07:19:58-04:56;Bicyclist Ride Out - Other Midblock;363318;2011;O: No Injury;Commercial;30-39;30;No;6-10 mph;O: No Injury;White;Female;Van;No;No;Daylight;Urban (>70% Developed);2 lanes;2;Straight - Level;Local Street;Dry;Two-Way, Not Divided;None;No Special Feature;Smooth Asphalt;Coastal;Rural;20 - 25  MPH;No Control Present;Clear;No;34.66063, -77.0506
622;623;Yes;20-24;20;Yes;With Traffic;K: Killed;Travel Lane;Black;Male;None - Rural Crash;Pitt;Yes;01-01-04;2011-09-15;Motorist Overtaking Bicyclist;3;Non-Intersection;01-09-01;0000-12-31T22:12:58-04:56;Motorist Overtaking - Undetected Bicyclist;311231;2011;K: Killed;Farms, Woods, Pastures;50-59;59;No;51-55 mph;C: Possible Injury;Black;Male;Passenger Car;No;No;Dark - Roadway Not Lighted;Rural (<30% Developed);4 lanes;2;Straight - Level;NC Route;Dry;Two-Way, Divided, Unprotected Median;None;No Special Feature;Coarse Asphalt;Coastal;Rural;50 - 55  MPH;No Control Present;Clear;No;35.74123, -77.3593
624;625;Yes;16-19;16;No;With Traffic;B: Evident Injury;Travel Lane;Black;Male;Fayetteville;Cumberland;No;01-01-02;2011-09-06;Motorist Failed to Yield - Sign-Controlled Intersection;18;Intersection;01-09-01;0001-01-01T13:48:58-04:56;Motorist Drive Out - Sign-Controlled Intersection;111141;2011;B: Evident Injury;Residential;40-49;47;No;41-45 mph;O: No Injury;Black;Female;Passenger Car;Yes;No;Daylight;Urban (>70% Developed);2 lanes;2;Straight - Level;Local Street;Wet;Two-Way, Not Divided;None;Four-Way Intersection;Coarse Asphalt;Coastal;Urban;20 - 25  MPH;Stop Sign;Rain;No;35.02265, -78.9915
625;626;No;20-24;21;No;With Traffic;C: Possible Injury;Other;White;Male;Stedman;Cumberland;No;01-01-04;2011-09-08;Motorist Right Turn / Merge;18;Intersection;01-09-01;0001-01-01T13:34:58-04:56;Motorist Right Turn - Same Direction;181213;2011;C: Possible Injury;Commercial;;;Missing;11-15 mph;Injury;/Missing;;;No;Yes;Daylight;Urban (>70% Developed);2 lanes;2;Straight - Level;State Secondary Route;Dry;Two-Way, Not Divided;None;Related To Intersection;Smooth Asphalt;Coastal;Rural;30 - 35  MPH;No Control Present;Clear;No;35.0136, -78.6936
628;629;Yes;40-49;48;No;With Traffic;B: Evident Injury;Travel Lane;White;Male;None - Rural Crash;Wake;No;01-01-05;2011-09-16;Motorist Overtaking Bicyclist;19;Non-Intersection;01-09-01;0001-01-01T14:31:58-04:56;Motorist Overtaking - Other /;311239;2011;B: Evident Injury;Residential;40-49;44;No;31-35 mph;O: No Injury;White;Female;Passenger Car;No;No;Dark - Roadway Not Lighted;Urban (>70% Developed);2 lanes;2;Straight - Level;State Secondary Route;Dry;Two-Way, Not Divided;None;No Special Feature;Coarse Asphalt;Piedmont;Rural;30 - 35  MPH;Double Yellow Line, No Passing Zone;Cloudy;No;35.71126, -78.6142
631;632;Yes;50-59;51;No;Facing Traffic;C: Possible Injury;Sidewalk / Crosswalk / Driveway Crossing;Black;Male;Carrboro;Orange;No;;2011-09-12;Motorist Failed to Yield - Midblock;14;Non-Intersection;01-09-01;0001-01-01T09:12:58-04:56;Motorist Drive Out - Commercial Driveway / Alley;332322;2011;C: Possible Injury;Commercial;40-49;42;No;11-15 mph;O: No Injury;White;Male;Pickup;No;No;Daylight;Urban (>70% Developed);4 lanes;2;Straight - Level;;Dry;Two-Way, Not Divided;None;Driveway, Public;Smooth Asphalt;Piedmont;Urban;30 - 35  MPH;No Control Present;Clear;No;35.91093, -79.0673
637;638;No;50-59;53;No;Not Applicable;B: Evident Injury;Non-Roadway;White;Male;Raleigh;Wake;No;;2011-09-19;Non-Roadway;6;Non-Roadway;01-09-01;0001-01-01T02:01:58-04:56;Non-Roadway;460910;2011;B: Evident Injury;Commercial;50-59;54;No;0-5 mph;O: No Injury;White;Male;Passenger Car;No;No;Dawn;Mixed (30% To 70% Developed);;2;Straight - Level;Public Vehicular Area;Dry;Two-Way, Not Divided;None;Driveway, Public;Smooth Asphalt;Piedmont;Urban;30 - 35  MPH;No Control Present;Cloudy;No;35.85872, -78.712
638;639;No;;;Missing;With Traffic;Injury;Travel Lane;/Missing;;None - Rural Crash;Nash;No;01-01-04;2011-09-15;Motorist Failed to Yield - Sign-Controlled Intersection;1;Intersection;01-09-01;0000-12-31T20:06:58-04:56;Motorist Drive Out - Sign-Controlled Intersection;111141;2011;O: No Injury;Farms, Woods, Pastures;25-29;29;No;0-5 mph;O: No Injury;White;Male;Passenger Car;No;No;Dark - Roadway Not Lighted;Rural (<30% Developed);4 lanes;2;Straight - Grade;NC Route;Dry;Two-Way, Divided, Unprotected Median;None;Y-Intersection;Coarse Asphalt;Coastal;Rural;50 - 55  MPH;Stop Sign;Clear;No;35.98481, -77.9815
641;642;Yes;25-29;25;No;With Traffic;B: Evident Injury;Travel Lane;White;Male;Winston-Salem;Forsyth;No;01-01-04;2011-09-15;Bicyclist Failed to Yield - Sign-Controlled Intersection;16;Intersection;01-09-01;0001-01-01T11:04:58-04:56;Bicyclist Ride Through - Sign-Controlled Intersection;111144;2011;B: Evident Injury;Residential;40-49;48;No;;O: No Injury;White;Male;Passenger Car;No;No;Daylight;Urban (>70% Developed);2 lanes;2;Straight - Level;Local Street;Dry;Two-Way, Not Divided;None;Four-Way Intersection;Smooth Asphalt;Piedmont;Urban;30 - 35  MPH;Stop Sign;Clear;No;36.08807, -80.2762
651;652;Yes;50-59;55;No;Facing Traffic;C: Possible Injury;Sidewalk / Crosswalk / Driveway Crossing;Black;Male;Jacksonville;Onslow;No;01-01-02;2011-09-20;Motorist Failed to Yield - Signalized Intersection;8;Intersection;01-09-01;0001-01-01T03:03:58-04:56;Motorist Drive Out - Right Turn on Red;132151;2011;C: Possible Injury;Commercial;30-39;33;No;6-10 mph;O: No Injury;Black;Female;Passenger Car;No;No;Daylight;Urban (>70% Developed);6 lanes;2;Straight - Level;US Route;Dry;Two-Way, Not Divided;None;Four-Way Intersection;Smooth Asphalt;Coastal;Urban;40 - 45  MPH;Stop And Go Signal;Cloudy;No;34.7607, -77.4154
655;656;Yes;20-24;23;No;Facing Traffic;C: Possible Injury;Sidewalk / Crosswalk / Driveway Crossing;Other;Male;Raleigh;Wake;No;;2011-09-26;Motorist Failed to Yield - Signalized Intersection;9;Intersection;01-09-01;0001-01-01T04:49:58-04:56;Motorist Drive Out - Signalized Intersection;132152;2011;C: Possible Injury;Residential;;;Missing;41-45 mph;Injury;/Missing;;;No;Yes;Daylight;Urban (>70% Developed);5 lanes;2;Straight - Level;Local Street;Dry;Two-Way, Not Divided;None;No Special Feature;Concrete;Piedmont;Urban;40 - 45  MPH;Stop And Go Signal;Clear;No;35.76911, -78.6913
656;657;No;40-49;48;No;Facing Traffic;B: Evident Injury;Sidewalk / Crosswalk / Driveway Crossing;Black;Male;Charlotte;Mecklenburg;Yes;01-01-03;2011-09-21;Motorist Failed to Yield - Midblock;9;Non-Intersection;01-09-01;0001-01-01T04:08:58-04:56;Motorist Drive Out - Commercial Driveway / Alley;332322;2011;B: Evident Injury;Commercial;25-29;28;Yes;;O: No Injury;White;Male;Passenger Car;No;No;Daylight;Urban (>70% Developed);2 lanes;2;Straight - Grade;Local Street;Wet;One-Way, Not Divided;None;Driveway, Public;Concrete;Piedmont;Urban;30 - 35  MPH;No Control Present;Cloudy;No;35.20109, -80.8434
658;659;Yes;70+;;No;Not Applicable;O: No Injury;Non-Roadway;White;Female;Raleigh;Wake;No;01-01-03;2011-09-21;Non-Roadway;18;Non-Roadway;01-09-01;0001-01-01T13:38:58-04:56;Non-Roadway;460910;2011;O: No Injury;Commercial;;;Missing;0-5 mph;Injury;/Missing;;Passenger Car;No;No;Daylight;Urban (>70% Developed);2 lanes;2;Straight - Grade;Public Vehicular Area;Dry;Two-Way, Not Divided;None;Driveway, Public;Smooth Asphalt;Piedmont;Urban;5 - 15 MPH;No Control Present;Clear;No;35.88649, -78.5666
662;663;No;20-24;20;No;With Traffic;C: Possible Injury;Travel Lane;White;Male;Raleigh;Wake;No;01-01-02;2011-09-20;Crossing Paths - Other Circumstances;18;Intersection;01-09-01;0001-01-01T13:44:58-04:56;Sign-Controlled Intersection - Other /;111148;2011;C: Possible Injury;Institutional;25-29;25;No;6-10 mph;O: No Injury;Black;Male;Passenger Car;No;No;Daylight;Urban (>70% Developed);3 lanes;2;Straight - Grade;Local Street;Dry;Two-Way, Not Divided;None;No Special Feature;Coarse Asphalt;Piedmont;Urban;20 - 25  MPH;Stop Sign;Clear;No;35.78699, -78.6746
663;664;Yes;15-Nov;11;No;Facing Traffic;B: Evident Injury;Travel Lane;Black;Female;Raleigh;Wake;No;01-01-03;2011-09-07;Bicyclist Failed to Yield - Sign-Controlled Intersection;17;Intersection;01-09-01;0001-01-01T12:37:58-04:56;Bicyclist Ride Through - Sign-Controlled Intersection;112144;2011;B: Evident Injury;Residential;20-24;24;No;21-25 mph;O: No Injury;Black;Male;Passenger Car;No;No;Daylight;Urban (>70% Developed);4 lanes;2;Straight - Level;Local Street;Dry;Two-Way, Not Divided;None;Four-Way Intersection;Smooth Asphalt;Piedmont;Urban;20 - 25  MPH;Stop Sign;Clear;No;35.7683, -78.6029
669;670;Yes;60-69;60;No;With Traffic;C: Possible Injury;Travel Lane;White;Male;None - Rural Crash;Franklin;No;01-01-02;2011-09-13;Motorist Overtaking Bicyclist;7;Non-Intersection;01-09-01;0001-01-01T02:37:58-04:56;Motorist Overtaking - Misjudged Space;311232;2011;C: Possible Injury;Farms, Woods, Pastures;30-39;34;No;36-40 mph;O: No Injury;White;Female;Passenger Car;No;No;Daylight;Rural (<30% Developed);2 lanes;2;Straight - Grade;State Secondary Route;Dry;Two-Way, Not Divided;None;No Special Feature;Smooth Asphalt;Piedmont;Rural;50 - 55  MPH;No Control Present;Clear;No;36.07758, -78.4977
671;672;Yes;10-Jun;10;No;Not Applicable;A: Disabling Injury;Driveway / Alley;Hispanic;Female;None - Rural Crash;Randolph;No;01-01-05;2011-09-30;Bicyclist Failed to Yield - Midblock;14;Non-Intersection;01-09-01;0001-01-01T09:10:58-04:56;Bicyclist Ride Out - Residential Driveway;353311;2011;A: Disabling Injury;Residential;60-69;66;No;16-20 mph;O: No Injury;White;Female;Passenger Car;No;No;Daylight;Urban (>70% Developed);2 lanes;2;Straight - Grade;State Secondary Route;Dry;Two-Way, Not Divided;None;Driveway, Private;Coarse Asphalt;Piedmont;Rural;30 - 35  MPH;No Control Present;Clear;No;35.67213, -79.8193
673;674;Yes;10-Jun;9;No;Facing Traffic;B: Evident Injury;Travel Lane;Hispanic;Male;Raleigh;Wake;No;01-01-07;2011-10-02;Parallel Paths - Other Circumstances;15;Non-Intersection;01-10-01;0001-01-01T10:25:58-04:56;Parallel Paths - Other /;312280;2011;B: Evident Injury;Residential;20-24;20;No;16-20 mph;O: No Injury;Black;Male;Passenger Car;No;No;Daylight;Urban (>70% Developed);2 lanes;2;Curve - Level;Local Street;Dry;Two-Way, Not Divided;None;No Special Feature;Smooth Asphalt;Piedmont;Urban;5 - 15 MPH;No Control Present;Clear;No;35.73716, -78.5747
674;675;Yes;15-Nov;15;No;Not Applicable;B: Evident Injury;Non-Roadway;White;Male;Columbia;Tyrrell;No;;2011-09-05;Bicyclist Failed to Yield - Midblock;18;Non-Intersection;01-09-01;0001-01-01T13:53:58-04:56;Bicyclist Ride Out - Commercial Driveway / Alley;363312;2011;B: Evident Injury;Residential;60-69;66;No;11-15 mph;O: No Injury;White;Male;Pickup;No;No;Daylight;Urban (>70% Developed);2 lanes;2;Straight - Level;Local Street;Dry;Two-Way, Not Divided;None;No Special Feature;Smooth Asphalt;Coastal;Rural;20 - 25  MPH;No Control Present;Clear;No;35.91894, -76.2526
681;682;No;30-39;30;No;With Traffic;O: No Injury;Travel Lane;Black;Male;Durham;Durham;No;01-01-03;2011-10-05;Bicyclist Failed to Yield - Signalized Intersection;10;Intersection;01-10-01;0001-01-01T05:51:58-04:56;Bicyclist Ride Through - Signalized Intersection;111155;2011;O: No Injury;Commercial;30-39;32;No;31-35 mph;O: No Injury;White;Female;Passenger Car;No;No;Daylight;Urban (>70% Developed);2 lanes;2;Straight - Level;Local Street;Dry;One-Way, Not Divided;None;No Special Feature;Smooth Asphalt;Piedmont;Urban;30 - 35  MPH;Stop And Go Signal;Clear;No;36.03669, -78.8958
683;684;Yes;15-Nov;15;No;With Traffic;C: Possible Injury;Sidewalk / Crosswalk / Driveway Crossing;Black;Male;Wilmington;New Hanover;No;01-01-04;2011-09-22;Loss of Control / Turning Error;8;Intersection;01-09-01;0001-01-01T03:05:58-04:56;Bicyclist Lost Control - Other /;131129;2011;C: Possible Injury;Residential;40-49;47;No;16-20 mph;O: No Injury;White;Female;Sport Utility;No;No;Daylight;Urban (>70% Developed);2 lanes;2;Straight - Level;Local Street;Dry;One-Way, Not Divided;Debris;No Special Feature;Smooth Asphalt;Coastal;Urban;30 - 35  MPH;No Control Present;Clear;No;34.23318, -77.9284
688;689;Yes;15-Nov;12;No;Facing Traffic;C: Possible Injury;Sidewalk / Crosswalk / Driveway Crossing;Asian;Male;Cary;Wake;No;01-01-04;2011-09-29;Bicyclist Failed to Yield - Signalized Intersection;7;Intersection;01-09-01;0001-01-01T02:42:58-04:56;Bicyclist Ride Through - Signalized Intersection;132155;2011;C: Possible Injury;Residential;40-49;48;No;0-5 mph;O: No Injury;White;Female;Passenger Car;No;No;Daylight;Urban (>70% Developed);5 lanes;2;Straight - Bottom;State Secondary Route;Dry;Two-Way, Divided, Unprotected Median;None;Four-Way Intersection;Smooth Asphalt;Piedmont;Urban;40 - 45  MPH;Stop And Go Signal;Clear;No;35.77367, -78.846
691;692;No;;;No;Not Applicable;Injury;Sidewalk / Crosswalk / Driveway Crossing;/Missing;;Carolina Beach;New Hanover;No;01-01-03;2011-09-07;Motorist Left Turn / Merge;14;Intersection;01-09-01;0001-01-01T09:23:58-04:56;Motorist Left Turn - Opposite Direction;133212;2011;O: No Injury;Residential;25-29;27;No;6-10 mph;O: No Injury;White;Female;Sport Utility;No;No;Daylight;Urban (>70% Developed);3 lanes;2;Straight - Level;.;Dry;Two-Way, Not Divided;None;No Special Feature;Smooth Asphalt;Coastal;Urban;20 - 25  MPH;Stop And Go Signal;Clear;No;34.03635, -77.8938
696;697;No;20-24;22;No;Facing Traffic;B: Evident Injury;Sidewalk / Crosswalk / Driveway Crossing;Black;Female;Huntersville;Mecklenburg;No;01-01-05;2011-09-30;Motorist Failed to Yield - Signalized Intersection;6;Intersection;01-09-01;0001-01-01T01:22:58-04:56;Motorist Drive Out - Right Turn on Red;132151;2011;B: Evident Injury;Commercial;0-19;16;No;6-10 mph;O: No Injury;White;Female;Passenger Car;No;No;Dark - Roadway Not Lighted;Urban (>70% Developed);3 lanes;2;Straight - Level;Local Street;Dry;Two-Way, Divided, Positive Median Barrier;None;Four-Way Intersection;Smooth Asphalt;Piedmont;Urban;30 - 35  MPH;Stop And Go Signal;Clear;No;35.40616, -80.8659
698;699;No;25-29;26;No;With Traffic;C: Possible Injury;Travel Lane;White;Male;Wilmington;New Hanover;No;01-01-03;2011-10-05;Motorist Failed to Yield - Midblock;13;Non-Intersection;01-10-01;0001-01-01T08:06:58-04:56;Motorist Drive Out - Commercial Driveway / Alley;311322;2011;C: Possible Injury;Commercial;20-24;21;No;6-10 mph;O: No Injury;White;Female;Passenger Car;No;No;Daylight;Urban (>70% Developed);8 lanes;2;Straight - Level;NC Route;Dry;Two-Way, Divided, Unprotected Median;None;No Special Feature;Smooth Asphalt;Coastal;Urban;40 - 45  MPH;Stop And Go Signal;Clear;No;34.22983, -77.8776
699;700;Yes;16-19;19;No;With Traffic;B: Evident Injury;Sidewalk / Crosswalk / Driveway Crossing;Black;Male;Charlotte;Mecklenburg;No;01-01-02;2011-10-04;Motorist Right Turn / Merge;17;Intersection;01-10-01;0001-01-01T12:52:58-04:56;Motorist Right Turn - Same Direction;131213;2011;B: Evident Injury;Commercial;20-24;21;No;21-25 mph;O: No Injury;White;Female;Passenger Car;No;No;Daylight;Urban (>70% Developed);3 lanes;2;Straight - Level;Local Street;Dry;Two-Way, Divided, Unprotected Median;None;No Special Feature;Smooth Asphalt;Piedmont;Urban;30 - 35  MPH;Stop And Go Signal;Clear;No;35.25496, -80.8008
701;702;No;;;No;With Traffic;Injury;Travel Lane;/Missing;;Wilmington;New Hanover;No;;2011-10-03;Motorist Overtaking Bicyclist;5;Non-Intersection;01-10-01;0001-01-01T00:06:58-04:56;Motorist Overtaking - Undetected Bicyclist;311231;2011;O: No Injury;Residential;30-39;33;No;41-45 mph;O: No Injury;White;Male;Pickup;No;No;Dark - Lighted Roadway;Urban (>70% Developed);4 lanes;2;Straight - Level;Local Street;Dry;Two-Way, Divided, Positive Median Barrier;None;No Special Feature;Coarse Asphalt;Coastal;Urban;40 - 45  MPH;No Control Present;Clear;No;34.24118, -77.8563
786;787;No;40-49;40;No;With Traffic;C: Possible Injury;Travel Lane;Black;Male;Raleigh;Wake;No;01-01-07;2011-11-13;Crossing Paths - Other Circumstances;23;Intersection;01-11-01;0001-01-01T19:00:58-04:56;Signalized Intersection - Other /;111158;2011;C: Possible Injury;Commercial;;;Missing;6-10 mph;Injury;/Missing;;Passenger Car;No;Yes;Dark - Lighted Roadway;Urban (>70% Developed);7 lanes;2;Straight - Hillcrest;Local Street;Dry;Two-Way, Divided, Unprotected Median;None;No Special Feature;Smooth Asphalt;Piedmont;Urban;40 - 45  MPH;Stop And Go Signal;Clear;No;35.78424, -78.6938
793;794;No;30-39;37;No;With Traffic;B: Evident Injury;Travel Lane;White;Male;None - Rural Crash;Pender;No;01-01-04;2011-10-06;Loss of Control / Turning Error;12;Non-Intersection;01-10-01;0001-01-01T07:15:58-04:56;Bicyclist Lost Control - Other /;311129;2011;B: Evident Injury;Farms, Woods, Pastures;50-59;59;No;41-45 mph;O: No Injury;White;Female;Van;No;No;Daylight;Rural (<30% Developed);4 lanes;3;Straight - Level;US Route;Dry;Two-Way, Divided, Unprotected Median;None;No Special Feature;Coarse Asphalt;Coastal;Rural;50 - 55  MPH;No Control Present;Cloudy;No;34.31956, -77.7682
797;798;Yes;60-69;67;No;With Traffic;A: Disabling Injury;Travel Lane;White;Female;Wilmington;New Hanover;No;01-01-03;2011-10-26;Motorist Failed to Yield - Sign-Controlled Intersection;17;Intersection;01-10-01;0001-01-01T12:29:58-04:56;Motorist Drive Out - Sign-Controlled Intersection;111141;2011;A: Disabling Injury;Residential;40-49;49;No;6-10 mph;O: No Injury;White;Female;Sport Utility;No;No;Daylight;Urban (>70% Developed);2 lanes;2;Straight - Level;Local Street;Dry;Two-Way, Not Divided;None;Four-Way Intersection;Coarse Asphalt;Coastal;Urban;20 - 25  MPH;Yield Sign;Clear;No;34.24399, -77.8377
799;800;No;40-49;46;No;;C: Possible Injury;Sidewalk / Crosswalk / Driveway Crossing;Hispanic;Male;Charlotte;Mecklenburg;No;01-01-02;2011-11-15;Other /  - Insufficient Details;11;Intersection;01-11-01;0001-01-01T06:04:58-04:56;Approach Paths;139970;2011;C: Possible Injury;Commercial;50-59;53;No;41-45 mph;O: No Injury;White;Female;Pickup;No;No;Daylight;Urban (>70% Developed);2 lanes;2;Straight - Level;Local Street;Dry;Two-Way, Divided, Positive Median Barrier;None;No Special Feature;Smooth Asphalt;Piedmont;Urban;40 - 45  MPH;Stop And Go Signal;Cloudy;No;35.25988, -80.7771
800;801;No;20-24;20;No;With Traffic;C: Possible Injury;Sidewalk / Crosswalk / Driveway Crossing;White;Male;Conover;Catawba;No;01-01-07;2011-11-20;Motorist Failed to Yield - Sign-Controlled Intersection;8;Intersection;01-11-01;0001-01-01T03:23:58-04:56;Motorist Drive Out - Sign-Controlled Intersection;131141;2011;C: Possible Injury;Residential;40-49;41;No;0-5 mph;O: No Injury;White;Male;Passenger Car;No;No;Daylight;Urban (>70% Developed);2 lanes;2;Straight - Hillcrest;Local Street;Dry;Two-Way, Not Divided;None;T-Intersection;Smooth Asphalt;Piedmont;Urban;30 - 35  MPH;Stop Sign;Clear;No;35.7065, -81.2005
827;828;Yes;16-19;16;No;;C: Possible Injury;Travel Lane;Black;Male;Raleigh;Wake;No;01-01-04;2011-12-01;Motorist Failed to Yield - Sign-Controlled Intersection;19;Intersection;01-12-01;0001-01-01T14:14:58-04:56;Motorist Drive Out - Sign-Controlled Intersection;119141;2011;C: Possible Injury;Residential;20-24;20;No;16-20 mph;O: No Injury;Black;Male;Passenger Car;No;No;Dark - Lighted Roadway;Urban (>70% Developed);2 lanes;2;Straight - Level;Local Street;Dry;Two-Way, Divided, Unprotected Median;None;T-Intersection;Smooth Asphalt;Piedmont;Urban;30 - 35  MPH;Stop Sign;Clear;No;35.79022, -78.5475