FID;OBJECTID;AmbulanceR;BikeAge_Gr;Bike_Age;Bike_Alc_D;Bike_Dir;Bike_Injur;Bike_Pos;Bike_Race;Bike_Sex;City;County;CrashAlcoh;CrashDay;Crash_Date;Crash_Grp;Crash_Hour;Crash_Loc;Crash_Mont;Crash_Time;Crash_Type;Crash_Ty_1;Crash_Year;Crsh_Sevri;Developmen;DrvrAge_Gr;Drvr_Age;Drvr_Alc_D;Drvr_EstSp;Drvr_Injur;Drvr_Race;Drvr_Sex;Drvr_VehTy;ExcsSpdInd;Hit_Run;Light_Cond;Locality;Num_Lanes;Num_Units;Rd_Charact;Rd_Class;Rd_Conditi;Rd_Config;Rd_Defects;Rd_Feature;Rd_Surface;Region;Rural_Urba;Speed_Limi;Traff_Cntr;Weather;Workzone_I;Location
997;998;Yes;30-39;36;No;Facing Traffic;C: Possible Injury;Sidewalk / Crosswalk / Driveway Crossing;White;Male;Winston-Salem;Forsyth;No;;2012-12-10;Motorist Failed to Yield - Sign-Controlled Intersection;23;Intersection;01-12-01;0001-01-01T18:08:58-04:56;Motorist Drive Out - Sign-Controlled Intersection;;2012;C: Possible Injury;Residential;;;No;0-5 mph;Injury;/Missing;;;No;Yes;Dark - Lighted Roadway;Urban (>70% Developed);4 lanes;2;Straight - Level;Local Street;Dry;Two-Way, Not Divided;None;T-Intersection;Smooth Asphalt;Piedmont;Urban;30 - 35  MPH;Stop Sign;Cloudy;No;36.10043, -80.224
1001;1002;Yes;25-29;26;Missing;With Traffic;C: Possible Injury;Bike Lane / Paved Shoulder;White;Male;Charlotte;Mecklenburg;No;01-01-02;2012-12-18;Motorist Left Turn / Merge;13;Intersection;01-12-01;0001-01-01T08:53:58-04:56;Motorist Left Turn - Opposite Direction;;2012;C: Possible Injury;Commercial;25-29;29;No;;O: No Injury;White;Female;Passenger Car;No;No;Daylight;Urban (>70% Developed);3 lanes;2;Straight - Level;Local Street;Dry;Two-Way, Not Divided;None;Four-Way Intersection;Coarse Asphalt;Piedmont;Urban;30 - 35  MPH;No Control Present;Clear;No;35.21083, -80.8566
1006;1007;Yes;20-24;21;No;Facing Traffic;C: Possible Injury;Sidewalk / Crosswalk / Driveway Crossing;Black;Male;Madison;Rockingham;No;01-01-06;2012-12-15;Motorist Failed to Yield - Signalized Intersection;13;Intersection;01-12-01;0001-01-01T08:13:58-04:56;Motorist Drive Out - Signalized Intersection;;2012;C: Possible Injury;Commercial;25-29;25;No;26-30 mph;O: No Injury;Black;Male;Pickup;No;No;Daylight;Urban (>70% Developed);2 lanes;2;Straight - Grade;Local Street;Dry;Two-Way, Divided, Unprotected Median;None;Four-Way Intersection;Smooth Asphalt;Piedmont;Rural;20 - 25  MPH;Stop And Go Signal;Clear;No;36.38874, -79.9617
1008;1009;No;15-Nov;14;No;Not Applicable;O: No Injury;Non-Roadway;Black;Male;Rocky Mount;Nash;No;01-01-04;2012-12-27;Bicyclist Failed to Yield - Midblock;12;Non-Intersection;01-12-01;0001-01-01T07:30:58-04:56;Bicyclist Ride Out - Commercial Driveway / Alley;;2012;O: No Injury;Commercial;60-69;62;No;16-20 mph;O: No Injury;Black;Female;Passenger Car;No;No;Daylight;Urban (>70% Developed);4 lanes;2;Straight - Level;Local Street;Dry;Two-Way, Not Divided;None;No Special Feature;Smooth Asphalt;Coastal;Urban;30 - 35  MPH;No Control Present;Clear;No;35.95585, -77.8214
1017;1018;Yes;30-39;30;Missing;With Traffic;B: Evident Injury;Travel Lane;White;Male;Charlotte;Mecklenburg;No;01-01-07;2012-05-20;Motorist Left Turn / Merge;17;Intersection-Related;01-05-01;0001-01-01T12:22:58-04:56;Motorist Left Turn - Opposite Direction;;2012;B: Evident Injury;Commercial;50-59;56;No;16-20 mph;O: No Injury;Black;Female;Light Truck (Mini-Van, Panel);No;No;Daylight;Urban (>70% Developed);4 lanes;2;Straight - Level;Local Street;Dry;Two-Way, Divided, Unprotected Median;None;Four-Way Intersection;Smooth Asphalt;Piedmont;Urban;40 - 45  MPH;Stop And Go Signal;Clear;No;35.2059, -80.9223
1000;1001;Yes;0-5;0;No;;C: Possible Injury;;White;Male;Wilmington;New Hanover;No;01-01-05;2007-10-19;Bicyclist Failed to Yield - Midblock;8;Non-Intersection;01-10-01;0001-01-01T03:11:58-04:56;Bicyclist Ride Out - Midblock -;399319;2007;C: Possible Injury;Commercial;40-49;47;No;26-30 mph;O: No Injury;White;Male;Sport Utility;No;No;Daylight;Urban (>70% Developed);5 lanes;2;Straight - Level;Local Street;Dry;Two-Way, Divided, Unprotected Median;None;Four-Way Intersection;Smooth Asphalt;Coastal;Urban;30 - 35  MPH;Stop And Go Signal;Clear;No0;34.19839, -77.89428
1;2;Yes;40-49;49;No;With Traffic;O: No Injury;Sidewalk / Crosswalk / Driveway Crossing;Black;Female;Charlotte;Mecklenburg;No;01-01-07;2008-01-27;Parallel Paths - Other Circumstances;8;Non-Intersection;;0001-01-01T03:44:58-04:56;Bicyclist Ride Out - Parallel Path;331225;2008;C: Possible Injury;Commercial;0-19;16;No;;C: Possible Injury;Black;Male;Pedestrian;No;No;Daylight;Urban (>70% Developed);2 lanes;2;Curve - Grade;Local Street;Dry;Two-Way, Not Divided;None;T-Intersection;Smooth Asphalt;Piedmont;Urban;;No Control Present;Clear;No;0.0, 0.0
3;4;Yes;40-49;43;No;With Traffic;O: No Injury;Sidewalk / Crosswalk / Driveway Crossing;White;Male;Charlotte;Mecklenburg;No;01-01-07;2008-02-03;Bicyclist Failed to Yield - Signalized Intersection;23;Intersection;01-02-01;0001-01-01T18:37:58-04:56;Bicyclist Ride Through - Signalized Intersection;131155;2008;O: No Injury;Commercial;25-29;25;No;26-30 mph;O: No Injury;Black;Female;Passenger Car;No;No;Dark - Lighted Roadway;Urban (>70% Developed);3 lanes;2;Straight - Level;Local Street;Dry;Two-Way, Divided, Unprotected Median;None;No Special Feature;Smooth Asphalt;Piedmont;Urban;20 - 25  MPH;Stop And Go Signal;Clear;No;0.0, 0.0
5;6;No;16-19;17;No;With Traffic;C: Possible Injury;Travel Lane;Black;Male;Durham;Durham;No;01-01-02;2008-02-05;Motorist Failed to Yield - Sign-Controlled Intersection;18;Intersection;01-02-01;0001-01-01T13:41:58-04:56;Motorist Drive Out - Sign-Controlled Intersection;111141;2008;C: Possible Injury;Residential;60-69;60;No;0-5 mph;O: No Injury;White;Female;Sport Utility;No;No;Dark - Lighted Roadway;Urban (>70% Developed);2 lanes;2;Straight - Level;Local Street;Dry;Two-Way, Not Divided;None;Four-Way Intersection;Smooth Asphalt;Piedmont;Urban;30 - 35  MPH;Stop Sign;Clear;No;0.0, 0.0
17;18;No;50-59;58;No;With Traffic;B: Evident Injury;Travel Lane;White;Female;Charlotte;Mecklenburg;No;;2008-03-03;Bicyclist Left Turn / Merge;11;Non-Intersection;01-03-01;0001-01-01T06:53:58-04:56;Bicyclist Left Turn - Same Direction;311221;2008;B: Evident Injury;Commercial;60-69;65;No;31-35 mph;O: No Injury;White;Female;Sport Utility;No;No;Daylight;Urban (>70% Developed);4 lanes;2;Straight - Level;Local Street;Dry;Two-Way, Not Divided;None;No Special Feature;Smooth Asphalt;Piedmont;Urban;30 - 35  MPH;No Control Present;Clear;No;0.0, 0.0
18;19;No;40-49;48;No;Facing Traffic;C: Possible Injury;Travel Lane;White;Male;Charlotte;Mecklenburg;No;01-01-07;2008-03-09;Crossing Paths - Other Circumstances;12;Intersection;01-03-01;0001-01-01T07:33:58-04:56;Signalized Intersection - Other /;112158;2008;C: Possible Injury;Commercial;30-39;39;No;0-5 mph;O: No Injury;Hispanic;Male;Sport Utility;No;No;Daylight;Urban (>70% Developed);4 lanes;2;Straight - Level;Local Street;Dry;Two-Way, Divided, Positive Median Barrier;None;No Special Feature;Smooth Asphalt;Piedmont;Urban;40 - 45  MPH;Stop And Go Signal;Clear;No;0.0, 0.0
27;28;No;16-19;19;No;With Traffic;C: Possible Injury;Travel Lane;White;Male;None - Rural Crash;Nash;No;01-01-06;2008-01-05;Other / Unusual Circumstances;16;Non-Intersection;;0001-01-01T11:33:58-04:56;Unusual Circumstances;311800;2008;C: Possible Injury;Residential;40-49;41;No;;O: No Injury;White;Female;Passenger Car;No;No;Daylight;Mixed (30% To 70% Developed);;2;;State Secondary Route;Dry;;None;No Special Feature;;Coastal;Rural;;Missing;Clear;No;0.0, 0.0
29;30;Yes;10-Jun;8;No;Not Applicable;C: Possible Injury;Travel Lane;White;Female;None - Rural Crash;Harnett;No;01-01-07;2008-01-06;Non-Roadway;17;Non-Roadway;;0001-01-01T12:53:58-04:56;Non-Roadway;410910;2008;C: Possible Injury;Residential;;;Missing;26-30 mph;Injury;/Missing;;;No;Yes;Dark - Roadway Not Lighted;Rural (<30% Developed);2 lanes;2;Straight - Level;Public Vehicular Area;Dry;Two-Way, Not Divided;None;No Special Feature;Smooth Asphalt;Coastal;Rural;20 - 25  MPH;No Control Present;Clear;No;0.0, 0.0
32;33;Yes;15-Nov;13;No;With Traffic;B: Evident Injury;Bike Lane / Paved Shoulder;White;Female;None - Rural Crash;Halifax;No;01-01-02;2008-01-08;Parallel Paths - Other Circumstances;15;Non-Intersection;;0001-01-01T11:01:58-04:56;Bicyclist Ride Out - Parallel Path;321225;2008;B: Evident Injury;Residential;25-29;26;No;31-35 mph;O: No Injury;Black;Male;Passenger Car;No;No;Daylight;Mixed (30% To 70% Developed);2 lanes;2;Curve - Level;State Secondary Route;Dry;Two-Way, Not Divided;None;Four-Way Intersection;Smooth Asphalt;Coastal;Rural;40 - 45  MPH;Double Yellow Line, No Passing Zone;Cloudy;No;0.0, 0.0
44;45;Yes;40-49;44;Yes;With Traffic;Injury;Driveway / Alley;Black;Female;Raleigh;Wake;Yes;01-01-05;2008-01-11;Parallel Paths - Other Circumstances;20;Intersection;;0001-01-01T15:18:58-04:56;Parallel Paths - Other /;151280;2008;O: No Injury;Residential;30-39;38;No;0-5 mph;O: No Injury;Black;Male;Passenger Car;No;No;Dark - Lighted Roadway;Urban (>70% Developed);4 lanes;2;Straight - Level;Local Street;Dry;Two-Way, Not Divided;None;Driveway, Public;Smooth Asphalt;Piedmont;Urban;30 - 35  MPH;No Control Present;Clear;No;0.0, 0.0
49;50;No;15-Nov;15;No;Facing Traffic;C: Possible Injury;Sidewalk / Crosswalk / Driveway Crossing;White;Male;Belmont;Gaston;No;01-01-02;2008-01-15;Motorist Failed to Yield - Sign-Controlled Intersection;7;Intersection;;0001-01-01T02:53:58-04:56;Motorist Drive Out - Sign-Controlled Intersection;132141;2008;C: Possible Injury;Residential;70+;;No;0-5 mph;O: No Injury;White;Male;Passenger Car;No;No;Daylight;Urban (>70% Developed);2 lanes;2;Straight - Level;Local Street;Dry;Two-Way, Not Divided;None;Related To Intersection;Smooth Asphalt;Piedmont;Urban;30 - 35  MPH;Stop Sign;Clear;No;0.0, 0.0
63;64;Yes;40-49;41;No;With Traffic;C: Possible Injury;Travel Lane;White;Male;None - Rural Crash;Cumberland;No;01-01-05;2008-01-25;Motorist Overtaking Bicyclist;10;Non-Intersection;;0001-01-01T05:23:58-04:56;Motorist Overtaking - Misjudged Space;311232;2008;C: Possible Injury;Residential;30-39;33;No;31-35 mph;O: No Injury;White;Female;Sport Utility;No;No;Daylight;Mixed (30% To 70% Developed);2 lanes;2;Straight - Level;State Secondary Route;Dry;Two-Way, Not Divided;None;No Special Feature;Smooth Asphalt;Coastal;Rural;40 - 45  MPH;Double Yellow Line, No Passing Zone;Clear;No;0.0, 0.0
66;67;No;30-39;33;No;With Traffic;C: Possible Injury;Travel Lane;White;Male;Asheville;Buncombe;No;01-01-06;2008-01-26;Motorist Right Turn / Merge;13;Intersection;;0001-01-01T09:02:58-04:56;Motorist Right Turn - Same Direction;111213;2008;C: Possible Injury;Commercial;30-39;39;No;11-15 mph;O: No Injury;White;Female;Passenger Car;No;No;Daylight;Urban (>70% Developed);5 lanes;2;Straight - Hillcrest;Local Street;Dry;Two-Way, Not Divided;None;Four-Way Intersection;Smooth Asphalt;Mountains;Urban;40 - 45  MPH;Stop And Go Signal;Clear;No;0.0, 0.0
69;70;Yes;16-19;18;No;With Traffic;B: Evident Injury;Travel Lane;White;Male;None - Rural Crash;New Hanover;No;;2008-01-28;Motorist Overtaking Bicyclist;0;Non-Intersection;;0000-12-31T19:18:58-04:56;Motorist Overtaking - Undetected Bicyclist;311231;2008;B: Evident Injury;Residential;20-24;21;No;41-45 mph;O: No Injury;White;Male;Passenger Car;No;No;Dark - Roadway Not Lighted;Mixed (30% To 70% Developed);4 lanes;2;Straight - Level;US Route;Dry;Two-Way, Divided, Unprotected Median;None;No Special Feature;Smooth Asphalt;Coastal;Rural;40 - 45  MPH;Missing;Clear;No;0.0, 0.0
70;71;No;60-69;69;No;With Traffic;C: Possible Injury;Travel Lane;White;Male;Weaverville;Buncombe;No;01-01-02;2008-01-29;Motorist Overtaking Bicyclist;16;Non-Intersection;;0001-01-01T11:38:58-04:56;Motorist Overtaking - Misjudged Space;311232;2008;C: Possible Injury;Residential;20-24;24;No;41-45 mph;O: No Injury;White;Female;Passenger Car;No;No;Daylight;Urban (>70% Developed);2 lanes;2;Curve - Level;Local Street;Dry;Two-Way, Not Divided;None;No Special Feature;Smooth Asphalt;Mountains;Rural;40 - 45  MPH;Missing;Cloudy;No;0.0, 0.0
79;80;No;15-Nov;13;No;Facing Traffic;C: Possible Injury;Sidewalk / Crosswalk / Driveway Crossing;Black;Male;Raleigh;Wake;No;01-01-05;2008-02-01;Motorist Failed to Yield - Sign-Controlled Intersection;20;Intersection-Related;01-02-01;0001-01-01T15:11:58-04:56;Motorist Drive Out - Sign-Controlled Intersection;232141;2008;C: Possible Injury;Residential;30-39;39;No;0-5 mph;O: No Injury;White;Male;Sport Utility;No;No;Dusk;Urban (>70% Developed);2 lanes;2;Straight - Level;Local Street;Dry;Two-Way, Not Divided;None;No Special Feature;Smooth Asphalt;Piedmont;Urban;20 - 25  MPH;Stop Sign;Clear;No;0.0, 0.0
87;88;No;40-49;43;No;With Traffic;B: Evident Injury;Travel Lane;White;Male;Chapel Hill;Orange;No;;2008-02-04;Motorist Right Turn / Merge;13;Intersection;01-02-01;0001-01-01T08:30:58-04:56;Motorist Right Turn - Same Direction;111213;2008;B: Evident Injury;Residential;0-19;19;No;26-30 mph;O: No Injury;White;Male;Passenger Car;No;No;Daylight;Urban (>70% Developed);2 lanes;2;Curve - Grade;Local Street;Dry;Two-Way, Not Divided;None;T-Intersection;Smooth Asphalt;Piedmont;Urban;30 - 35  MPH;Stop Sign;Clear;No;0.0, 0.0
89;90;No;60-69;68;No;Facing Traffic;C: Possible Injury;Travel Lane;Black;Male;Ahoskie;Hertford;No;;2008-02-04;Motorist Failed to Yield - Sign-Controlled Intersection;13;Intersection;01-02-01;0001-01-01T08:41:58-04:56;Motorist Drive Through - Sign-Controlled Intersection;112143;2008;C: Possible Injury;Residential;70+;;No;6-10 mph;O: No Injury;Black;Female;Passenger Car;No;No;Daylight;Urban (>70% Developed);2 lanes;2;Straight - Level;Local Street;Dry;Two-Way, Not Divided;None;Y-Intersection;Smooth Asphalt;Coastal;Rural;30 - 35  MPH;Stop Sign;Clear;No;0.0, 0.0
91;92;No;30-39;38;Yes;With Traffic;C: Possible Injury;Travel Lane;White;Male;Bayboro;Pamlico;Yes;01-01-03;2008-04-09;Bicyclist Left Turn / Merge;20;Non-Intersection;01-04-01;0001-01-01T15:21:58-04:56;Bicyclist Left Turn - Opposite Direction;311222;2008;C: Possible Injury;Farms, Woods, Pastures;60-69;64;No;21-25 mph;O: No Injury;White;Male;Van;No;No;Dark - Roadway Not Lighted;Mixed (30% To 70% Developed);3 lanes;2;Straight - Level;NC Route;Dry;Two-Way, Divided, Unprotected Median;None;No Special Feature;Smooth Asphalt;Coastal;Rural;30 - 35  MPH;No Control Present;Clear;No;0.0, 0.0
92;93;Yes;40-49;45;No;Facing Traffic;B: Evident Injury;Other;White;Male;Cary;Wake;No;01-01-06;2008-04-19;Motorist Failed to Yield - Sign-Controlled Intersection;9;Intersection;01-04-01;0001-01-01T04:03:58-04:56;Motorist Drive Out - Sign-Controlled Intersection;182141;2008;B: Evident Injury;Residential;25-29;25;No;0-5 mph;O: No Injury;White;Female;Passenger Car;No;No;Daylight;Urban (>70% Developed);2 lanes;2;Straight - Level;Local Street;Dry;Two-Way, Divided, Unprotected Median;None;T-Intersection;Smooth Asphalt;Piedmont;Urban;20 - 25  MPH;Stop Sign;Clear;Yes;0.0, 0.0
99;100;Yes;60-69;67;No;Facing Traffic;B: Evident Injury;Sidewalk / Crosswalk / Driveway Crossing;White;Male;Hickory;Catawba;No;01-01-04;2008-02-07;Motorist Failed to Yield - Sign-Controlled Intersection;7;Intersection;01-02-01;0001-01-01T02:33:58-04:56;Motorist Drive Out - Sign-Controlled Intersection;132141;2008;B: Evident Injury;Commercial;60-69;64;No;0-5 mph;O: No Injury;White;Male;Passenger Car;No;No;Daylight;Urban (>70% Developed);2 lanes;2;Straight - Level;Local Street;Dry;Two-Way, Not Divided;None;No Special Feature;Coarse Asphalt;Piedmont;Urban;30 - 35  MPH;Stop Sign;Clear;No;0.0, 0.0
103;104;Yes;40-49;40;No;Facing Traffic;C: Possible Injury;Sidewalk / Crosswalk / Driveway Crossing;White;Male;Charlotte;Mecklenburg;No;01-01-02;2008-04-22;Crossing Paths - Other Circumstances;20;Intersection;01-04-01;0001-01-01T15:41:58-04:56;Signalized Intersection - Other /;132158;2008;C: Possible Injury;Commercial;40-49;40;No;6-10 mph;Injury;/Missing;;Sport Utility;No;Yes;Dark - Lighted Roadway;Mixed (30% To 70% Developed);5 lanes;2;Straight - Level;Local Street;Dry;Two-Way, Divided, Positive Median Barrier;None;Four-Way Intersection;Coarse Asphalt;Piedmont;Urban;40 - 45  MPH;Stop And Go Signal;Cloudy;No;0.0, 0.0
107;108;Yes;25-29;29;No;With Traffic;A: Disabling Injury;Travel Lane;White;Male;None - Rural Crash;Brunswick;No;01-01-04;2008-04-24;Motorist Overtaking Bicyclist;16;Non-Intersection;01-04-01;0001-01-01T11:32:58-04:56;Motorist Overtaking - Misjudged Space;311232;2008;A: Disabling Injury;Commercial;40-49;48;No;41-45 mph;O: No Injury;White;Male;Pickup;No;No;Daylight;Mixed (30% To 70% Developed);2 lanes;2;Straight - Level;NC Route;Dry;Two-Way, Not Divided;None;No Special Feature;Smooth Asphalt;Coastal;Rural;50 - 55  MPH;Double Yellow Line, No Passing Zone;Clear;No;0.0, 0.0
109;110;Yes;40-49;49;No;With Traffic;C: Possible Injury;Travel Lane;Black;Male;Elizabeth City;Pasquotank;No;01-01-05;2008-02-15;Bicyclist Left Turn / Merge;14;Intersection;01-02-01;0001-01-01T09:26:58-04:56;Bicyclist Left Turn - Opposite Direction;111222;2008;C: Possible Injury;Residential;30-39;31;No;6-10 mph;O: No Injury;White;Female;Passenger Car;No;No;Daylight;Urban (>70% Developed);8 lanes;2;Straight - Level;Local Street;Wet;Two-Way, Not Divided;None;No Special Feature;Smooth Asphalt;Coastal;Urban;50 - 55  MPH;Stop And Go Signal;Cloudy;No;0.0, 0.0
113;114;No;30-39;32;No;Facing Traffic;B: Evident Injury;Sidewalk / Crosswalk / Driveway Crossing;White;Male;Wilmington;New Hanover;No;01-01-06;2008-02-16;Bicyclist Failed to Yield - Signalized Intersection;8;Intersection;01-02-01;0001-01-01T03:40:58-04:56;Bicyclist Ride Through - Signalized Intersection;132155;2008;B: Evident Injury;Residential;40-49;46;No;0-5 mph;O: No Injury;White;Female;Passenger Car;No;No;Daylight;Urban (>70% Developed);2 lanes;2;Straight - Level;Local Street;Dry;Two-Way, Not Divided;None;Related To Intersection;Smooth Asphalt;Coastal;Urban;30 - 35  MPH;Stop And Go Signal;Clear;No;0.0, 0.0
115;116;Yes;70+;;No;Facing Traffic;B: Evident Injury;Travel Lane;White;Male;Graham;Alamance;No;;2008-02-18;Motorist Failed to Yield - Signalized Intersection;12;Intersection;01-02-01;0001-01-01T07:38:58-04:56;Motorist Drive Out - Signalized Intersection;112152;2008;B: Evident Injury;Commercial;25-29;28;No;0-5 mph;O: No Injury;White;Female;Sport Utility;No;No;Daylight;Urban (>70% Developed);5 lanes;2;Straight - Grade;NC Route;Dry;Two-Way, Not Divided;None;On or Off Ramp;Smooth Asphalt;Piedmont;Urban;30 - 35  MPH;Stop And Go Signal;Clear;No;0.0, 0.0
117;118;Yes;40-49;43;No;With Traffic;B: Evident Injury;Travel Lane;White;Male;Wilmington;New Hanover;No;;2008-02-18;Motorist Overtaking Bicyclist;6;Non-Intersection;01-02-01;0001-01-01T01:46:58-04:56;Motorist Overtaking - Undetected Bicyclist;311231;2008;B: Evident Injury;Commercial;40-49;47;No;16-20 mph;O: No Injury;White;Female;Passenger Car;No;No;Dark -  Lighting;Urban (>70% Developed);5 lanes;2;Straight - Level;Local Street;Wet;Two-Way, Divided, Positive Median Barrier;;No Special Feature;Coarse Asphalt;Coastal;Urban;40 - 45  MPH;No Control Present;Rain;No;0.0, 0.0
122;123;No;40-49;47;No;;B: Evident Injury;;Black;Male;Fayetteville;Cumberland;No;01-01-05;2008-02-22;Other /  - Insufficient Details;15;Intersection-Related;01-02-01;0001-01-01T10:58:58-04:56;Approach Paths;2990970;2008;B: Evident Injury;Commercial;30-39;39;No;;O: No Injury;White;Male;Heavy Truck;No;No;Daylight;Urban (>70% Developed);;2;;Local Street;Dry;;None;No Special Feature;;Coastal;Urban;;Missing;Cloudy;No;0.0, 0.0
127;128;Yes;15-Nov;14;No;With Traffic;C: Possible Injury;Travel Lane;White;Female;None - Rural Crash;Pender;No;01-01-07;2008-02-17;Motorist Overtaking Bicyclist;11;Non-Intersection;01-02-01;0001-01-01T06:33:58-04:56;Motorist Overtaking - Misjudged Space;311232;2008;C: Possible Injury;Residential;70+;;No;31-35 mph;O: No Injury;White;Male;Passenger Car;No;No;Daylight;Rural (<30% Developed);2 lanes;2;Straight - Level;State Secondary Route;Dry;Two-Way, Not Divided;None;No Special Feature;Smooth Asphalt;Coastal;Rural;40 - 45  MPH;No Control Present;Clear;No;0.0, 0.0
141;142;No;15-Nov;15;No;;O: No Injury;;White;Male;Grantsboro;Pamlico;No;01-01-07;2008-03-02;Other /  - Insufficient Details;15;Non-Intersection;01-03-01;0001-01-01T10:43:58-04:56;Approach Paths;3990970;2008;O: No Injury;Commercial;40-49;49;No;16-20 mph;O: No Injury;Black;Female;Passenger Car;No;No;Daylight;Urban (>70% Developed);3 lanes;2;Straight - Level;NC Route;Dry;Two-Way, Not Divided;None;No Special Feature;Coarse Asphalt;Coastal;Rural;40 - 45  MPH;Double Yellow Line, No Passing Zone;Clear;No;0.0, 0.0
148;149;Yes;20-24;24;No;With Traffic;B: Evident Injury;Bike Lane / Paved Shoulder;White;Male;Mooresville;Iredell;No;01-01-06;2008-03-01;Parallel Paths - Other Circumstances;14;Non-Intersection;01-03-01;0001-01-01T10:02:58-04:56;Parallel Paths - Other /;321280;2008;B: Evident Injury;Commercial;70+;;No;36-40 mph;O: No Injury;White;Female;Light Truck (Mini-Van, Panel);No;No;Daylight;Rural (<30% Developed);2 lanes;2;Straight - Hillcrest;Local Street;Dry;Two-Way, Not Divided;None;No Special Feature;Smooth Asphalt;Piedmont;Urban;40 - 45  MPH;No Control Present;Clear;No;0.0, 0.0
150;151;Yes;60-69;65;No;With Traffic;A: Disabling Injury;Travel Lane;White;Male;Chapel Hill;Orange;No;01-01-04;2008-03-06;Bicyclist Left Turn / Merge;17;Non-Intersection;01-03-01;0001-01-01T12:28:58-04:56;Bicyclist Left Turn - Same Direction;311221;2008;A: Disabling Injury;Residential;60-69;65;No;31-35 mph;O: No Injury;White;Female;Passenger Car;No;No;Daylight;Urban (>70% Developed);5 lanes;2;Straight - Level;Local Street;Dry;Two-Way, Not Divided;None;No Special Feature;Smooth Asphalt;Piedmont;Urban;30 - 35  MPH;No Control Present;Clear;No;0.0, 0.0
154;155;Yes;15-Nov;13;No;With Traffic;B: Evident Injury;Travel Lane;White;Female;Kitty Hawk;Dare;No;01-01-06;2008-03-08;Bicyclist Failed to Yield - Signalized Intersection;11;Intersection;01-03-01;0001-01-01T06:33:58-04:56;Bicyclist Ride Through - Signalized Intersection;111155;2008;B: Evident Injury;Commercial;30-39;31;No;41-45 mph;O: No Injury;White;Male;Pickup;No;No;Daylight;Urban (>70% Developed);5 lanes;2;Straight - Hillcrest;Local Street;Wet;Two-Way, Not Divided;None;Four-Way Intersection;Coarse Asphalt;Coastal;Rural;50 - 55  MPH;Stop And Go Signal;Rain;No;0.0, 0.0
160;161;No;15-Nov;15;No;With Traffic;C: Possible Injury;Travel Lane;White;Male;None - Rural Crash;Transylvania;No;01-01-02;2008-03-11;Bicyclist Left Turn / Merge;17;Non-Intersection;01-03-01;0001-01-01T12:59:58-04:56;Bicyclist Left Turn - Opposite Direction;311222;2008;C: Possible Injury;Farms, Woods, Pastures;50-59;52;No;41-45 mph;O: No Injury;White;Female;Sport Utility;No;No;Daylight;Rural (<30% Developed);3 lanes;2;Straight - Level;US Route;Dry;Two-Way, Not Divided;None;No Special Feature;Smooth Asphalt;Mountains;Rural;40 - 45  MPH;Double Yellow Line, No Passing Zone;Clear;No;0.0, 0.0
164;165;Yes;16-19;17;No;With Traffic;B: Evident Injury;Travel Lane;Black;Male;Raleigh;Wake;No;01-01-06;2008-01-12;Bicyclist Failed to Yield - Sign-Controlled Intersection;23;Intersection;;0001-01-01T18:28:58-04:56;Bicyclist Ride Through - Sign-Controlled Intersection;111144;2008;B: Evident Injury;Residential;50-59;50;No;21-25 mph;O: No Injury;Black;Female;Passenger Car;No;No;Dark - Lighted Roadway;Urban (>70% Developed);2 lanes;2;Straight - Bottom;Local Street;Dry;Two-Way, Not Divided;None;Four-Way Intersection;Smooth Asphalt;Piedmont;Urban;30 - 35  MPH;Stop Sign;Clear;No;0.0, 0.0
170;171;Yes;0-5;5;No;With Traffic;C: Possible Injury;Travel Lane;Black;Male;Salisbury;Rowan;No;01-01-05;2008-05-09;Bicyclist Failed to Yield - Sign-Controlled Intersection;18;Intersection;01-05-01;0001-01-01T13:31:58-04:56;Bicyclist Ride Through - Sign-Controlled Intersection;111144;2008;C: Possible Injury;Residential;50-59;52;No;16-20 mph;O: No Injury;White;Female;Passenger Car;No;No;Daylight;Urban (>70% Developed);2 lanes;2;Straight - Grade;Local Street;Dry;Two-Way, Not Divided;None;T-Intersection;Smooth Asphalt;Piedmont;Urban;20 - 25  MPH;Stop Sign;Clear;No;0.0, 0.0
174;175;Yes;25-29;25;No;With Traffic;C: Possible Injury;Travel Lane;Black;Male;Huntersville;Mecklenburg;No;01-01-07;2008-03-16;Motorist Overtaking Bicyclist;6;Non-Intersection;01-03-01;0001-01-01T01:23:58-04:56;Motorist Overtaking - Undetected Bicyclist;311231;2008;C: Possible Injury;Residential;;;Missing;41-45 mph;Injury;/Missing;;;No;Yes;Dark - Roadway Not Lighted;Rural (<30% Developed);2 lanes;2;Curve - Level;Local Street;Wet;Two-Way, Divided, Unprotected Median;No Shoulders;No Special Feature;Smooth Asphalt;Piedmont;Urban;40 - 45  MPH;Double Yellow Line, No Passing Zone;Cloudy;No;0.0, 0.0
179;180;Yes;10-Jun;7;No;Not Applicable;C: Possible Injury;Sidewalk / Crosswalk / Driveway Crossing;Hispanic;Female;None - Rural Crash;New Hanover;No;01-01-03;2008-03-19;Bicyclist Failed to Yield - Midblock;7;Non-Intersection;01-03-01;0001-01-01T02:38:58-04:56;Bicyclist Ride Out - Other Midblock;333318;2008;C: Possible Injury;Institutional;25-29;29;No;0-5 mph;O: No Injury;Native American;Female;Sport Utility;No;No;Daylight;Urban (>70% Developed);2 lanes;2;Straight - Level;State Secondary Route;Dry;Two-Way, Not Divided;None;Other;Smooth Asphalt;Coastal;Rural;30 - 35  MPH;No Control Present;Clear;No;0.0, 0.0