FID;OBJECTID;AmbulanceR;BikeAge_Gr;Bike_Age;Bike_Alc_D;Bike_Dir;Bike_Injur;Bike_Pos;Bike_Race;Bike_Sex;City;County;CrashAlcoh;CrashDay;Crash_Date;Crash_Grp;Crash_Hour;Crash_Loc;Crash_Mont;Crash_Time;Crash_Type;Crash_Ty_1;Crash_Year;Crsh_Sevri;Developmen;DrvrAge_Gr;Drvr_Age;Drvr_Alc_D;Drvr_EstSp;Drvr_Injur;Drvr_Race;Drvr_Sex;Drvr_VehTy;ExcsSpdInd;Hit_Run;Light_Cond;Locality;Num_Lanes;Num_Units;Rd_Charact;Rd_Class;Rd_Conditi;Rd_Config;Rd_Defects;Rd_Feature;Rd_Surface;Region;Rural_Urba;Speed_Limi;Traff_Cntr;Weather;Workzone_I;Location
181;182;Yes;15-Nov;13;No;;B: Evident Injury;;Black;Male;Charlotte;Mecklenburg;No;01-01-05;2008-05-09;Other /  - Insufficient Details;18;Non-Intersection;01-05-01;0001-01-01T13:50:58-04:56;Approach Paths;3990970;2008;B: Evident Injury;Commercial;30-39;36;No;26-30 mph;O: No Injury;Black;Female;Passenger Car;No;No;Daylight;Urban (>70% Developed);1 lane;2;Straight - Level;Local Street;Dry;Two-Way, Not Divided;None;No Special Feature;Coarse Asphalt;Piedmont;Urban;30 - 35  MPH;No Control Present;Clear;No;0.0, 0.0
182;183;No;25-29;26;No;With Traffic;C: Possible Injury;Travel Lane;White;Male;Chapel Hill;Orange;No;01-01-07;2008-04-06;Motorist Overtaking Bicyclist;3;Non-Intersection;01-04-01;0000-12-31T22:23:58-04:56;Motorist Overtaking - Undetected Bicyclist;311231;2008;C: Possible Injury;Commercial;30-39;34;No;36-40 mph;O: No Injury;White;Male;Passenger Car;No;No;Dark - Roadway Not Lighted;Urban (>70% Developed);4 lanes;2;Straight - Level;US Route;Wet;Two-Way, Divided, Unprotected Median;None;No Special Feature;Coarse Asphalt;Piedmont;Urban;40 - 45  MPH;No Control Present;Rain;No;0.0, 0.0
184;185;No;50-59;55;No;With Traffic;C: Possible Injury;Bike Lane / Paved Shoulder;White;Male;Pine Knoll Shores;Carteret;No;01-01-05;2008-03-21;Motorist Failed to Yield - Midblock;19;Non-Intersection;01-03-01;0001-01-01T14:18:58-04:56;Motorist Drive Out - Commercial Driveway / Alley;321322;2008;C: Possible Injury;Commercial;30-39;30;No;;O: No Injury;White;Female;Passenger Car;No;No;Dusk;Urban (>70% Developed);2 lanes;2;Straight - Level;NC Route;Dry;Two-Way, Not Divided;None;Driveway, Private;Smooth Asphalt;Coastal;Rural;;Yield Sign;Clear;No;0.0, 0.0
187;188;Yes;16-19;18;No;With Traffic;C: Possible Injury;Bike Lane / Paved Shoulder;White;Male;Durham;Durham;No;01-01-03;2008-05-14;Parallel Paths - Other Circumstances;8;Non-Intersection;01-05-01;0001-01-01T03:53:58-04:56;Bicyclist Ride Out - Parallel Path;321225;2008;C: Possible Injury;Commercial;30-39;38;No;56-60 mph;O: No Injury;Black;Male;Passenger Car;No;No;Daylight;Urban (>70% Developed);7 lanes;2;Straight - Level;Interstate;Dry;Two-Way, Divided, Positive Median Barrier;None;On or Off Ramp;Concrete;Piedmont;Urban;60 - 75 MPH;No Control Present;Clear;No;0.0, 0.0
188;189;Yes;40-49;47;No;;B: Evident Injury;;Black;Male;Fayetteville;Cumberland;No;01-01-02;2008-03-25;Other /  - Insufficient Details;7;Non-Intersection;01-03-01;0001-01-01T02:03:58-04:56;Approach Paths;3990970;2008;B: Evident Injury;Commercial;50-59;58;No;41-45 mph;C: Possible Injury;Black;Female;Sport Utility;No;No;Dawn;Urban (>70% Developed);7 lanes;2;Straight - Level;Local Street;Dry;Two-Way, Divided, Unprotected Median;None;No Special Feature;Coarse Asphalt;Coastal;Urban;40 - 45  MPH;Stop And Go Signal;Clear;No;0.0, 0.0
192;193;Yes;50-59;53;No;With Traffic;B: Evident Injury;Travel Lane;White;Male;Greensboro;Guilford;No;01-01-03;2008-03-26;Motorist Overtaking Bicyclist;22;Non-Intersection;01-03-01;0001-01-01T17:32:58-04:56;Motorist Overtaking - Other /;311239;2008;B: Evident Injury;Residential;20-24;23;No;31-35 mph;O: No Injury;White;Female;Sport Utility;No;No;Dark - Lighted Roadway;Urban (>70% Developed);4 lanes;2;Straight - Grade;Local Street;Dry;Two-Way, Not Divided;None;No Special Feature;Coarse Asphalt;Piedmont;Urban;30 - 35  MPH;No Control Present;Clear;No;0.0, 0.0
194;195;Yes;15-Nov;13;No;Facing Traffic;C: Possible Injury;Travel Lane;Black;Male;Wilmington;New Hanover;No;01-01-03;2008-03-26;Motorist Failed to Yield - Midblock;17;Non-Intersection;01-03-01;0001-01-01T12:19:58-04:56;Motorist Drive Out - Commercial Driveway / Alley;312322;2008;C: Possible Injury;Commercial;40-49;40;No;0-5 mph;O: No Injury;White;Male;Pickup;No;No;Daylight;Urban (>70% Developed);1 lane;2;Straight - Level;Local Street;Dry;One-Way, Not Divided;None;No Special Feature;Smooth Asphalt;Coastal;Urban;40 - 45  MPH;Missing;Clear;No;0.0, 0.0
203;204;Yes;15-Nov;13;No;Facing Traffic;B: Evident Injury;Travel Lane;Black;Female;Raleigh;Wake;No;01-01-06;2008-03-29;Bicyclist Failed to Yield - Sign-Controlled Intersection;19;Intersection;01-03-01;0001-01-01T14:09:58-04:56;Bicyclist Ride Through - Sign-Controlled Intersection;112144;2008;B: Evident Injury;Residential;30-39;35;No;11-15 mph;O: No Injury;Black;Male;Van;No;No;Daylight;Urban (>70% Developed);4 lanes;2;Straight - Bottom;Local Street;Wet;Two-Way, Not Divided;None;T-Intersection;Smooth Asphalt;Piedmont;Urban;20 - 25  MPH;Stop Sign;Cloudy;No;0.0, 0.0
205;206;Yes;40-49;48;No;With Traffic;C: Possible Injury;Travel Lane;Black;Male;Jacksonville;Onslow;No;01-01-07;2008-03-30;Motorist Overtaking Bicyclist;4;Non-Intersection;01-03-01;0000-12-31T23:52:58-04:56;Motorist Overtaking - Other /;311239;2008;C: Possible Injury;Commercial;30-39;35;No;31-35 mph;O: No Injury;White;Male;Pickup;No;No;Dark - Lighted Roadway;Urban (>70% Developed);6 lanes;2;Straight - Level;US Route;Wet;Two-Way, Not Divided;None;No Special Feature;Smooth Asphalt;Coastal;Urban;40 - 45  MPH;Missing;Cloudy;No;0.0, 0.0
207;208;Yes;40-49;49;Yes;With Traffic;Injury;Travel Lane;Native American;Male;Laurinburg;Scotland;Yes;01-01-02;2008-04-01;Bicyclist Failed to Yield - Signalized Intersection;22;Intersection;01-04-01;0001-01-01T17:59:58-04:56;Bicyclist Ride Through - Signalized Intersection;111155;2008;O: No Injury;Residential;30-39;35;No;26-30 mph;O: No Injury;Black;Female;Passenger Car;No;No;Dark - Lighted Roadway;Urban (>70% Developed);2 lanes;2;Straight - Level;US Route;Dry;Two-Way, Not Divided;;No Special Feature;Smooth Asphalt;Coastal;Urban;30 - 35  MPH;Flashing Signal With Stop Sign;Clear;No;0.0, 0.0
211;212;Yes;16-19;16;No;Facing Traffic;C: Possible Injury;Travel Lane;White;Male;Jacksonville;Onslow;No;01-01-05;2007-04-13;Motorist Failed to Yield - Midblock;17;Non-Intersection;01-04-01;0001-01-01T12:38:58-04:56;Motorist Drive Out - Commercial Driveway / Alley;312322;2007;C: Possible Injury;Commercial;50-59;53;No;0-5 mph;O: No Injury;White;Male;Van;No;No;Daylight;Urban (>70% Developed);5 lanes;2;Straight - Level;Local Street;Dry;Two-Way, Not Divided;None;Driveway, Public;Smooth Asphalt;Coastal;Urban;40 - 45  MPH;No Control Present;Clear;No;34.77783, -77.414406
220;221;Yes;10-Jun;10;No;Not Applicable;B: Evident Injury;Driveway / Alley;White;Male;None - Rural Crash;Chatham;No;01-01-02;2007-04-17;Bicyclist Failed to Yield - Midblock;17;Non-Intersection;01-04-01;0001-01-01T12:21:58-04:56;Bicyclist Ride Out - Residential Driveway;353311;2007;B: Evident Injury;Farms, Woods, Pastures;25-29;26;No;11-15 mph;O: No Injury;White;Male;Passenger Car;No;No;Daylight;Rural (<30% Developed);2 lanes;2;Straight - Level;State Secondary Route;Dry;Two-Way, Not Divided;None;Driveway, Private;Coarse Asphalt;Piedmont;Rural;30 - 35  MPH;No Control Present;Clear;No;35.856655, -79.08671
238;239;Yes;16-19;18;No;;B: Evident Injury;Non-Roadway;White;Male;Durham;Durham;No;;2007-07-09;Non-Roadway;12;Non-Roadway;01-07-01;0001-01-01T07:12:58-04:56;Non-Roadway;460910;2007;B: Evident Injury;Commercial;30-39;32;No;6-10 mph;O: No Injury;White;Female;Passenger Car;No;No;Daylight;Urban (>70% Developed);2 lanes;2;Curve - Level;Public Vehicular Area;Dry;Two-Way, Divided, Unprotected Median;None;Driveway, Public;Smooth Asphalt;Piedmont;Urban;5 - 15 MPH;No Control Present;Clear;No;36.019897, -78.91253
246;247;No;30-39;36;No;With Traffic;O: No Injury;Travel Lane;Black;Male;Charlotte;Mecklenburg;No;;2007-07-23;Motorist Overtaking Bicyclist;17;Non-Intersection;01-07-01;0001-01-01T12:10:58-04:56;Motorist Overtaking - Bicyclist Swerved;311235;2007;O: No Injury;Residential;40-49;45;No;31-35 mph;O: No Injury;White;Female;Passenger Car;No;No;Daylight;Urban (>70% Developed);2 lanes;2;Straight - Grade;Local Street;Dry;Two-Way, Not Divided;None;No Special Feature;Smooth Asphalt;Piedmont;Urban;30 - 35  MPH;No Control Present;Clear;No;35.233204, -80.882576
247;248;No;70+;;No;With Traffic;C: Possible Injury;Travel Lane;White;Male;Charlotte;Mecklenburg;No;01-01-06;2007-07-07;Bicyclist Left Turn / Merge;21;Non-Intersection;01-07-01;0001-01-01T16:33:58-04:56;Bicyclist Left Turn - Same Direction;311221;2007;C: Possible Injury;Residential;20-24;21;No;36-40 mph;O: No Injury;Hispanic;Female;Passenger Car;No;No;Daylight;Urban (>70% Developed);2 lanes;2;Straight - Hillcrest;Local Street;Dry;Two-Way, Not Divided;None;No Special Feature;Smooth Asphalt;Piedmont;Urban;40 - 45  MPH;No Control Present;Clear;No;35.309444, -80.93925
248;249;Yes;15-Nov;11;No;Not Applicable;C: Possible Injury;Driveway / Alley;White;Male;None - Rural Crash;Granville;No;01-01-03;2007-04-25;Bicyclist Failed to Yield - Midblock;20;Non-Intersection;01-04-01;0001-01-01T15:13:58-04:56;Bicyclist Ride Out - Residential Driveway;353311;2007;C: Possible Injury;Farms, Woods, Pastures;;;Missing;;Injury;/Missing;;;No;Yes;Dusk;Rural (<30% Developed);2 lanes;2;Straight - Level;State Secondary Route;Dry;Two-Way, Not Divided;None;Driveway, Private;Smooth Asphalt;Piedmont;Rural;40 - 45  MPH;No Control Present;Clear;No;36.20691, -78.68547
249;250;No;40-49;45;No;Facing Traffic;B: Evident Injury;Travel Lane;White;Male;Wilson;Wilson;No;01-01-03;2007-04-25;Motorist Failed to Yield - Sign-Controlled Intersection;8;Intersection;01-04-01;0001-01-01T03:46:58-04:56;Motorist Drive Out - Sign-Controlled Intersection;112141;2007;B: Evident Injury;Residential;20-24;22;No;6-10 mph;O: No Injury;Black;Female;Passenger Car;No;No;Daylight;Urban (>70% Developed);4 lanes;2;Straight - Hillcrest;Local Street;Dry;Two-Way, Not Divided;None;No Special Feature;Coarse Asphalt;Coastal;Urban;40 - 45  MPH;Stop Sign;Clear;No;35.710075, -77.94293
254;255;Yes;50-59;52;No;With Traffic;B: Evident Injury;Travel Lane;White;Female;None - Rural Crash;Stanly;No;01-01-04;2007-04-26;Motorist Overtaking Bicyclist;13;Non-Intersection;01-04-01;0001-01-01T08:36:58-04:56;Motorist Overtaking - Other /;311239;2007;B: Evident Injury;Institutional;70+;;No;36-40 mph;O: No Injury;White;Female;Passenger Car;No;No;Daylight;Mixed (30% To 70% Developed);2 lanes;2;Straight - Grade;State Secondary Route;Dry;Two-Way, Not Divided;None;No Special Feature;Smooth Asphalt;Piedmont;Rural;50 - 55  MPH;Double Yellow Line, No Passing Zone;Clear;No;35.411285, -80.233
256;257;No;20-24;24;No;With Traffic;B: Evident Injury;Sidewalk / Crosswalk / Driveway Crossing;White;Male;Mint Hill;Mecklenburg;No;01-01-05;2007-04-27;Motorist Failed to Yield - Midblock;20;Non-Intersection;01-04-01;0001-01-01T15:33:58-04:56;Motorist Drive Out - Commercial Driveway / Alley;331322;2007;B: Evident Injury;Commercial;30-39;34;No;0-5 mph;O: No Injury;White;Male;Passenger Car;No;No;Dusk;Urban (>70% Developed);3 lanes;2;Straight - Level;Local Street;Dry;Two-Way, Not Divided;None;Driveway, Public;Smooth Asphalt;Piedmont;Urban;40 - 45  MPH;Stop Sign;Clear;No;35.188053, -80.69164
258;259;Yes;25-29;26;No;With Traffic;C: Possible Injury;Travel Lane;White;Male;Charlotte;Mecklenburg;No;01-01-04;2007-07-26;Motorist Left Turn / Merge;21;Intersection;01-07-01;0001-01-01T16:06:58-04:56;Motorist Left Turn - Opposite Direction;111212;2007;C: Possible Injury;Residential;50-59;57;No;11-15 mph;O: No Injury;Black;Male;Passenger Car;No;No;Dark - Lighted Roadway;Urban (>70% Developed);2 lanes;2;Curve - Level;Local Street;Dry;Two-Way, Not Divided;None;T-Intersection;Smooth Asphalt;Piedmont;Urban;20 - 25  MPH;Stop Sign;Clear;No;35.215626, -80.81495
260;261;Yes;50-59;53;No;Facing Traffic;A: Disabling Injury;Travel Lane;Black;Male;Winston-Salem;Forsyth;No;01-01-07;2007-04-29;Bicyclist Failed to Yield - Sign-Controlled Intersection;20;Intersection;01-04-01;0001-01-01T15:38:58-04:56;Bicyclist Ride Through - Sign-Controlled Intersection;112144;2007;A: Disabling Injury;Residential;70+;;No;31-35 mph;B: Evident Injury;Black;Male;Passenger Car;No;No;Dark - Lighted Roadway;Urban (>70% Developed);3 lanes;2;Straight - Level;Local Street;Dry;Two-Way, Not Divided;None;T-Intersection;Smooth Asphalt;Piedmont;Urban;30 - 35  MPH;Stop Sign;Clear;No;36.100372, -80.22693
264;265;Yes;15-Nov;14;No;With Traffic;C: Possible Injury;Travel Lane;Asian;Male;Charlotte;Mecklenburg;No;01-01-07;2007-04-29;Motorist Overtaking Bicyclist;14;Non-Intersection;01-04-01;0001-01-01T09:18:58-04:56;Motorist Overtaking - Misjudged Space;311232;2007;C: Possible Injury;Commercial;;;Missing;11-15 mph;Injury;/Missing;;;No;Yes;Daylight;Urban (>70% Developed);2 lanes;2;Straight - Level;Local Street;Dry;Two-Way, Not Divided;None;No Special Feature;Smooth Asphalt;Piedmont;Urban;5 - 15 MPH;No Control Present;Clear;No;35.097996, -80.77862
265;266;No;40-49;46;No;;B: Evident Injury;Non-Roadway;Black;Male;Jacksonville;Onslow;No;;2007-04-30;Non-Roadway;13;Non-Roadway;01-04-01;0001-01-01T08:03:58-04:56;Non-Roadway;460910;2007;B: Evident Injury;Commercial;30-39;36;No;11-15 mph;O: No Injury;White;Female;Passenger Car;No;Yes;Daylight;Urban (>70% Developed);;2;Straight - Level;Public Vehicular Area;Dry;;None;Other;Smooth Asphalt;Coastal;Urban;40 - 45  MPH;No Control Present;Clear;No;34.765553, -77.409225
269;270;Yes;70+;;No;Facing Traffic;C: Possible Injury;Sidewalk / Crosswalk / Driveway Crossing;White;Male;Raleigh;Wake;No;;2007-04-30;Motorist Failed to Yield - Sign-Controlled Intersection;9;Intersection;01-04-01;0001-01-01T04:24:58-04:56;Motorist Drive Out - Sign-Controlled Intersection;132141;2007;C: Possible Injury;Residential;40-49;43;No;;O: No Injury;Other;Male;Sport Utility;No;No;Daylight;Urban (>70% Developed);5 lanes;2;Straight - Level;Local Street;Dry;Two-Way, Not Divided;None;T-Intersection;Smooth Asphalt;Piedmont;Urban;40 - 45  MPH;Stop Sign;Clear;No;35.894333, -78.63542
278;279;Yes;50-59;54;No;With Traffic;B: Evident Injury;Travel Lane;White;Male;None - Rural Crash;Brunswick;No;01-01-05;2007-05-04;Motorist Overtaking Bicyclist;22;Non-Intersection;01-05-01;0001-01-01T17:20:58-04:56;Motorist Overtaking - Undetected Bicyclist;311231;2007;B: Evident Injury;Residential;0-19;16;No;41-45 mph;O: No Injury;Black;Female;Pickup;No;No;Dark - Roadway Not Lighted;Rural (<30% Developed);2 lanes;2;Straight - Level;State Secondary Route;Dry;Two-Way, Not Divided;None;No Special Feature;Coarse Asphalt;Coastal;Rural;40 - 45  MPH;No Control Present;Clear;No;34.246723, -78.05682
281;282;Yes;30-39;39;No;With Traffic;B: Evident Injury;Travel Lane;White;Male;Charlotte;Mecklenburg;No;01-01-02;2007-07-31;Motorist Left Turn / Merge;6;Intersection;01-07-01;0001-01-01T01:19:58-04:56;Motorist Left Turn - Opposite Direction;111212;2007;B: Evident Injury;Residential;50-59;51;No;26-30 mph;O: No Injury;Black;Female;Passenger Car;No;No;Dawn;Urban (>70% Developed);4 lanes;2;Straight - Level;Local Street;Dry;Two-Way, Not Divided;None;No Special Feature;Smooth Asphalt;Piedmont;Urban;30 - 35  MPH;No Control Present;Cloudy;No;35.135437, -80.83899
283;284;Yes;15-Nov;12;No;;B: Evident Injury;Travel Lane;Black;Male;Chapel Hill;Orange;No;01-01-06;2007-05-05;Bicyclist Failed to Yield - Sign-Controlled Intersection;16;Intersection;01-05-01;0001-01-01T11:07:58-04:56;Bicyclist Ride Through - Sign-Controlled Intersection;119144;2007;B: Evident Injury;Residential;20-24;22;No;21-25 mph;O: No Injury;White;Male;Passenger Car;No;No;Daylight;Urban (>70% Developed);2 lanes;2;Straight - Grade;Local Street;Dry;Two-Way, Not Divided;None;T-Intersection;Smooth Asphalt;Piedmont;Urban;20 - 25  MPH;Stop Sign;Cloudy;No;35.918255, -79.058975
284;285;Yes;10-Jun;8;No;With Traffic;B: Evident Injury;Travel Lane;Black;Female;Charlotte;Mecklenburg;No;;2007-08-06;Bicyclist Failed to Yield - Sign-Controlled Intersection;20;Intersection;01-08-01;0001-01-01T16:01:58-04:56;Bicyclist Ride Through - Sign-Controlled Intersection;111144;2007;B: Evident Injury;Residential;60-69;67;No;16-20 mph;O: No Injury;Black;Male;Passenger Car;No;No;Dark - Lighted Roadway;Urban (>70% Developed);2 lanes;2;Straight - Bottom;Local Street;Dry;Two-Way, Not Divided;None;No Special Feature;Smooth Asphalt;Piedmont;Urban;20 - 25  MPH;Stop Sign;Clear;No;35.242996, -80.87635
285;286;Yes;50-59;52;No;With Traffic;C: Possible Injury;Travel Lane;White;Male;None - Rural Crash;Gaston;No;;2007-05-07;Motorist Overtaking Bicyclist;20;Non-Intersection;01-05-01;0001-01-01T15:09:58-04:56;Motorist Overtaking - Misjudged Space;311232;2007;C: Possible Injury;Commercial;70+;;No;41-45 mph;O: No Injury;White;Male;Passenger Car;No;No;Daylight;Mixed (30% To 70% Developed);2 lanes;2;Curve - Level;NC Route;Dry;Two-Way, Not Divided;None;No Special Feature;Smooth Asphalt;Piedmont;Rural;40 - 45  MPH;Double Yellow Line, No Passing Zone;Clear;No;35.19683, -81.15235
290;291;Yes;10-Jun;6;No;;A: Disabling Injury;Travel Lane;Black;Male;Winston-Salem;Forsyth;No;01-01-02;2007-05-08;Other /  - Insufficient Details;17;Non-Intersection;01-05-01;0001-01-01T12:09:58-04:56;Approach Paths;319970;2007;A: Disabling Injury;Residential;0-19;18;No;36-40 mph;O: No Injury;Black;Female;Passenger Car;Yes;Yes;Daylight;Urban (>70% Developed);2 lanes;2;Straight - Level;Local Street;Dry;Two-Way, Not Divided;None;No Special Feature;Smooth Asphalt;Piedmont;Urban;30 - 35  MPH;No Control Present;Clear;No;36.061554, -80.32381
293;294;Yes;10-Jun;8;No;With Traffic;B: Evident Injury;Bike Lane / Paved Shoulder;White;Male;None - Rural Crash;Moore;No;01-01-04;2007-05-10;Motorist Overtaking Bicyclist;20;Intersection;01-05-01;0001-01-01T15:37:58-04:56;Motorist Overtaking - Bicyclist Swerved;121235;2007;B: Evident Injury;Residential;25-29;29;No;46-50 mph;O: No Injury;White;Male;Passenger Car;No;No;Dusk;Mixed (30% To 70% Developed);2 lanes;2;Straight - Level;State Secondary Route;Dry;Two-Way, Not Divided;None;Driveway, Private;Smooth Asphalt;Piedmont;Rural;50 - 55  MPH;Double Yellow Line, No Passing Zone;Clear;No;35.292057, -79.3359
296;297;No;16-19;18;No;With Traffic;C: Possible Injury;Sidewalk / Crosswalk / Driveway Crossing;Black;Male;Salisbury;Rowan;No;01-01-05;2007-08-03;Motorist Right Turn / Merge;17;Intersection;01-08-01;0001-01-01T12:06:58-04:56;Motorist Right Turn - Same Direction;131213;2007;C: Possible Injury;Commercial;20-24;21;No;11-15 mph;O: No Injury;White;Male;Pickup;No;No;Daylight;Urban (>70% Developed);2 lanes;2;Straight - Level;Local Street;Dry;Two-Way, Not Divided;None;No Special Feature;Coarse Asphalt;Piedmont;Urban;20 - 25  MPH;No Control Present;Clear;No;35.665035, -80.45466
298;299;Yes;20-24;24;No;With Traffic;B: Evident Injury;Travel Lane;Hispanic;Male;Monroe;Union;No;01-01-04;2007-08-09;Motorist Left Turn / Merge;23;Intersection;01-08-01;0001-01-01T18:37:58-04:56;Motorist Left Turn - Opposite Direction;111212;2007;B: Evident Injury;Commercial;40-49;43;No;16-20 mph;O: No Injury;White;Female;Passenger Car;No;No;Dark - Lighted Roadway;Mixed (30% To 70% Developed);2 lanes;2;Straight - Level;Local Street;Dry;Two-Way, Not Divided;None;T-Intersection;Smooth Asphalt;Piedmont;Urban;40 - 45  MPH;No Control Present;Clear;No;35.003513, -80.57293
299;300;Yes;15-Nov;13;No;With Traffic;C: Possible Injury;Travel Lane;White;Male;None - Rural Crash;Pender;No;01-01-05;2007-05-11;Bicyclist Left Turn / Merge;16;Intersection;01-05-01;0001-01-01T11:28:58-04:56;Bicyclist Left Turn - Opposite Direction;111222;2007;C: Possible Injury;Residential;20-24;20;No;41-45 mph;O: No Injury;White;Male;Passenger Car;No;No;Daylight;Mixed (30% To 70% Developed);2 lanes;2;Straight - Level;State Secondary Route;Dry;Two-Way, Not Divided;None;Four-Way Intersection;Smooth Asphalt;Coastal;Rural;40 - 45  MPH;No Control Present;Clear;No;34.396053, -77.6546
302;303;Yes;20-24;21;No;Facing Traffic;A: Disabling Injury;Sidewalk / Crosswalk / Driveway Crossing;White;Male;High Point;Guilford;No;01-01-05;2007-05-11;Crossing Paths - Other Circumstances;22;Intersection;01-05-01;0001-01-01T17:23:58-04:56;Crossing Paths - Intersection - Other /;132180;2007;A: Disabling Injury;Commercial;20-24;22;No;6-10 mph;O: No Injury;White;Female;Sport Utility;No;No;Dark - Lighted Roadway;Urban (>70% Developed);4 lanes;2;Straight - Level;Local Street;Dry;Two-Way, Not Divided;None;On or Off Ramp;Smooth Asphalt;Piedmont;Urban;30 - 35  MPH;No Control Present;Clear;No;35.935772, -79.992195
313;314;Yes;0-5;5;No;;C: Possible Injury;Travel Lane;Hispanic;Male;None - Rural Crash;Henderson;No;01-01-03;2007-05-16;Non-Roadway;18;Non-Roadway;01-05-01;0001-01-01T13:33:58-04:56;Non-Roadway;410910;2007;C: Possible Injury;Residential;40-49;48;No;0-5 mph;O: No Injury;Hispanic;Female;Passenger Car;No;No;Daylight;Mixed (30% To 70% Developed);2 lanes;2;Straight - Level;Public Vehicular Area;Dry;Two-Way, Not Divided;None;Driveway, Public;Coarse Asphalt;Mountains;Rural;;No Control Present;Clear;No;35.2911, -82.41271
316;317;No;16-19;17;No;Facing Traffic;B: Evident Injury;Sidewalk / Crosswalk / Driveway Crossing;White;Male;Waynesville;Haywood;No;01-01-03;2007-05-16;Motorist Failed to Yield - Signalized Intersection;13;Intersection;01-05-01;0001-01-01T08:18:58-04:56;Motorist Drive Out - Right Turn on Red;132151;2007;B: Evident Injury;Commercial;70+;;No;;O: No Injury;/Missing;Male;Passenger Car;No;No;Daylight;Urban (>70% Developed);2 lanes;2;Straight - Level;Local Street;Dry;Two-Way, Not Divided;None;T-Intersection;Smooth Asphalt;Mountains;Urban;;Stop And Go Signal;Cloudy;No;35.500076, -82.98707
318;319;Yes;40-49;45;No;With Traffic;B: Evident Injury;Travel Lane;White;Male;Kernersville;Forsyth;No;01-01-04;2007-05-17;Motorist Left Turn / Merge;16;Non-Intersection;01-05-01;0001-01-01T11:51:58-04:56;Motorist Left Turn - Opposite Direction;311212;2007;B: Evident Injury;Commercial;30-39;31;No;0-5 mph;O: No Injury;White;Female;Passenger Car;No;No;Daylight;Urban (>70% Developed);3 lanes;2;Straight - Level;Local Street;Dry;Two-Way, Divided, Unprotected Median;None;T-Intersection;Coarse Asphalt;Piedmont;Urban;30 - 35  MPH;No Control Present;Clear;No;36.126545, -80.067566
324;325;Yes;15-Nov;13;No;Facing Traffic;C: Possible Injury;Travel Lane;White;Female;Kill Devil Hills;Dare;No;01-01-06;2007-05-19;Motorist Failed to Yield - Sign-Controlled Intersection;16;Intersection;01-05-01;0001-01-01T11:15:58-04:56;Motorist Drive Out - Sign-Controlled Intersection;112141;2007;C: Possible Injury;Commercial;20-24;24;No;0-5 mph;O: No Injury;White;Male;Pickup;No;No;Daylight;Urban (>70% Developed);2 lanes;2;Straight - Level;Local Street;Dry;Two-Way, Divided, Unprotected Median;None;T-Intersection;Coarse Asphalt;Coastal;Urban;20 - 25  MPH;Stop Sign;Clear;No;36.01028, -75.658806
325;326;Yes;16-19;18;No;Not Applicable;C: Possible Injury;Non-Roadway;Black;Female;High Point;Guilford;No;01-01-06;2007-05-19;Bicyclist Failed to Yield - Midblock;19;Non-Intersection;01-05-01;0001-01-01T14:39:58-04:56;Bicyclist Ride Out - Other Midblock;363318;2007;C: Possible Injury;Residential;0-19;16;No;11-15 mph;O: No Injury;Black;Female;Passenger Car;No;No;Daylight;Urban (>70% Developed);2 lanes;2;Straight - Level;Local Street;Dry;Two-Way, Not Divided;None;No Special Feature;Smooth Asphalt;Piedmont;Urban;20 - 25  MPH;No Control Present;Clear;No;35.94435, -79.99211
339;340;Yes;15-Nov;15;No;With Traffic;C: Possible Injury;Travel Lane;White;Male;None - Rural Crash;Guilford;No;01-01-03;2007-05-23;Motorist Overtaking Bicyclist;19;Intersection;01-05-01;0001-01-01T14:23:58-04:56;Motorist Overtaking - Bicyclist Swerved;111235;2007;C: Possible Injury;Residential;20-24;20;No;41-45 mph;O: No Injury;White;Female;Passenger Car;No;No;Daylight;Mixed (30% To 70% Developed);2 lanes;2;Straight - Grade;NC Route;Dry;Two-Way, Not Divided;None;T-Intersection;Coarse Asphalt;Piedmont;Rural;40 - 45  MPH;Double Yellow Line, No Passing Zone;Clear;No;35.92175, -79.931404
342;343;Yes;25-29;25;No;Facing Traffic;O: No Injury;Travel Lane;Black;Male;Cary;Wake;No;01-01-03;2007-08-22;Crossing Paths - Other Circumstances;16;Intersection;01-08-01;0001-01-01T11:53:58-04:56;Crossing Paths - Intersection - Other /;112180;2007;O: No Injury;Commercial;40-49;49;No;6-10 mph;O: No Injury;White;Female;Light Truck (Mini-Van, Panel);No;No;Daylight;Urban (>70% Developed);2 lanes;2;Straight - Level;Local Street;Dry;Two-Way, Not Divided;None;T-Intersection;Smooth Asphalt;Piedmont;Urban;5 - 15 MPH;No Control Present;Clear;No;35.786594, -78.781265
353;354;Yes;25-29;29;No;Facing Traffic;A: Disabling Injury;Travel Lane;Black;Male;Charlotte;Mecklenburg;No;01-01-06;2007-05-26;Head-On;1;Non-Intersection;01-05-01;0000-12-31T20:26:58-04:56;Head-On - Bicyclist;312250;2007;A: Disabling Injury;Commercial;;;Missing;21-25 mph;Injury;/Missing;;;No;Yes;Dark - Lighted Roadway;Urban (>70% Developed);3 lanes;2;Straight - Level;Local Street;Dry;One-Way, Not Divided;None;No Special Feature;Smooth Asphalt;Piedmont;Urban;30 - 35  MPH;No Control Present;Clear;No;35.230537, -80.844795