FID;OBJECTID;AmbulanceR;BikeAge_Gr;Bike_Age;Bike_Alc_D;Bike_Dir;Bike_Injur;Bike_Pos;Bike_Race;Bike_Sex;City;County;CrashAlcoh;CrashDay;Crash_Date;Crash_Grp;Crash_Hour;Crash_Loc;Crash_Mont;Crash_Time;Crash_Type;Crash_Ty_1;Crash_Year;Crsh_Sevri;Developmen;DrvrAge_Gr;Drvr_Age;Drvr_Alc_D;Drvr_EstSp;Drvr_Injur;Drvr_Race;Drvr_Sex;Drvr_VehTy;ExcsSpdInd;Hit_Run;Light_Cond;Locality;Num_Lanes;Num_Units;Rd_Charact;Rd_Class;Rd_Conditi;Rd_Config;Rd_Defects;Rd_Feature;Rd_Surface;Region;Rural_Urba;Speed_Limi;Traff_Cntr;Weather;Workzone_I;Location
584;585;Yes;20-24;20;No;With Traffic;B: Evident Injury;Travel Lane;White;Male;None - Rural Crash;Caswell;No;01-01-04;2007-07-26;Head-On;20;Intersection;01-07-01;0001-01-01T15:22:58-04:56;Head-On - Motorist;111255;2007;B: Evident Injury;Farms, Woods, Pastures;;;Missing;51-55 mph;Injury;/Missing;;;No;Yes;Dusk;Rural (<30% Developed);2 lanes;3;Curve - Level;State Secondary Route;Dry;Two-Way, Not Divided;None;No Special Feature;Smooth Asphalt;Piedmont;Rural;50 - 55  MPH;Double Yellow Line, No Passing Zone;Clear;No;36.39728, -79.502975
585;586;Yes;50-59;52;No;Not Applicable;C: Possible Injury;Driveway / Alley;Black;Male;Rocky Mount;Edgecombe;No;01-01-04;2007-07-26;Motorist Right Turn / Merge;18;Non-Intersection;01-07-01;0001-01-01T14:01:58-04:56;Motorist Right Turn - Opposite Direction;353214;2007;C: Possible Injury;Residential;20-24;22;No;0-5 mph;O: No Injury;Black;Female;Passenger Car;No;No;Daylight;Urban (>70% Developed);5 lanes;2;Straight - Level;Local Street;Dry;Two-Way, Not Divided;None;No Special Feature;Smooth Asphalt;Coastal;Urban;30 - 35  MPH;Stop And Go Signal;Clear;No;35.94465, -77.77644
586;587;Yes;25-29;28;No;Facing Traffic;C: Possible Injury;Travel Lane;Hispanic;Female;Matthews;Mecklenburg;No;01-01-05;2007-08-17;Motorist Failed to Yield - Midblock;16;Non-Intersection;01-08-01;0001-01-01T11:10:58-04:56;Motorist Drive Out - Commercial Driveway / Alley;312322;2007;C: Possible Injury;Commercial;30-39;36;No;6-10 mph;O: No Injury;White;Male;Light Truck (Mini-Van, Panel);No;No;Daylight;Mixed (30% To 70% Developed);4 lanes;2;Straight - Level;US Route;Dry;Two-Way, Divided, Positive Median Barrier;Other;T-Intersection;Smooth Asphalt;Piedmont;Urban;20 - 25  MPH;Stop Sign;Clear;No;35.142757, -80.72024
587;588;Yes;16-19;18;No;Facing Traffic;B: Evident Injury;Travel Lane;Black;Male;Greenville;Pitt;No;01-01-04;2007-07-26;Bicyclist Failed to Yield - Signalized Intersection;17;Intersection;01-07-01;0001-01-01T12:18:58-04:56;Bicyclist Ride Through - Signalized Intersection;112155;2007;B: Evident Injury;Commercial;20-24;22;No;31-35 mph;O: No Injury;White;Male;Pickup;No;No;Daylight;Urban (>70% Developed);5 lanes;3;Straight - Level;Local Street;Dry;Two-Way, Not Divided;None;Four-Way Intersection;Smooth Asphalt;Coastal;Urban;40 - 45  MPH;Stop And Go Signal;Clear;No;35.6018, -77.37542
596;597;Yes;40-49;43;No;With Traffic;C: Possible Injury;Travel Lane;White;Male;Wilmington;New Hanover;No;01-01-06;2007-07-28;Loss of Control / Turning Error;18;Intersection;01-07-01;0001-01-01T13:34:58-04:56;Bicyclist Lost Control - Mechanical Problems;111121;2007;C: Possible Injury;Commercial;0-19;19;No;0-5 mph;O: No Injury;White;Male;Passenger Car;No;No;Daylight;Urban (>70% Developed);6 lanes;2;Straight - Level;Local Street;Wet;Two-Way, Not Divided;None;T-Intersection;Smooth Asphalt;Coastal;Urban;40 - 45  MPH;Stop Sign;Cloudy;No;34.209835, -77.83915
597;598;Yes;16-19;19;No;With Traffic;B: Evident Injury;Travel Lane;White;Male;Cary;Wake;No;01-01-06;2007-10-20;Motorist Failed to Yield - Sign-Controlled Intersection;10;Intersection;01-10-01;0001-01-01T05:33:58-04:56;Motorist Drive Out - Sign-Controlled Intersection;111141;2007;B: Evident Injury;Residential;40-49;47;No;16-20 mph;O: No Injury;White;Male;Passenger Car;No;No;Daylight;Urban (>70% Developed);2 lanes;2;Straight - Grade;Local Street;Dry;Two-Way, Not Divided;None;Four-Way Intersection;Coarse Asphalt;Piedmont;Urban;20 - 25  MPH;Stop Sign;Clear;Yes;35.81396, -78.906944
599;600;No;16-19;17;No;With Traffic;O: No Injury;Travel Lane;White;Male;Oak Island;Brunswick;No;01-01-07;2007-07-29;Bicyclist Left Turn / Merge;19;Intersection;01-07-01;0001-01-01T14:23:58-04:56;Bicyclist Left Turn - Same Direction;111221;2007;O: No Injury;Residential;60-69;65;No;21-25 mph;O: No Injury;White;Male;Passenger Car;No;No;Daylight;Urban (>70% Developed);2 lanes;2;Straight - Level;Local Street;Dry;Two-Way, Not Divided;None;T-Intersection;Smooth Asphalt;Coastal;Urban;20 - 25  MPH;No Control Present;Clear;No;33.91119, -78.08497
611;612;Yes;30-39;33;No;With Traffic;C: Possible Injury;Travel Lane;Black;Male;Greensboro;Guilford;No;01-01-02;2007-07-31;Bicyclist Failed to Yield - Signalized Intersection;23;Intersection;01-07-01;0001-01-01T18:53:58-04:56;Bicyclist Failed to Clear - Trapped;111156;2007;C: Possible Injury;Residential;50-59;54;No;6-10 mph;O: No Injury;Black;Male;Sport Utility;No;No;Dark - Lighted Roadway;Urban (>70% Developed);6 lanes;2;Straight - Level;Local Street;Dry;Two-Way, Divided, Positive Median Barrier;None;No Special Feature;Coarse Asphalt;Piedmont;Urban;30 - 35  MPH;Stop And Go Signal;Clear;No;36.05173, -79.79774
614;615;Yes;10-Jun;7;No;Not Applicable;A: Disabling Injury;Driveway / Alley;White;Male;High Point;Guilford;No;01-01-03;2007-08-01;Bicyclist Failed to Yield - Midblock;13;Non-Intersection;01-08-01;0001-01-01T09:00:58-04:56;Bicyclist Ride Out - Residential Driveway;353311;2007;A: Disabling Injury;Residential;30-39;33;No;36-40 mph;O: No Injury;Black;Female;Passenger Car;No;No;Daylight;Urban (>70% Developed);2 lanes;2;Straight - Grade;Local Street;Dry;Two-Way, Not Divided;None;No Special Feature;Smooth Asphalt;Piedmont;Urban;30 - 35  MPH;No Control Present;Clear;No;35.94954, -80.02042
615;616;No;15-Nov;12;No;With Traffic;B: Evident Injury;Travel Lane;Black;Male;Black Mountain;Buncombe;No;01-01-04;2007-08-02;Loss of Control / Turning Error;13;Non-Intersection;01-08-01;0001-01-01T08:43:58-04:56;Bicyclist Lost Control - Other /;311129;2007;B: Evident Injury;Residential;;;Missing;;Injury;/Missing;;Passenger Car;No;No;Daylight;Mixed (30% To 70% Developed);2 lanes;2;Straight - Level;Local Street;Dry;Two-Way, Not Divided;None;Driveway, Public;Smooth Asphalt;Mountains;Urban;20 - 25  MPH;No Control Present;Clear;No;35.629917, -82.318344
617;618;No;15-Nov;13;No;;C: Possible Injury;;Black;Female;Elizabeth City;Pasquotank;No;01-01-04;2007-08-02;Bicyclist Failed to Yield - Sign-Controlled Intersection;17;Intersection;01-08-01;0001-01-01T12:03:58-04:56;Bicyclist Ride Out - Sign-Controlled Intersection;199142;2007;C: Possible Injury;Residential;30-39;34;No;21-25 mph;O: No Injury;Black;Female;Pickup;No;No;Daylight;Urban (>70% Developed);2 lanes;2;Straight - Level;Local Street;Dry;Two-Way, Not Divided;None;Four-Way Intersection;Concrete;Coastal;Urban;20 - 25  MPH;Stop Sign;Clear;No;36.290222, -76.22429
618;619;No;16-19;18;No;With Traffic;C: Possible Injury;Sidewalk / Crosswalk / Driveway Crossing;Black;Male;Rocky Mount;Nash;No;01-01-05;2007-08-03;Bicyclist Failed to Yield - Signalized Intersection;14;Intersection;01-08-01;0001-01-01T09:41:58-04:56;Bicyclist Ride Out - Signalized  Intersection;131153;2007;C: Possible Injury;Commercial;30-39;30;No;26-30 mph;O: No Injury;Black;Male;Passenger Car;No;No;Daylight;Urban (>70% Developed);3 lanes;2;Straight - Level;Local Street;Dry;One-Way, Not Divided;None;Four-Way Intersection;Coarse Asphalt;Coastal;Urban;20 - 25  MPH;Stop And Go Signal;Clear;No;35.94514, -77.79773
622;623;Yes;40-49;45;No;Not Applicable;B: Evident Injury;Driveway / Alley;Hispanic;Male;Spring Lake;Cumberland;No;01-01-05;2007-11-09;Bicyclist Failed to Yield - Midblock;20;Non-Intersection;01-11-01;0001-01-01T15:37:58-04:56;Bicyclist Ride Out - Commercial Driveway / Alley;353312;2007;B: Evident Injury;Commercial;40-49;42;No;41-45 mph;O: No Injury;Black;Male;Passenger Car;No;No;Dark - Lighted Roadway;Urban (>70% Developed);2 lanes;2;Straight - Level;Local Street;Dry;Two-Way, Not Divided;None;No Special Feature;Coarse Asphalt;Coastal;Urban;20 - 25  MPH;No Control Present;Clear;No;35.165222, -78.97323
627;628;Yes;15-Nov;11;No;With Traffic;C: Possible Injury;Travel Lane;Black;Male;Raleigh;Wake;No;;2007-08-06;Bicyclist Overtaking Motorist;20;Non-Intersection;01-08-01;0001-01-01T15:40:58-04:56;Bicyclist Overtaking - Passing on Right;311241;2007;C: Possible Injury;Residential;25-29;25;No;11-15 mph;O: No Injury;Black;Female;Passenger Car;No;No;Dark - Lighted Roadway;Urban (>70% Developed);2 lanes;2;Straight - Level;Local Street;Dry;Two-Way, Not Divided;None;No Special Feature;Smooth Asphalt;Piedmont;Urban;20 - 25  MPH;No Control Present;Clear;No;35.76735, -78.64041
639;640;No;15-Nov;13;No;With Traffic;C: Possible Injury;Sidewalk / Crosswalk / Driveway Crossing;Black;Male;Rocky Mount;Edgecombe;No;01-01-04;2007-08-09;Motorist Right Turn / Merge;12;Intersection;01-08-01;0001-01-01T07:29:58-04:56;Motorist Right Turn - Same Direction;131213;2007;C: Possible Injury;Residential;30-39;36;No;31-35 mph;O: No Injury;Black;Female;Passenger Car;No;No;Daylight;Urban (>70% Developed);3 lanes;2;Straight - Hillcrest;Local Street;Dry;Two-Way, Not Divided;None;Bridge;Coarse Asphalt;Coastal;Urban;30 - 35  MPH;Yield Sign;Clear;No;35.936275, -77.79555
657;658;No;16-19;16;No;;O: No Injury;Travel Lane;Black;Male;Charlotte;Mecklenburg;No;01-01-02;2007-11-20;Bicyclist Failed to Yield - Sign-Controlled Intersection;17;Intersection;01-11-01;0001-01-01T12:48:58-04:56;Bicyclist Ride Out - Sign-Controlled Intersection;119142;2007;O: No Injury;Commercial;25-29;25;No;31-35 mph;O: No Injury;White;Male;Passenger Car;No;No;Dusk;Urban (>70% Developed);4 lanes;2;Straight - Level;Local Street;Dry;Two-Way, Not Divided;None;T-Intersection;Smooth Asphalt;Piedmont;Urban;40 - 45  MPH;No Control Present;Clear;No;35.08762, -80.863655
663;664;No;50-59;56;No;Facing Traffic;B: Evident Injury;Travel Lane;White;Male;None - Rural Crash;Pitt;No;01-01-02;2007-08-14;Motorist Right Turn / Merge;9;Non-Intersection;01-08-01;0001-01-01T04:03:58-04:56;Motorist Right Turn - Opposite Direction;312214;2007;B: Evident Injury;Residential;40-49;43;No;0-5 mph;O: No Injury;White;Male;Passenger Car;No;No;Daylight;Rural (<30% Developed);2 lanes;2;Curve - Level;Public Vehicular Area;Dry;Two-Way, Not Divided;None;Driveway, Private;Smooth Asphalt;Coastal;Rural;;No Control Present;Clear;No;35.635437, -77.469826
669;670;No;16-19;16;No;Not Applicable;O: No Injury;Driveway / Alley;Black;Male;Jacksonville;Onslow;No;01-01-04;2007-08-16;Bicyclist Failed to Yield - Midblock;17;Non-Intersection;01-08-01;0001-01-01T12:11:58-04:56;Bicyclist Ride Out - Commercial Driveway / Alley;353312;2007;C: Possible Injury;Commercial;60-69;67;No;41-45 mph;O: No Injury;Black;Female;Passenger Car;No;No;Daylight;Urban (>70% Developed);3 lanes;2;Straight - Level;Local Street;Dry;Two-Way, Divided, Unprotected Median;None;No Special Feature;Smooth Asphalt;Coastal;Urban;40 - 45  MPH;No Control Present;Clear;No;34.775734, -77.36592
673;674;Yes;15-Nov;14;No;With Traffic;O: No Injury;Travel Lane;Black;Male;Havelock;Craven;No;01-01-06;2007-08-18;Parallel Paths - Other Circumstances;14;Non-Intersection;01-08-01;0001-01-01T09:50:58-04:56;Parallel Paths - Other /;311280;2007;O: No Injury;Commercial;70+;;No;16-20 mph;O: No Injury;White;Male;Passenger Car;No;No;Daylight;Urban (>70% Developed);2 lanes;2;Straight - Level;State Secondary Route;Dry;Two-Way, Not Divided;None;No Special Feature;Smooth Asphalt;Coastal;Urban;40 - 45  MPH;No Control Present;Clear;No;34.90577, -76.93357
676;677;Yes;;;Missing;Not Applicable;Injury;Non-Roadway;/Missing;;Wrightsville Beach;New Hanover;No;01-01-06;2007-08-18;Bicyclist Failed to Yield - Signalized Intersection;17;Intersection-Related;01-08-01;0001-01-01T12:32:58-04:56;Bicyclist Ride Out - Signalized  Intersection;263153;2007;O: No Injury;Commercial;20-24;24;No;0-5 mph;O: No Injury;/Missing;Male;Passenger Car;No;No;Daylight;Urban (>70% Developed);4 lanes;2;Straight - Level;Local Street;Dry;Two-Way, Not Divided;None;No Special Feature;Coarse Asphalt;Coastal;Rural;30 - 35  MPH;Stop And Go Signal;Clear;No;34.208042, -77.796326
682;683;No;20-24;22;No;With Traffic;Injury;Sidewalk / Crosswalk / Driveway Crossing;White;Male;Greensboro;Guilford;No;01-01-02;2007-08-21;Motorist Right Turn / Merge;11;Intersection;01-08-01;0001-01-01T06:08:58-04:56;Motorist Right Turn - Same Direction;131213;2007;O: No Injury;Institutional;20-24;24;No;6-10 mph;O: No Injury;White;Male;Passenger Car;No;No;Daylight;Urban (>70% Developed);3 lanes;2;Straight - Level;Local Street;Dry;Two-Way, Divided, Unprotected Median;None;Four-Way Intersection;Smooth Asphalt;Piedmont;Urban;20 - 25  MPH;No Control Present;Clear;No;36.065582, -79.81151
693;694;Yes;20-24;20;No;With Traffic;B: Evident Injury;Travel Lane;White;Male;Boone;Watauga;No;01-01-05;2007-08-24;Bicyclist Overtaking Motorist;16;Intersection-Related;01-08-01;0001-01-01T12:02:58-04:56;Bicyclist Overtaking - Other /;211249;2007;B: Evident Injury;Commercial;25-29;29;No;16-20 mph;O: No Injury;White;Male;Sport Utility;No;No;Daylight;Urban (>70% Developed);7 lanes;2;Straight - Level;NC Route;Wet;Two-Way, Not Divided;None;Four-Way Intersection;Smooth Asphalt;Mountains;Urban;30 - 35  MPH;Stop And Go Signal;Cloudy;No;36.205532, -81.66969
697;698;Yes;10-Jun;10;No;With Traffic;B: Evident Injury;Travel Lane;White;Male;Wilson;Wilson;No;01-01-02;2007-08-21;Bicyclist Left Turn / Merge;17;Non-Intersection;01-08-01;0001-01-01T12:16:58-04:56;Bicyclist Left Turn - Same Direction;311221;2007;B: Evident Injury;Residential;20-24;20;No;31-35 mph;O: No Injury;White;Male;Passenger Car;No;No;Daylight;Urban (>70% Developed);2 lanes;2;Curve - Level;Local Street;Dry;Two-Way, Not Divided;None;No Special Feature;Smooth Asphalt;Coastal;Urban;30 - 35  MPH;No Control Present;Clear;No;35.734795, -77.92817
661;662;No;16-19;16;No;Not Applicable;O: No Injury;Non-Roadway;White;Male;Brevard;Transylvania;No;01-01-05;2010-09-03;Non-Roadway;15;Non-Roadway;01-09-01;0001-01-01T10:13:58-04:56;Non-Roadway;0;2010;O: No Injury;Institutional;0-19;18;No;6-10 mph;O: No Injury;Other;Male;Sport Utility;No;No;Daylight;Urban (>70% Developed);2 lanes;2;Straight - Level;Public Vehicular Area;Dry;Two-Way, Not Divided;None;No Special Feature;Smooth Asphalt;Mountains;Urban;5 - 15 MPH;No Control Present;Clear;No;35.218315, -82.73537
671;672;Yes;40-49;41;No;With Traffic;B: Evident Injury;Travel Lane;White;Male;None - Rural Crash;Caldwell;No;01-01-07;2010-09-19;Motorist Left Turn / Merge;9;Non-Intersection;01-09-01;0001-01-01T04:35:58-04:56;Motorist Left Turn - Same Direction;0;2010;B: Evident Injury;Farms, Woods, Pastures;50-59;53;No;0-5 mph;O: No Injury;White;Male;Motorcycle;No;No;Daylight;Rural (<30% Developed);2 lanes;2;Straight - Grade;State Secondary Route;Dry;Two-Way, Not Divided;None;No Special Feature;Smooth Asphalt;Mountains;Rural;50 - 55  MPH;Double Yellow Line, No Passing Zone;Clear;No;36.048573, -81.47328
675;676;No;20-24;21;No;With Traffic;C: Possible Injury;Sidewalk / Crosswalk / Driveway Crossing;Asian;Female;Carrboro;Orange;No;01-01-04;2010-09-09;Bicyclist Left Turn / Merge;7;Intersection;01-09-01;0001-01-01T02:52:58-04:56;Bicyclist Left Turn - Opposite Direction;0;2010;C: Possible Injury;Commercial;40-49;47;No;6-10 mph;O: No Injury;Black;Female;Passenger Car;No;No;Daylight;Urban (>70% Developed);2 lanes;2;Curve - Grade;Local Street;Dry;Two-Way, Not Divided;None;T-Intersection;Smooth Asphalt;Piedmont;Urban;20 - 25  MPH;Stop And Go Signal;Clear;No;35.907063, -79.06389
699;700;Yes;50-59;55;Yes;With Traffic;C: Possible Injury;Travel Lane;Black;Male;None - Rural Crash;New Hanover;Yes;;2010-09-20;Loss of Control / Turning Error;19;Non-Intersection;01-09-01;0001-01-01T14:39:58-04:56;Bicyclist Lost Control - Other /;0;2010;C: Possible Injury;Commercial;50-59;52;No;21-25 mph;O: No Injury;Black;Female;Passenger Car;No;No;Dark - Roadway Not Lighted;Urban (>70% Developed);8 lanes;2;Straight - Level;Local Street;Dry;Two-Way, Divided, Positive Median Barrier;None;No Special Feature;Smooth Asphalt;Coastal;Rural;40 - 45  MPH;No Control Present;Clear;No;34.19585, -77.906334
701;702;Yes;25-29;27;No;With Traffic;C: Possible Injury;Sidewalk / Crosswalk / Driveway Crossing;Black;Male;Gastonia;Gaston;No;01-01-07;2010-09-19;Bicyclist Failed to Yield - Signalized Intersection;16;Intersection;01-09-01;0001-01-01T11:54:58-04:56;Bicyclist Ride Out - Signalized  Intersection;0;2010;C: Possible Injury;Commercial;50-59;52;No;0-5 mph;O: No Injury;White;Female;Passenger Car;No;No;Daylight;Urban (>70% Developed);5 lanes;2;Straight - Grade;US Route;Dry;Two-Way, Not Divided;None;Four-Way Intersection;Smooth Asphalt;Piedmont;Urban;30 - 35  MPH;Stop And Go Signal;Clear;No;35.23873, -81.194756
706;707;Yes;60-69;61;No;With Traffic;O: No Injury;Travel Lane;White;Male;None - Rural Crash;Brunswick;No;01-01-07;2010-09-26;Bicyclist Left Turn / Merge;12;Non-Intersection;01-09-01;0001-01-01T07:12:58-04:56;Bicyclist Left Turn - Same Direction;0;2010;B: Evident Injury;Farms, Woods, Pastures;40-49;40;No;31-35 mph;O: No Injury;White;Female;Passenger Car;No;No;Daylight;Rural (<30% Developed);2 lanes;2;Straight - Level;State Secondary Route;Wet;Two-Way, Not Divided;None;Driveway, Public;Smooth Asphalt;Coastal;Rural;50 - 55  MPH;No Control Present;Rain;No;33.99479, -78.58056
707;708;Yes;20-24;21;No;Facing Traffic;B: Evident Injury;Bike Lane / Paved Shoulder;Black;Male;Charlotte;Mecklenburg;No;01-01-06;2010-09-18;Crossing Paths - Other Circumstances;5;Intersection;01-09-01;0001-01-01T00:48:58-04:56;Signalized Intersection - Other /;0;2010;B: Evident Injury;Residential;20-24;23;No;26-30 mph;O: No Injury;Black;Female;Passenger Car;No;No;Dark - Roadway Not Lighted;Urban (>70% Developed);3 lanes;2;Straight - Level;Local Street;Dry;One-Way, Not Divided;None;No Special Feature;Smooth Asphalt;Piedmont;Urban;30 - 35  MPH;Stop And Go Signal;Clear;No;35.229065, -80.831375
714;715;No;40-49;40;No;With Traffic;C: Possible Injury;Travel Lane;Black;Male;High Point;Guilford;No;01-01-04;2010-09-23;Bicyclist Overtaking Motorist;12;Non-Intersection;01-09-01;0001-01-01T08:00:58-04:56;Bicyclist Overtaking - Passing on Left;0;2010;C: Possible Injury;Commercial;30-39;35;No;;O: No Injury;White;Male;Police;No;No;Daylight;Urban (>70% Developed);5 lanes;2;Straight - Level;US Route;Dry;Two-Way, Not Divided;None;Driveway, Public;Smooth Asphalt;Piedmont;Urban;30 - 35  MPH;No Control Present;Clear;No;35.97435, -80.01821
715;716;Yes;50-59;52;No;With Traffic;C: Possible Injury;Travel Lane;Black;Male;Farmville;Pitt;No;01-01-05;2010-09-24;Motorist Overtaking Bicyclist;7;Non-Intersection;01-09-01;0001-01-01T02:18:58-04:56;Motorist Overtaking - Misjudged Space;0;2010;C: Possible Injury;Farms, Woods, Pastures;60-69;63;No;36-40 mph;O: No Injury;White;Male;Pickup;No;No;Daylight;Mixed (30% To 70% Developed);2 lanes;2;Straight - Level;NC Route;Dry;Two-Way, Not Divided;None;No Special Feature;Smooth Asphalt;Coastal;Rural;40 - 45  MPH;No Control Present;Clear;No;35.58661, -77.606255
717;718;Yes;50-59;54;No;With Traffic;B: Evident Injury;Travel Lane;White;Male;Chapel Hill;Orange;No;01-01-03;2010-09-22;Motorist Overtaking Bicyclist;5;Intersection;01-09-01;0001-01-01T00:47:58-04:56;Motorist Overtaking - Other /;0;2010;B: Evident Injury;Commercial;50-59;55;No;16-20 mph;O: No Injury;White;Male;Passenger Car;No;No;Dark - Roadway Not Lighted;Urban (>70% Developed);5 lanes;2;Straight - Hillcrest;Local Street;Dry;Two-Way, Divided, Unprotected Median;None;T-Intersection;Coarse Asphalt;Piedmont;Urban;40 - 45  MPH;Stop And Go Signal;Clear;No;35.969707, -79.07503
718;719;Yes;10-Jun;10;No;With Traffic;C: Possible Injury;Travel Lane;White;Male;None - Rural Crash;Dare;No;01-01-03;2010-09-29;Bicyclist Left Turn / Merge;16;Non-Intersection;01-09-01;0001-01-01T11:25:58-04:56;Bicyclist Left Turn - Same Direction;0;2010;C: Possible Injury;Residential;60-69;65;No;31-35 mph;O: No Injury;White;Female;Sport Utility;No;No;Daylight;Mixed (30% To 70% Developed);2 lanes;2;Straight - Level;NC Route;Dry;Two-Way, Not Divided;None;No Special Feature;Coarse Asphalt;Coastal;Rural;30 - 35  MPH;Double Yellow Line, No Passing Zone;Cloudy;No;35.97032, -75.636086
721;722;Yes;15-Nov;15;No;Facing Traffic;C: Possible Injury;Sidewalk / Crosswalk / Driveway Crossing;White;Male;Concord;Cabarrus;No;01-01-02;2010-09-21;Crossing Paths - Other Circumstances;18;Intersection;01-09-01;0001-01-01T13:37:58-04:56;Sign-Controlled Intersection - Other /;0;2010;C: Possible Injury;Residential;70+;;No;0-5 mph;O: No Injury;White;Female;Passenger Car;No;No;Daylight;Urban (>70% Developed);1 lane;2;Straight - Level;Local Street;Dry;One-Way, Not Divided;None;No Special Feature;Coarse Asphalt;Piedmont;Urban;30 - 35  MPH;Stop Sign;Clear;No;35.4157, -80.58694
743;744;Yes;40-49;48;No;With Traffic;B: Evident Injury;Travel Lane;White;Male;None - Rural Crash;Henderson;No;01-01-07;2010-10-10;Motorist Left Turn / Merge;15;Intersection;01-10-01;0001-01-01T10:45:58-04:56;Motorist Left Turn - Opposite Direction;0;2010;B: Evident Injury;Farms, Woods, Pastures;70+;;No;0-5 mph;O: No Injury;White;Female;Passenger Car;No;No;Daylight;Rural (<30% Developed);2 lanes;2;Curve - Grade;State Secondary Route;Dry;Two-Way, Not Divided;None;T-Intersection;Coarse Asphalt;Mountains;Rural;30 - 35  MPH;Double Yellow Line, No Passing Zone;Clear;No;35.340958, -82.53002
755;756;Yes;20-24;20;No;Facing Traffic;O: No Injury;Bike Lane / Paved Shoulder;White;Male;Kitty Hawk;Dare;No;01-01-02;2010-09-21;Motorist Failed to Yield - Sign-Controlled Intersection;15;Intersection;01-09-01;0001-01-01T10:07:58-04:56;Motorist Drive Out - Sign-Controlled Intersection;0;2010;O: No Injury;Commercial;0-19;16;No;0-5 mph;O: No Injury;White;Male;Sport Utility;No;No;Daylight;Urban (>70% Developed);5 lanes;2;Straight - Level;US Route;Dry;Two-Way, Not Divided;None;T-Intersection;Coarse Asphalt;Coastal;Rural;20 - 25  MPH;Stop Sign;Clear;No;36.060024, -75.689224
757;758;Yes;50-59;53;No;With Traffic;B: Evident Injury;Travel Lane;Black;Male;Wilmington;New Hanover;No;;2010-10-04;Motorist Overtaking Bicyclist;21;Non-Intersection;01-10-01;0001-01-01T16:50:58-04:56;Motorist Overtaking - Undetected Bicyclist;0;2010;B: Evident Injury;Commercial;20-24;22;No;21-25 mph;O: No Injury;White;Female;Sport Utility;No;No;Dark - Roadway Not Lighted;Urban (>70% Developed);2 lanes;2;Straight - Level;Local Street;Dry;Two-Way, Not Divided;None;No Special Feature;Coarse Asphalt;Coastal;Urban;30 - 35  MPH;No Control Present;Clear;No;34.243687, -77.862274
762;763;Yes;50-59;50;No;With Traffic;A: Disabling Injury;Travel Lane;White;Male;Lenoir;Caldwell;No;;2010-10-11;Motorist Left Turn / Merge;9;Intersection;01-10-01;0001-01-01T04:10:58-04:56;Motorist Left Turn - Opposite Direction;0;2010;A: Disabling Injury;Commercial;70+;;No;6-10 mph;O: No Injury;White;Male;Sport Utility;No;No;Daylight;Urban (>70% Developed);2 lanes;2;Straight - Grade;US Route;Dry;Two-Way, Not Divided;None;No Special Feature;Smooth Asphalt;Mountains;Urban;30 - 35  MPH;No Control Present;Clear;No;35.905914, -81.52867
779;780;Yes;30-39;35;No;With Traffic;C: Possible Injury;Travel Lane;White;Male;None - Rural Crash;Johnston;No;01-01-03;2010-10-20;Motorist Overtaking Bicyclist;19;Non-Intersection;01-10-01;0001-01-01T14:11:58-04:56;Motorist Overtaking - Misjudged Space;0;2010;C: Possible Injury;Farms, Woods, Pastures;50-59;56;No;51-55 mph;O: No Injury;Black;Male;Pickup;No;No;Dark - Roadway Not Lighted;Rural (<30% Developed);2 lanes;2;Straight - Level;State Secondary Route;Dry;Two-Way, Not Divided;None;Bridge Approach;Coarse Asphalt;Coastal;Rural;50 - 55  MPH;Double Yellow Line, No Passing Zone;Clear;No;35.399345, -78.50027
790;791;Yes;20-24;20;No;With Traffic;B: Evident Injury;Bike Lane / Paved Shoulder;White;Male;Chapel Hill;Orange;No;01-01-07;2010-10-17;Bicyclist Overtaking Motorist;20;Non-Intersection;01-10-01;0001-01-01T15:07:58-04:56;Bicyclist Overtaking - Parked Vehicle;0;2010;B: Evident Injury;Institutional;;;Missing;;Injury;/Missing;;Passenger Car;No;No;Dark - Lighted Roadway;Urban (>70% Developed);4 lanes;2;Straight - Level;Local Street;Dry;Two-Way, Divided, Unprotected Median;None;No Special Feature;Smooth Asphalt;Piedmont;Urban;20 - 25  MPH;No Control Present;Clear;No;35.91462, -79.051865
791;792;No;50-59;55;No;With Traffic;C: Possible Injury;Travel Lane;White;Male;Charlotte;Mecklenburg;No;01-01-06;2010-10-16;Bicyclist Overtaking Motorist;14;Non-Intersection;01-10-01;0001-01-01T09:42:58-04:56;Bicyclist Overtaking - Parked Vehicle;0;2010;C: Possible Injury;Residential;;;Missing;31-35 mph;Injury;/Missing;;Passenger Car;Yes;No;Daylight;Urban (>70% Developed);2 lanes;2;Straight - Level;Local Street;Dry;Two-Way, Not Divided;None;No Special Feature;Concrete;Piedmont;Urban;30 - 35  MPH;No Control Present;Clear;No;35.034195, -80.79219