FID;OBJECTID;AmbulanceR;BikeAge_Gr;Bike_Age;Bike_Alc_D;Bike_Dir;Bike_Injur;Bike_Pos;Bike_Race;Bike_Sex;City;County;CrashAlcoh;CrashDay;Crash_Date;Crash_Grp;Crash_Hour;Crash_Loc;Crash_Mont;Crash_Time;Crash_Type;Crash_Ty_1;Crash_Year;Crsh_Sevri;Developmen;DrvrAge_Gr;Drvr_Age;Drvr_Alc_D;Drvr_EstSp;Drvr_Injur;Drvr_Race;Drvr_Sex;Drvr_VehTy;ExcsSpdInd;Hit_Run;Light_Cond;Locality;Num_Lanes;Num_Units;Rd_Charact;Rd_Class;Rd_Conditi;Rd_Config;Rd_Defects;Rd_Feature;Rd_Surface;Region;Rural_Urba;Speed_Limi;Traff_Cntr;Weather;Workzone_I;Location
953;954;No;40-49;41;No;Facing Traffic;B: Evident Injury;Travel Lane;Black;Male;Wilson;Wilson;No;01-01-02;2010-11-30;Motorist Failed to Yield - Midblock;13;Non-Intersection;01-11-01;0001-01-01T08:56:58-04:56;Motorist Drive Out - Other Midblock;0;2010;B: Evident Injury;Commercial;50-59;54;No;0-5 mph;O: No Injury;White;Male;Passenger Car;No;No;Daylight;Urban (>70% Developed);2 lanes;2;Curve - Level;Public Vehicular Area;Dry;Two-Way, Not Divided;None;Driveway, Public;Coarse Asphalt;Coastal;Urban;30 - 35  MPH;No Control Present;Clear;No;35.71511, -77.924126
954;955;Yes;40-49;42;No;With Traffic;B: Evident Injury;Travel Lane;White;Male;Wilson;Wilson;No;01-01-03;2010-11-24;Motorist Overtaking Bicyclist;11;Non-Intersection;01-11-01;0001-01-01T06:45:58-04:56;Motorist Overtaking - Other /;0;2010;B: Evident Injury;Residential;;;Missing;36-40 mph;Injury;/Missing;;;No;Yes;Daylight;Urban (>70% Developed);2 lanes;2;Straight - Level;Local Street;Dry;Two-Way, Not Divided;None;No Special Feature;Coarse Asphalt;Coastal;Urban;30 - 35  MPH;No Control Present;Clear;No;35.71439, -77.89773
959;960;No;15-Nov;14;No;Facing Traffic;B: Evident Injury;Sidewalk / Crosswalk / Driveway Crossing;White;Male;Stanley;Gaston;No;01-01-04;2010-07-08;Loss of Control / Turning Error;16;Intersection;01-07-01;0001-01-01T11:03:58-04:56;Bicyclist Lost Control - Mechanical Problems;0;2010;B: Evident Injury;Commercial;30-39;30;No;;O: No Injury;White;Female;Passenger Car;No;No;Daylight;Mixed (30% To 70% Developed);2 lanes;2;Straight - Level;Local Street;Dry;Two-Way, Not Divided;None;T-Intersection;Smooth Asphalt;Piedmont;Rural;20 - 25  MPH;Stop Sign;Clear;No;35.358463, -81.09524
961;962;No;40-49;47;No;Facing Traffic;C: Possible Injury;Bike Lane / Paved Shoulder;Black;Male;Weldon;Halifax;No;01-01-04;2010-10-28;Loss of Control / Turning Error;11;Non-Intersection;01-10-01;0001-01-01T06:40:58-04:56;Motorist Lost Control - Mechanical Problems;0;2010;C: Possible Injury;Residential;70+;;No;41-45 mph;O: No Injury;Black;Female;Passenger Car;No;No;Daylight;Mixed (30% To 70% Developed);2 lanes;2;Straight - Level;Local Street;Dry;Two-Way, Not Divided;None;Driveway, Public;Smooth Asphalt;Coastal;Rural;40 - 45  MPH;No Control Present;Clear;No;36.41284, -77.616
2;3;Yes;15-Nov;13;No;With Traffic;C: Possible Injury;Travel Lane;Black;Male;None - Rural Crash;Pitt;No;01-01-04;2011-01-06;Head-On;17;Non-Intersection;;0001-01-01T12:57:58-04:56;Head-On - Bicyclist;311250;2011;C: Possible Injury;Farms, Woods, Pastures;25-29;26;No;51-55 mph;O: No Injury;White;Male;Passenger Car;No;No;Dark - Roadway Not Lighted;Rural (<30% Developed);2 lanes;2;Curve - Level;State Secondary Route;Dry;Two-Way, Not Divided;None;No Special Feature;Smooth Asphalt;Coastal;Rural;50 - 55  MPH;Double Yellow Line, No Passing Zone;Clear;No;35.51318, -77.2342
3;4;Yes;60-69;62;No;With Traffic;B: Evident Injury;Travel Lane;White;Male;None - Rural Crash;Wake;No;01-01-04;2011-01-06;Motorist Overtaking Bicyclist;16;Non-Intersection;;0001-01-01T11:49:58-04:56;Motorist Overtaking - Undetected Bicyclist;311231;2011;B: Evident Injury;Residential;60-69;63;No;26-30 mph;O: No Injury;Black;Female;Sport Utility;No;No;Daylight;Mixed (30% To 70% Developed);2 lanes;2;Straight - Level;State Secondary Route;Dry;Two-Way, Not Divided;None;No Special Feature;Smooth Asphalt;Piedmont;Rural;40 - 45  MPH;Double Yellow Line, No Passing Zone;Clear;No;35.7721, -78.6386
11;12;Yes;15-Nov;12;No;Not Applicable;B: Evident Injury;Driveway / Alley;White;Male;None - Rural Crash;Lenoir;No;01-01-05;2011-01-21;Bicyclist Failed to Yield - Midblock;16;Non-Intersection;;0001-01-01T11:03:58-04:56;Bicyclist Ride Out - Residential Driveway;353311;2011;B: Evident Injury;Residential;;;No;41-45 mph;Injury;/Missing;;;No;Yes;Daylight;Rural (<30% Developed);2 lanes;2;Straight - Level;State Secondary Route;Dry;Two-Way, Not Divided;None;No Special Feature;Coarse Asphalt;Coastal;Rural;50 - 55  MPH;Double Yellow Line, No Passing Zone;Clear;No;35.3169, -77.7647
14;15;No;50-59;54;No;With Traffic;O: No Injury;Travel Lane;White;Male;Smithfield;Johnston;No;01-01-03;2011-01-19;Motorist Right Turn / Merge;12;Non-Intersection;;0001-01-01T07:14:58-04:56;Motorist Right Turn - Same Direction;311213;2011;O: No Injury;Commercial;40-49;45;No;6-10 mph;O: No Injury;Black;Female;Sport Utility;No;No;Daylight;Urban (>70% Developed);5 lanes;2;Straight - Level;US Route;Dry;Two-Way, Not Divided;None;Driveway, Public;Smooth Asphalt;Coastal;Urban;30 - 35  MPH;Stop And Go Signal;Clear;No;35.52002, -78.3103
15;16;Yes;20-24;21;No;With Traffic;C: Possible Injury;Travel Lane;Black;Male;None - Rural Crash;Pitt;No;01-01-04;2011-02-03;Bicyclist Failed to Yield - Sign-Controlled Intersection;15;Intersection;01-02-01;0001-01-01T10:03:58-04:56;Bicyclist Ride Through - Sign-Controlled Intersection;111144;2011;C: Possible Injury;Farms, Woods, Pastures;50-59;54;No;51-55 mph;O: No Injury;Black;Male;Single Unit Truck (3 Or More Axles);No;No;Daylight;Rural (<30% Developed);2 lanes;2;Straight - Level;State Secondary Route;Dry;Two-Way, Not Divided;None;Four-Way Intersection;Coarse Asphalt;Coastal;Rural;50 - 55  MPH;Stop Sign;Cloudy;No;35.66247, -77.3897
18;19;No;40-49;46;No;With Traffic;K: Killed;Travel Lane;White;Male;Monroe;Union;Yes;01-01-04;2011-01-27;Motorist Overtaking Bicyclist;23;Non-Intersection;;0001-01-01T18:33:58-04:56;Motorist Overtaking - Other /;311239;2011;K: Killed;Commercial;30-39;31;Yes;41-45 mph;O: No Injury;White;Male;Passenger Car;No;No;Dark - Lighted Roadway;Urban (>70% Developed);2 lanes;2;Straight - Level;Local Street;Dry;Two-Way, Not Divided;None;No Special Feature;Smooth Asphalt;Piedmont;Urban;40 - 45  MPH;No Control Present;Clear;No;35.0401, -80.601
19;20;Yes;50-59;51;No;Facing Traffic;C: Possible Injury;Sidewalk / Crosswalk / Driveway Crossing;White;Male;Greensboro;Guilford;No;01-01-05;2011-01-28;Crossing Paths - Other Circumstances;13;Intersection;;0001-01-01T08:10:58-04:56;Sign-Controlled Intersection - Other /;132148;2011;C: Possible Injury;Residential;20-24;21;No;6-10 mph;O: No Injury;Black;Male;Passenger Car;No;No;Daylight;Urban (>70% Developed);2 lanes;2;Straight - Hillcrest;Public Vehicular Area;Dry;Two-Way, Not Divided;No Shoulders;T-Intersection;Smooth Asphalt;Piedmont;Urban;;Stop Sign;Clear;No;36.07578, -79.8939
20;21;Yes;50-59;52;No;With Traffic;C: Possible Injury;Travel Lane;Black;Male;Washington;Beaufort;No;01-01-06;2011-01-15;Motorist Overtaking Bicyclist;18;Non-Intersection;;0001-01-01T13:11:58-04:56;Motorist Overtaking - Misjudged Space;311232;2011;C: Possible Injury;Residential;70+;;No;41-45 mph;O: No Injury;White;Female;Sport Utility;No;No;Dark - Lighted Roadway;Mixed (30% To 70% Developed);4 lanes;2;Straight - Level;Local Street;Dry;Two-Way, Not Divided;None;No Special Feature;Smooth Asphalt;Coastal;Urban;40 - 45  MPH;No Control Present;Clear;No;35.55909, -77.0433
23;24;Yes;15-Nov;15;No;With Traffic;B: Evident Injury;Sidewalk / Crosswalk / Driveway Crossing;White;Male;Matthews;Mecklenburg;No;01-01-07;2011-01-30;Bicyclist Failed to Yield - Signalized Intersection;19;Intersection;;0001-01-01T15:01:58-04:56;Bicyclist Ride Out - Signalized  Intersection;131153;2011;B: Evident Injury;Residential;50-59;54;No;31-35 mph;O: No Injury;White;Male;Pickup;No;No;Dark - Lighted Roadway;Urban (>70% Developed);3 lanes;2;Straight - Level;Local Street;Dry;Two-Way, Not Divided;None;No Special Feature;Smooth Asphalt;Piedmont;Urban;30 - 35  MPH;Stop And Go Signal;Clear;No;35.10814, -80.7292
25;26;Yes;16-19;18;No;Facing Traffic;C: Possible Injury;Sidewalk / Crosswalk / Driveway Crossing;White;Male;Charlotte;Mecklenburg;No;01-01-03;2011-02-02;Motorist Failed to Yield - Midblock;9;Non-Intersection;01-02-01;0001-01-01T04:27:58-04:56;Motorist Drive Out - Commercial Driveway / Alley;332322;2011;C: Possible Injury;Commercial;40-49;47;No;0-5 mph;O: No Injury;Hispanic;Male;Sport Utility;No;No;Daylight;Urban (>70% Developed);;2;Straight - Level;Public Vehicular Area;Wet;Two-Way, Not Divided;None;Driveway, Public;Concrete;Piedmont;Urban;20 - 25  MPH;No Control Present;Clear;No;35.20294, -80.7388
26;27;Yes;25-29;28;Yes;Not Applicable;K: Killed;Driveway / Alley;Black;Female;None - Rural Crash;Bertie;Yes;01-01-07;2011-01-30;Bicyclist Failed to Yield - Midblock;18;Non-Intersection;;0001-01-01T13:39:58-04:56;Bicyclist Ride Out - Residential Driveway;353311;2011;K: Killed;Farms, Woods, Pastures;30-39;33;No;51-55 mph;O: No Injury;White;Male;Pickup;No;No;Dark - Roadway Not Lighted;Rural (<30% Developed);2 lanes;2;Straight - Level;NC Route;Dry;Two-Way, Not Divided;None;Driveway, Private;Smooth Asphalt;Coastal;Rural;50 - 55  MPH;No Control Present;Clear;No;36.22697, -76.7707
39;40;Yes;40-49;48;No;With Traffic;K: Killed;Travel Lane;Black;Male;Raleigh;Wake;No;01-01-04;2011-01-20;Bicyclist Failed to Yield - Sign-Controlled Intersection;12;Intersection;;0001-01-01T08:02:58-04:56;Bicyclist Ride Through - Sign-Controlled Intersection;111144;2011;K: Killed;Commercial;50-59;57;No;11-15 mph;O: No Injury;Black;Female;School Bus;No;No;Daylight;Mixed (30% To 70% Developed);4 lanes;2;Straight - Grade;Local Street;Dry;Two-Way, Divided, Unprotected Median;None;Driveway, Public;Smooth Asphalt;Piedmont;Urban;40 - 45  MPH;Stop And Go Signal;Clear;No;35.77443, -78.6215
41;42;Yes;50-59;53;No;With Traffic;B: Evident Injury;Travel Lane;White;Male;None - Rural Crash;Nash;No;01-01-06;2011-02-19;Motorist Overtaking Bicyclist;10;Non-Intersection;01-02-01;0001-01-01T06:00:58-04:56;Motorist Overtaking - Other /;311239;2011;B: Evident Injury;Farms, Woods, Pastures;50-59;55;No;51-55 mph;O: No Injury;White;Male;Pickup;No;No;Daylight;Rural (<30% Developed);2 lanes;2;Straight - Grade;NC Route;Dry;Two-Way, Not Divided;None;No Special Feature;Coarse Asphalt;Coastal;Rural;50 - 55  MPH;Double Yellow Line, No Passing Zone;Clear;No;35.86028, -78.1347
44;45;No;40-49;48;Yes;Not Applicable;C: Possible Injury;Non-Roadway;White;Male;Charlotte;Mecklenburg;Yes;;2011-02-14;Loss of Control / Turning Error;18;Non-Intersection;01-02-01;0001-01-01T13:38:58-04:56;Bicylist Lost Control - Alcohol / Drug Impairment;363123;2011;C: Possible Injury;Commercial;20-24;20;No;21-25 mph;O: No Injury;Black;Female;Passenger Car;No;No;Dark - Lighted Roadway;Urban (>70% Developed);4 lanes;2;Straight - Level;Local Street;Dry;Two-Way, Not Divided;None;No Special Feature;Smooth Asphalt;Piedmont;Urban;30 - 35  MPH;No Control Present;Clear;No;35.24629, -80.8995
49;50;Yes;;;No;With Traffic;B: Evident Injury;Travel Lane;Black;Male;Wilmington;New Hanover;No;01-01-02;2011-02-08;Bicyclist Failed to Yield - Signalized Intersection;17;Intersection;01-02-01;0001-01-01T12:28:58-04:56;Bicyclist Ride Through - Signalized Intersection;111155;2011;B: Evident Injury;Commercial;30-39;33;No;41-45 mph;Injury;Black;Male;Sport Utility;No;No;Daylight;Urban (>70% Developed);5 lanes;2;Straight - Level;NC Route;Dry;Two-Way, Not Divided;None;No Special Feature;Coarse Asphalt;Coastal;Urban;40 - 45  MPH;Stop And Go Signal;Clear;No;34.2424, -77.8923
62;63;Yes;40-49;40;No;With Traffic;K: Killed;Travel Lane;White;Male;None - Rural Crash;Brunswick;No;01-01-04;2011-03-03;Motorist Overtaking Bicyclist;18;Non-Intersection;01-03-01;0001-01-01T13:57:58-04:56;Motorist Overtaking - Other /;311239;2011;K: Killed;Farms, Woods, Pastures;50-59;53;No;51-55 mph;O: No Injury;White;Male;Passenger Car;No;No;Dark - Roadway Not Lighted;Rural (<30% Developed);4 lanes;4;Straight - Level;US Route;Dry;Two-Way, Divided, Unprotected Median;None;No Special Feature;Smooth Asphalt;Coastal;Rural;50 - 55  MPH;No Control Present;Clear;No;34.16698, -78.089
66;67;Yes;40-49;49;No;With Traffic;B: Evident Injury;Non-Roadway;White;Male;Apex;Wake;No;;2011-03-07;Motorist Left Turn / Merge;6;Intersection;01-03-01;0001-01-01T01:41:58-04:56;Motorist Left Turn - Opposite Direction;161212;2011;B: Evident Injury;Commercial;25-29;28;No;16-20 mph;O: No Injury;White;Male;Pickup;No;No;Daylight;Mixed (30% To 70% Developed);1 lane;2;Straight - Grade;US Route;Dry;One-Way, Not Divided;None;Four-Way Intersection;Smooth Asphalt;Piedmont;Urban;50 - 55  MPH;Stop And Go Signal;Clear;No;35.72718, -78.8541
70;71;Yes;25-29;27;No;Facing Traffic;A: Disabling Injury;Travel Lane;Black;Male;Rocky Mount;Edgecombe;No;01-01-02;2011-02-15;Head-On;7;Intersection;01-02-01;0001-01-01T02:53:58-04:56;Head-On - Bicyclist;112250;2011;A: Disabling Injury;Residential;40-49;42;No;11-15 mph;O: No Injury;Black;Male;Pickup;No;No;Daylight;Urban (>70% Developed);2 lanes;2;Straight - Level;Local Street;Dry;Two-Way, Not Divided;None;T-Intersection;Coarse Asphalt;Coastal;Urban;30 - 35  MPH;Stop Sign;Clear;No;35.945, -77.7824
72;73;Yes;16-19;19;No;With Traffic;B: Evident Injury;Bike Lane / Paved Shoulder;White;Male;Greensboro;Guilford;No;01-01-05;2011-02-18;Bicyclist Overtaking Motorist;9;Non-Intersection;01-02-01;0001-01-01T05:01:58-04:56;Bicyclist Overtaking - Other /;321249;2011;B: Evident Injury;Commercial;30-39;38;No;;O: No Injury;Black;Male;Commercial Bus;No;No;Daylight;Urban (>70% Developed);2 lanes;2;Straight - Level;Local Street;Dry;Two-Way, Not Divided;None;No Special Feature;Smooth Asphalt;Piedmont;Urban;30 - 35  MPH;No Control Present;Cloudy;No;36.06381, -79.822
76;77;No;50-59;54;Yes;With Traffic;O: No Injury;Non-Roadway;Black;Male;Fayetteville;Cumberland;Yes;01-01-05;2011-03-11;Motorist Overtaking Bicyclist;19;Non-Intersection;01-03-01;0001-01-01T14:14:58-04:56;Motorist Overtaking - Other /;361239;2011;O: No Injury;Farms, Woods, Pastures;25-29;27;No;41-45 mph;O: No Injury;Black;Female;Passenger Car;No;No;Dark - Roadway Not Lighted;Mixed (30% To 70% Developed);2 lanes;2;Straight - Level;Local Street;Dry;Two-Way, Not Divided;None;No Special Feature;Coarse Asphalt;Coastal;Urban;40 - 45  MPH;No Control Present;Cloudy;No;35.05761, -79.0178
79;80;Yes;40-49;44;No;With Traffic;C: Possible Injury;Travel Lane;White;Male;Clemmons;Forsyth;No;;2011-03-07;Bicyclist Failed to Yield - Signalized Intersection;13;Intersection;01-03-01;0001-01-01T08:54:58-04:56;Bicyclist Ride Through - Signalized Intersection;111155;2011;C: Possible Injury;Commercial;50-59;50;No;11-15 mph;O: No Injury;White;Male;Pickup;No;No;Daylight;Urban (>70% Developed);4 lanes;2;Straight - Level;Local Street;Dry;Two-Way, Not Divided;None;On or Off Ramp;Smooth Asphalt;Piedmont;Urban;60 - 75 MPH;Stop And Go Signal;Clear;No;36.03409, -80.3841
84;85;No;0-5;2;No;Not Applicable;C: Possible Injury;Travel Lane;Black;Male;Salisbury;Rowan;No;01-01-04;2011-03-17;Other / Unusual Circumstances;19;Non-Intersection;01-03-01;0001-01-01T14:39:58-04:56;Play Vehicle-Related;313700;2011;C: Possible Injury;Residential;60-69;66;No;0-5 mph;O: No Injury;Black;Female;Pickup;No;No;Dusk;Urban (>70% Developed);2 lanes;2;Straight - Level;Local Street;Dry;Two-Way, Not Divided;None;No Special Feature;Smooth Asphalt;Piedmont;Urban;30 - 35  MPH;No Control Present;Clear;No;35.67492, -80.4935
85;86;Yes;40-49;48;No;With Traffic;A: Disabling Injury;Travel Lane;White;Male;None - Rural Crash;Gates;No;01-01-03;2011-03-09;Bicyclist Failed to Yield - Sign-Controlled Intersection;16;Intersection;01-03-01;0001-01-01T11:23:58-04:56;Bicyclist Ride Through - Sign-Controlled Intersection;111144;2011;A: Disabling Injury;Residential;20-24;22;No;51-55 mph;B: Evident Injury;Black;Female;Passenger Car;No;No;Daylight;Mixed (30% To 70% Developed);2 lanes;2;Straight - Level;State Secondary Route;Dry;Two-Way, Not Divided;None;T-Intersection;Coarse Asphalt;Coastal;Rural;50 - 55  MPH;Stop Sign;Clear;No;36.49847, -76.7303
89;90;No;15-Nov;15;No;Not Applicable;Injury;Non-Roadway;Black;Male;Fayetteville;Cumberland;No;01-01-05;2011-03-11;Non-Roadway;16;Non-Roadway;01-03-01;0001-01-01T11:30:58-04:56;Non-Roadway;460910;2011;Injury;Commercial;;;Missing;;Injury;/Missing;;;No;Yes;Daylight;Urban (>70% Developed);;2;Straight - Level;Public Vehicular Area;Dry;;None;No Special Feature;Coarse Asphalt;Coastal;Urban;20 - 25  MPH;No Control Present;Clear;No;35.09831, -78.918
99;100;Yes;20-24;20;No;;B: Evident Injury;Travel Lane;Black;Male;Charlotte;Mecklenburg;No;;2011-03-21;Parallel Paths - Other Circumstances;15;Non-Intersection;01-03-01;0001-01-01T10:08:58-04:56;Motorist Turn / Merge - Other /;319219;2011;B: Evident Injury;Commercial;20-24;22;No;0-5 mph;O: No Injury;Black;Female;Passenger Car;No;No;Daylight;Urban (>70% Developed);4 lanes;2;Straight - Level;Local Street;Dry;Two-Way, Not Divided;None;No Special Feature;Smooth Asphalt;Piedmont;Urban;20 - 25  MPH;No Control Present;Clear;No;35.22641, -80.8442
102;103;No;15-Nov;15;No;With Traffic;O: No Injury;Sidewalk / Crosswalk / Driveway Crossing;Black;Male;Charlotte;Mecklenburg;No;01-01-06;2011-03-19;Motorist Right Turn / Merge;15;Non-Intersection;01-03-01;0001-01-01T10:43:58-04:56;Motorist Right Turn - Same Direction;331213;2011;O: No Injury;Commercial;50-59;55;No;16-20 mph;O: No Injury;Black;Male;Passenger Car;No;No;Daylight;Urban (>70% Developed);;2;Straight - Grade;Local Street;Dry;Two-Way, Not Divided;None;No Special Feature;Smooth Asphalt;Piedmont;Urban;40 - 45  MPH;No Control Present;Clear;No;35.25276, -80.8081
110;111;Yes;15-Nov;15;No;With Traffic;C: Possible Injury;Travel Lane;White;Male;None - Rural Crash;Catawba;No;;2011-03-21;Bicyclist Left Turn / Merge;13;Intersection;01-03-01;0001-01-01T08:36:58-04:56;Bicyclist Left Turn - Same Direction;111221;2011;C: Possible Injury;Residential;;;Missing;36-40 mph;Injury;/Missing;;Van;No;Yes;Daylight;Mixed (30% To 70% Developed);2 lanes;2;Straight - Level;State Secondary Route;Dry;Two-Way, Not Divided;None;No Special Feature;Coarse Asphalt;Piedmont;Rural;50 - 55  MPH;Double Yellow Line, No Passing Zone;Clear;No;35.75388, -81.1481
120;121;Yes;20-24;20;No;Facing Traffic;C: Possible Injury;Sidewalk / Crosswalk / Driveway Crossing;Black;Male;Cary;Wake;No;;2011-04-04;Motorist Failed to Yield - Midblock;15;Non-Intersection;01-04-01;0001-01-01T10:17:58-04:56;Motorist Drive Out - Commercial Driveway / Alley;332322;2011;C: Possible Injury;Commercial;40-49;49;No;6-10 mph;O: No Injury;White;Female;Passenger Car;No;No;Daylight;Urban (>70% Developed);4 lanes;2;Straight - Level;State Secondary Route;Dry;Two-Way, Not Divided;None;No Special Feature;Coarse Asphalt;Piedmont;Urban;30 - 35  MPH;No Control Present;Clear;No;35.77122, -78.7817
126;127;No;60-69;61;No;Facing Traffic;C: Possible Injury;Travel Lane;White;Male;Concord;Cabarrus;No;01-01-04;2011-03-31;Motorist Failed to Yield - Sign-Controlled Intersection;16;Intersection;01-03-01;0001-01-01T11:16:58-04:56;Motorist Drive Out - Sign-Controlled Intersection;112141;2011;C: Possible Injury;Commercial;60-69;64;No;0-5 mph;O: No Injury;White;Male;Passenger Car;No;No;Daylight;Urban (>70% Developed);2 lanes;2;Straight - Level;Local Street;Dry;Two-Way, Not Divided;None;No Special Feature;Smooth Asphalt;Piedmont;Urban;30 - 35  MPH;Stop Sign;Cloudy;No;35.43642, -80.6044
127;128;No;16-19;19;No;Facing Traffic;O: No Injury;Sidewalk / Crosswalk / Driveway Crossing;White;Male;Boone;Watauga;No;01-01-04;2011-03-31;Motorist Failed to Yield - Sign-Controlled Intersection;20;Intersection;01-03-01;0001-01-01T15:29:58-04:56;Motorist Drive Out - Sign-Controlled Intersection;132141;2011;O: No Injury;Commercial;20-24;21;No;6-10 mph;O: No Injury;White;Female;Sport Utility;No;No;Dark - Roadway Not Lighted;Mixed (30% To 70% Developed);3 lanes;2;Straight - Level;Local Street;Wet;Two-Way, Not Divided;None;T-Intersection;Smooth Asphalt;Mountains;Urban;20 - 25  MPH;Stop Sign;Rain;No;36.20252, -81.6643
133;134;No;15-Nov;11;No;With Traffic;O: No Injury;Sidewalk / Crosswalk / Driveway Crossing;Black;Male;Cary;Wake;No;;2011-04-04;Bicyclist Failed to Yield - Signalized Intersection;6;Intersection;01-04-01;0001-01-01T01:33:58-04:56;Bicyclist Ride Out - Signalized  Intersection;131153;2011;O: No Injury;Residential;;;No;16-20 mph;Injury;/Missing;;Passenger Car;No;Yes;Dawn;Urban (>70% Developed);4 lanes;2;Straight - Level;State Secondary Route;Dry;Two-Way, Not Divided;None;Four-Way Intersection;Smooth Asphalt;Piedmont;Urban;30 - 35  MPH;Stop And Go Signal;Clear;No;35.79426, -78.7989
142;143;No;0-5;4;No;Not Applicable;C: Possible Injury;Driveway / Alley;Black;Male;Salisbury;Rowan;No;01-01-07;2011-04-17;Bicyclist Failed to Yield - Midblock;15;Non-Intersection;01-04-01;0001-01-01T10:11:58-04:56;Bicyclist Ride Out - Residential Driveway;353311;2011;C: Possible Injury;Residential;30-39;39;No;26-30 mph;O: No Injury;White;Female;Passenger Car;No;No;Daylight;Urban (>70% Developed);2 lanes;2;Straight - Level;Local Street;Dry;Two-Way, Not Divided;None;No Special Feature;Smooth Asphalt;Piedmont;Urban;30 - 35  MPH;No Control Present;Clear;No;35.65965, -80.4925
150;151;Yes;15-Nov;12;No;With Traffic;C: Possible Injury;Travel Lane;White;Female;None - Rural Crash;Onslow;No;01-01-03;2011-04-20;Bicyclist Failed to Yield - Sign-Controlled Intersection;17;Intersection;01-04-01;0001-01-01T12:28:58-04:56;Bicyclist Ride Out - Sign-Controlled Intersection;111142;2011;C: Possible Injury;Residential;30-39;32;No;31-35 mph;O: No Injury;White;Female;Passenger Car;No;No;Daylight;Urban (>70% Developed);2 lanes;2;Straight - Level;State Secondary Route;Dry;Two-Way, Not Divided;None;T-Intersection;Smooth Asphalt;Coastal;Rural;40 - 45  MPH;Stop Sign;Clear;No;34.74453, -77.4823
155;156;Yes;15-Nov;15;No;With Traffic;C: Possible Injury;Travel Lane;White;Male;None - Rural Crash;Pasquotank;No;01-01-05;2011-04-22;Bicyclist Left Turn / Merge;15;Non-Intersection;01-04-01;0001-01-01T10:13:58-04:56;Bicyclist Left Turn - Same Direction;311221;2011;C: Possible Injury;Residential;30-39;32;No;6-10 mph;O: No Injury;Black;Female;Van;No;No;Daylight;Mixed (30% To 70% Developed);2 lanes;2;Straight - Level;State Secondary Route;Dry;Two-Way, Not Divided;None;No Special Feature;Coarse Asphalt;Coastal;Rural;20 - 25  MPH;No Control Present;Clear;No;36.33663, -76.2712
548;549;Yes;16-19;19;No;With Traffic;K: Killed;Travel Lane;White;Male;Asheville;Buncombe;No;01-01-03;2008-07-23;Crossing Paths - Other Circumstances;22;Intersection;01-07-01;0001-01-01T17:43:58-04:56;Signalized Intersection - Other /;111158;2008;K: Killed;Commercial;70+;;No;41-45 mph;O: No Injury;White;Male;Sport Utility;No;No;Dark - Lighted Roadway;Urban (>70% Developed);5 lanes;2;Straight - Level;US Route;Dry;Two-Way, Not Divided;None;Four-Way Intersection;Coarse Asphalt;Mountains;Urban;40 - 45  MPH;Stop And Go Signal;Cloudy;No;0.0, 0.0
551;552;No;;;No;With Traffic;O: No Injury;Non-Roadway;Black;Male;Fayetteville;Cumberland;No;01-01-02;2008-07-22;Motorist Left Turn / Merge;17;Intersection;01-07-01;0001-01-01T13:00:58-04:56;Motorist Left Turn - Opposite Direction;161212;2008;O: No Injury;Commercial;0-19;19;No;0-5 mph;O: No Injury;White;Male;Passenger Car;No;No;Daylight;Urban (>70% Developed);5 lanes;2;Straight - Level;Local Street;Dry;Two-Way, Not Divided;None;T-Intersection;Smooth Asphalt;Coastal;Urban;40 - 45  MPH;Stop And Go Signal;Cloudy;No;0.0, 0.0
558;559;No;25-29;27;No;With Traffic;C: Possible Injury;Travel Lane;Black;Male;Raleigh;Wake;No;01-01-03;2008-07-02;Motorist Right Turn / Merge;10;Non-Intersection;01-07-01;0001-01-01T05:08:58-04:56;Motorist Right Turn - Same Direction;311213;2008;C: Possible Injury;Commercial;25-29;26;No;6-10 mph;O: No Injury;White;Female;Sport Utility;No;No;Daylight;Urban (>70% Developed);2 lanes;2;Straight - Level;Local Street;Dry;Two-Way, Divided, Unprotected Median;None;No Special Feature;Coarse Asphalt;Piedmont;Urban;30 - 35  MPH;No Control Present;Clear;No;0.0, 0.0
563;564;Yes;10-Jun;8;No;Not Applicable;C: Possible Injury;Travel Lane;Black;Female;High Point;Guilford;No;01-01-06;2008-07-26;Crossing Paths - Other Circumstances;11;Intersection;01-07-01;0001-01-01T06:18:58-04:56;Crossing Paths - Uncontrolled Intersection;113160;2008;C: Possible Injury;Residential;50-59;55;No;36-40 mph;O: No Injury;Black;Male;Single Unit Truck (2-Axle, 6-Tire);No;No;Daylight;Urban (>70% Developed);4 lanes;2;Straight - Grade;Local Street;Dry;Two-Way, Divided, Positive Median Barrier;None;No Special Feature;Coarse Asphalt;Piedmont;Urban;40 - 45  MPH;No Control Present;Clear;No;0.0, 0.0
564;565;No;15-Nov;14;No;Facing Traffic;O: No Injury;Sidewalk / Crosswalk / Driveway Crossing;White;Male;Charlotte;Mecklenburg;No;01-01-05;2008-08-22;Bicyclist Failed to Yield - Signalized Intersection;17;Intersection;01-08-01;0001-01-01T12:32:58-04:56;Bicyclist Ride Out - Signalized  Intersection;132153;2008;O: No Injury;Commercial;30-39;38;No;6-10 mph;O: No Injury;White;Male;Sport Utility;No;No;Daylight;Urban (>70% Developed);;2;Straight - Level;Local Street;Dry;Two-Way, Divided, Positive Median Barrier;None;Four-Way Intersection;Smooth Asphalt;Piedmont;Urban;40 - 45  MPH;Stop And Go Signal;Clear;No;0.0, 0.0