FID;OBJECTID;AmbulanceR;BikeAge_Gr;Bike_Age;Bike_Alc_D;Bike_Dir;Bike_Injur;Bike_Pos;Bike_Race;Bike_Sex;City;County;CrashAlcoh;CrashDay;Crash_Date;Crash_Grp;Crash_Hour;Crash_Loc;Crash_Mont;Crash_Time;Crash_Type;Crash_Ty_1;Crash_Year;Crsh_Sevri;Developmen;DrvrAge_Gr;Drvr_Age;Drvr_Alc_D;Drvr_EstSp;Drvr_Injur;Drvr_Race;Drvr_Sex;Drvr_VehTy;ExcsSpdInd;Hit_Run;Light_Cond;Locality;Num_Lanes;Num_Units;Rd_Charact;Rd_Class;Rd_Conditi;Rd_Config;Rd_Defects;Rd_Feature;Rd_Surface;Region;Rural_Urba;Speed_Limi;Traff_Cntr;Weather;Workzone_I;Location
40;41;Yes;20-24;22;No;With Traffic;B: Evident Injury;Travel Lane;White;Male;None - Rural Crash;Pitt;No;01-01-05;2007-01-12;Bicyclist Failed to Yield - Sign-Controlled Intersection;15;Intersection;;0001-01-01T10:48:58-04:56;Bicyclist Ride Out - Sign-Controlled Intersection;111142;2007;B: Evident Injury;Farms, Woods, Pastures;30-39;33;No;46-50 mph;O: No Injury;Black;Female;Van;No;No;Daylight;Rural (<30% Developed);4 lanes;2;Straight - Level;US Route;Dry;Two-Way, Divided, Unprotected Median;None;T-Intersection;Coarse Asphalt;Coastal;Rural;50 - 55  MPH;Stop Sign;Clear;No;35.62566, -77.29887
47;48;Yes;30-39;36;No;With Traffic;C: Possible Injury;Travel Lane;Black;Male;Durham;Durham;No;01-01-05;2007-03-30;Bicyclist Left Turn / Merge;15;Intersection;01-03-01;0001-01-01T10:27:58-04:56;Bicyclist Left Turn - Same Direction;111221;2007;C: Possible Injury;Residential;0-19;16;No;31-35 mph;O: No Injury;White;Male;Passenger Car;No;No;Daylight;Urban (>70% Developed);2 lanes;2;Straight - Grade;Local Street;Dry;Two-Way, Not Divided;None;Four-Way Intersection;Smooth Asphalt;Piedmont;Urban;30 - 35  MPH;No Control Present;Clear;No;36.017002, -78.91431
48;49;Yes;30-39;31;Yes;With Traffic;C: Possible Injury;Travel Lane;White;Male;Durham;Durham;Yes;01-01-05;2007-03-30;Loss of Control / Turning Error;23;Intersection;01-03-01;0001-01-01T18:39:58-04:56;Bicylist Lost Control - Alcohol / Drug Impairment;111123;2007;C: Possible Injury;Residential;;;Missing;0-5 mph;O: No Injury;Black;Male;Passenger Car;No;No;Dark - Roadway Not Lighted;Urban (>70% Developed);2 lanes;2;Straight - Hillcrest;Local Street;Dry;Two-Way, Not Divided;None;T-Intersection;Smooth Asphalt;Piedmont;Urban;5 - 15 MPH;Stop Sign;Clear;No;36.010605, -78.95482
51;52;No;;;Missing;Facing Traffic;Injury;Travel Lane;/Missing;;Raleigh;Wake;No;01-01-03;2007-01-24;Head-On;18;Non-Intersection;;0001-01-01T13:49:58-04:56;Head-On - Bicyclist;312250;2007;O: No Injury;Commercial;40-49;49;No;26-30 mph;O: No Injury;White;Female;Passenger Car;No;No;Dark - Lighted Roadway;Urban (>70% Developed);2 lanes;2;Straight - Level;Local Street;Dry;Two-Way, Divided, Unprotected Median;None;No Special Feature;Smooth Asphalt;Piedmont;Urban;30 - 35  MPH;No Control Present;Clear;No;35.75079, -78.6696
55;56;Yes;40-49;46;No;With Traffic;C: Possible Injury;Travel Lane;White;Male;Raleigh;Wake;No;01-01-06;2007-01-27;Motorist Left Turn / Merge;13;Intersection;;0001-01-01T08:48:58-04:56;Motorist Left Turn - Opposite Direction;111212;2007;C: Possible Injury;Commercial;50-59;53;No;11-15 mph;O: No Injury;Asian;Male;Passenger Car;No;No;Daylight;Urban (>70% Developed);5 lanes;2;Straight - Level;Local Street;Dry;Two-Way, Not Divided;None;Four-Way Intersection;Smooth Asphalt;Piedmont;Urban;20 - 25  MPH;Stop And Go Signal;Clear;No;35.825985, -78.70492
57;58;Yes;30-39;38;No;With Traffic;C: Possible Injury;Travel Lane;White;Male;None - Rural Crash;Jones;No;;2007-01-29;Motorist Overtaking Bicyclist;15;Non-Intersection;;0001-01-01T10:48:58-04:56;Motorist Overtaking - Other /;311239;2007;C: Possible Injury;Farms, Woods, Pastures;30-39;38;No;51-55 mph;O: No Injury;White;Male;Pickup;No;No;Daylight;Rural (<30% Developed);2 lanes;2;Straight - Level;US Route;Dry;Two-Way, Not Divided;None;No Special Feature;Smooth Asphalt;Coastal;Rural;50 - 55  MPH;No Control Present;Clear;No;34.94384, -77.23979
62;63;Yes;10-Jun;7;No;With Traffic;C: Possible Injury;Travel Lane;Black;Male;Durham;Durham;No;01-01-06;2007-04-14;Motorist Right Turn / Merge;19;Intersection;01-04-01;0001-01-01T14:07:58-04:56;Motorist Right Turn - Same Direction;111213;2007;C: Possible Injury;Residential;;;Missing;;Injury;/Missing;;Passenger Car;No;Yes;Daylight;Urban (>70% Developed);2 lanes;2;Straight - Grade;Local Street;Dry;Two-Way, Not Divided;None;Four-Way Intersection;Smooth Asphalt;Piedmont;Urban;;Stop Sign;Cloudy;No;36.003853, -78.89609
73;74;Yes;30-39;34;Yes;With Traffic;C: Possible Injury;Travel Lane;Native American;Male;None - Rural Crash;Robeson;Yes;01-01-05;2007-02-16;Motorist Overtaking Bicyclist;18;Non-Intersection;01-02-01;0001-01-01T13:47:58-04:56;Motorist Overtaking - Other /;311239;2007;C: Possible Injury;Farms, Woods, Pastures;30-39;33;No;51-55 mph;O: No Injury;Native American;Female;Passenger Car;No;No;Dark - Roadway Not Lighted;Rural (<30% Developed);2 lanes;2;Straight - Level;State Secondary Route;Dry;Two-Way, Not Divided;None;No Special Feature;Coarse Asphalt;Coastal;Rural;50 - 55  MPH;No Control Present;Clear;No;34.642338, -79.20692
77;78;Yes;30-39;38;No;With Traffic;A: Disabling Injury;Travel Lane;White;Male;Charlotte;Mecklenburg;No;01-01-02;2007-02-20;Motorist Left Turn / Merge;7;Intersection;01-02-01;0001-01-01T03:02:58-04:56;Motorist Left Turn - Opposite Direction;111212;2007;A: Disabling Injury;Residential;50-59;53;No;6-10 mph;O: No Injury;Black;Female;Passenger Car;No;No;Daylight;Urban (>70% Developed);2 lanes;2;Straight - Grade;Local Street;Dry;Two-Way, Not Divided;None;Four-Way Intersection;Smooth Asphalt;Piedmont;Urban;30 - 35  MPH;Stop Sign;Clear;No;35.19815, -80.80796
80;81;Yes;50-59;53;No;With Traffic;B: Evident Injury;Travel Lane;White;Male;None - Rural Crash;Mcdowell;Yes;;2007-01-22;Head-On;16;Non-Intersection;;0001-01-01T11:13:58-04:56;Head-On - Motorist;311255;2007;B: Evident Injury;Farms, Woods, Pastures;25-29;28;Yes;21-25 mph;O: No Injury;White;Male;Single Unit Truck (2-Axle, 6-Tire);No;No;Daylight;Rural (<30% Developed);2 lanes;2;Curve - Grade;State Secondary Route;Sand, Mud, Dirt, Gravel;Two-Way, Not Divided;None;Y-Intersection;Gravel;Mountains;Rural;50 - 55  MPH;No Control Present;Clear;No;35.654827, -82.24583
83;84;No;40-49;42;No;With Traffic;O: No Injury;Travel Lane;White;Male;Raleigh;Wake;No;01-01-04;2007-02-22;Bicyclist Left Turn / Merge;18;Intersection;01-02-01;0001-01-01T13:22:58-04:56;Bicyclist Left Turn - Opposite Direction;111222;2007;O: No Injury;Commercial;30-39;34;No;21-25 mph;O: No Injury;White;Female;Passenger Car;No;No;Dusk;Urban (>70% Developed);4 lanes;2;Straight - Level;Local Street;Dry;Two-Way, Not Divided;None;No Special Feature;Smooth Asphalt;Piedmont;Urban;30 - 35  MPH;No Control Present;Clear;No;35.78753, -78.66699
86;87;Yes;15-Nov;15;No;With Traffic;C: Possible Injury;Sidewalk / Crosswalk / Driveway Crossing;Black;Male;Washington;Beaufort;No;01-01-05;2007-02-23;Parallel Paths - Other Circumstances;14;Intersection-Related;01-02-01;0001-01-01T09:45:58-04:56;Bicyclist Ride Out - Parallel Path;231225;2007;C: Possible Injury;Residential;50-59;54;No;21-25 mph;O: No Injury;White;Female;Passenger Car;No;No;Daylight;Urban (>70% Developed);2 lanes;2;Straight - Level;Local Street;Dry;Two-Way, Not Divided;None;No Special Feature;Coarse Asphalt;Coastal;Urban;30 - 35  MPH;No Control Present;Clear;No;35.548317, -77.05077
94;95;No;40-49;46;No;With Traffic;C: Possible Injury;Travel Lane;Black;Male;Fayetteville;Cumberland;No;01-01-05;2007-02-23;Bicyclist Failed to Yield - Midblock;18;Non-Intersection;01-02-01;0001-01-01T13:39:58-04:56;Bicyclist Ride Out - Commercial Driveway / Alley;311312;2007;C: Possible Injury;Commercial;;;Missing;;Injury;/Missing;;;No;Yes;Daylight;Urban (>70% Developed);4 lanes;2;Straight - Level;Local Street;Dry;Two-Way, Not Divided;None;No Special Feature;Coarse Asphalt;Coastal;Urban;;No Control Present;Clear;No;35.065464, -79.01355
100;101;Yes;15-Nov;15;No;With Traffic;C: Possible Injury;Travel Lane;Black;Male;Winston-Salem;Forsyth;No;;2007-03-05;Bicyclist Left Turn / Merge;18;Non-Intersection;01-03-01;0001-01-01T13:22:58-04:56;Bicyclist Left Turn - Same Direction;311221;2007;C: Possible Injury;Residential;30-39;34;No;41-45 mph;O: No Injury;White;Male;Pickup;No;No;Daylight;Urban (>70% Developed);2 lanes;2;Straight - Grade;Local Street;Dry;Two-Way, Not Divided;None;No Special Feature;Smooth Asphalt;Piedmont;Urban;40 - 45  MPH;No Control Present;Clear;No;36.171753, -80.304794
105;106;Yes;50-59;56;No;With Traffic;B: Evident Injury;Travel Lane;Hispanic;Male;None - Rural Crash;Mcdowell;No;01-01-03;2007-03-07;Motorist Overtaking Bicyclist;18;Non-Intersection;01-03-01;0001-01-01T13:39:58-04:56;Motorist Overtaking - Undetected Bicyclist;311231;2007;B: Evident Injury;Farms, Woods, Pastures;50-59;56;No;26-30 mph;O: No Injury;White;Female;Pickup;No;No;Daylight;Rural (<30% Developed);2 lanes;2;Straight - Hillcrest;US Route;Dry;Two-Way, Not Divided;None;No Special Feature;Smooth Asphalt;Mountains;Rural;40 - 45  MPH;Double Yellow Line, No Passing Zone;Clear;No;35.695923, -81.98741
111;112;Yes;10-Jun;6;No;;B: Evident Injury;Travel Lane;White;Male;Albemarle;Stanly;No;01-01-07;2007-03-11;Bicyclist Failed to Yield - Sign-Controlled Intersection;13;Intersection;01-03-01;0001-01-01T08:58:58-04:56;Bicyclist Ride Through - Sign-Controlled Intersection;119144;2007;B: Evident Injury;Residential;50-59;55;No;26-30 mph;O: No Injury;White;Male;Passenger Car;No;No;Daylight;Urban (>70% Developed);2 lanes;2;Straight - Bottom;Local Street;Dry;Two-Way, Not Divided;None;T-Intersection;Coarse Asphalt;Piedmont;Urban;30 - 35  MPH;Stop Sign;Clear;No;35.35316, -80.19329
117;118;Yes;50-59;50;No;With Traffic;A: Disabling Injury;Travel Lane;White;Female;Durham;Durham;No;01-01-03;2007-03-14;Motorist Left Turn / Merge;14;Intersection;01-03-01;0001-01-01T09:34:58-04:56;Motorist Left Turn - Opposite Direction;111212;2007;A: Disabling Injury;Commercial;50-59;54;No;26-30 mph;O: No Injury;Black;Male;Passenger Car;No;No;Daylight;Mixed (30% To 70% Developed);2 lanes;2;Straight - Level;Local Street;Dry;Two-Way, Not Divided;None;No Special Feature;Smooth Asphalt;Piedmont;Urban;30 - 35  MPH;No Control Present;Cloudy;No;36.002033, -78.90338
118;119;Yes;40-49;44;No;With Traffic;B: Evident Injury;Travel Lane;White;Male;None - Rural Crash;Guilford;No;01-01-03;2007-03-14;Motorist Failed to Yield - Midblock;15;Non-Intersection;01-03-01;0001-01-01T10:19:58-04:56;Motorist Drive Out - Commercial Driveway / Alley;311322;2007;B: Evident Injury;Farms, Woods, Pastures;60-69;67;No;0-5 mph;O: No Injury;White;Male;Single Unit Truck (2-Axle, 6-Tire);No;No;Daylight;Rural (<30% Developed);2 lanes;2;Curve - Bottom;State Secondary Route;Dry;Two-Way, Not Divided;None;Driveway, Public;Smooth Asphalt;Piedmont;Rural;40 - 45  MPH;Double Yellow Line, No Passing Zone;Clear;No;36.06498, -79.97004
119;120;Yes;40-49;41;No;With Traffic;B: Evident Injury;Bike Lane / Paved Shoulder;Black;Male;None - Rural Crash;Halifax;No;01-01-03;2007-03-14;Motorist Overtaking Bicyclist;11;Non-Intersection;01-03-01;0001-01-01T06:13:58-04:56;Motorist Overtaking - Misjudged Space;321232;2007;B: Evident Injury;Farms, Woods, Pastures;50-59;57;No;41-45 mph;O: No Injury;White;Male;Pickup;No;No;Daylight;Rural (<30% Developed);2 lanes;2;Straight - Level;NC Route;Dry;Two-Way, Not Divided;None;No Special Feature;Smooth Asphalt;Coastal;Rural;50 - 55  MPH;No Control Present;Clear;No;36.273453, -77.48968
120;121;Yes;10-Jun;10;No;Not Applicable;B: Evident Injury;Non-Roadway;Black;Male;Raleigh;Wake;No;01-01-03;2007-03-14;Bicyclist Failed to Yield - Midblock;19;Non-Intersection;01-03-01;0001-01-01T14:03:58-04:56;Bicyclist Ride Out - Midblock -;363319;2007;B: Evident Injury;Commercial;50-59;56;No;21-25 mph;O: No Injury;White;Male;Passenger Car;No;No;Daylight;Urban (>70% Developed);2 lanes;2;Straight - Level;Local Street;Dry;Two-Way, Not Divided;None;No Special Feature;Smooth Asphalt;Piedmont;Urban;30 - 35  MPH;No Control Present;Clear;No;35.84915, -78.56397
121;122;Yes;40-49;41;No;With Traffic;B: Evident Injury;Travel Lane;White;Male;Durham;Durham;No;01-01-03;2007-05-23;Motorist Overtaking Bicyclist;19;Non-Intersection;01-05-01;0001-01-01T14:26:58-04:56;Motorist Overtaking - Misjudged Space;311232;2007;B: Evident Injury;Commercial;40-49;41;No;41-45 mph;O: No Injury;White;Female;Van;No;No;Daylight;Urban (>70% Developed);2 lanes;2;Straight - Level;Local Street;Dry;Two-Way, Not Divided;None;No Special Feature;Coarse Asphalt;Piedmont;Urban;40 - 45  MPH;No Control Present;Clear;No;36.032646, -78.98256
122;123;Yes;50-59;53;Yes;Facing Traffic;C: Possible Injury;Travel Lane;Black;Male;Goldsboro;Wayne;Yes;01-01-05;2007-03-09;Loss of Control / Turning Error;11;Intersection;01-03-01;0001-01-01T06:46:58-04:56;Bicyclist Turning Error - Left Turn;112114;2007;C: Possible Injury;Commercial;50-59;51;No;21-25 mph;O: No Injury;White;Male;Passenger Car;No;No;Daylight;Urban (>70% Developed);2 lanes;2;Straight - Level;Local Street;Dry;Two-Way, Not Divided;None;Four-Way Intersection;Coarse Asphalt;Coastal;Urban;20 - 25  MPH;Stop And Go Signal;Clear;No;35.39641, -77.98769
128;129;No;40-49;46;No;With Traffic;O: No Injury;Travel Lane;White;Male;Charlotte;Mecklenburg;No;01-01-05;2007-06-01;Motorist Failed to Yield - Signalized Intersection;22;Intersection;01-06-01;0001-01-01T17:54:58-04:56;Motorist Drive Out - Right Turn on Red;111151;2007;O: No Injury;Commercial;25-29;29;No;11-15 mph;O: No Injury;Black;Female;Passenger Car;No;No;Dark - Lighted Roadway;Urban (>70% Developed);4 lanes;2;Straight - Level;Local Street;Dry;Two-Way, Divided, Unprotected Median;None;No Special Feature;Smooth Asphalt;Piedmont;Urban;30 - 35  MPH;Flashing Signal Without Stop Sign;Clear;No;35.18066, -80.88955
132;133;No;30-39;35;No;With Traffic;C: Possible Injury;Travel Lane;White;Male;Charlotte;Mecklenburg;No;01-01-06;2007-03-17;Motorist Failed to Yield - Sign-Controlled Intersection;11;Intersection;01-03-01;0001-01-01T06:54:58-04:56;Motorist Drive Out - Sign-Controlled Intersection;111141;2007;C: Possible Injury;Institutional;40-49;42;No;11-15 mph;O: No Injury;Black;Male;Passenger Car;No;No;Daylight;Urban (>70% Developed);2 lanes;2;Straight - Level;Local Street;Dry;Two-Way, Not Divided;None;No Special Feature;Smooth Asphalt;Piedmont;Urban;20 - 25  MPH;Flashing Signal With Stop Sign;Clear;No;35.23132, -80.82629
134;135;Yes;50-59;53;No;With Traffic;B: Evident Injury;Travel Lane;Black;Male;Burlington;Alamance;No;;2007-03-19;Motorist Overtaking Bicyclist;11;Non-Intersection;01-03-01;0001-01-01T06:55:58-04:56;Motorist Overtaking - Misjudged Space;311232;2007;B: Evident Injury;Commercial;70+;;No;31-35 mph;O: No Injury;White;Male;Passenger Car;No;No;Daylight;Urban (>70% Developed);2 lanes;2;Straight - Level;Local Street;Dry;Two-Way, Not Divided;None;No Special Feature;Smooth Asphalt;Piedmont;Urban;40 - 45  MPH;No Control Present;Clear;No;36.059284, -79.44742
140;141;No;25-29;28;No;With Traffic;C: Possible Injury;Travel Lane;White;Male;Raleigh;Wake;No;01-01-03;2007-03-21;Motorist Overtaking Bicyclist;23;Non-Intersection;01-03-01;0001-01-01T18:40:58-04:56;Motorist Overtaking - Other /;311239;2007;C: Possible Injury;Commercial;;;Missing;36-40 mph;Injury;/Missing;;;No;Yes;Dark - Lighted Roadway;Urban (>70% Developed);5 lanes;2;Straight - Level;Local Street;Dry;Two-Way, Not Divided;None;No Special Feature;Coarse Asphalt;Piedmont;Urban;30 - 35  MPH;No Control Present;Clear;No;35.780968, -78.65102
152;153;Yes;15-Nov;14;No;With Traffic;B: Evident Injury;Travel Lane;White;Female;None - Rural Crash;Beaufort;No;01-01-02;2007-03-27;Motorist Overtaking Bicyclist;18;Non-Intersection;01-03-01;0001-01-01T13:43:58-04:56;Motorist Overtaking - Bicyclist Swerved;311235;2007;B: Evident Injury;Farms, Woods, Pastures;;;Missing;;Injury;/Missing;;;No;Yes;Dusk;Rural (<30% Developed);2 lanes;2;Straight - Level;State Secondary Route;Dry;Two-Way, Not Divided;None;No Special Feature;Smooth Asphalt;Coastal;Rural;50 - 55  MPH;No Control Present;Clear;No;35.491043, -76.7024
155;156;Yes;60-69;62;Yes;With Traffic;C: Possible Injury;Travel Lane;Native American;Male;None - Rural Crash;Robeson;Yes;01-01-02;2007-03-27;Bicyclist Left Turn / Merge;14;Non-Intersection;01-03-01;0001-01-01T09:48:58-04:56;Bicyclist Left Turn - Same Direction;311221;2007;C: Possible Injury;Residential;30-39;32;No;51-55 mph;O: No Injury;Native American;Female;Passenger Car;No;No;Daylight;Mixed (30% To 70% Developed);2 lanes;2;Straight - Level;State Secondary Route;Dry;Two-Way, Not Divided;None;No Special Feature;Smooth Asphalt;Coastal;Rural;50 - 55  MPH;Double Yellow Line, No Passing Zone;Clear;No;34.706882, -79.18842
159;160;Yes;30-39;37;No;With Traffic;B: Evident Injury;Travel Lane;White;Male;None - Rural Crash;Yadkin;No;01-01-02;2007-03-27;Motorist Overtaking Bicyclist;16;Non-Intersection;01-03-01;0001-01-01T11:38:58-04:56;Motorist Overtaking - Other /;311239;2007;B: Evident Injury;Farms, Woods, Pastures;30-39;33;No;41-45 mph;O: No Injury;White;Female;Passenger Car;No;No;Daylight;Rural (<30% Developed);2 lanes;2;Straight - Level;State Secondary Route;Dry;Two-Way, Not Divided;None;No Special Feature;Smooth Asphalt;Mountains;Rural;50 - 55  MPH;No Control Present;Clear;No;36.093224, -80.7757
160;161;No;20-24;21;No;With Traffic;B: Evident Injury;;White;Male;Wilkesboro;Wilkes;No;01-01-03;2007-03-28;Crossing Paths - Other Circumstances;1;Intersection-Related;01-03-01;0000-12-31T20:33:58-04:56;Signalized Intersection - Other /;291158;2007;B: Evident Injury;Commercial;;;Missing;;Injury;/Missing;;;No;Yes;Dark - Lighted Roadway;Mixed (30% To 70% Developed);3 lanes;2;Straight - Level;Local Street;Dry;Two-Way, Divided, Unprotected Median;None;Four-Way Intersection;Smooth Asphalt;Mountains;Rural;30 - 35  MPH;Stop And Go Signal;Clear;No;36.145905, -81.16116
161;162;Yes;15-Nov;15;No;Facing Traffic;C: Possible Injury;Travel Lane;Black;Male;Beaufort;Carteret;No;;2007-06-18;Bicyclist Failed to Yield - Sign-Controlled Intersection;16;Intersection;01-06-01;0001-01-01T11:13:58-04:56;Bicyclist Ride Through - Sign-Controlled Intersection;112144;2007;C: Possible Injury;Residential;50-59;53;No;6-10 mph;O: No Injury;White;Female;Passenger Car;No;No;Daylight;Urban (>70% Developed);2 lanes;2;Straight - Level;Local Street;Dry;Two-Way, Not Divided;None;No Special Feature;Smooth Asphalt;Coastal;Rural;30 - 35  MPH;Stop Sign;Clear;No;34.717678, -76.660416
166;167;Yes;25-29;25;No;With Traffic;B: Evident Injury;Travel Lane;Hispanic;Male;Sanford;Lee;No;01-01-05;2007-03-30;Bicyclist Left Turn / Merge;17;Intersection;01-03-01;0001-01-01T12:38:58-04:56;Bicyclist Left Turn - Same Direction;111221;2007;B: Evident Injury;Residential;50-59;59;No;31-35 mph;O: No Injury;White;Male;Sport Utility;No;No;Daylight;Mixed (30% To 70% Developed);3 lanes;2;Straight - Level;Local Street;Dry;Two-Way, Divided, Unprotected Median;None;T-Intersection;Coarse Asphalt;Piedmont;Urban;40 - 45  MPH;No Control Present;Clear;No;35.459885, -79.10708
168;169;No;15-Nov;12;No;With Traffic;C: Possible Injury;Travel Lane;Black;Male;Salisbury;Rowan;No;01-01-03;2007-06-20;Bicyclist Failed to Yield - Sign-Controlled Intersection;13;Intersection;01-06-01;0001-01-01T08:45:58-04:56;Bicyclist Ride Out - Sign-Controlled Intersection;111142;2007;C: Possible Injury;Residential;60-69;65;No;16-20 mph;O: No Injury;White;Male;Van;No;No;Daylight;Urban (>70% Developed);1 lane;2;Straight - Level;Local Street;Dry;One-Way, Not Divided;None;T-Intersection;Smooth Asphalt;Piedmont;Urban;20 - 25  MPH;Stop Sign;Clear;No;35.663044, -80.48545
173;174;Yes;15-Nov;13;No;Facing Traffic;B: Evident Injury;Travel Lane;White;Female;Fayetteville;Cumberland;No;01-01-07;2007-04-01;Bicyclist Failed to Yield - Sign-Controlled Intersection;16;Intersection;01-04-01;0001-01-01T11:45:58-04:56;Bicyclist Ride Through - Sign-Controlled Intersection;112144;2007;B: Evident Injury;Residential;60-69;69;No;;O: No Injury;Black;Male;Passenger Car;No;No;Daylight;Urban (>70% Developed);2 lanes;2;Straight - Bottom;Local Street;Dry;Two-Way, Not Divided;None;T-Intersection;Grooved Concrete;Coastal;Urban;30 - 35  MPH;Stop Sign;Clear;No;35.099197, -78.89891
174;175;Yes;50-59;51;No;With Traffic;C: Possible Injury;Travel Lane;Black;Male;Laurinburg;Scotland;No;01-01-07;2007-04-01;Bicyclist Right Turn / Merge;13;Non-Intersection;01-04-01;0001-01-01T08:03:58-04:56;Bicyclist Right Turn - Same Direction;311223;2007;C: Possible Injury;Residential;50-59;57;No;31-35 mph;O: No Injury;White;Female;Van;No;No;Daylight;Urban (>70% Developed);2 lanes;2;Straight - Level;Local Street;Dry;Two-Way, Divided, Unprotected Median;None;No Special Feature;Smooth Asphalt;Coastal;Urban;30 - 35  MPH;No Control Present;Clear;No;34.775394, -79.45074
176;177;Yes;15-Nov;15;No;;B: Evident Injury;Travel Lane;Black;Male;Winston-Salem;Forsyth;No;;2007-04-02;Bicyclist Failed to Yield - Sign-Controlled Intersection;17;Intersection;01-04-01;0001-01-01T12:53:58-04:56;Bicyclist Ride Through - Sign-Controlled Intersection;119144;2007;B: Evident Injury;Residential;40-49;45;No;26-30 mph;O: No Injury;Black;Female;Sport Utility;No;No;Daylight;Rural (<30% Developed);2 lanes;2;Straight - Level;Local Street;Dry;Two-Way, Not Divided;None;No Special Feature;Smooth Asphalt;Piedmont;Urban;30 - 35  MPH;No Control Present;Clear;No;36.105316, -80.2045
178;179;Yes;50-59;51;No;With Traffic;B: Evident Injury;Travel Lane;Black;Male;Charlotte;Mecklenburg;No;;2007-06-25;Motorist Overtaking Bicyclist;8;Non-Intersection;01-06-01;0001-01-01T03:41:58-04:56;Motorist Overtaking - Misjudged Space;311232;2007;B: Evident Injury;Commercial;50-59;55;No;16-20 mph;O: No Injury;Black;Male;Pickup;No;No;Daylight;Urban (>70% Developed);3 lanes;2;Straight - Level;Local Street;Dry;Two-Way, Not Divided;None;No Special Feature;Smooth Asphalt;Piedmont;Urban;30 - 35  MPH;No Control Present;Clear;No;35.21595, -80.8223
179;180;No;10-Jun;6;No;Facing Traffic;O: No Injury;Sidewalk / Crosswalk / Driveway Crossing;White;Male;Charlotte;Mecklenburg;No;01-01-02;2007-04-03;Motorist Failed to Yield - Midblock;15;Non-Intersection;01-04-01;0001-01-01T10:20:58-04:56;Motorist Drive Out - Commercial Driveway / Alley;332322;2007;O: No Injury;Residential;60-69;61;No;0-5 mph;O: No Injury;Black;Female;Passenger Car;No;No;Daylight;Urban (>70% Developed);1 lane;2;Straight - Level;Public Vehicular Area;Dry;One-Way, Not Divided;None;No Special Feature;Smooth Asphalt;Piedmont;Urban;5 - 15 MPH;No Control Present;Clear;No;35.202824, -80.73739
188;189;Yes;60-69;65;Yes;;C: Possible Injury;;Black;Male;Statesville;Iredell;Yes;01-01-04;2007-04-05;Bicyclist Failed to Yield - Sign-Controlled Intersection;12;Intersection-Related;01-04-01;0001-01-01T07:29:58-04:56;Bicyclist Ride Out - Sign-Controlled Intersection;299142;2007;C: Possible Injury;Residential;70+;;No;26-30 mph;O: No Injury;White;Male;Pickup;No;No;Daylight;Urban (>70% Developed);4 lanes;2;Straight - Hillcrest;Local Street;Dry;Two-Way, Not Divided;None;No Special Feature;Smooth Asphalt;Piedmont;Urban;30 - 35  MPH;No Control Present;Clear;No;35.78919, -80.8735
189;190;Yes;15-Nov;12;No;;Injury;;/Missing;;Morehead City;Carteret;No;01-01-05;2007-04-06;Other /  - Insufficient Details;18;Non-Intersection;01-04-01;0001-01-01T13:21:58-04:56;Approach Paths;399970;2007;O: No Injury;Residential;30-39;39;No;31-35 mph;O: No Injury;White;Female;Passenger Car;No;No;Daylight;Urban (>70% Developed);2 lanes;2;Straight - Level;Local Street;Dry;Two-Way, Not Divided;None;No Special Feature;Smooth Asphalt;Coastal;Urban;30 - 35  MPH;No Control Present;Clear;No;34.73611, -76.73064
190;191;Yes;30-39;36;No;With Traffic;B: Evident Injury;Travel Lane;Black;Male;Wilson;Wilson;No;01-01-05;2007-04-06;Motorist Failed to Yield - Sign-Controlled Intersection;16;Intersection;01-04-01;0001-01-01T11:39:58-04:56;Motorist Drive Out - Sign-Controlled Intersection;111141;2007;B: Evident Injury;Residential;50-59;52;No;21-25 mph;O: No Injury;Black;Male;Passenger Car;No;No;Daylight;Urban (>70% Developed);2 lanes;2;Straight - Level;Local Street;Dry;Two-Way, Not Divided;None;No Special Feature;Coarse Asphalt;Coastal;Urban;30 - 35  MPH;Stop Sign;Clear;No;35.72779, -77.922745
191;192;Yes;40-49;41;No;With Traffic;Injury;Sidewalk / Crosswalk / Driveway Crossing;Black;Male;Fayetteville;Cumberland;No;01-01-04;2007-06-28;Motorist Right Turn / Merge;17;Intersection;01-06-01;0001-01-01T12:20:58-04:56;Motorist Right Turn - Same Direction;131213;2007;O: No Injury;Commercial;20-24;23;No;0-5 mph;O: No Injury;Black;Female;Passenger Car;No;No;Daylight;Urban (>70% Developed);5 lanes;2;Straight - Level;Local Street;Dry;Two-Way, Divided, Unprotected Median;None;Four-Way Intersection;Coarse Asphalt;Coastal;Urban;30 - 35  MPH;Stop And Go Signal;Clear;No;35.05358, -78.8876
196;197;No;30-39;30;No;Facing Traffic;C: Possible Injury;Sidewalk / Crosswalk / Driveway Crossing;White;Male;Durham;Durham;No;01-01-03;2007-06-27;Motorist Right Turn / Merge;10;Intersection;01-06-01;0001-01-01T05:53:58-04:56;Motorist Right Turn - Opposite Direction;132214;2007;C: Possible Injury;Commercial;;;No;0-5 mph;Injury;/Missing;;Passenger Car;No;Yes;Daylight;Urban (>70% Developed);5 lanes;2;Straight - Level;Local Street;Dry;Two-Way, Not Divided;None;Four-Way Intersection;Smooth Asphalt;Piedmont;Urban;30 - 35  MPH;Stop And Go Signal;Clear;No;35.963886, -78.95944