FID;OBJECTID;AmbulanceR;BikeAge_Gr;Bike_Age;Bike_Alc_D;Bike_Dir;Bike_Injur;Bike_Pos;Bike_Race;Bike_Sex;City;County;CrashAlcoh;CrashDay;Crash_Date;Crash_Grp;Crash_Hour;Crash_Loc;Crash_Mont;Crash_Time;Crash_Type;Crash_Ty_1;Crash_Year;Crsh_Sevri;Developmen;DrvrAge_Gr;Drvr_Age;Drvr_Alc_D;Drvr_EstSp;Drvr_Injur;Drvr_Race;Drvr_Sex;Drvr_VehTy;ExcsSpdInd;Hit_Run;Light_Cond;Locality;Num_Lanes;Num_Units;Rd_Charact;Rd_Class;Rd_Conditi;Rd_Config;Rd_Defects;Rd_Feature;Rd_Surface;Region;Rural_Urba;Speed_Limi;Traff_Cntr;Weather;Workzone_I;Location
197;198;No;15-Nov;13;No;With Traffic;C: Possible Injury;;Hispanic;Male;Troutman;Iredell;No;;2007-04-09;Motorist Right Turn / Merge;17;Non-Intersection;01-04-01;0001-01-01T12:52:58-04:56;Motorist Right Turn - Same Direction;391213;2007;C: Possible Injury;Commercial;50-59;55;No;0-5 mph;O: No Injury;White;Female;Passenger Car;No;No;Daylight;Mixed (30% To 70% Developed);2 lanes;2;Straight - Level;Local Street;Dry;Two-Way, Not Divided;None;Driveway, Public;Smooth Asphalt;Piedmont;Rural;30 - 35  MPH;No Control Present;Clear;No;35.701164, -80.8876
206;207;Yes;25-29;25;No;With Traffic;B: Evident Injury;Travel Lane;Hispanic;Male;Benson;Johnston;No;01-01-07;2007-07-01;Bicyclist Failed to Yield - Sign-Controlled Intersection;9;Intersection;01-07-01;0001-01-01T04:51:58-04:56;Bicyclist Ride Through - Sign-Controlled Intersection;111144;2007;B: Evident Injury;Residential;50-59;52;No;31-35 mph;O: No Injury;White;Female;Passenger Car;No;No;Daylight;Mixed (30% To 70% Developed);2 lanes;2;Straight - Level;NC Route;Dry;Two-Way, Not Divided;None;Four-Way Intersection;Smooth Asphalt;Coastal;Rural;30 - 35  MPH;Stop Sign;Clear;No;35.38292, -78.5506
212;213;No;0-5;5;No;;B: Evident Injury;Non-Roadway;Native American;Male;Red Springs;Robeson;No;01-01-05;2007-04-13;Non-Roadway;17;Non-Roadway;01-04-01;0001-01-01T12:42:58-04:56;Non-Roadway;460910;2007;B: Evident Injury;Residential;20-24;23;No;0-5 mph;O: No Injury;Black;Female;Passenger Car;No;No;Daylight;Urban (>70% Developed);2 lanes;2;Straight - Level;Public Vehicular Area;Dry;Two-Way, Not Divided;None;No Special Feature;Coarse Asphalt;Coastal;Rural;5 - 15 MPH;No Control Present;Clear;No;34.818573, -79.19088
214;215;Yes;40-49;45;No;With Traffic;C: Possible Injury;Travel Lane;White;Male;North Wilkesboro;Wilkes;No;01-01-05;2007-04-13;Crossing Paths - Other Circumstances;1;Intersection;01-04-01;0000-12-31T20:29:58-04:56;Signalized Intersection - Other /;111158;2007;C: Possible Injury;Farms, Woods, Pastures;70+;;No;0-5 mph;O: No Injury;White;Female;Passenger Car;No;No;Dark - Roadway Not Lighted;Urban (>70% Developed);4 lanes;2;Curve - Level;NC Route;Dry;Two-Way, Not Divided;None;Four-Way Intersection;Smooth Asphalt;Mountains;Rural;30 - 35  MPH;Stop And Go Signal;Clear;No;36.17664, -81.14423
221;222;Yes;25-29;29;No;With Traffic;C: Possible Injury;Travel Lane;Black;Male;Winston-Salem;Forsyth;No;01-01-02;2007-04-17;Motorist Overtaking Bicyclist;10;Non-Intersection;01-04-01;0001-01-01T05:28:58-04:56;Motorist Overtaking - Bicyclist Swerved;311235;2007;C: Possible Injury;Commercial;70+;;No;16-20 mph;O: No Injury;White;Male;Passenger Car;No;No;Daylight;Urban (>70% Developed);2 lanes;2;Straight - Level;Local Street;Dry;Two-Way, Divided, Positive Median Barrier;None;No Special Feature;Coarse Asphalt;Piedmont;Urban;30 - 35  MPH;Stop Sign;Clear;No;36.10118, -80.26122
236;237;Yes;10-Jun;6;No;With Traffic;B: Evident Injury;Travel Lane;Hispanic;Male;Belmont;Gaston;No;01-01-06;2007-04-21;Bicyclist Failed to Yield - Sign-Controlled Intersection;13;Intersection;01-04-01;0001-01-01T08:57:58-04:56;Bicyclist Ride Through - Sign-Controlled Intersection;111144;2007;B: Evident Injury;Residential;30-39;35;No;11-15 mph;O: No Injury;White;Male;Passenger Car;No;No;Daylight;Urban (>70% Developed);2 lanes;2;Straight - Level;Local Street;Dry;Two-Way, Not Divided;None;T-Intersection;Coarse Asphalt;Piedmont;Urban;30 - 35  MPH;Stop Sign;Clear;No;35.217793, -81.047104
237;238;Yes;15-Nov;13;No;Facing Traffic;B: Evident Injury;Travel Lane;White;Male;Granite Falls;Caldwell;No;01-01-07;2007-04-22;Bicyclist Failed to Yield - Sign-Controlled Intersection;17;Intersection;01-04-01;0001-01-01T12:34:58-04:56;Bicyclist Ride Through - Sign-Controlled Intersection;112144;2007;B: Evident Injury;Residential;25-29;27;No;16-20 mph;O: No Injury;White;Male;Passenger Car;No;No;Daylight;Urban (>70% Developed);1 lane;2;Straight - Grade;Local Street;Dry;Two-Way, Not Divided;None;No Special Feature;Smooth Asphalt;Mountains;Rural;30 - 35  MPH;Stop Sign;Clear;No;35.794437, -81.4334
239;240;No;50-59;59;No;Facing Traffic;O: No Injury;Travel Lane;Native American;Male;None - Rural Crash;Robeson;No;01-01-03;2007-04-25;Bicyclist Failed to Yield - Sign-Controlled Intersection;19;Intersection;01-04-01;0001-01-01T14:56:58-04:56;Bicyclist Ride Through - Sign-Controlled Intersection;112144;2007;O: No Injury;Commercial;40-49;44;No;51-55 mph;O: No Injury;Native American;Female;Van;No;No;Daylight;Mixed (30% To 70% Developed);2 lanes;2;Straight - Level;State Secondary Route;Dry;Two-Way, Not Divided;None;Four-Way Intersection;Coarse Asphalt;Coastal;Rural;50 - 55  MPH;Double Yellow Line, No Passing Zone;Clear;No;34.702442, -79.01924
243;244;No;20-24;24;No;Not Applicable;O: No Injury;Non-Roadway;White;Male;Hendersonville;Henderson;No;01-01-02;2007-04-24;Bicyclist Failed to Yield - Midblock;17;Non-Intersection;01-04-01;0001-01-01T12:06:58-04:56;Bicyclist Ride Out - Commercial Driveway / Alley;363312;2007;O: No Injury;Residential;50-59;54;No;11-15 mph;O: No Injury;Black;Male;Pickup;No;No;Daylight;Urban (>70% Developed);2 lanes;2;Straight - Level;Local Street;Dry;Two-Way, Not Divided;None;No Special Feature;Coarse Asphalt;Mountains;Urban;30 - 35  MPH;No Control Present;Clear;No;35.30697, -82.46469
250;251;Yes;10-Jun;10;No;;C: Possible Injury;Non-Roadway;White;Male;Morganton;Burke;No;01-01-03;2007-04-25;Non-Roadway;16;Non-Roadway;01-04-01;0001-01-01T12:00:58-04:56;Non-Roadway;460910;2007;C: Possible Injury;Commercial;60-69;67;No;6-10 mph;O: No Injury;White;Female;Passenger Car;No;No;Daylight;Mixed (30% To 70% Developed);2 lanes;2;Curve - Level;Public Vehicular Area;Dry;Two-Way, Not Divided;None;No Special Feature;Smooth Asphalt;Mountains;Urban;5 - 15 MPH;No Control Present;Clear;No;35.733955, -81.695404
253;254;No;15-Nov;12;No;With Traffic;B: Evident Injury;Travel Lane;White;Male;Mooresville;Iredell;No;01-01-04;2007-04-26;Motorist Right Turn / Merge;18;Non-Intersection;01-04-01;0001-01-01T13:53:58-04:56;Motorist Right Turn - Same Direction;311213;2007;B: Evident Injury;Residential;40-49;45;No;6-10 mph;O: No Injury;White;Male;Pickup;No;No;Daylight;Urban (>70% Developed);2 lanes;2;Straight - Level;Local Street;Dry;Two-Way, Not Divided;None;Driveway, Public;Coarse Asphalt;Piedmont;Urban;30 - 35  MPH;No Control Present;Clear;No;35.573746, -80.822266
267;268;Yes;40-49;44;No;With Traffic;C: Possible Injury;;Black;Male;Monroe;Union;No;;2007-07-30;Motorist Right Turn / Merge;8;Intersection;01-07-01;0001-01-01T03:23:58-04:56;Motorist Right Turn - Same Direction;191213;2007;C: Possible Injury;Commercial;30-39;36;No;0-5 mph;O: No Injury;White;Male;Pickup;No;No;Daylight;Mixed (30% To 70% Developed);1 lane;2;Straight - Grade;Local Street;Dry;One-Way, Not Divided;None;T-Intersection;Smooth Asphalt;Piedmont;Urban;5 - 15 MPH;No Control Present;Cloudy;No;34.981567, -80.543274
271;272;No;15-Nov;11;No;;C: Possible Injury;Travel Lane;White;Male;None - Rural Crash;Union;No;01-01-02;2007-05-01;Backing Vehicle;17;Intersection;01-05-01;0001-01-01T12:03:58-04:56;Backing Vehicle;119600;2007;C: Possible Injury;Residential;;;Missing;0-5 mph;Injury;/Missing;;;No;Yes;Daylight;Urban (>70% Developed);2 lanes;2;Straight - Level;State Secondary Route;Dry;Two-Way, Not Divided;None;No Special Feature;Smooth Asphalt;Piedmont;Rural;30 - 35  MPH;No Control Present;Clear;No;34.97867, -80.60186
273;274;Yes;40-49;45;No;Facing Traffic;C: Possible Injury;Sidewalk / Crosswalk / Driveway Crossing;Black;Male;Raleigh;Wake;No;01-01-02;2007-05-01;Motorist Failed to Yield - Signalized Intersection;16;Intersection;01-05-01;0001-01-01T11:03:58-04:56;Motorist Drive Out - Right Turn on Red;132151;2007;C: Possible Injury;Commercial;30-39;32;No;0-5 mph;O: No Injury;White;Male;Passenger Car;No;No;Daylight;Urban (>70% Developed);5 lanes;2;Straight - Grade;Local Street;Dry;Two-Way, Not Divided;None;No Special Feature;Smooth Asphalt;Piedmont;Urban;30 - 35  MPH;Stop And Go Signal;Clear;No;35.76768, -78.57764
279;280;Yes;20-24;20;No;With Traffic;A: Disabling Injury;Travel Lane;White;Male;None - Rural Crash;Buncombe;No;01-01-05;2007-05-04;Bicyclist Left Turn / Merge;17;Intersection;01-05-01;0001-01-01T12:33:58-04:56;Bicyclist Left Turn - Same Direction;111221;2007;A: Disabling Injury;Farms, Woods, Pastures;40-49;40;No;41-45 mph;O: No Injury;White;Male;Pickup;No;No;Daylight;Rural (<30% Developed);2 lanes;2;Straight - Grade;State Secondary Route;Dry;Two-Way, Not Divided;None;T-Intersection;Smooth Asphalt;Mountains;Rural;40 - 45  MPH;Double Yellow Line, No Passing Zone;Cloudy;No;35.48742, -82.47751
288;289;Yes;40-49;49;No;With Traffic;B: Evident Injury;;White;Male;Elizabeth City;Pasquotank;No;01-01-02;2007-05-08;Motorist Left Turn / Merge;20;Intersection;01-05-01;0001-01-01T15:59:58-04:56;Motorist Left Turn - Opposite Direction;191212;2007;B: Evident Injury;Residential;20-24;20;No;21-25 mph;O: No Injury;White;Male;Passenger Car;No;No;Dark - Lighted Roadway;Urban (>70% Developed);5 lanes;2;Straight - Level;Local Street;Wet;Two-Way, Divided, Unprotected Median;None;Four-Way Intersection;Coarse Asphalt;Coastal;Urban;50 - 55  MPH;Stop And Go Signal;Cloudy;No;36.281555, -76.223434
291;292;Yes;20-24;23;No;With Traffic;B: Evident Injury;Travel Lane;White;Male;Wilmington;New Hanover;No;01-01-03;2007-05-09;Motorist Overtaking Bicyclist;1;Non-Intersection;01-05-01;0000-12-31T20:28:58-04:56;Motorist Overtaking - Undetected Bicyclist;311231;2007;B: Evident Injury;Residential;;;Missing;31-35 mph;Injury;/Missing;;;No;Yes;Dark - Lighted Roadway;Mixed (30% To 70% Developed);2 lanes;2;Straight - Level;Public Vehicular Area;Dry;Two-Way, Not Divided;None;No Special Feature;Smooth Asphalt;Coastal;Urban;30 - 35  MPH;No Control Present;Cloudy;No;34.224724, -77.850746
301;302;Yes;40-49;47;Yes;With Traffic;C: Possible Injury;Travel Lane;Black;Male;Kinston;Lenoir;Yes;01-01-04;2007-07-12;Bicyclist Left Turn / Merge;17;Non-Intersection;01-07-01;0001-01-01T12:47:58-04:56;Bicyclist Left Turn - Opposite Direction;311222;2007;C: Possible Injury;Residential;20-24;24;No;31-35 mph;O: No Injury;Black;Male;Sport Utility;No;No;Daylight;Urban (>70% Developed);2 lanes;2;Straight - Level;Local Street;Dry;Two-Way, Not Divided;None;Driveway, Private;Smooth Asphalt;Coastal;Urban;30 - 35  MPH;No Control Present;Clear;No;35.26491, -77.55592
305;306;Yes;40-49;48;No;With Traffic;A: Disabling Injury;Travel Lane;Other;Male;Charlotte;Mecklenburg;No;01-01-07;2007-05-13;Motorist Right Turn / Merge;16;Non-Intersection;01-05-01;0001-01-01T11:47:58-04:56;Motorist Right Turn - Same Direction;311213;2007;A: Disabling Injury;Residential;;;Missing;21-25 mph;Injury;/Missing;;;No;Yes;Daylight;Urban (>70% Developed);4 lanes;2;Straight - Hillcrest;Local Street;Dry;Two-Way, Divided, Unprotected Median;None;No Special Feature;Smooth Asphalt;Piedmont;Urban;30 - 35  MPH;No Control Present;Clear;No;35.16407, -80.87362
306;307;Yes;10-Jun;8;No;With Traffic;C: Possible Injury;;Black;Female;Durham;Durham;No;;2007-08-13;Bicyclist Failed to Yield - Signalized Intersection;17;Intersection;01-08-01;0001-01-01T12:27:58-04:56;Bicyclist Failed to Clear - Multiple Threat;191157;2007;C: Possible Injury;Residential;50-59;58;No;0-5 mph;O: No Injury;Other;Male;Passenger Car;No;No;Daylight;Urban (>70% Developed);3 lanes;2;Straight - Level;Local Street;Dry;Two-Way, Not Divided;None;Four-Way Intersection;Smooth Asphalt;Piedmont;Urban;40 - 45  MPH;Stop And Go Signal;Clear;No;35.939487, -78.906654
307;308;Yes;40-49;42;No;Facing Traffic;C: Possible Injury;Travel Lane;Hispanic;Male;Raleigh;Wake;No;01-01-07;2007-05-13;Motorist Failed to Yield - Midblock;20;Non-Intersection;01-05-01;0001-01-01T15:29:58-04:56;Motorist Drive Out - Commercial Driveway / Alley;312322;2007;C: Possible Injury;Commercial;25-29;26;No;0-5 mph;O: No Injury;White;Male;Sport Utility;No;No;Dark - Lighted Roadway;Urban (>70% Developed);3 lanes;2;Straight - Level;Public Vehicular Area;Dry;One-Way, Not Divided;None;Driveway, Public;Smooth Asphalt;Piedmont;Urban;40 - 45  MPH;No Control Present;Clear;No;35.74961, -78.649124
309;310;No;;;Yes;Facing Traffic;C: Possible Injury;Sidewalk / Crosswalk / Driveway Crossing;Black;Female;Raleigh;Wake;Yes;01-01-07;2007-05-06;Parallel Paths - Other Circumstances;17;Non-Intersection;01-05-01;0001-01-01T12:35:58-04:56;Bicyclist Ride Out - Parallel Path;332225;2007;C: Possible Injury;Commercial;25-29;25;No;16-20 mph;O: No Injury;White;Male;Sport Utility;No;No;Daylight;Urban (>70% Developed);4 lanes;2;Straight - Level;Local Street;Wet;Two-Way, Not Divided;None;No Special Feature;Smooth Asphalt;Piedmont;Urban;20 - 25  MPH;No Control Present;Clear;No;35.780373, -78.622314
219;220;Yes;30-39;34;Yes;Not Applicable;A: Disabling Injury;Non-Roadway;Black;Male;Sharpsburg;Nash;Yes;01-01-06;2008-04-05;Bicyclist Failed to Yield - Midblock;18;Non-Intersection;01-04-01;0001-01-01T13:42:58-04:56;Bicyclist Ride Out - Other Midblock;363318;2008;A: Disabling Injury;Commercial;30-39;39;No;36-40 mph;O: No Injury;Black;Male;Passenger Car;No;No;Daylight;Urban (>70% Developed);5 lanes;2;Straight - Level;US Route;Wet;Two-Way, Not Divided;None;No Special Feature;Smooth Asphalt;Coastal;Rural;40 - 45  MPH;No Control Present;Cloudy;No;0.0, 0.0
221;222;No;16-19;17;No;With Traffic;C: Possible Injury;Travel Lane;White;Male;Charlotte;Mecklenburg;No;;2008-05-26;Motorist Failed to Yield - Sign-Controlled Intersection;21;Intersection;01-05-01;0001-01-01T16:42:58-04:56;Motorist Drive Out - Sign-Controlled Intersection;111141;2008;C: Possible Injury;Residential;40-49;46;No;;O: No Injury;White;Female;Passenger Car;No;No;Dark - Roadway Not Lighted;Urban (>70% Developed);2 lanes;2;Straight - Level;Local Street;Dry;Two-Way, Not Divided;None;No Special Feature;Smooth Asphalt;Piedmont;Urban;;Stop Sign;Clear;No;0.0, 0.0
223;224;Yes;30-39;37;No;With Traffic;A: Disabling Injury;Travel Lane;White;Male;Asheboro;Randolph;No;01-01-02;2008-04-22;Motorist Failed to Yield - Midblock;5;Non-Intersection;01-04-01;0001-01-01T01:00:58-04:56;Motorist Drive Out - Commercial Driveway / Alley;311322;2008;A: Disabling Injury;Commercial;70+;;No;0-5 mph;O: No Injury;White;Male;Pickup;No;No;Dark - Lighted Roadway;Urban (>70% Developed);4 lanes;2;Straight - Level;US Route;Wet;Two-Way, Not Divided;None;No Special Feature;Smooth Asphalt;Piedmont;Urban;30 - 35  MPH;No Control Present;Rain;No;0.0, 0.0
227;228;Yes;50-59;52;No;With Traffic;C: Possible Injury;Travel Lane;Native American;Male;None - Rural Crash;Robeson;No;01-01-05;2008-04-11;Motorist Overtaking Bicyclist;15;Non-Intersection;01-04-01;0001-01-01T10:53:58-04:56;Motorist Overtaking - Bicyclist Swerved;311235;2008;C: Possible Injury;Farms, Woods, Pastures;20-24;24;No;41-45 mph;O: No Injury;Black;Male;Pickup;No;No;Daylight;Rural (<30% Developed);2 lanes;2;Straight - Level;State Secondary Route;Dry;Two-Way, Not Divided;None;No Special Feature;Smooth Asphalt;Coastal;Rural;40 - 45  MPH;No Control Present;Clear;No;0.0, 0.0
228;229;Yes;15-Nov;13;No;;K: Killed;Travel Lane;Black;Female;Charlotte;Mecklenburg;No;01-01-05;2008-05-23;Other /  - Insufficient Details;15;Intersection;01-05-01;0001-01-01T10:37:58-04:56;Approach Paths;1190970;2008;K: Killed;Commercial;30-39;33;No;26-30 mph;O: No Injury;Black;Female;School Bus;No;No;Daylight;Urban (>70% Developed);4 lanes;2;Straight - Level;Local Street;Dry;Two-Way, Not Divided;None;No Special Feature;Smooth Asphalt;Piedmont;Urban;30 - 35  MPH;Stop And Go Signal;Clear;No;0.0, 0.0
233;234;Yes;50-59;53;Yes;With Traffic;A: Disabling Injury;Travel Lane;Black;Male;Charlotte;Mecklenburg;Yes;01-01-06;2008-05-31;Bicyclist Failed to Yield - Sign-Controlled Intersection;19;Intersection;01-05-01;0001-01-01T14:27:58-04:56;Bicyclist Ride Through - Sign-Controlled Intersection;111144;2008;A: Disabling Injury;Residential;25-29;26;No;41-45 mph;O: No Injury;Black;Female;Passenger Car;No;No;Daylight;Urban (>70% Developed);2 lanes;3;Straight - Bottom;Local Street;Dry;Two-Way, Not Divided;None;T-Intersection;Coarse Asphalt;Piedmont;Urban;30 - 35  MPH;Stop Sign;Clear;No;0.0, 0.0
242;243;Yes;25-29;29;No;With Traffic;C: Possible Injury;Sidewalk / Crosswalk / Driveway Crossing;White;Male;Wilmington;New Hanover;No;01-01-04;2008-04-17;Motorist Failed to Yield - Signalized Intersection;13;Intersection;01-04-01;0001-01-01T08:06:58-04:56;Motorist Drive Through - Signalized Intersection;131154;2008;C: Possible Injury;Commercial;25-29;26;No;41-45 mph;O: No Injury;Black;Male;Passenger Car;No;No;Daylight;Urban (>70% Developed);6 lanes;2;Straight - Level;Local Street;Dry;Two-Way, Divided, Unprotected Median;None;Four-Way Intersection;Smooth Asphalt;Coastal;Urban;40 - 45  MPH;Stop And Go Signal;Clear;No;0.0, 0.0
245;246;Yes;30-39;35;No;With Traffic;B: Evident Injury;Sidewalk / Crosswalk / Driveway Crossing;White;Male;Raleigh;Wake;No;01-01-04;2008-04-17;Motorist Left Turn / Merge;18;Intersection;01-04-01;0001-01-01T13:29:58-04:56;Motorist Left Turn - Opposite Direction;131212;2008;B: Evident Injury;Commercial;25-29;29;No;6-10 mph;O: No Injury;Other;Female;Van;No;No;Daylight;Urban (>70% Developed);8 lanes;2;Straight - Level;Local Street;Dry;Two-Way, Not Divided;None;Four-Way Intersection;Smooth Asphalt;Piedmont;Urban;30 - 35  MPH;Stop And Go Signal;Clear;No;0.0, 0.0
247;248;No;20-24;20;No;With Traffic;Injury;Bike Lane / Paved Shoulder;White;Male;Greensboro;Guilford;No;01-01-04;2008-04-17;Motorist Right Turn / Merge;19;Non-Intersection;01-04-01;0001-01-01T14:19:58-04:56;Motorist Right Turn - Same Direction;321213;2008;O: No Injury;Institutional;70+;;No;;O: No Injury;White;Male;Passenger Car;No;No;Daylight;Urban (>70% Developed);3 lanes;3;Straight - Level;Local Street;Dry;Two-Way, Not Divided;None;Shared-Use Paths Or Trails;Smooth Asphalt;Piedmont;Urban;20 - 25  MPH;No Control Present;Clear;No;0.0, 0.0
251;252;No;10-Jun;7;No;With Traffic;O: No Injury;Travel Lane;Black;Female;Rocky Mount;Edgecombe;No;01-01-06;2008-04-26;Bicyclist Failed to Yield - Sign-Controlled Intersection;16;Intersection;01-04-01;0001-01-01T11:36:58-04:56;Bicyclist Ride Through - Sign-Controlled Intersection;111144;2008;O: No Injury;Residential;40-49;45;No;31-35 mph;O: No Injury;Black;Male;Light Truck (Mini-Van, Panel);No;No;Daylight;Urban (>70% Developed);4 lanes;2;Straight - Level;Local Street;Dry;Two-Way, Not Divided;None;No Special Feature;Smooth Asphalt;Coastal;Urban;30 - 35  MPH;Stop Sign;Clear;No;0.0, 0.0
252;253;No;20-24;22;No;With Traffic;C: Possible Injury;Travel Lane;White;Female;Raleigh;Wake;No;01-01-07;2008-04-27;Motorist Failed to Yield - Signalized Intersection;20;Intersection;01-04-01;0001-01-01T15:13:58-04:56;Motorist Drive Out - Right Turn on Red;111151;2008;C: Possible Injury;Commercial;30-39;36;No;6-10 mph;O: No Injury;White;Female;Passenger Car;No;No;Dusk;Urban (>70% Developed);4 lanes;2;Straight - Level;Local Street;Wet;Two-Way, Not Divided;None;No Special Feature;Concrete;Piedmont;Urban;20 - 25  MPH;Stop And Go Signal;Cloudy;No;0.0, 0.0
253;254;No;15-Nov;14;No;With Traffic;O: No Injury;Sidewalk / Crosswalk / Driveway Crossing;Black;Male;Rocky Mount;Nash;No;01-01-07;2008-04-20;Bicyclist Failed to Yield - Sign-Controlled Intersection;17;Intersection;01-04-01;0001-01-01T12:07:58-04:56;Bicyclist Ride Through - Sign-Controlled Intersection;131144;2008;O: No Injury;Residential;40-49;46;No;31-35 mph;O: No Injury;Black;Female;Passenger Car;No;No;Daylight;Urban (>70% Developed);2 lanes;2;Straight - Level;Local Street;Dry;One-Way, Not Divided;None;T-Intersection;Coarse Asphalt;Coastal;Urban;30 - 35  MPH;Stop Sign;Cloudy;No;0.0, 0.0
270;271;Yes;16-19;17;No;;C: Possible Injury;;White;Male;Stanley;Gaston;No;01-01-02;2008-04-29;Other /  - Insufficient Details;19;Location;01-04-01;0001-01-01T14:30:58-04:56;Location;999980;2008;C: Possible Injury;Commercial;;;No;;Injury;/Missing;;;No;Yes;Daylight;Mixed (30% To 70% Developed);2 lanes;2;Straight - Level;Local Street;Dry;Two-Way, Divided, Unprotected Median;None;No Special Feature;Smooth Asphalt;Piedmont;Rural;40 - 45  MPH;No Control Present;Clear;No;0.0, 0.0
275;276;Yes;15-Nov;12;No;Facing Traffic;B: Evident Injury;Sidewalk / Crosswalk / Driveway Crossing;White;Male;Hendersonville;Henderson;No;01-01-07;2008-04-27;Motorist Failed to Yield - Signalized Intersection;14;Intersection;01-04-01;0001-01-01T09:10:58-04:56;Motorist Drive Out - Right Turn on Red;132151;2008;B: Evident Injury;Commercial;40-49;48;No;0-5 mph;O: No Injury;White;Male;Passenger Car;No;No;Daylight;Urban (>70% Developed);2 lanes;2;Curve - Grade;Local Street;Wet;Two-Way, Divided, Unprotected Median;None;Four-Way Intersection;Smooth Asphalt;Mountains;Urban;30 - 35  MPH;Stop And Go Signal;Cloudy;No;0.0, 0.0
277;278;Yes;15-Nov;12;No;Facing Traffic;C: Possible Injury;Travel Lane;Black;Female;Kannapolis;Rowan;No;01-01-07;2008-04-27;Bicyclist Failed to Yield - Sign-Controlled Intersection;16;Intersection;01-04-01;0001-01-01T11:39:58-04:56;Bicyclist Ride Through - Sign-Controlled Intersection;112144;2008;C: Possible Injury;Commercial;60-69;61;No;36-40 mph;O: No Injury;White;Male;Light Truck (Mini-Van, Panel);No;No;Daylight;Urban (>70% Developed);3 lanes;2;Straight - Level;US Route;Dry;Two-Way, Not Divided;None;T-Intersection;Smooth Asphalt;Piedmont;Urban;40 - 45  MPH;Stop Sign;Cloudy;No;0.0, 0.0
278;279;Yes;25-29;29;No;With Traffic;C: Possible Injury;Travel Lane;White;Male;Aberdeen;Moore;No;01-01-07;2008-04-27;Motorist Failed to Yield - Sign-Controlled Intersection;13;Intersection;01-04-01;0001-01-01T08:43:58-04:56;Motorist Drive Out - Sign-Controlled Intersection;111141;2008;C: Possible Injury;Residential;30-39;34;No;0-5 mph;C: Possible Injury;White;Male;Passenger Car;No;No;Daylight;Rural (<30% Developed);2 lanes;2;Straight - Level;Local Street;Wet;Two-Way, Not Divided;None;No Special Feature;Coarse Asphalt;Piedmont;Rural;30 - 35  MPH;Missing;Rain;No;0.0, 0.0
282;283;Yes;16-19;19;No;With Traffic;C: Possible Injury;Travel Lane;White;Male;Mooresville;Iredell;No;01-01-02;2008-04-29;Bicyclist Left Turn / Merge;15;Intersection;01-04-01;0001-01-01T11:01:58-04:56;Bicyclist Left Turn - Same Direction;111221;2008;C: Possible Injury;Residential;70+;;No;31-35 mph;O: No Injury;Black;Female;Passenger Car;No;No;Daylight;Urban (>70% Developed);4 lanes;2;Straight - Level;Local Street;Dry;Two-Way, Not Divided;None;Four-Way Intersection;Smooth Asphalt;Piedmont;Urban;30 - 35  MPH;Missing;Clear;No;0.0, 0.0
284;285;Yes;30-39;31;No;Facing Traffic;C: Possible Injury;Sidewalk / Crosswalk / Driveway Crossing;White;Female;Wilmington;New Hanover;No;01-01-03;2008-04-30;Parallel Paths - Other Circumstances;15;Non-Intersection;01-04-01;0001-01-01T10:58:58-04:56;Bicyclist Ride Out - Parallel Path;332225;2008;C: Possible Injury;Commercial;25-29;25;No;16-20 mph;O: No Injury;Black;Male;Passenger Car;No;No;Daylight;Urban (>70% Developed);2 lanes;2;Straight - Level;Local Street;Dry;Two-Way, Not Divided;None;No Special Feature;Smooth Asphalt;Coastal;Urban;20 - 25  MPH;No Control Present;Clear;No;0.0, 0.0
287;288;Yes;16-19;18;No;With Traffic;B: Evident Injury;Sidewalk / Crosswalk / Driveway Crossing;White;Male;Fayetteville;Cumberland;No;01-01-05;2008-05-02;Motorist Failed to Yield - Midblock;13;Non-Intersection;01-05-01;0001-01-01T08:25:58-04:56;Motorist Drive Out - Commercial Driveway / Alley;331322;2008;B: Evident Injury;Commercial;20-24;20;No;0-5 mph;O: No Injury;Black;Male;Passenger Car;No;No;Daylight;Urban (>70% Developed);;2;Straight - Grade;Local Street;Dry;Two-Way, Not Divided;None;No Special Feature;Concrete;Coastal;Urban;;No Control Present;Cloudy;No;0.0, 0.0
289;290;Yes;15-Nov;14;No;With Traffic;B: Evident Injury;Travel Lane;White;Male;None - Rural Crash;Carteret;No;01-01-06;2008-05-03;Motorist Overtaking Bicyclist;16;Intersection;01-05-01;0001-01-01T11:03:58-04:56;Motorist Overtaking - Misjudged Space;111232;2008;B: Evident Injury;Commercial;70+;;No;6-10 mph;O: No Injury;White;Female;Passenger Car;No;No;Daylight;Mixed (30% To 70% Developed);2 lanes;2;Straight - Level;NC Route;Dry;Two-Way, Not Divided;None;Four-Way Intersection;Coarse Asphalt;Coastal;Rural;30 - 35  MPH;Stop And Go Signal;Clear;No;0.0, 0.0
292;293;Yes;16-19;17;No;Facing Traffic;C: Possible Injury;Travel Lane;White;Female;Eden;Rockingham;No;01-01-04;2008-06-12;Motorist Failed to Yield - Sign-Controlled Intersection;16;Intersection;01-06-01;0001-01-01T11:18:58-04:56;Motorist Drive Out - Sign-Controlled Intersection;112141;2008;C: Possible Injury;Commercial;50-59;58;No;6-10 mph;O: No Injury;White;Female;Passenger Car;No;No;Daylight;Urban (>70% Developed);5 lanes;2;Straight - Level;Local Street;Dry;Two-Way, Not Divided;None;Four-Way Intersection;Smooth Asphalt;Piedmont;Urban;40 - 45  MPH;Stop Sign;Cloudy;No;0.0, 0.0