FID;OBJECTID;AmbulanceR;BikeAge_Gr;Bike_Age;Bike_Alc_D;Bike_Dir;Bike_Injur;Bike_Pos;Bike_Race;Bike_Sex;City;County;CrashAlcoh;CrashDay;Crash_Date;Crash_Grp;Crash_Hour;Crash_Loc;Crash_Mont;Crash_Time;Crash_Type;Crash_Ty_1;Crash_Year;Crsh_Sevri;Developmen;DrvrAge_Gr;Drvr_Age;Drvr_Alc_D;Drvr_EstSp;Drvr_Injur;Drvr_Race;Drvr_Sex;Drvr_VehTy;ExcsSpdInd;Hit_Run;Light_Cond;Locality;Num_Lanes;Num_Units;Rd_Charact;Rd_Class;Rd_Conditi;Rd_Config;Rd_Defects;Rd_Feature;Rd_Surface;Region;Rural_Urba;Speed_Limi;Traff_Cntr;Weather;Workzone_I;Location
441;442;Yes;50-59;55;No;With Traffic;B: Evident Injury;Travel Lane;White;Female;Wilmington;New Hanover;No;01-01-04;2010-07-08;Bicyclist Failed to Yield - Signalized Intersection;14;Intersection;01-07-01;0001-01-01T09:30:58-04:56;Bicyclist Ride Through - Signalized Intersection;0;2010;B: Evident Injury;Commercial;50-59;50;No;31-35 mph;O: No Injury;White;Female;Van;No;No;Daylight;Urban (>70% Developed);9 or more lanes;2;Straight - Level;Local Street;Dry;Two-Way, Divided, Positive Median Barrier;None;No Special Feature;Smooth Asphalt;Coastal;Urban;40 - 45  MPH;Stop And Go Signal;Clear;No;34.238728, -77.82838
443;444;No;10-Jun;10;No;Not Applicable;Injury;Travel Lane;/Missing;Male;Durham;Durham;No;01-01-06;2010-07-03;Bicyclist Failed to Yield - Midblock;16;Non-Intersection;01-07-01;0001-01-01T11:20:58-04:56;Bicyclist Ride Out - Other Midblock;0;2010;Injury;Residential;;;Missing;6-10 mph;Injury;/Missing;;;No;Yes;Daylight;Urban (>70% Developed);2 lanes;2;Straight - Level;Local Street;Dry;Two-Way, Divided, Unprotected Median;None;No Special Feature;Smooth Asphalt;Piedmont;Urban;5 - 15 MPH;No Control Present;Clear;No;35.9368, -78.89965
451;452;Yes;30-39;30;No;Facing Traffic;C: Possible Injury;Sidewalk / Crosswalk / Driveway Crossing;Black;Female;Raleigh;Wake;No;;2010-06-28;Crossing Paths - Other Circumstances;17;Intersection;01-06-01;0001-01-01T12:19:58-04:56;Crossing Paths - Intersection - Other /;0;2010;C: Possible Injury;Commercial;30-39;33;No;0-5 mph;O: No Injury;White;Female;Passenger Car;No;No;Daylight;Urban (>70% Developed);5 lanes;2;Straight - Level;Local Street;Dry;Two-Way, Divided, Unprotected Median;None;Four-Way Intersection;Smooth Asphalt;Piedmont;Urban;40 - 45  MPH;Stop And Go Signal;Clear;No;35.850018, -78.58075
454;455;Yes;20-24;21;No;With Traffic;B: Evident Injury;Travel Lane;Other;Female;Raleigh;Wake;No;;2010-06-21;Motorist Overtaking Bicyclist;21;Intersection;01-06-01;0001-01-01T16:03:58-04:56;Motorist Overtaking - Misjudged Space;0;2010;B: Evident Injury;Residential;20-24;22;No;41-45 mph;O: No Injury;White;Female;Passenger Car;No;No;Dark - Lighted Roadway;Urban (>70% Developed);2 lanes;2;Straight - Level;Local Street;Dry;Two-Way, Not Divided;None;No Special Feature;Smooth Asphalt;Piedmont;Urban;40 - 45  MPH;No Control Present;Clear;No;35.759876, -78.728325
460;461;No;30-39;32;No;With Traffic;C: Possible Injury;Travel Lane;White;Male;Raleigh;Wake;No;01-01-06;2010-05-29;Motorist Overtaking Bicyclist;0;Non-Intersection;01-05-01;0000-12-31T19:10:58-04:56;Motorist Overtaking - Other /;0;2010;C: Possible Injury;Commercial;30-39;31;No;21-25 mph;O: No Injury;Other;Male;Sport Utility;No;No;Dark - Roadway Not Lighted;Urban (>70% Developed);5 lanes;3;Straight - Grade;Local Street;Water (Standing, Moving);Two-Way, Divided, Unprotected Median;None;No Special Feature;Coarse Asphalt;Piedmont;Urban;30 - 35  MPH;No Control Present;Rain;No;35.795258, -78.70678
467;468;Yes;60-69;62;No;With Traffic;C: Possible Injury;Travel Lane;Black;Male;None - Rural Crash;Lenoir;No;01-01-04;2010-07-22;Motorist Overtaking Bicyclist;6;Non-Intersection;01-07-01;0001-01-01T01:18:58-04:56;Motorist Overtaking - Misjudged Space;0;2010;C: Possible Injury;Farms, Woods, Pastures;;;No;;Injury;/Missing;;;No;Yes;Daylight;Rural (<30% Developed);2 lanes;2;Straight - Level;NC Route;Dry;Two-Way, Divided, Unprotected Median;None;No Special Feature;Smooth Asphalt;Coastal;Rural;;No Control Present;Clear;No;35.3008, -77.53417
470;471;No;25-29;25;No;Facing Traffic;O: No Injury;Travel Lane;White;Male;None - Rural Crash;Johnston;No;01-01-04;2010-07-29;Loss of Control / Turning Error;21;Non-Intersection;01-07-01;0001-01-01T16:07:58-04:56;Motorist Lost Control - Other /;0;2010;O: No Injury;Residential;;;Missing;41-45 mph;Injury;/Missing;;Passenger Car;No;Yes;Dark - Roadway Not Lighted;Rural (<30% Developed);2 lanes;2;Straight - Level;State Secondary Route;Dry;Two-Way, Not Divided;None;No Special Feature;Coarse Asphalt;Coastal;Rural;50 - 55  MPH;No Control Present;Clear;No;35.288177, -78.45321
162;163;Yes;40-49;49;No;Facing Traffic;C: Possible Injury;Travel Lane;Black;Male;Dunn;Harnett;No;01-01-06;2011-04-16;Head-On;20;Intersection;01-04-01;0001-01-01T15:33:58-04:56;Head-On - Bicyclist;112250;2011;C: Possible Injury;Commercial;20-24;21;No;0-5 mph;O: No Injury;White;Female;Sport Utility;No;No;Dark - Roadway Not Lighted;Urban (>70% Developed);2 lanes;2;Straight - Level;State Secondary Route;Wet;Two-Way, Not Divided;None;Four-Way Intersection;Smooth Asphalt;Coastal;Urban;30 - 35  MPH;Stop Sign;Clear;No;35.3045, -78.6062
164;165;Yes;40-49;48;No;With Traffic;B: Evident Injury;Travel Lane;White;Male;Charlotte;Mecklenburg;No;01-01-02;2011-04-12;Motorist Left Turn / Merge;19;Intersection;01-04-01;0001-01-01T14:19:58-04:56;Motorist Left Turn - Opposite Direction;111212;2011;B: Evident Injury;Residential;25-29;26;No;41-45 mph;O: No Injury;Black;Male;Passenger Car;No;No;Daylight;Urban (>70% Developed);2 lanes;2;Straight - Bottom;Local Street;Dry;Two-Way, Not Divided;None;T-Intersection;Smooth Asphalt;Piedmont;Urban;40 - 45  MPH;No Control Present;Clear;No;35.15227, -80.9598
165;166;Yes;60-69;61;No;With Traffic;C: Possible Injury;Travel Lane;Black;Male;Knightdale;Wake;No;01-01-03;2011-04-27;Motorist Failed to Yield - Signalized Intersection;20;Intersection;01-04-01;0001-01-01T15:48:58-04:56;Motorist Drive Out - Right Turn on Red;111151;2011;C: Possible Injury;Commercial;40-49;43;No;0-5 mph;O: No Injury;Black;Male;Passenger Car;No;No;Dark - Roadway Not Lighted;Mixed (30% To 70% Developed);6 lanes;2;Curve - Hillcrest;Local Street;Dry;Two-Way, Divided, Unprotected Median;None;On or Off Ramp;Coarse Asphalt;Piedmont;Urban;40 - 45  MPH;Stop And Go Signal;Clear;No;35.79506, -78.5173
166;167;No;20-24;21;No;With Traffic;O: No Injury;Bike Lane / Paved Shoulder;White;Male;Durham;Durham;No;01-01-03;2011-04-27;Motorist Right Turn / Merge;7;Non-Intersection;01-04-01;0001-01-01T02:17:58-04:56;Motorist Right Turn - Same Direction;321213;2011;O: No Injury;Residential;;;Missing;26-30 mph;Injury;/Missing;;Passenger Car;No;Yes;Daylight;Urban (>70% Developed);2 lanes;2;Straight - Level;Local Street;Dry;Two-Way, Not Divided;None;No Special Feature;Coarse Asphalt;Piedmont;Urban;30 - 35  MPH;No Control Present;Clear;No;36.01779, -78.9578
168;169;No;30-39;30;No;Facing Traffic;Injury;Travel Lane;White;Male;Wrightsville Beach;New Hanover;No;;2011-04-18;Motorist Failed to Yield - Midblock;13;Non-Intersection;01-04-01;0001-01-01T08:43:58-04:56;Motorist Drive Out - Commercial Driveway / Alley;312322;2011;O: No Injury;Residential;25-29;26;No;;O: No Injury;White;Male;Van;No;No;Daylight;Urban (>70% Developed);5 lanes;2;Straight - Level;US Route;Dry;Two-Way, Divided, Unprotected Median;None;T-Intersection;Coarse Asphalt;Coastal;Rural;5 - 15 MPH;Stop Sign;Clear;No;34.21386, -77.8058
178;179;Yes;16-19;16;No;Not Applicable;O: No Injury;Non-Roadway;White;Male;None - Rural Crash;Brunswick;No;01-01-03;2011-04-20;Non-Roadway;18;Non-Roadway;01-04-01;0001-01-01T13:33:58-04:56;Non-Roadway;460910;2011;O: No Injury;Commercial;60-69;66;No;0-5 mph;O: No Injury;White;Male;Van;No;No;Daylight;Urban (>70% Developed);;3;Straight - Level;Public Vehicular Area;Dry;;None;No Special Feature;Coarse Asphalt;Coastal;Rural;;No Control Present;Clear;No;33.98111, -78.3721
186;187;Yes;0-5;5;No;With Traffic;B: Evident Injury;Travel Lane;Black;Male;Wilmington;New Hanover;No;01-01-07;2011-04-17;Motorist Overtaking Bicyclist;17;Intersection-Related;01-04-01;0001-01-01T12:12:58-04:56;Motorist Overtaking - Other /;211239;2011;B: Evident Injury;Residential;;;Missing;;Injury;/Missing;;;No;Yes;Daylight;Urban (>70% Developed);2 lanes;2;Straight - Level;Local Street;Dry;Two-Way, Not Divided;None;No Special Feature;Coarse Asphalt;Coastal;Urban;20 - 25  MPH;No Control Present;Clear;No;34.24618, -77.9007
189;190;Yes;40-49;49;No;Facing Traffic;B: Evident Injury;Travel Lane;Native American;Male;None - Rural Crash;Columbus;No;01-01-04;2011-04-28;Motorist Left Turn / Merge;20;Non-Intersection;01-04-01;0001-01-01T15:27:58-04:56;Motorist Left Turn - Same Direction;312211;2011;B: Evident Injury;Farms, Woods, Pastures;;;Missing;51-55 mph;Injury;/Missing;;Passenger Car;No;Yes;Dark - Roadway Not Lighted;Rural (<30% Developed);2 lanes;2;Straight - Level;State Secondary Route;Dry;Two-Way, Not Divided;None;No Special Feature;Coarse Asphalt;Coastal;Rural;50 - 55  MPH;No Control Present;Cloudy;No;34.32218, -78.881
191;192;Yes;40-49;43;No;Facing Traffic;B: Evident Injury;Sidewalk / Crosswalk / Driveway Crossing;White;Male;Wilmington;New Hanover;No;01-01-03;2011-04-20;Motorist Failed to Yield - Midblock;9;Non-Intersection;01-04-01;0001-01-01T04:47:58-04:56;Motorist Drive Out - Commercial Driveway / Alley;332322;2011;B: Evident Injury;Commercial;60-69;67;No;0-5 mph;O: No Injury;White;Male;Passenger Car;No;No;Daylight;Urban (>70% Developed);5 lanes;2;Straight - Level;US Route;Dry;Two-Way, Not Divided;None;No Special Feature;Smooth Asphalt;Coastal;Urban;40 - 45  MPH;No Control Present;Clear;No;34.19537, -77.9367
203;204;Yes;40-49;41;No;With Traffic;C: Possible Injury;Travel Lane;White;Male;None - Rural Crash;Lee;No;;2011-05-09;Motorist Overtaking Bicyclist;16;Non-Intersection;01-05-01;0001-01-01T11:28:58-04:56;Motorist Overtaking - Undetected Bicyclist;311231;2011;C: Possible Injury;Farms, Woods, Pastures;70+;;No;36-40 mph;O: No Injury;White;Male;Passenger Car;No;No;Daylight;Mixed (30% To 70% Developed);2 lanes;2;Straight - Level;State Secondary Route;Dry;Two-Way, Not Divided;None;No Special Feature;Smooth Asphalt;Piedmont;Rural;50 - 55  MPH;No Control Present;Clear;No;35.44503, -79.1638
0;1;Yes;;11;No;With Traffic;B: Evident Injury;Sidewalk / Crosswalk / Driveway Crossing;Black;Male;Durham;Durham;No;01-01-02;2007-01-02;Parallel Paths - Other Circumstances;16;Non-Intersection;;0001-01-01T11:44:58-04:56;Bicyclist Ride Out - Parallel Path;331225;2007;B: Evident Injury;Residential;30-39;35;No;31-35 mph;O: No Injury;White;Male;Passenger Car;No;No;Daylight;Urban (>70% Developed);1 lane;2;Straight - Level;Local Street;Dry;Two-Way, Divided, Unprotected Median;None;No Special Feature;Smooth Asphalt;Piedmont;Urban;30 - 35  MPH;No Control Present;Clear;No;36.03949, -78.883896
2;3;Yes;30-39;37;No;;B: Evident Injury;Non-Roadway;Black;Male;Stallings;Union;No;;2007-01-15;Non-Roadway;17;Non-Roadway;;0001-01-01T12:58:58-04:56;Non-Roadway;460910;2007;B: Evident Injury;Commercial;30-39;39;No;6-10 mph;O: No Injury;White;Female;Passenger Car;No;No;Dusk;Urban (>70% Developed);2 lanes;2;Straight - Level;Public Vehicular Area;Dry;Two-Way, Not Divided;None;No Special Feature;Smooth Asphalt;Piedmont;Urban;20 - 25  MPH;No Control Present;Cloudy;No;35.084732, -80.69782
7;8;Yes;;13;No;With Traffic;C: Possible Injury;Travel Lane;White;Male;Beaufort;Carteret;No;01-01-07;2007-02-11;Bicyclist Failed to Yield - Sign-Controlled Intersection;15;Intersection;01-02-01;0001-01-01T10:43:58-04:56;Bicyclist Ride Out - Sign-Controlled Intersection;111142;2007;C: Possible Injury;Residential;0-19;18;No;21-25 mph;O: No Injury;Black;Female;Passenger Car;No;No;Daylight;Urban (>70% Developed);2 lanes;2;Straight - Level;Local Street;Dry;Two-Way, Not Divided;None;No Special Feature;Smooth Asphalt;Coastal;Rural;20 - 25  MPH;Stop Sign;Clear;No;34.717346, -76.65675
8;9;Yes;16-19;18;No;With Traffic;C: Possible Injury;Bike Lane / Paved Shoulder;White;Male;Lenoir;Caldwell;No;;2007-02-12;Motorist Overtaking Bicyclist;8;Non-Intersection;01-02-01;0001-01-01T03:03:58-04:56;Motorist Overtaking - Other /;321239;2007;C: Possible Injury;Commercial;;;Missing;;Injury;/Missing;;Light Truck (Mini-Van, Panel);No;Yes;Daylight;Urban (>70% Developed);5 lanes;2;Straight - Level;Local Street;Dry;Two-Way, Not Divided;None;No Special Feature;Coarse Asphalt;Mountains;Urban;;No Control Present;Cloudy;No;35.890682, -81.57649
13;14;Yes;30-39;31;No;With Traffic;B: Evident Injury;Travel Lane;White;Male;Davidson;Mecklenburg;No;01-01-03;2007-01-03;Motorist Right Turn / Merge;15;Intersection;;0001-01-01T10:04:58-04:56;Motorist Right Turn - Same Direction;111213;2007;B: Evident Injury;Residential;0-19;17;No;11-15 mph;O: No Injury;White;Female;Passenger Car;No;No;Daylight;Urban (>70% Developed);2 lanes;2;Straight - Level;Local Street;Dry;Two-Way, Not Divided;None;No Special Feature;Concrete;Piedmont;Urban;30 - 35  MPH;Double Yellow Line, No Passing Zone;Clear;No;35.491177, -80.83144
14;15;Yes;;10;No;Not Applicable;C: Possible Injury;Sidewalk / Crosswalk / Driveway Crossing;White;Female;Smithfield;Johnston;No;01-01-05;2007-01-05;Bicyclist Failed to Yield - Midblock;14;Non-Intersection;;0001-01-01T09:51:58-04:56;Bicyclist Ride Out - Other Midblock;333318;2007;C: Possible Injury;Residential;60-69;66;No;16-20 mph;O: No Injury;White;Female;Passenger Car;No;No;Daylight;Urban (>70% Developed);2 lanes;2;Straight - Level;Local Street;Dry;Two-Way, Not Divided;None;No Special Feature;Smooth Asphalt;Coastal;Urban;20 - 25  MPH;No Control Present;Clear;No;35.50502, -78.351204
15;16;Yes;30-39;31;No;Facing Traffic;C: Possible Injury;Travel Lane;Black;Female;Smithfield;Johnston;No;01-01-05;2007-01-05;Motorist Failed to Yield - Sign-Controlled Intersection;8;Intersection;;0001-01-01T03:11:58-04:56;Motorist Drive Out - Sign-Controlled Intersection;112141;2007;C: Possible Injury;Commercial;40-49;47;No;0-5 mph;O: No Injury;White;Male;Pickup;No;No;Daylight;Mixed (30% To 70% Developed);5 lanes;2;Straight - Level;US Route;Wet;Two-Way, Divided, Unprotected Median;None;No Special Feature;Coarse Asphalt;Coastal;Urban;30 - 35  MPH;No Control Present;Rain;No;35.492355, -78.35791
17;18;No;40-49;49;Yes;With Traffic;C: Possible Injury;Other;Native American;Female;None - Rural Crash;Robeson;Yes;01-01-06;2007-01-06;Loss of Control / Turning Error;6;Non-Intersection;;0001-01-01T01:46:58-04:56;Bicyclist Lost Control - Oversteering, Improper Braking, Speed;381122;2007;C: Possible Injury;Farms, Woods, Pastures;60-69;61;No;41-45 mph;O: No Injury;Native American;Male;Pickup;No;No;Dark - Roadway Not Lighted;Rural (<30% Developed);2 lanes;2;Straight - Level;State Secondary Route;Wet;Two-Way, Not Divided;None;No Special Feature;Smooth Asphalt;Coastal;Rural;50 - 55  MPH;No Control Present;Cloudy;No;34.71112, -79.02516
20;21;Yes;30-39;30;Yes;With Traffic;B: Evident Injury;Travel Lane;White;Male;None - Rural Crash;Carteret;Yes;;2007-01-08;Motorist Overtaking Bicyclist;19;Non-Intersection;;0001-01-01T14:28:58-04:56;Motorist Overtaking - Undetected Bicyclist;311231;2007;B: Evident Injury;Residential;0-19;19;No;41-45 mph;O: No Injury;White;Female;Passenger Car;No;No;Dark - Roadway Not Lighted;Mixed (30% To 70% Developed);2 lanes;2;Straight - Level;State Secondary Route;Dry;Two-Way, Not Divided;None;No Special Feature;Smooth Asphalt;Coastal;Rural;40 - 45  MPH;No Control Present;Clear;No;34.792816, -76.88812
22;23;Yes;40-49;40;No;Facing Traffic;B: Evident Injury;Travel Lane;Black;Male;Burlington;Alamance;No;01-01-05;2007-01-12;Motorist Failed to Yield - Midblock;17;Non-Intersection;;0001-01-01T12:49:58-04:56;Motorist Drive Out - Commercial Driveway / Alley;312322;2007;B: Evident Injury;Commercial;60-69;67;No;0-5 mph;O: No Injury;White;Male;Passenger Car;No;No;Dark - Lighted Roadway;Urban (>70% Developed);5 lanes;2;Straight - Grade;Local Street;Dry;Two-Way, Not Divided;None;No Special Feature;Smooth Asphalt;Piedmont;Urban;30 - 35  MPH;No Control Present;Clear;No;36.07042, -79.49479
26;27;Yes;60-69;60;No;With Traffic;A: Disabling Injury;Travel Lane;White;Female;Lewisville;Forsyth;No;01-01-02;2007-01-09;Motorist Left Turn / Merge;16;Non-Intersection;;0001-01-01T11:39:58-04:56;Motorist Left Turn - Opposite Direction;311212;2007;A: Disabling Injury;Residential;40-49;46;No;11-15 mph;O: No Injury;White;Female;Pickup;No;No;Daylight;Rural (<30% Developed);2 lanes;2;Straight - Level;State Secondary Route;Dry;Two-Way, Not Divided;None;No Special Feature;Smooth Asphalt;Piedmont;Urban;50 - 55  MPH;Double Yellow Line, No Passing Zone;Clear;No;36.094707, -80.451485
38;39;Yes;40-49;47;No;With Traffic;B: Evident Injury;Sidewalk / Crosswalk / Driveway Crossing;Black;Male;Charlotte;Mecklenburg;No;;2007-01-15;Motorist Right Turn / Merge;17;Non-Intersection;;0001-01-01T12:28:58-04:56;Motorist Right Turn - Same Direction;331213;2007;B: Evident Injury;Commercial;;;Missing;;Injury;/Missing;;;No;Yes;Daylight;Urban (>70% Developed);;2;Straight - Grade;Local Street;Dry;;None;No Special Feature;Smooth Asphalt;Piedmont;Urban;;No Control Present;Clear;No;35.235817, -80.8049
45;46;Yes;30-39;36;No;With Traffic;B: Evident Injury;Other;Native American;Male;None - Rural Crash;Robeson;No;01-01-07;2007-01-21;Bicyclist Left Turn / Merge;18;Non-Intersection;;0001-01-01T13:19:58-04:56;Bicyclist Left Turn - Same Direction;381221;2007;B: Evident Injury;Residential;40-49;40;No;51-55 mph;O: No Injury;Native American;Male;Pickup;No;No;Dark - Roadway Not Lighted;Rural (<30% Developed);2 lanes;2;Straight - Level;State Secondary Route;Wet;Two-Way, Not Divided;None;No Special Feature;Smooth Asphalt;Coastal;Rural;50 - 55  MPH;Double Yellow Line, No Passing Zone;Cloudy;No;34.70917, -79.13827
46;47;Yes;60-69;60;No;With Traffic;B: Evident Injury;Travel Lane;White;Male;Lexington;Davidson;No;01-01-07;2007-01-21;Bicyclist Failed to Yield - Signalized Intersection;15;Intersection;;0001-01-01T10:49:58-04:56;Bicyclist Ride Through - Signalized Intersection;111155;2007;B: Evident Injury;Commercial;50-59;58;No;0-5 mph;O: No Injury;White;Female;Passenger Car;No;No;Daylight;Urban (>70% Developed);7 lanes;2;Straight - Level;Local Street;Wet;Two-Way, Not Divided;None;Four-Way Intersection;Coarse Asphalt;Piedmont;Urban;30 - 35  MPH;Stop And Go Signal;Cloudy;No;35.814167, -80.264114
59;60;Yes;15-Nov;11;No;;A: Disabling Injury;Travel Lane;Black;Female;Eden;Rockingham;No;01-01-04;2007-04-05;Bicyclist Failed to Yield - Sign-Controlled Intersection;18;Intersection;01-04-01;0001-01-01T13:20:58-04:56;Bicyclist Ride Through - Sign-Controlled Intersection;119144;2007;A: Disabling Injury;Commercial;40-49;45;No;21-25 mph;O: No Injury;White;Female;Passenger Car;No;No;Daylight;Urban (>70% Developed);2 lanes;2;Straight - Level;Local Street;Dry;Two-Way, Not Divided;None;Four-Way Intersection;Smooth Asphalt;Piedmont;Urban;20 - 25  MPH;Stop Sign;Clear;No;36.499874, -79.76945
65;66;No;0-5;5;No;Not Applicable;C: Possible Injury;Non-Roadway;Black;Female;Gastonia;Gaston;No;01-01-03;2007-02-07;Bicyclist Failed to Yield - Midblock;15;Non-Intersection;01-02-01;0001-01-01T10:49:58-04:56;Bicyclist Ride Out - Commercial Driveway / Alley;363312;2007;C: Possible Injury;Residential;40-49;43;No;11-15 mph;O: No Injury;Black;Male;Sport Utility;No;No;Daylight;Urban (>70% Developed);2 lanes;2;Straight - Grade;Public Vehicular Area;Dry;Two-Way, Not Divided;None;Driveway, Public;Coarse Asphalt;Piedmont;Urban;30 - 35  MPH;No Control Present;Clear;No;35.2754, -81.19957
69;70;No;16-19;16;No;Facing Traffic;C: Possible Injury;;White;Male;Raleigh;Wake;No;;2007-02-12;Motorist Failed to Yield - Signalized Intersection;17;Intersection;01-02-01;0001-01-01T12:10:58-04:56;Motorist Drive Out - Right Turn on Red;192151;2007;C: Possible Injury;Commercial;;;Missing;0-5 mph;Injury;/Missing;;Sport Utility;No;Yes;Daylight;Urban (>70% Developed);3 lanes;2;Straight - Level;Local Street;Dry;Two-Way, Divided, Unprotected Median;None;Four-Way Intersection;Smooth Asphalt;Piedmont;Urban;40 - 45  MPH;Stop And Go Signal;Clear;No;35.893036, -78.559326
81;82;No;15-Nov;12;No;Facing Traffic;B: Evident Injury;Sidewalk / Crosswalk / Driveway Crossing;Black;Male;Raleigh;Wake;No;01-01-02;2007-02-20;Crossing Paths - Other Circumstances;19;Intersection;01-02-01;0001-01-01T14:46:58-04:56;Crossing Paths - Intersection - Other /;132180;2007;B: Evident Injury;Residential;50-59;58;No;0-5 mph;O: No Injury;White;Male;Sport Utility;No;No;Dark - Lighted Roadway;Mixed (30% To 70% Developed);2 lanes;2;Straight - Level;Local Street;Dry;Two-Way, Not Divided;None;T-Intersection;Coarse Asphalt;Piedmont;Urban;30 - 35  MPH;No Control Present;Clear;No;35.855324, -78.711586
92;93;No;50-59;55;No;Facing Traffic;C: Possible Injury;Sidewalk / Crosswalk / Driveway Crossing;Black;Male;Fayetteville;Cumberland;No;01-01-03;2007-02-28;Bicyclist Failed to Yield - Signalized Intersection;14;Intersection;01-02-01;0001-01-01T09:04:58-04:56;Bicyclist Ride Through - Signalized Intersection;132155;2007;C: Possible Injury;Commercial;0-19;19;No;0-5 mph;O: No Injury;Black;Female;Passenger Car;No;No;Daylight;Urban (>70% Developed);5 lanes;2;Straight - Level;Local Street;Dry;Two-Way, Not Divided;None;No Special Feature;Smooth Asphalt;Coastal;Urban;30 - 35  MPH;Stop And Go Signal;Clear;No;35.076035, -78.8977
99;100;No;40-49;46;No;Facing Traffic;O: No Injury;Travel Lane;Black;Male;None - Rural Crash;Jones;No;01-01-06;2007-03-03;Head-On;19;Non-Intersection;01-03-01;0001-01-01T14:26:58-04:56;Head-On - Bicyclist;312250;2007;O: No Injury;Farms, Woods, Pastures;40-49;43;No;51-55 mph;O: No Injury;Black;Female;Sport Utility;No;No;Dark - Roadway Not Lighted;Rural (<30% Developed);2 lanes;2;Straight - Level;US Route;Dry;Two-Way, Not Divided;None;No Special Feature;Smooth Asphalt;Coastal;Rural;50 - 55  MPH;Double Yellow Line, No Passing Zone;Clear;No;35.013, -77.217964
101;102;Yes;60-69;65;No;With Traffic;A: Disabling Injury;Travel Lane;White;Male;None - Rural Crash;Davidson;No;01-01-02;2007-03-06;Motorist Overtaking Bicyclist;14;Non-Intersection;01-03-01;0001-01-01T09:12:58-04:56;Motorist Overtaking - Other /;311239;2007;A: Disabling Injury;Residential;0-19;19;No;56-60 mph;O: No Injury;White;Female;Passenger Car;No;No;Daylight;Mixed (30% To 70% Developed);5 lanes;2;Straight - Grade;US Route;Dry;Two-Way, Not Divided;None;No Special Feature;Smooth Asphalt;Piedmont;Rural;50 - 55  MPH;No Control Present;Clear;No;35.81324, -80.19303
104;105;Yes;40-49;45;Yes;With Traffic;B: Evident Injury;Sidewalk / Crosswalk / Driveway Crossing;White;Male;Beaufort;Carteret;Yes;01-01-04;2007-05-17;Loss of Control / Turning Error;15;Intersection;01-05-01;0001-01-01T10:53:58-04:56;Bicylist Lost Control - Alcohol / Drug Impairment;131123;2007;B: Evident Injury;Commercial;60-69;66;No;31-35 mph;O: No Injury;White;Male;Pickup;No;No;Daylight;Urban (>70% Developed);4 lanes;2;Straight - Level;US Route;Wet;Two-Way, Not Divided;None;Four-Way Intersection;Smooth Asphalt;Coastal;Rural;30 - 35  MPH;Stop And Go Signal;Cloudy;No;34.720776, -76.662926
108;109;No;30-39;36;No;Facing Traffic;C: Possible Injury;Travel Lane;White;Female;Charlotte;Mecklenburg;No;01-01-05;2007-03-09;Motorist Failed to Yield - Midblock;17;Non-Intersection;01-03-01;0001-01-01T12:57:58-04:56;Motorist Drive Out - Commercial Driveway / Alley;312322;2007;C: Possible Injury;Commercial;50-59;55;No;0-5 mph;O: No Injury;White;Female;Van;No;No;Daylight;Urban (>70% Developed);4 lanes;2;Straight - Level;Local Street;Dry;Two-Way, Divided, Positive Median Barrier;None;No Special Feature;Smooth Asphalt;Piedmont;Urban;30 - 35  MPH;No Control Present;Clear;No;35.197334, -80.7925
115;116;Yes;20-24;20;No;Facing Traffic;C: Possible Injury;Travel Lane;White;Male;Durham;Durham;No;01-01-02;2007-05-29;Motorist Failed to Yield - Signalized Intersection;10;Intersection;01-05-01;0001-01-01T05:08:58-04:56;Motorist Drive Out - Right Turn on Red;112151;2007;C: Possible Injury;Commercial;20-24;23;No;31-35 mph;O: No Injury;Black;Female;Passenger Car;No;No;Daylight;Urban (>70% Developed);3 lanes;2;Straight - Level;Local Street;Dry;Two-Way, Not Divided;None;No Special Feature;Coarse Asphalt;Piedmont;Urban;30 - 35  MPH;Stop And Go Signal;Clear;No;36.009754, -78.95458
116;117;Yes;15-Nov;12;No;With Traffic;C: Possible Injury;Sidewalk / Crosswalk / Driveway Crossing;White;Male;Lexington;Davidson;No;01-01-03;2007-03-14;Bicyclist Left Turn / Merge;16;Intersection;01-03-01;0001-01-01T12:02:58-04:56;Bicyclist Left Turn - Same Direction;131221;2007;C: Possible Injury;Commercial;40-49;49;No;16-20 mph;O: No Injury;White;Female;Sport Utility;No;No;Daylight;Urban (>70% Developed);4 lanes;2;Straight - Level;Local Street;Dry;Two-Way, Not Divided;None;T-Intersection;Smooth Asphalt;Piedmont;Urban;30 - 35  MPH;Stop Sign;Clear;No;35.829586, -80.246445