FID;OBJECTID;AmbulanceR;BikeAge_Gr;Bike_Age;Bike_Alc_D;Bike_Dir;Bike_Injur;Bike_Pos;Bike_Race;Bike_Sex;City;County;CrashAlcoh;CrashDay;Crash_Date;Crash_Grp;Crash_Hour;Crash_Loc;Crash_Mont;Crash_Time;Crash_Type;Crash_Ty_1;Crash_Year;Crsh_Sevri;Developmen;DrvrAge_Gr;Drvr_Age;Drvr_Alc_D;Drvr_EstSp;Drvr_Injur;Drvr_Race;Drvr_Sex;Drvr_VehTy;ExcsSpdInd;Hit_Run;Light_Cond;Locality;Num_Lanes;Num_Units;Rd_Charact;Rd_Class;Rd_Conditi;Rd_Config;Rd_Defects;Rd_Feature;Rd_Surface;Region;Rural_Urba;Speed_Limi;Traff_Cntr;Weather;Workzone_I;Location
127;128;Yes;15-Nov;15;No;;B: Evident Injury;Sidewalk / Crosswalk / Driveway Crossing;Black;Male;Cary;Wake;No;01-01-05;2007-05-11;Motorist Failed to Yield - Signalized Intersection;15;Intersection;01-05-01;0001-01-01T10:20:58-04:56;Motorist Drive Out - Right Turn on Red;139151;2007;B: Evident Injury;Commercial;20-24;22;No;0-5 mph;O: No Injury;White;Female;Passenger Car;No;No;Daylight;Urban (>70% Developed);4 lanes;2;Straight - Level;State Secondary Route;Dry;Two-Way, Divided, Unprotected Median;None;Four-Way Intersection;Smooth Asphalt;Piedmont;Urban;40 - 45  MPH;Stop And Go Signal;Clear;No;35.769905, -78.76094
129;130;Yes;10-Jun;7;No;;A: Disabling Injury;Travel Lane;White;Female;None - Rural Crash;Johnston;No;;2007-03-12;Bicyclist Failed to Yield - Sign-Controlled Intersection;18;Intersection;01-03-01;0001-01-01T13:15:58-04:56;Bicyclist Ride Through - Sign-Controlled Intersection;119144;2007;A: Disabling Injury;Residential;30-39;36;No;21-25 mph;O: No Injury;White;Female;Van;No;No;Daylight;Mixed (30% To 70% Developed);2 lanes;2;Straight - Level;State Secondary Route;Dry;Two-Way, Not Divided;None;Y-Intersection;Coarse Asphalt;Coastal;Rural;20 - 25  MPH;Stop Sign;Clear;No;35.566406, -78.547905
143;144;Yes;30-39;36;No;Facing Traffic;C: Possible Injury;Sidewalk / Crosswalk / Driveway Crossing;Hispanic;Male;Cary;Wake;No;01-01-04;2007-06-07;Motorist Failed to Yield - Sign-Controlled Intersection;11;Intersection;01-06-01;0001-01-01T07:02:58-04:56;Motorist Drive Out - Sign-Controlled Intersection;132141;2007;C: Possible Injury;Residential;40-49;49;No;0-5 mph;O: No Injury;White;Female;Sport Utility;No;No;Daylight;Mixed (30% To 70% Developed);2 lanes;2;Straight - Hillcrest;Local Street;Dry;Two-Way, Not Divided;None;T-Intersection;Smooth Asphalt;Piedmont;Urban;20 - 25  MPH;Stop Sign;Clear;No;35.76696, -78.77405
145;146;Yes;15-Nov;15;No;;B: Evident Injury;Travel Lane;White;Male;Gastonia;Gaston;No;01-01-07;2007-03-25;Bicyclist Failed to Yield - Sign-Controlled Intersection;18;Intersection;01-03-01;0001-01-01T13:29:58-04:56;Bicyclist Ride Through - Sign-Controlled Intersection;119144;2007;B: Evident Injury;Residential;;;Missing;31-35 mph;Injury;/Missing;;;No;Yes;Daylight;Urban (>70% Developed);2 lanes;2;Straight - Level;Local Street;Dry;Two-Way, Not Divided;None;Four-Way Intersection;Concrete;Piedmont;Urban;30 - 35  MPH;Stop Sign;Clear;No;35.260704, -81.17491
153;154;Yes;50-59;51;No;With Traffic;B: Evident Injury;Travel Lane;White;Male;None - Rural Crash;Durham;No;01-01-02;2007-03-27;Bicyclist Left Turn / Merge;12;Intersection-Related;01-03-01;0001-01-01T07:38:58-04:56;Bicyclist Left Turn - Same Direction;211221;2007;B: Evident Injury;Commercial;30-39;37;No;21-25 mph;O: No Injury;Black;Male;Passenger Car;No;No;Daylight;Mixed (30% To 70% Developed);2 lanes;2;Curve - Grade;State Secondary Route;Dry;Two-Way, Not Divided;None;T-Intersection;Smooth Asphalt;Piedmont;Rural;40 - 45  MPH;Double Yellow Line, No Passing Zone;Cloudy;No;35.87775, -78.85898
156;157;Yes;16-19;17;No;Not Applicable;C: Possible Injury;;Black;Male;None - Rural Crash;Lenoir;No;01-01-04;2007-03-22;Loss of Control / Turning Error;21;Non-Intersection;01-03-01;0001-01-01T16:33:58-04:56;Bicylist Lost Control - Alcohol / Drug Impairment;393123;2007;C: Possible Injury;Farms, Woods, Pastures;;;Missing;;Injury;/Missing;;;No;Yes;Dark - Roadway Not Lighted;Rural (<30% Developed);2 lanes;2;Straight - Level;State Secondary Route;Dry;Two-Way, Not Divided;None;No Special Feature;Smooth Asphalt;Coastal;Rural;50 - 55  MPH;No Control Present;Clear;No;35.377254, -77.4558
163;164;No;10-Jun;7;Yes;Not Applicable;C: Possible Injury;Non-Roadway;Black;Female;Shelby;Cleveland;Yes;01-01-05;2007-03-30;Loss of Control / Turning Error;19;Non-Intersection;01-03-01;0001-01-01T14:09:58-04:56;Bicyclist Lost Control - Mechanical Problems;363121;2007;C: Possible Injury;Residential;20-24;22;No;26-30 mph;O: No Injury;Black;Female;Sport Utility;No;No;Daylight;Urban (>70% Developed);2 lanes;2;Straight - Level;Local Street;Dry;Two-Way, Not Divided;None;No Special Feature;Smooth Asphalt;Mountains;Urban;30 - 35  MPH;No Control Present;Clear;No;35.293934, -81.53182
170;171;No;16-19;18;No;With Traffic;O: No Injury;Travel Lane;White;Male;Beaufort;Carteret;No;;2007-06-18;Crossing Paths - Other Circumstances;23;Intersection;01-06-01;0001-01-01T18:33:58-04:56;Crossing Paths - Intersection - Other /;111180;2007;O: No Injury;Residential;0-19;18;No;0-5 mph;O: No Injury;White;Female;Sport Utility;No;No;Dark -  Lighting;Urban (>70% Developed);2 lanes;2;Straight - Level;Local Street;Dry;Two-Way, Not Divided;None;Four-Way Intersection;Smooth Asphalt;Coastal;Rural;20 - 25  MPH;No Control Present;Clear;No;34.717194, -76.662544
175;176;No;16-19;17;No;Facing Traffic;B: Evident Injury;Sidewalk / Crosswalk / Driveway Crossing;White;Male;Clemmons;Forsyth;No;;2007-04-02;Crossing Paths - Other Circumstances;18;Intersection;01-04-01;0001-01-01T13:48:58-04:56;Sign-Controlled Intersection - Other /;132148;2007;B: Evident Injury;Commercial;30-39;39;No;6-10 mph;O: No Injury;White;Female;Passenger Car;No;No;Daylight;Urban (>70% Developed);3 lanes;2;Straight - Level;State Secondary Route;Dry;Two-Way, Not Divided;None;Four-Way Intersection;Smooth Asphalt;Piedmont;Urban;30 - 35  MPH;Stop Sign;Clear;No;36.03066, -80.38181
180;181;Yes;30-39;33;No;With Traffic;A: Disabling Injury;Travel Lane;White;Male;None - Rural Crash;Hoke;No;01-01-02;2007-04-03;Loss of Control / Turning Error;16;Intersection;01-04-01;0001-01-01T11:03:58-04:56;Motorist Turning Error - Left Turn;111111;2007;A: Disabling Injury;Farms, Woods, Pastures;30-39;31;No;31-35 mph;O: No Injury;White;Male;Pickup;No;No;Daylight;Mixed (30% To 70% Developed);2 lanes;3;Straight - Level;State Secondary Route;Dry;Two-Way, Not Divided;None;Four-Way Intersection;Smooth Asphalt;Coastal;Rural;50 - 55  MPH;Stop Sign;Clear;No;35.016075, -79.13635
182;183;No;10-Jun;7;No;Not Applicable;B: Evident Injury;Driveway / Alley;White;Female;None - Rural Crash;Randolph;No;01-01-03;2007-04-04;Bicyclist Failed to Yield - Midblock;18;Non-Intersection;01-04-01;0001-01-01T13:33:58-04:56;Bicyclist Ride Out - Residential Driveway;353311;2007;B: Evident Injury;Residential;0-19;17;No;26-30 mph;O: No Injury;White;Male;Sport Utility;No;No;Daylight;Urban (>70% Developed);2 lanes;2;Straight - Level;State Secondary Route;Dry;Two-Way, Not Divided;None;Driveway, Private;Smooth Asphalt;Piedmont;Rural;30 - 35  MPH;Double Yellow Line, No Passing Zone;Clear;No;35.803448, -79.89168
185;186;No;;;No;;Injury;Travel Lane;Black;Male;Eden;Rockingham;No;01-01-04;2007-05-31;Motorist Overtaking Bicyclist;15;Non-Intersection;01-05-01;0001-01-01T10:17:58-04:56;Motorist Overtaking - Bicyclist Swerved;319235;2007;O: No Injury;Residential;50-59;55;No;31-35 mph;O: No Injury;Black;Female;Passenger Car;Yes;No;Daylight;Urban (>70% Developed);2 lanes;2;Straight - Bottom;Local Street;Dry;Two-Way, Not Divided;None;No Special Feature;Coarse Asphalt;Piedmont;Urban;20 - 25  MPH;No Control Present;Clear;No;36.490364, -79.780426
195;196;Yes;20-24;21;No;;B: Evident Injury;Sidewalk / Crosswalk / Driveway Crossing;White;Female;Charlotte;Mecklenburg;No;01-01-05;2007-06-29;Motorist Failed to Yield - Midblock;13;Non-Intersection;01-06-01;0001-01-01T08:43:58-04:56;Motorist Drive Out - Commercial Driveway / Alley;339322;2007;B: Evident Injury;Commercial;50-59;53;No;0-5 mph;O: No Injury;White;Male;Passenger Car;No;No;Daylight;Urban (>70% Developed);2 lanes;2;Straight - Level;Public Vehicular Area;Dry;Two-Way, Not Divided;None;No Special Feature;Concrete;Piedmont;Urban;5 - 15 MPH;No Control Present;Clear;No;35.201366, -80.82501
199;200;Yes;15-Nov;15;No;With Traffic;A: Disabling Injury;Sidewalk / Crosswalk / Driveway Crossing;Black;Male;Charlotte;Mecklenburg;No;;2007-04-09;Bicyclist Failed to Yield - Signalized Intersection;14;Intersection;01-04-01;0001-01-01T09:19:58-04:56;Bicyclist Ride Out - Signalized  Intersection;131153;2007;A: Disabling Injury;Commercial;50-59;53;No;41-45 mph;O: No Injury;White;Male;Pickup;No;No;Daylight;Mixed (30% To 70% Developed);7 lanes;2;Straight - Level;Local Street;Dry;Two-Way, Divided, Unprotected Median;None;Four-Way Intersection;Coarse Asphalt;Piedmont;Urban;40 - 45  MPH;Stop And Go Signal;Clear;No;35.341446, -80.76794
223;224;Yes;30-39;39;No;Facing Traffic;C: Possible Injury;Travel Lane;Black;Male;None - Rural Crash;New Hanover;No;01-01-02;2007-04-17;Motorist Failed to Yield - Sign-Controlled Intersection;9;Intersection;01-04-01;0001-01-01T04:53:58-04:56;Motorist Drive Out - Sign-Controlled Intersection;112141;2007;C: Possible Injury;Residential;20-24;24;No;6-10 mph;O: No Injury;White;Male;Passenger Car;No;No;Daylight;Mixed (30% To 70% Developed);4 lanes;2;Straight - Level;NC Route;Dry;Two-Way, Divided, Unprotected Median;None;T-Intersection;Coarse Asphalt;Coastal;Rural;40 - 45  MPH;Stop Sign;Clear;No;34.162994, -77.89183
229;230;Yes;15-Nov;11;No;;C: Possible Injury;Non-Roadway;Black;Male;Spring Lake;Cumberland;No;01-01-06;2007-07-14;Non-Roadway;17;Non-Roadway;01-07-01;0001-01-01T12:36:58-04:56;Non-Roadway;460910;2007;C: Possible Injury;Commercial;40-49;41;No;16-20 mph;O: No Injury;Black;Male;Sport Utility;No;No;Daylight;Urban (>70% Developed);;2;Straight - Level;Public Vehicular Area;Dry;Two-Way, Not Divided;None;No Special Feature;Coarse Asphalt;Coastal;Urban;20 - 25  MPH;No Control Present;Clear;No;35.17296, -78.97104
231;232;Yes;30-39;35;No;With Traffic;B: Evident Injury;Sidewalk / Crosswalk / Driveway Crossing;White;Male;Winston-Salem;Forsyth;No;01-01-06;2007-04-14;Motorist Right Turn / Merge;16;Intersection;01-04-01;0001-01-01T11:14:58-04:56;Motorist Right Turn - Same Direction;131213;2007;B: Evident Injury;Commercial;30-39;37;No;21-25 mph;O: No Injury;White;Female;Passenger Car;No;No;Daylight;Urban (>70% Developed);1 lane;2;Straight - Level;US Route;Dry;One-Way, Not Divided;None;On or Off Ramp;Smooth Asphalt;Piedmont;Urban;40 - 45  MPH;No Control Present;Clear;No;36.09359, -80.279144
245;246;Yes;40-49;46;No;Facing Traffic;O: No Injury;Travel Lane;Black;Male;Durham;Durham;No;;2007-07-23;Motorist Failed to Yield - Midblock;12;Non-Intersection;01-07-01;0001-01-01T07:31:58-04:56;Motorist Drive Out - Commercial Driveway / Alley;312322;2007;O: No Injury;Commercial;50-59;57;No;0-5 mph;O: No Injury;Black;Female;Passenger Car;No;No;Daylight;Urban (>70% Developed);;2;Straight - Level;Public Vehicular Area;Dry;Two-Way, Not Divided;None;Driveway, Public;Coarse Asphalt;Piedmont;Urban;5 - 15 MPH;Stop Sign;Clear;No;36.037426, -78.89301
251;252;Yes;16-19;18;No;Facing Traffic;C: Possible Injury;Travel Lane;Black;Female;Charlotte;Mecklenburg;No;01-01-03;2007-04-25;Motorist Failed to Yield - Midblock;15;Non-Intersection;01-04-01;0001-01-01T10:42:58-04:56;Motorist Drive Out - Commercial Driveway / Alley;312322;2007;C: Possible Injury;Commercial;40-49;46;No;0-5 mph;O: No Injury;White;Male;Van;No;No;Daylight;Urban (>70% Developed);4 lanes;2;Straight - Level;Local Street;Dry;Two-Way, Divided, Unprotected Median;None;No Special Feature;Smooth Asphalt;Piedmont;Urban;40 - 45  MPH;No Control Present;Clear;No;35.13064, -80.94518
259;260;No;20-24;23;No;With Traffic;B: Evident Injury;Travel Lane;White;Male;Charlotte;Mecklenburg;No;01-01-05;2007-04-27;Motorist Left Turn / Merge;17;Intersection;01-04-01;0001-01-01T12:49:58-04:56;Motorist Left Turn - Opposite Direction;111212;2007;B: Evident Injury;Commercial;25-29;27;No;;O: No Injury;Black;Male;;No;Yes;Daylight;Urban (>70% Developed);5 lanes;2;Straight - Level;Local Street;Dry;Two-Way, Not Divided;None;No Special Feature;Smooth Asphalt;Piedmont;Urban;;Stop And Go Signal;Clear;No;35.221226, -80.81856
268;269;Yes;16-19;18;No;With Traffic;O: No Injury;;White;Male;Wilmington;New Hanover;No;;2007-04-30;Backing Vehicle;17;Non-Intersection;01-04-01;0001-01-01T12:47:58-04:56;Backing Vehicle;391600;2007;O: No Injury;Residential;50-59;54;No;0-5 mph;O: No Injury;White;Female;Passenger Car;No;No;Daylight;Urban (>70% Developed);2 lanes;2;Straight - Level;Private Road, Driveway;Dry;Two-Way, Divided, Positive Median Barrier;None;Driveway, Public;Smooth Asphalt;Coastal;Urban;5 - 15 MPH;No Control Present;Clear;No;34.236477, -77.94325
276;277;Yes;15-Nov;15;No;With Traffic;B: Evident Injury;Travel Lane;Black;Male;None - Rural Crash;Brunswick;No;01-01-06;2007-05-05;Motorist Overtaking Bicyclist;22;Non-Intersection;01-05-01;0001-01-01T17:33:58-04:56;Motorist Overtaking - Undetected Bicyclist;311231;2007;B: Evident Injury;Residential;50-59;51;No;41-45 mph;O: No Injury;White;Female;Passenger Car;No;No;Dark - Roadway Not Lighted;Mixed (30% To 70% Developed);2 lanes;2;Straight - Level;State Secondary Route;Wet;Two-Way, Not Divided;None;No Special Feature;Coarse Asphalt;Coastal;Rural;40 - 45  MPH;No Control Present;Cloudy;No;34.312202, -78.088356
277;278;Yes;60-69;61;No;Facing Traffic;B: Evident Injury;Travel Lane;White;Male;None - Rural Crash;Cumberland;No;01-01-04;2007-05-03;Head-On;20;Non-Intersection;01-05-01;0001-01-01T15:30:58-04:56;Head-On - Bicyclist;312250;2007;B: Evident Injury;Commercial;30-39;35;No;36-40 mph;O: No Injury;Hispanic;Male;Pickup;No;No;Dark - Roadway Not Lighted;Urban (>70% Developed);5 lanes;2;Straight - Level;State Secondary Route;Dry;Two-Way, Not Divided;None;No Special Feature;Coarse Asphalt;Coastal;Rural;40 - 45  MPH;No Control Present;Clear;No;35.013695, -78.93796
289;290;Yes;30-39;35;Yes;With Traffic;A: Disabling Injury;Travel Lane;Black;Male;None - Rural Crash;Vance;Yes;01-01-02;2007-05-08;Motorist Overtaking Bicyclist;22;Non-Intersection;01-05-01;0001-01-01T17:33:58-04:56;Motorist Overtaking - Undetected Bicyclist;311231;2007;A: Disabling Injury;Farms, Woods, Pastures;;;Missing;51-55 mph;Injury;/Missing;;;No;Yes;Dark - Roadway Not Lighted;Rural (<30% Developed);2 lanes;2;Straight - Level;NC Route;Dry;Two-Way, Not Divided;None;No Special Feature;Smooth Asphalt;Piedmont;Rural;50 - 55  MPH;Double Yellow Line, No Passing Zone;Clear;No;36.488026, -78.427
294;295;Yes;10-Jun;9;No;Not Applicable;B: Evident Injury;Driveway / Alley;Black;Male;None - Rural Crash;Robeson;No;01-01-04;2007-05-10;Bicyclist Failed to Yield - Midblock;18;Non-Intersection;01-05-01;0001-01-01T13:10:58-04:56;Bicyclist Ride Out - Residential Driveway;353311;2007;B: Evident Injury;Residential;30-39;31;No;26-30 mph;O: No Injury;Black;Female;Passenger Car;No;No;Daylight;Mixed (30% To 70% Developed);2 lanes;2;Straight - Level;State Secondary Route;Dry;Two-Way, Not Divided;None;Driveway, Private;Coarse Asphalt;Coastal;Rural;40 - 45  MPH;No Control Present;Clear;No;34.59208, -79.038925
314;315;No;30-39;36;No;With Traffic;B: Evident Injury;Travel Lane;White;Male;None - Rural Crash;Iredell;No;01-01-03;2007-05-16;Motorist Right Turn / Merge;19;Intersection;01-05-01;0001-01-01T14:06:58-04:56;Motorist Right Turn - Same Direction;111213;2007;B: Evident Injury;Farms, Woods, Pastures;60-69;65;No;51-55 mph;O: No Injury;White;Female;Passenger Car;No;No;Dusk;Rural (<30% Developed);2 lanes;2;Straight - Level;State Secondary Route;Dry;Two-Way, Not Divided;None;T-Intersection;Coarse Asphalt;Piedmont;Rural;50 - 55  MPH;Double Yellow Line, No Passing Zone;Clear;No;35.526302, -80.79749
315;316;No;30-39;34;No;With Traffic;B: Evident Injury;Travel Lane;White;Male;Charlotte;Mecklenburg;Yes;01-01-02;2007-05-15;Motorist Left Turn / Merge;23;Intersection;01-05-01;0001-01-01T18:16:58-04:56;Motorist Left Turn - Opposite Direction;111212;2007;B: Evident Injury;Residential;30-39;34;Yes;16-20 mph;O: No Injury;White;Male;Van;No;Yes;Dark - Lighted Roadway;Urban (>70% Developed);3 lanes;2;Straight - Level;Local Street;Dry;Two-Way, Not Divided;None;No Special Feature;Smooth Asphalt;Piedmont;Urban;20 - 25  MPH;No Control Present;Clear;No;35.231133, -80.80805
319;320;Yes;0-5;5;No;Not Applicable;A: Disabling Injury;;Black;Male;Charlotte;Mecklenburg;No;01-01-04;2007-05-17;Bicyclist Failed to Yield - Midblock;18;Non-Intersection;01-05-01;0001-01-01T13:34:58-04:56;Bicyclist Ride Out - Midblock -;393319;2007;A: Disabling Injury;Residential;30-39;32;No;6-10 mph;O: No Injury;Black;Female;Van;No;No;Daylight;Urban (>70% Developed);4 lanes;2;Straight - Level;Local Street;Dry;Two-Way, Divided, Unprotected Median;None;No Special Feature;Smooth Asphalt;Piedmont;Urban;40 - 45  MPH;No Control Present;Clear;No;35.188263, -80.88326
320;321;Yes;25-29;25;No;Facing Traffic;B: Evident Injury;Travel Lane;White;Female;Charlotte;Mecklenburg;No;01-01-05;2007-08-17;Bicyclist Failed to Yield - Signalized Intersection;14;Intersection;01-08-01;0001-01-01T09:30:58-04:56;Bicyclist Ride Through - Signalized Intersection;112155;2007;B: Evident Injury;Commercial;;;Missing;;Injury;/Missing;;;No;Yes;Daylight;Urban (>70% Developed);3 lanes;2;Straight - Level;Local Street;Dry;Two-Way, Not Divided;None;Four-Way Intersection;Smooth Asphalt;Piedmont;Urban;;Stop And Go Signal;Clear;No;35.220387, -80.83502
322;323;Yes;30-39;30;No;Facing Traffic;B: Evident Injury;Sidewalk / Crosswalk / Driveway Crossing;Black;Female;Charlotte;Mecklenburg;No;01-01-06;2007-08-18;Motorist Failed to Yield - Midblock;11;Non-Intersection;01-08-01;0001-01-01T06:12:58-04:56;Motorist Drive Out - Residential Driveway;332321;2007;B: Evident Injury;Residential;25-29;28;No;0-5 mph;O: No Injury;Black;Female;Passenger Car;No;No;Daylight;Urban (>70% Developed);;2;Straight - Level;Public Vehicular Area;Dry;;None;No Special Feature;Grooved Concrete;Piedmont;Urban;40 - 45  MPH;No Control Present;Clear;No;35.250603, -80.77507
332;333;Yes;10-Jun;9;No;Facing Traffic;C: Possible Injury;Travel Lane;Black;Female;Warsaw;Duplin;No;01-01-07;2007-07-22;Bicyclist Failed to Yield - Sign-Controlled Intersection;15;Intersection;01-07-01;0001-01-01T10:49:58-04:56;Bicyclist Ride Through - Sign-Controlled Intersection;112144;2007;C: Possible Injury;Residential;70+;;No;21-25 mph;O: No Injury;Black;Female;Passenger Car;No;No;Daylight;Urban (>70% Developed);2 lanes;2;Straight - Level;State Secondary Route;Dry;Two-Way, Not Divided;None;Four-Way Intersection;Smooth Asphalt;Coastal;Rural;30 - 35  MPH;No Control Present;Clear;No;34.9962, -78.09294
336;337;Yes;50-59;54;No;With Traffic;C: Possible Injury;Travel Lane;White;Male;None - Rural Crash;New Hanover;No;01-01-02;2007-05-22;Motorist Overtaking Bicyclist;19;Non-Intersection;01-05-01;0001-01-01T14:13:58-04:56;Motorist Overtaking - Misjudged Space;311232;2007;C: Possible Injury;Residential;50-59;51;No;51-55 mph;O: No Injury;White;Female;Passenger Car;No;No;Daylight;Urban (>70% Developed);4 lanes;2;Straight - Level;US Route;Dry;Two-Way, Divided, Unprotected Median;None;No Special Feature;Smooth Asphalt;Coastal;Rural;50 - 55  MPH;No Control Present;Clear;No;34.08746, -77.89625
337;338;No;16-19;16;No;With Traffic;O: No Injury;Travel Lane;White;Male;Raleigh;Wake;No;01-01-06;2007-05-19;Bicyclist Overtaking Motorist;12;Non-Intersection;01-05-01;0001-01-01T07:38:58-04:56;Bicyclist Overtaking - Other /;311249;2007;O: No Injury;Residential;50-59;53;No;;O: No Injury;White;Female;Passenger Car;No;No;Daylight;Urban (>70% Developed);2 lanes;2;Straight - Level;Local Street;Dry;Two-Way, Divided, Unprotected Median;None;No Special Feature;Smooth Asphalt;Piedmont;Urban;20 - 25  MPH;No Control Present;Clear;No;35.925312, -78.57058
348;349;Yes;10-Jun;7;No;;B: Evident Injury;Travel Lane;Black;Male;Burlington;Alamance;No;01-01-05;2007-05-25;Bicyclist Right Turn / Merge;16;Non-Intersection;01-05-01;0001-01-01T11:45:58-04:56;Bicyclist Right Turn - Opposite Direction;319224;2007;B: Evident Injury;Residential;70+;;No;11-15 mph;O: No Injury;Black;Male;Passenger Car;No;No;Daylight;Urban (>70% Developed);2 lanes;2;Straight - Grade;Local Street;Dry;Two-Way, Not Divided;None;No Special Feature;Smooth Asphalt;Piedmont;Urban;30 - 35  MPH;No Control Present;Clear;No;36.082916, -79.431175
351;352;Yes;15-Nov;12;No;Facing Traffic;B: Evident Injury;Travel Lane;Black;Male;Asheville;Buncombe;No;01-01-04;2007-05-24;Motorist Left Turn / Merge;15;Intersection;01-05-01;0001-01-01T10:50:58-04:56;Motorist Left Turn - Same Direction;112211;2007;B: Evident Injury;Residential;0-19;16;No;11-15 mph;O: No Injury;Other;Female;Passenger Car;No;No;Daylight;Urban (>70% Developed);2 lanes;2;Straight - Grade;Local Street;Dry;Two-Way, Not Divided;None;T-Intersection;Smooth Asphalt;Mountains;Urban;30 - 35  MPH;Stop Sign;Clear;No;35.580025, -82.55979
357;358;Yes;40-49;42;Yes;Facing Traffic;A: Disabling Injury;Travel Lane;Black;Male;None - Rural Crash;Pasquotank;Yes;01-01-06;2007-05-26;Bicyclist Right Turn / Merge;6;Non-Intersection;01-05-01;0001-01-01T01:48:58-04:56;Bicyclist Right Turn - Same Direction;312223;2007;A: Disabling Injury;Residential;0-19;19;No;41-45 mph;O: No Injury;Black;Male;Passenger Car;No;No;Daylight;Rural (<30% Developed);2 lanes;2;Straight - Level;State Secondary Route;Dry;Two-Way, Not Divided;None;No Special Feature;Smooth Asphalt;Coastal;Rural;40 - 45  MPH;Double Yellow Line, No Passing Zone;Clear;No;36.306812, -76.241585
358;359;Yes;40-49;40;Yes;With Traffic;B: Evident Injury;Travel Lane;White;Male;None - Rural Crash;Caldwell;Yes;01-01-07;2007-05-27;Motorist Overtaking Bicyclist;11;Non-Intersection;01-05-01;0001-01-01T06:52:58-04:56;Motorist Overtaking - Other /;311239;2007;B: Evident Injury;Residential;0-19;19;No;41-45 mph;O: No Injury;White;Male;Passenger Car;No;No;Dark - Roadway Not Lighted;Mixed (30% To 70% Developed);2 lanes;2;Straight - Level;State Secondary Route;Dry;Two-Way, Not Divided;None;No Special Feature;Smooth Asphalt;Mountains;Rural;40 - 45  MPH;Double Yellow Line, No Passing Zone;Clear;No;35.83085, -81.554695
360;361;Yes;40-49;47;No;Not Applicable;A: Disabling Injury;;White;Male;New Bern;Craven;No;01-01-07;2007-05-27;Bicyclist Failed to Yield - Midblock;18;Non-Intersection;01-05-01;0001-01-01T13:03:58-04:56;Bicyclist Ride Out - Midblock -;393319;2007;A: Disabling Injury;Farms, Woods, Pastures;40-49;43;No;;O: No Injury;White;Male;Pickup;No;No;Daylight;Urban (>70% Developed);5 lanes;2;Straight - Level;US Route;Dry;Two-Way, Divided, Positive Median Barrier;None;Bridge Approach;Smooth Asphalt;Coastal;Urban;50 - 55  MPH;No Control Present;Clear;No;35.10043, -77.056885
374;375;No;10-Jun;10;No;With Traffic;O: No Injury;Sidewalk / Crosswalk / Driveway Crossing;Black;Female;Charlotte;Mecklenburg;No;;2007-09-03;Backing Vehicle;17;Non-Intersection;01-09-01;0001-01-01T12:25:58-04:56;Backing Vehicle;331600;2007;O: No Injury;Residential;30-39;34;No;0-5 mph;O: No Injury;Black;Female;Passenger Car;No;No;Daylight;Urban (>70% Developed);2 lanes;2;Straight - Level;Local Street;Dry;Two-Way, Not Divided;None;Driveway, Private;Smooth Asphalt;Piedmont;Urban;20 - 25  MPH;No Control Present;Clear;No;35.295414, -80.694275
375;376;Yes;15-Nov;15;No;Not Applicable;B: Evident Injury;Driveway / Alley;Black;Female;Charlotte;Mecklenburg;No;01-01-04;2007-05-31;Bicyclist Failed to Yield - Midblock;17;Non-Intersection;01-05-01;0001-01-01T12:03:58-04:56;Bicyclist Ride Out - Residential Driveway;353311;2007;B: Evident Injury;Residential;40-49;41;No;26-30 mph;O: No Injury;Black;Female;Passenger Car;No;No;Daylight;Urban (>70% Developed);2 lanes;2;Straight - Level;Local Street;Dry;Two-Way, Not Divided;None;No Special Feature;Smooth Asphalt;Piedmont;Urban;30 - 35  MPH;No Control Present;Clear;No;35.25054, -80.82937
379;380;Yes;25-29;25;No;With Traffic;C: Possible Injury;Travel Lane;Black;Male;Fayetteville;Cumberland;No;;2007-08-06;Loss of Control / Turning Error;8;Intersection;01-08-01;0001-01-01T03:03:58-04:56;Bicyclist Turning Error - Left Turn;111114;2007;C: Possible Injury;Residential;50-59;52;No;6-10 mph;O: No Injury;Black;Female;Sport Utility;No;No;Daylight;Mixed (30% To 70% Developed);5 lanes;2;Straight - Level;Local Street;Dry;Two-Way, Not Divided;None;No Special Feature;Coarse Asphalt;Coastal;Urban;20 - 25  MPH;Stop Sign;Cloudy;No;35.087185, -78.98632
380;381;No;10-Jun;8;No;With Traffic;C: Possible Injury;Travel Lane;White;Male;High Point;Guilford;No;01-01-06;2007-06-02;Bicyclist Failed to Yield - Sign-Controlled Intersection;11;Intersection;01-06-01;0001-01-01T06:44:58-04:56;Bicyclist Ride Through - Sign-Controlled Intersection;111144;2007;C: Possible Injury;Residential;30-39;30;No;11-15 mph;O: No Injury;White;Female;Sport Utility;No;No;Daylight;Urban (>70% Developed);2 lanes;2;Straight - Level;Local Street;Dry;Two-Way, Not Divided;None;T-Intersection;Coarse Asphalt;Piedmont;Urban;30 - 35  MPH;Stop Sign;Clear;No;36.005993, -79.97991
381;382;Yes;50-59;52;No;With Traffic;B: Evident Injury;Travel Lane;White;Male;Charlotte;Mecklenburg;No;01-01-07;2007-09-09;Motorist Failed to Yield - Sign-Controlled Intersection;16;Intersection;01-09-01;0001-01-01T12:00:58-04:56;Motorist Drive Out - Sign-Controlled Intersection;111141;2007;B: Evident Injury;Residential;50-59;55;No;16-20 mph;O: No Injury;White;Male;Passenger Car;No;No;Daylight;Urban (>70% Developed);4 lanes;2;Straight - Level;Local Street;Dry;Two-Way, Divided, Unprotected Median;None;No Special Feature;Smooth Asphalt;Piedmont;Urban;30 - 35  MPH;Stop Sign;Clear;No;35.183517, -80.83978