FID;OBJECTID;AmbulanceR;BikeAge_Gr;Bike_Age;Bike_Alc_D;Bike_Dir;Bike_Injur;Bike_Pos;Bike_Race;Bike_Sex;City;County;CrashAlcoh;CrashDay;Crash_Date;Crash_Grp;Crash_Hour;Crash_Loc;Crash_Mont;Crash_Time;Crash_Type;Crash_Ty_1;Crash_Year;Crsh_Sevri;Developmen;DrvrAge_Gr;Drvr_Age;Drvr_Alc_D;Drvr_EstSp;Drvr_Injur;Drvr_Race;Drvr_Sex;Drvr_VehTy;ExcsSpdInd;Hit_Run;Light_Cond;Locality;Num_Lanes;Num_Units;Rd_Charact;Rd_Class;Rd_Conditi;Rd_Config;Rd_Defects;Rd_Feature;Rd_Surface;Region;Rural_Urba;Speed_Limi;Traff_Cntr;Weather;Workzone_I;Location
384;385;No;15-Nov;14;No;With Traffic;C: Possible Injury;Other;Native American;Male;None - Rural Crash;Scotland;No;;2007-06-04;Bicyclist Left Turn / Merge;18;Non-Intersection;01-06-01;0001-01-01T13:39:58-04:56;Bicyclist Left Turn - Same Direction;381221;2007;C: Possible Injury;Farms, Woods, Pastures;25-29;26;No;41-45 mph;O: No Injury;White;Female;Passenger Car;No;No;Daylight;Rural (<30% Developed);2 lanes;2;Straight - Level;State Secondary Route;Dry;Two-Way, Not Divided;None;No Special Feature;Smooth Asphalt;Coastal;Rural;50 - 55  MPH;No Control Present;Clear;No;34.848648, -79.52091
399;400;Yes;15-Nov;15;No;With Traffic;B: Evident Injury;Travel Lane;White;Male;Mint Hill;Mecklenburg;No;01-01-05;2007-06-08;Bicyclist Failed to Yield - Sign-Controlled Intersection;18;Intersection;01-06-01;0001-01-01T13:48:58-04:56;Bicyclist Ride Through - Sign-Controlled Intersection;111144;2007;B: Evident Injury;Residential;50-59;51;No;26-30 mph;O: No Injury;White;Female;Passenger Car;No;No;Dark - Lighted Roadway;Mixed (30% To 70% Developed);2 lanes;2;Straight - Grade;Local Street;Wet;Two-Way, Not Divided;None;T-Intersection;Smooth Asphalt;Piedmont;Urban;30 - 35  MPH;Stop Sign;Rain;No;35.164536, -80.691505
410;411;Yes;50-59;55;No;With Traffic;C: Possible Injury;Travel Lane;Black;Male;Southern Pines;Moore;No;01-01-06;2007-06-09;Motorist Failed to Yield - Sign-Controlled Intersection;10;Intersection;01-06-01;0001-01-01T05:23:58-04:56;Motorist Drive Out - Sign-Controlled Intersection;111141;2007;C: Possible Injury;Commercial;40-49;43;No;0-5 mph;O: No Injury;White;Female;Pickup;No;No;Daylight;Urban (>70% Developed);2 lanes;2;Straight - Level;Local Street;Dry;Two-Way, Not Divided;None;Four-Way Intersection;Coarse Asphalt;Piedmont;Urban;30 - 35  MPH;Stop Sign;Clear;No;35.170544, -79.39698
414;415;Yes;20-24;20;No;Facing Traffic;Injury;Sidewalk / Crosswalk / Driveway Crossing;Black;Male;Raleigh;Wake;No;;2007-06-11;Bicyclist Failed to Yield - Signalized Intersection;14;Intersection;01-06-01;0001-01-01T09:16:58-04:56;Bicyclist Ride Through - Signalized Intersection;132155;2007;O: No Injury;Commercial;70+;;No;11-15 mph;O: No Injury;White;Male;Pickup;No;No;Daylight;Urban (>70% Developed);8 lanes;2;Straight - Level;Local Street;Dry;Two-Way, Not Divided;None;Four-Way Intersection;Smooth Asphalt;Piedmont;Urban;30 - 35  MPH;Stop And Go Signal;Clear;No;35.832523, -78.56008
417;418;No;10-Jun;6;No;Not Applicable;C: Possible Injury;Driveway / Alley;Black;Male;None - Rural Crash;Bertie;No;01-01-03;2007-06-13;Bicyclist Failed to Yield - Midblock;16;Non-Intersection;01-06-01;0001-01-01T11:16:58-04:56;Bicyclist Ride Out - Residential Driveway;353311;2007;C: Possible Injury;Farms, Woods, Pastures;70+;;No;31-35 mph;O: No Injury;Black;Male;Passenger Car;No;No;Daylight;Rural (<30% Developed);2 lanes;2;Straight - Level;State Secondary Route;Dry;Two-Way, Not Divided;None;Driveway, Private;Coarse Asphalt;Coastal;Rural;50 - 55  MPH;Double Yellow Line, No Passing Zone;Clear;No;36.015537, -77.138664
418;419;No;0-5;4;No;Not Applicable;B: Evident Injury;Driveway / Alley;Hispanic;Male;Clemmons;Forsyth;No;01-01-03;2007-06-13;Bicyclist Failed to Yield - Midblock;14;Non-Intersection;01-06-01;0001-01-01T09:13:58-04:56;Bicyclist Ride Out - Residential Driveway;353311;2007;B: Evident Injury;Commercial;60-69;62;No;21-25 mph;O: No Injury;White;Male;Pickup;No;No;Daylight;Mixed (30% To 70% Developed);2 lanes;2;Straight - Level;State Secondary Route;Dry;Two-Way, Not Divided;None;Driveway, Private;Smooth Asphalt;Piedmont;Urban;30 - 35  MPH;No Control Present;Clear;No;36.02645, -80.38132
420;421;Yes;50-59;56;No;With Traffic;B: Evident Injury;Travel Lane;White;Male;Charlotte;Mecklenburg;No;;2007-09-17;Motorist Left Turn / Merge;6;Intersection;01-09-01;0001-01-01T01:22:58-04:56;Motorist Left Turn - Opposite Direction;111212;2007;B: Evident Injury;Commercial;60-69;62;No;0-5 mph;O: No Injury;Black;Male;Passenger Car;No;No;Dark - Lighted Roadway;Mixed (30% To 70% Developed);2 lanes;2;Straight - Level;Local Street;Dry;Two-Way, Not Divided;Work Zone;T-Intersection;Coarse Asphalt;Piedmont;Urban;40 - 45  MPH;No Control Present;Clear;Yes;35.284187, -80.83558
424;425;Yes;10-Jun;8;No;With Traffic;B: Evident Injury;Travel Lane;Black;Female;Dunn;Harnett;No;01-01-04;2007-06-14;Bicyclist Failed to Yield - Sign-Controlled Intersection;19;Intersection;01-06-01;0001-01-01T14:13:58-04:56;Bicyclist Ride Through - Sign-Controlled Intersection;111144;2007;B: Evident Injury;Residential;20-24;22;No;21-25 mph;O: No Injury;Black;Male;Van;No;No;Daylight;Urban (>70% Developed);2 lanes;2;Straight - Level;Local Street;Dry;Two-Way, Not Divided;None;Four-Way Intersection;Coarse Asphalt;Coastal;Urban;30 - 35  MPH;Stop Sign;Cloudy;No;35.301502, -78.60502
435;436;Yes;40-49;42;No;Facing Traffic;C: Possible Injury;Travel Lane;Black;Male;Rocky Mount;Nash;No;;2007-06-18;Bicyclist Failed to Yield - Signalized Intersection;9;Intersection;01-06-01;0001-01-01T04:32:58-04:56;Bicyclist Ride Through - Signalized Intersection;112155;2007;C: Possible Injury;Commercial;50-59;54;No;11-15 mph;O: No Injury;Black;Female;Passenger Car;No;No;Daylight;Urban (>70% Developed);4 lanes;2;Straight - Grade;Local Street;Dry;Two-Way, Divided, Unprotected Median;None;Four-Way Intersection;Smooth Asphalt;Coastal;Urban;30 - 35  MPH;Stop And Go Signal;Clear;No;35.955982, -77.82265
440;441;No;25-29;27;No;Facing Traffic;C: Possible Injury;Sidewalk / Crosswalk / Driveway Crossing;White;Female;Fayetteville;Cumberland;No;01-01-02;2007-09-25;Motorist Failed to Yield - Sign-Controlled Intersection;14;Intersection;01-09-01;0001-01-01T09:11:58-04:56;Motorist Drive Out - Sign-Controlled Intersection;132141;2007;C: Possible Injury;Residential;50-59;59;No;;O: No Injury;Black;Male;Passenger Car;No;No;Daylight;Urban (>70% Developed);2 lanes;2;Straight - Level;Local Street;Dry;Two-Way, Not Divided;None;T-Intersection;Coarse Asphalt;Coastal;Urban;;Stop Sign;Clear;No;35.07221, -78.8836
444;445;Yes;15-Nov;14;No;Not Applicable;B: Evident Injury;Driveway / Alley;White;Male;None - Rural Crash;Burke;No;01-01-04;2007-06-21;Bicyclist Failed to Yield - Midblock;16;Non-Intersection;01-06-01;0001-01-01T11:40:58-04:56;Bicyclist Ride Out - Residential Driveway;353311;2007;B: Evident Injury;Residential;20-24;21;No;36-40 mph;O: No Injury;White;Male;Pickup;No;No;Daylight;Mixed (30% To 70% Developed);2 lanes;3;Straight - Grade;State Secondary Route;Dry;Two-Way, Not Divided;None;Driveway, Private;Smooth Asphalt;Mountains;Rural;40 - 45  MPH;Double Yellow Line, No Passing Zone;Clear;No;35.6758, -81.79727
445;446;Yes;16-19;17;No;Not Applicable;C: Possible Injury;Non-Roadway;Black;Male;Farmville;Pitt;No;01-01-04;2007-06-21;Crossing Paths - Other Circumstances;15;Intersection-Related;01-06-01;0001-01-01T10:56:58-04:56;Crossing Paths - Intersection - Other /;263180;2007;C: Possible Injury;Residential;60-69;63;No;31-35 mph;O: No Injury;Black;Male;Passenger Car;No;No;Daylight;Mixed (30% To 70% Developed);2 lanes;2;Straight - Level;Local Street;Dry;Two-Way, Not Divided;None;No Special Feature;Smooth Asphalt;Coastal;Rural;30 - 35  MPH;No Control Present;Clear;No;35.58893, -77.59163
450;451;Yes;15-Nov;11;No;Not Applicable;B: Evident Injury;Multi-use Path;White;Male;None - Rural Crash;Currituck;No;01-01-06;2007-06-23;Bicyclist Failed to Yield - Midblock;14;Non-Intersection;01-06-01;0001-01-01T09:11:58-04:56;Bicyclist Ride Out - Other Midblock;343318;2007;B: Evident Injury;Residential;40-49;46;No;6-10 mph;O: No Injury;White;Female;Sport Utility;No;No;Daylight;Mixed (30% To 70% Developed);2 lanes;2;Straight - Level;Public Vehicular Area;Dry;Two-Way, Not Divided;None;No Special Feature;Coarse Asphalt;Coastal;Rural;20 - 25  MPH;No Control Present;Clear;No;36.25345, -75.78425
453;454;Yes;15-Nov;14;No;With Traffic;B: Evident Injury;Travel Lane;White;Male;Southern Shores;Dare;No;01-01-07;2007-06-24;Motorist Left Turn / Merge;21;Intersection;01-06-01;0001-01-01T16:53:58-04:56;Motorist Left Turn - Opposite Direction;111212;2007;B: Evident Injury;Residential;;;Missing;0-5 mph;Injury;/Missing;;;No;Yes;Dark - Roadway Not Lighted;Urban (>70% Developed);2 lanes;2;Straight - Level;Local Street;Dry;Two-Way, Not Divided;None;T-Intersection;Grooved Concrete;Coastal;Rural;20 - 25  MPH;Stop Sign;Clear;No;36.12929, -75.74027
455;456;Yes;50-59;53;No;Facing Traffic;A: Disabling Injury;Bike Lane / Paved Shoulder;White;Female;None - Rural Crash;Dare;No;;2007-06-25;Motorist Left Turn / Merge;16;Intersection;01-06-01;0001-01-01T11:53:58-04:56;Motorist Left Turn - Same Direction;122211;2007;A: Disabling Injury;Commercial;20-24;23;No;26-30 mph;O: No Injury;Hispanic;Female;Light Truck (Mini-Van, Panel);No;No;Daylight;Urban (>70% Developed);2 lanes;2;Straight - Level;NC Route;Dry;Two-Way, Not Divided;None;T-Intersection;Smooth Asphalt;Coastal;Rural;30 - 35  MPH;Double Yellow Line, No Passing Zone;Clear;No;35.351765, -75.503296
457;458;Yes;60-69;60;No;With Traffic;A: Disabling Injury;Travel Lane;White;Male;Morehead City;Carteret;No;;2007-06-25;Motorist Failed to Yield - Midblock;10;Non-Intersection;01-06-01;0001-01-01T05:58:58-04:56;Motorist Drive Out - Commercial Driveway / Alley;311322;2007;A: Disabling Injury;Commercial;70+;;No;0-5 mph;O: No Injury;White;Female;Passenger Car;No;No;Daylight;Urban (>70% Developed);4 lanes;2;Straight - Level;US Route;Dry;Two-Way, Divided, Unprotected Median;None;No Special Feature;Smooth Asphalt;Coastal;Urban;40 - 45  MPH;No Control Present;Clear;No;34.736496, -76.80008
464;465;Yes;25-29;25;No;With Traffic;B: Evident Injury;Travel Lane;White;Male;None - Rural Crash;Orange;No;01-01-06;2007-06-16;Motorist Left Turn / Merge;19;Non-Intersection;01-06-01;0001-01-01T14:04:58-04:56;Motorist Left Turn - Opposite Direction;311212;2007;B: Evident Injury;Farms, Woods, Pastures;;;No;11-15 mph;Injury;/Missing;;Pickup;No;Yes;Daylight;Rural (<30% Developed);2 lanes;2;Curve - Hillcrest;State Secondary Route;Dry;Two-Way, Not Divided;None;No Special Feature;Smooth Asphalt;Piedmont;Rural;40 - 45  MPH;Double Yellow Line, No Passing Zone;Clear;No;36.03295, -79.05684
469;470;Yes;20-24;22;No;;B: Evident Injury;Travel Lane;White;Male;Hickory;Catawba;No;01-01-02;2007-06-26;Bicyclist Failed to Yield - Sign-Controlled Intersection;21;Intersection;01-06-01;0001-01-01T16:22:58-04:56;Bicyclist Ride Through - Sign-Controlled Intersection;119144;2007;B: Evident Injury;Residential;20-24;21;No;6-10 mph;O: No Injury;White;Female;Passenger Car;No;No;Dark - Lighted Roadway;Urban (>70% Developed);2 lanes;2;Straight - Bottom;Local Street;Dry;Two-Way, Not Divided;None;T-Intersection;Smooth Asphalt;Piedmont;Urban;30 - 35  MPH;Stop Sign;Clear;No;35.745693, -81.29968
480;481;Yes;50-59;51;No;With Traffic;B: Evident Injury;Travel Lane;White;Male;None - Rural Crash;Beaufort;No;01-01-06;2007-06-30;Motorist Overtaking Bicyclist;11;Non-Intersection;01-06-01;0001-01-01T06:27:58-04:56;Motorist Overtaking - Other /;311239;2007;B: Evident Injury;Residential;70+;;No;31-35 mph;O: No Injury;White;Male;Passenger Car;No;No;Daylight;Rural (<30% Developed);2 lanes;2;Straight - Level;State Secondary Route;Dry;Two-Way, Not Divided;None;No Special Feature;Smooth Asphalt;Coastal;Rural;50 - 55  MPH;Double Yellow Line, No Passing Zone;Clear;No;35.56556, -76.98483
482;483;Yes;15-Nov;12;No;;B: Evident Injury;Travel Lane;Black;Male;Rocky Mount;Nash;No;01-01-06;2007-06-30;Loss of Control / Turning Error;21;Intersection;01-06-01;0001-01-01T16:33:58-04:56;Bicyclist Lost Control - Mechanical Problems;119121;2007;B: Evident Injury;Residential;30-39;39;No;31-35 mph;O: No Injury;Black;Male;Sport Utility;No;No;Dark - Lighted Roadway;Urban (>70% Developed);2 lanes;2;Straight - Level;Local Street;Dry;One-Way, Not Divided;None;Four-Way Intersection;Coarse Asphalt;Coastal;Urban;30 - 35  MPH;Stop Sign;Cloudy;No;35.94466, -77.804115
487;488;Yes;40-49;42;Yes;With Traffic;B: Evident Injury;Travel Lane;Black;Male;Charlotte;Mecklenburg;Yes;01-01-06;2007-10-06;Bicyclist Failed to Yield - Signalized Intersection;2;Intersection;01-10-01;0000-12-31T21:05:58-04:56;Bicyclist Ride Through - Signalized Intersection;111155;2007;B: Evident Injury;Commercial;;;Missing;;Injury;/Missing;;Passenger Car;No;Yes;Dark - Lighted Roadway;Urban (>70% Developed);4 lanes;2;Straight - Level;Local Street;Dry;Two-Way, Not Divided;None;No Special Feature;Concrete;Piedmont;Urban;;Stop And Go Signal;Clear;No;35.22564, -80.845406
497;498;Yes;16-19;17;No;With Traffic;C: Possible Injury;Travel Lane;Black;Male;Rocky Mount;Edgecombe;No;;2007-07-02;Bicyclist Failed to Yield - Sign-Controlled Intersection;11;Intersection;01-07-01;0001-01-01T06:07:58-04:56;Bicyclist Ride Through - Sign-Controlled Intersection;111144;2007;C: Possible Injury;Residential;70+;;No;16-20 mph;O: No Injury;White;Female;Passenger Car;No;No;Daylight;Urban (>70% Developed);2 lanes;2;Straight - Level;Local Street;Dry;Two-Way, Not Divided;None;Four-Way Intersection;Smooth Asphalt;Coastal;Urban;30 - 35  MPH;Stop Sign;Clear;No;35.93797, -77.784065
720;721;No;40-49;45;No;With Traffic;C: Possible Injury;Travel Lane;Black;Male;Burlington;Alamance;No;01-01-02;2010-09-28;Crossing Paths - Other Circumstances;17;Intersection-Related;01-09-01;0001-01-01T12:27:58-04:56;Crossing Paths - Intersection - Other /;0;2010;C: Possible Injury;Commercial;40-49;42;No;41-45 mph;O: No Injury;White;Male;Passenger Car;No;No;Daylight;Urban (>70% Developed);5 lanes;2;Straight - Level;Local Street;Dry;Two-Way, Not Divided;None;No Special Feature;Grooved Concrete;Piedmont;Urban;40 - 45  MPH;No Control Present;Clear;No;36.06763, -79.42614
723;724;Yes;20-24;20;No;With Traffic;C: Possible Injury;Sidewalk / Crosswalk / Driveway Crossing;Black;Male;Cary;Wake;No;01-01-05;2010-10-01;Crossing Paths - Other Circumstances;12;Intersection;01-10-01;0001-01-01T07:16:58-04:56;Signalized Intersection - Other /;0;2010;C: Possible Injury;Commercial;50-59;52;No;0-5 mph;O: No Injury;White;Male;Sport Utility;No;No;Daylight;Urban (>70% Developed);5 lanes;2;Straight - Level;State Secondary Route;Dry;Two-Way, Not Divided;None;Four-Way Intersection;Smooth Asphalt;Piedmont;Urban;30 - 35  MPH;Stop And Go Signal;Cloudy;No;35.767426, -78.7826
725;726;Yes;25-29;28;No;Facing Traffic;C: Possible Injury;Sidewalk / Crosswalk / Driveway Crossing;Black;Male;Pineville;Mecklenburg;No;01-01-05;2010-08-06;Motorist Failed to Yield - Sign-Controlled Intersection;11;Intersection;01-08-01;0001-01-01T06:13:58-04:56;Motorist Drive Through - Sign-Controlled Intersection;0;2010;C: Possible Injury;Commercial;20-24;20;No;;O: No Injury;White;Male;Pickup;No;No;Daylight;Urban (>70% Developed);2 lanes;2;Straight - Grade;Local Street;Dry;Two-Way, Not Divided;None;T-Intersection;Smooth Asphalt;Piedmont;Rural;30 - 35  MPH;Stop Sign;Clear;No;35.090088, -80.885765
730;731;Yes;50-59;59;No;With Traffic;B: Evident Injury;Travel Lane;White;Male;Charlotte;Mecklenburg;No;01-01-03;2010-09-29;Motorist Failed to Yield - Sign-Controlled Intersection;19;Intersection;01-09-01;0001-01-01T14:35:58-04:56;Motorist Drive Out - Sign-Controlled Intersection;0;2010;B: Evident Injury;Commercial;50-59;53;No;6-10 mph;O: No Injury;Black;Male;Pickup;No;No;Dark - Roadway Not Lighted;Urban (>70% Developed);1 lane;2;Straight - Hillcrest;Local Street;Wet;One-Way, Not Divided;None;On or Off Ramp;Concrete;Piedmont;Urban;40 - 45  MPH;Stop Sign;Rain;No;35.30741, -80.84683
731;732;No;20-24;22;No;Facing Traffic;C: Possible Injury;Travel Lane;White;Female;Fayetteville;Cumberland;No;;2010-10-04;Motorist Failed to Yield - Midblock;15;Non-Intersection;01-10-01;0001-01-01T10:27:58-04:56;Motorist Drive Out - Other Midblock;0;2010;C: Possible Injury;Commercial;50-59;56;No;6-10 mph;O: No Injury;Black;Male;Passenger Car;No;No;Daylight;Urban (>70% Developed);5 lanes;2;Straight - Level;Local Street;Dry;Two-Way, Not Divided;None;No Special Feature;Coarse Asphalt;Coastal;Urban;40 - 45  MPH;No Control Present;Clear;No;35.086502, -78.97817
735;736;Yes;50-59;57;No;Facing Traffic;B: Evident Injury;Sidewalk / Crosswalk / Driveway Crossing;White;Male;Charlotte;Mecklenburg;No;01-01-05;2010-10-01;Motorist Failed to Yield - Signalized Intersection;16;Intersection;01-10-01;0001-01-01T11:58:58-04:56;Motorist Drive Out - Right Turn on Red;0;2010;B: Evident Injury;Commercial;30-39;37;No;0-5 mph;O: No Injury;White;Male;Sport Utility;No;No;Daylight;Urban (>70% Developed);2 lanes;2;Straight - Level;Local Street;Dry;Two-Way, Not Divided;None;No Special Feature;Smooth Asphalt;Piedmont;Urban;30 - 35  MPH;Stop And Go Signal;Clear;No;35.212296, -80.76272
736;737;No;30-39;36;No;With Traffic;C: Possible Injury;Travel Lane;White;Male;Durham;Durham;No;01-01-05;2010-10-08;Crossing Paths - Other Circumstances;7;Intersection;01-10-01;0001-01-01T02:08:58-04:56;Crossing Paths - Intersection - Other /;0;2010;C: Possible Injury;Residential;20-24;23;No;0-5 mph;O: No Injury;Hispanic;Male;Passenger Car;No;No;Dawn;Urban (>70% Developed);2 lanes;2;Straight - Level;Local Street;Dry;Two-Way, Not Divided;None;No Special Feature;Smooth Asphalt;Piedmont;Urban;20 - 25  MPH;No Control Present;Clear;No;35.97247, -78.93758
737;738;No;30-39;38;No;With Traffic;B: Evident Injury;Travel Lane;White;Male;Charlotte;Mecklenburg;No;01-01-06;2010-10-02;Motorist Left Turn / Merge;10;Intersection;01-10-01;0001-01-01T05:48:58-04:56;Motorist Left Turn - Opposite Direction;0;2010;B: Evident Injury;Commercial;50-59;53;No;11-15 mph;O: No Injury;White;Male;Passenger Car;No;No;Daylight;Mixed (30% To 70% Developed);4 lanes;2;Straight - Level;NC Route;Dry;Two-Way, Divided, Positive Median Barrier;None;No Special Feature;Smooth Asphalt;Piedmont;Urban;40 - 45  MPH;Stop And Go Signal;Clear;No;35.066433, -80.84499
739;740;Yes;40-49;46;No;With Traffic;B: Evident Injury;Sidewalk / Crosswalk / Driveway Crossing;Black;Male;Charlotte;Mecklenburg;No;01-01-07;2010-10-03;Motorist Right Turn / Merge;13;Non-Intersection;01-10-01;0001-01-01T08:46:58-04:56;Motorist Right Turn - Same Direction;0;2010;B: Evident Injury;Commercial;30-39;32;No;0-5 mph;O: No Injury;Black;Male;Passenger Car;No;No;Daylight;Urban (>70% Developed);2 lanes;2;Straight - Level;Local Street;Dry;Two-Way, Not Divided;None;No Special Feature;Concrete;Piedmont;Urban;30 - 35  MPH;No Control Present;Cloudy;No;35.200977, -80.843475
752;753;No;20-24;21;No;With Traffic;O: No Injury;Travel Lane;Black;Female;Havelock;Craven;No;01-01-07;2010-09-26;Motorist Failed to Yield - Sign-Controlled Intersection;20;Intersection;01-09-01;0001-01-01T15:15:58-04:56;Motorist Drive Out - Sign-Controlled Intersection;0;2010;O: No Injury;Residential;0-19;17;No;6-10 mph;O: No Injury;White;Female;Passenger Car;No;No;Dark - Roadway Not Lighted;Urban (>70% Developed);2 lanes;2;Straight - Level;Local Street;Dry;Two-Way, Not Divided;None;Four-Way Intersection;Smooth Asphalt;Coastal;Urban;20 - 25  MPH;Stop Sign;Cloudy;No;34.86768, -76.89329
756;757;No;50-59;56;No;With Traffic;C: Possible Injury;Travel Lane;White;Female;Asheville;Buncombe;No;01-01-06;2010-10-02;Motorist Left Turn / Merge;17;Intersection;01-10-01;0001-01-01T12:41:58-04:56;Motorist Left Turn - Opposite Direction;0;2010;C: Possible Injury;Commercial;70+;;No;6-10 mph;O: No Injury;White;Female;Passenger Car;No;No;Daylight;Urban (>70% Developed);2 lanes;2;Straight - Level;Local Street;Dry;Two-Way, Not Divided;None;No Special Feature;Smooth Asphalt;Mountains;Urban;20 - 25  MPH;Stop And Go Signal;Clear;No;35.577652, -82.59276
761;762;Yes;15-Nov;15;No;Not Applicable;C: Possible Injury;Non-Roadway;/Missing;Male;None - Rural Crash;Chatham;No;01-01-02;2010-10-05;Non-Roadway;17;Non-Roadway;01-10-01;0001-01-01T12:23:58-04:56;Non-Roadway;0;2010;C: Possible Injury;Residential;;;No;;Injury;/Missing;;;No;Yes;Daylight;Mixed (30% To 70% Developed);2 lanes;2;Straight - Level;State Secondary Route;Dry;Two-Way, Not Divided;None;No Special Feature;Smooth Asphalt;Piedmont;Rural;5 - 15 MPH;Double Yellow Line, No Passing Zone;Clear;No;35.770237, -79.28527
767;768;No;16-19;19;No;With Traffic;B: Evident Injury;Bike Lane / Paved Shoulder;White;Male;Boone;Watauga;No;01-01-04;2010-10-14;Motorist Left Turn / Merge;8;Non-Intersection;01-10-01;0001-01-01T03:04:58-04:56;Motorist Left Turn - Opposite Direction;0;2010;B: Evident Injury;Institutional;20-24;22;No;11-15 mph;O: No Injury;White;Male;Passenger Car;No;No;Daylight;Urban (>70% Developed);4 lanes;2;Straight - Level;Local Street;Wet;Two-Way, Not Divided;None;No Special Feature;Coarse Asphalt;Mountains;Urban;20 - 25  MPH;No Control Present;Cloudy;No;36.212402, -81.680756
769;770;No;30-39;39;No;With Traffic;C: Possible Injury;Travel Lane;Hispanic;Male;None - Rural Crash;Johnston;No;01-01-02;2010-10-12;Motorist Overtaking Bicyclist;19;Non-Intersection;01-10-01;0001-01-01T14:33:58-04:56;Motorist Overtaking - Other /;0;2010;C: Possible Injury;Farms, Woods, Pastures;;;No;41-45 mph;Injury;/Missing;;Passenger Car;No;Yes;Dark - Roadway Not Lighted;Rural (<30% Developed);2 lanes;2;Straight - Level;State Secondary Route;Dry;Two-Way, Not Divided;None;No Special Feature;Coarse Asphalt;Coastal;Rural;40 - 45  MPH;Double Yellow Line, No Passing Zone;Clear;No;35.673233, -78.48581
777;778;Yes;25-29;25;No;Facing Traffic;C: Possible Injury;Sidewalk / Crosswalk / Driveway Crossing;Hispanic;Male;Charlotte;Mecklenburg;No;01-01-06;2010-06-19;Bicyclist Failed to Yield - Signalized Intersection;9;Intersection;01-06-01;0001-01-01T04:15:58-04:56;Bicyclist Ride Through - Signalized Intersection;0;2010;C: Possible Injury;Commercial;20-24;23;No;6-10 mph;O: No Injury;Black;Female;Sport Utility;No;No;Daylight;Urban (>70% Developed);4 lanes;2;Straight - Level;Local Street;Dry;Two-Way, Not Divided;None;Four-Way Intersection;Smooth Asphalt;Piedmont;Urban;40 - 45  MPH;Stop And Go Signal;Clear;No;35.300465, -80.75353
780;781;Yes;20-24;23;No;With Traffic;B: Evident Injury;Travel Lane;White;Female;Salisbury;Rowan;No;01-01-03;2010-10-20;Motorist Overtaking Bicyclist;22;Non-Intersection;01-10-01;0001-01-01T17:12:58-04:56;Motorist Overtaking - Other /;0;2010;B: Evident Injury;Residential;;;Missing;36-40 mph;Injury;/Missing;;Van;No;Yes;Dark - Roadway Not Lighted;Urban (>70% Developed);2 lanes;2;Straight - Grade;Local Street;Dry;Two-Way, Not Divided;None;No Special Feature;Coarse Asphalt;Piedmont;Urban;40 - 45  MPH;No Control Present;Clear;No;35.650772, -80.48696
786;787;No;10-Jun;9;No;Not Applicable;C: Possible Injury;Non-Roadway;White;Male;None - Rural Crash;Brunswick;No;01-01-02;2010-10-19;Non-Roadway;16;Non-Roadway;01-10-01;0001-01-01T11:46:58-04:56;Non-Roadway;0;2010;C: Possible Injury;Residential;20-24;24;No;6-10 mph;O: No Injury;Hispanic;Male;Passenger Car;No;No;Daylight;Rural (<30% Developed);2 lanes;2;Straight - Level;Public Vehicular Area;Dry;Two-Way, Not Divided;None;No Special Feature;Soil;Coastal;Rural;5 - 15 MPH;No Control Present;Clear;No;34.019638, -78.46999
794;795;Yes;60-69;60;No;With Traffic;B: Evident Injury;Travel Lane;White;Male;Raleigh;Wake;No;01-01-02;2010-09-21;Motorist Failed to Yield - Sign-Controlled Intersection;8;Intersection;01-09-01;0001-01-01T03:44:58-04:56;Motorist Drive Out - Sign-Controlled Intersection;0;2010;B: Evident Injury;Residential;30-39;33;No;21-25 mph;O: No Injury;White;Female;Passenger Car;No;No;Daylight;Urban (>70% Developed);4 lanes;2;Straight - Level;Local Street;Dry;Two-Way, Divided, Unprotected Median;None;Four-Way Intersection;Concrete;Piedmont;Urban;40 - 45  MPH;Stop Sign;Clear;No;35.89551, -78.59954
797;798;Yes;50-59;50;No;With Traffic;C: Possible Injury;Travel Lane;White;Male;None - Rural Crash;Wayne;No;01-01-05;2010-10-15;Motorist Overtaking Bicyclist;7;Non-Intersection;01-10-01;0001-01-01T02:54:58-04:56;Motorist Overtaking - Undetected Bicyclist;0;2010;C: Possible Injury;Farms, Woods, Pastures;40-49;41;No;31-35 mph;O: No Injury;White;Female;Sport Utility;No;No;Daylight;Rural (<30% Developed);2 lanes;2;Curve - Level;State Secondary Route;Dry;Two-Way, Not Divided;None;No Special Feature;Coarse Asphalt;Coastal;Rural;50 - 55  MPH;Double Yellow Line, No Passing Zone;Clear;No;35.40912, -78.087685
802;803;Yes;40-49;47;No;With Traffic;A: Disabling Injury;Travel Lane;Black;Male;Fayetteville;Cumberland;No;01-01-03;2010-10-20;Bicyclist Failed to Yield - Sign-Controlled Intersection;20;Intersection;01-10-01;0001-01-01T15:39:58-04:56;Bicyclist Ride Through - Sign-Controlled Intersection;0;2010;A: Disabling Injury;Industrial;60-69;66;No;51-55 mph;O: No Injury;Native American;Female;Passenger Car;No;No;Dark - Lighted Roadway;Urban (>70% Developed);4 lanes;2;Curve - Level;Local Street;Dry;Two-Way, Not Divided;None;Four-Way Intersection;Coarse Asphalt;Coastal;Urban;50 - 55  MPH;Stop Sign;Clear;No;35.029667, -78.87181