FID;OBJECTID;AmbulanceR;BikeAge_Gr;Bike_Age;Bike_Alc_D;Bike_Dir;Bike_Injur;Bike_Pos;Bike_Race;Bike_Sex;City;County;CrashAlcoh;CrashDay;Crash_Date;Crash_Grp;Crash_Hour;Crash_Loc;Crash_Mont;Crash_Time;Crash_Type;Crash_Ty_1;Crash_Year;Crsh_Sevri;Developmen;DrvrAge_Gr;Drvr_Age;Drvr_Alc_D;Drvr_EstSp;Drvr_Injur;Drvr_Race;Drvr_Sex;Drvr_VehTy;ExcsSpdInd;Hit_Run;Light_Cond;Locality;Num_Lanes;Num_Units;Rd_Charact;Rd_Class;Rd_Conditi;Rd_Config;Rd_Defects;Rd_Feature;Rd_Surface;Region;Rural_Urba;Speed_Limi;Traff_Cntr;Weather;Workzone_I;Location
803;804;No;20-24;21;No;With Traffic;B: Evident Injury;Sidewalk / Crosswalk / Driveway Crossing;Black;Male;Greensboro;Guilford;No;01-01-03;2010-10-20;Motorist Right Turn / Merge;15;Intersection;01-10-01;0001-01-01T10:31:58-04:56;Motorist Right Turn - Same Direction;0;2010;B: Evident Injury;Residential;;;Missing;;Injury;/Missing;;;No;Yes;Daylight;Urban (>70% Developed);2 lanes;2;Straight - Level;Local Street;Dry;Two-Way, Not Divided;None;T-Intersection;Smooth Asphalt;Piedmont;Urban;30 - 35  MPH;Stop Sign;Clear;No;36.099064, -79.819435
805;806;Yes;20-24;20;No;With Traffic;B: Evident Injury;Sidewalk / Crosswalk / Driveway Crossing;Asian;Female;Chapel Hill;Orange;No;01-01-04;2010-10-21;Parallel Paths - Other Circumstances;15;Non-Intersection;01-10-01;0001-01-01T10:37:58-04:56;Bicyclist Ride Out - Parallel Path;0;2010;B: Evident Injury;Institutional;25-29;27;No;11-15 mph;Injury;Black;Male;Other Bus;No;No;Daylight;Mixed (30% To 70% Developed);4 lanes;2;Straight - Level;Local Street;Dry;Two-Way, Not Divided;None;No Special Feature;Smooth Asphalt;Piedmont;Urban;20 - 25  MPH;Stop And Go Signal;Clear;No;35.903206, -79.04793
822;823;Yes;20-24;21;No;Facing Traffic;B: Evident Injury;Travel Lane;White;Male;Chapel Hill;Orange;No;01-01-04;2010-10-28;Motorist Failed to Yield - Midblock;23;Non-Intersection;01-10-01;0001-01-01T18:53:58-04:56;Motorist Drive Out - Commercial Driveway / Alley;0;2010;B: Evident Injury;Commercial;20-24;23;No;0-5 mph;O: No Injury;White;Male;Passenger Car;No;No;Dark - Lighted Roadway;Urban (>70% Developed);4 lanes;2;Straight - Grade;Local Street;Dry;Two-Way, Not Divided;None;No Special Feature;Smooth Asphalt;Piedmont;Urban;20 - 25  MPH;No Control Present;Clear;No;35.911804, -79.062035
823;824;No;20-24;23;No;With Traffic;C: Possible Injury;Travel Lane;White;Female;Greensboro;Guilford;No;01-01-04;2010-10-28;Motorist Right Turn / Merge;19;Intersection;01-10-01;0001-01-01T14:30:58-04:56;Motorist Right Turn - Same Direction;0;2010;C: Possible Injury;Commercial;;;Missing;;Injury;/Missing;;Passenger Car;No;Yes;Daylight;Urban (>70% Developed);;2;Straight - Hillcrest;Local Street;Dry;Two-Way, Not Divided;None;No Special Feature;Smooth Asphalt;Piedmont;Urban;30 - 35  MPH;Flashing Stop And Go Signal;Clear;No;36.08783, -79.83305
824;825;Yes;25-29;26;No;Facing Traffic;C: Possible Injury;Sidewalk / Crosswalk / Driveway Crossing;White;Male;Greensboro;Guilford;No;01-01-04;2010-10-28;Bicyclist Failed to Yield - Signalized Intersection;8;Intersection;01-10-01;0001-01-01T03:25:58-04:56;Bicyclist Ride Through - Signalized Intersection;0;2010;C: Possible Injury;Commercial;30-39;37;No;0-5 mph;O: No Injury;White;Male;Passenger Car;No;No;Daylight;Urban (>70% Developed);5 lanes;2;Straight - Level;Local Street;Dry;Two-Way, Not Divided;None;Four-Way Intersection;Smooth Asphalt;Piedmont;Urban;30 - 35  MPH;Stop And Go Signal;Cloudy;No;36.042877, -79.84257
828;829;Yes;20-24;23;No;With Traffic;B: Evident Injury;Bike Lane / Paved Shoulder;White;Female;Boone;Watauga;No;01-01-02;2010-11-02;Motorist Left Turn / Merge;7;Non-Intersection;01-11-01;0001-01-01T02:49:58-04:56;Motorist Left Turn - Opposite Direction;0;2010;B: Evident Injury;Institutional;25-29;26;No;0-5 mph;O: No Injury;White;Female;Passenger Car;No;No;Dawn;Urban (>70% Developed);4 lanes;2;Straight - Level;Local Street;Dry;Two-Way, Not Divided;None;Driveway, Public;Smooth Asphalt;Mountains;Urban;20 - 25  MPH;No Control Present;Clear;No;36.212574, -81.68099
832;833;Yes;30-39;32;No;With Traffic;B: Evident Injury;Travel Lane;Black;Male;None - Rural Crash;Guilford;No;01-01-04;2010-11-04;Motorist Overtaking Bicyclist;6;Non-Intersection;01-11-01;0001-01-01T01:36:58-04:56;Motorist Overtaking - Undetected Bicyclist;0;2010;B: Evident Injury;Farms, Woods, Pastures;40-49;49;No;41-45 mph;O: No Injury;Black;Male;Passenger Car;No;No;Dark - Roadway Not Lighted;Rural (<30% Developed);2 lanes;2;Straight - Level;State Secondary Route;Wet;Two-Way, Not Divided;None;No Special Feature;Smooth Asphalt;Piedmont;Rural;40 - 45  MPH;No Control Present;Cloudy;No;36.023403, -79.70553
840;841;No;20-24;24;No;With Traffic;O: No Injury;Travel Lane;White;Male;Raleigh;Wake;No;01-01-07;2010-10-17;Bicyclist Left Turn / Merge;0;Intersection;01-10-01;0000-12-31T19:05:58-04:56;Bicyclist Left Turn - Opposite Direction;0;2010;O: No Injury;Commercial;0-19;19;No;16-20 mph;O: No Injury;Black;Male;Passenger Car;No;No;Dark - Lighted Roadway;Urban (>70% Developed);2 lanes;2;Straight - Level;Local Street;Dry;Two-Way, Not Divided;None;No Special Feature;Smooth Asphalt;Piedmont;Urban;30 - 35  MPH;Stop And Go Signal;Clear;No;35.776928, -78.639275
845;846;Yes;60-69;60;No;Facing Traffic;B: Evident Injury;Travel Lane;Black;Male;None - Rural Crash;Gates;No;01-01-03;2010-11-10;Head-On;16;Non-Intersection;01-11-01;0001-01-01T11:53:58-04:56;Head-On - Bicyclist;0;2010;B: Evident Injury;Farms, Woods, Pastures;30-39;30;No;51-55 mph;O: No Injury;White;Male;Van;No;No;Daylight;Rural (<30% Developed);2 lanes;2;Straight - Level;State Secondary Route;Dry;Two-Way, Not Divided;None;No Special Feature;Coarse Asphalt;Coastal;Rural;50 - 55  MPH;No Control Present;Clear;No;36.478985, -76.713905
846;847;Yes;60-69;63;No;With Traffic;B: Evident Injury;Travel Lane;White;Male;None - Rural Crash;Onslow;No;;2010-11-08;Motorist Overtaking Bicyclist;22;Non-Intersection;01-11-01;0001-01-01T17:25:58-04:56;Motorist Overtaking - Misjudged Space;0;2010;B: Evident Injury;Farms, Woods, Pastures;;;No;41-45 mph;Injury;/Missing;;Passenger Car;No;Yes;Dark - Roadway Not Lighted;Rural (<30% Developed);2 lanes;2;Straight - Level;State Secondary Route;Dry;Two-Way, Not Divided;None;No Special Feature;Coarse Asphalt;Coastal;Rural;40 - 45  MPH;Double Yellow Line, No Passing Zone;Clear;No;34.526165, -77.431595
858;859;No;30-39;36;No;;Injury;Sidewalk / Crosswalk / Driveway Crossing;Hispanic;Male;Andrews;Cherokee;No;01-01-02;2010-09-14;Motorist Failed to Yield - Midblock;20;Non-Intersection;01-09-01;0001-01-01T15:38:58-04:56;Motorist Drive Out - Commercial Driveway / Alley;0;2010;O: No Injury;Commercial;0-19;19;No;;O: No Injury;White;Male;Pickup;No;No;Dark - Lighted Roadway;Mixed (30% To 70% Developed);2 lanes;2;Straight - Level;.;Dry;Two-Way, Divided, Unprotected Median;Other;Other;Smooth Asphalt;Mountains;Rural;30 - 35  MPH;No Control Present;Cloudy;No;35.199894, -83.8303
860;861;Yes;50-59;55;Yes;Facing Traffic;C: Possible Injury;Sidewalk / Crosswalk / Driveway Crossing;Black;Male;Gastonia;Gaston;Yes;01-01-02;2010-11-09;Motorist Failed to Yield - Signalized Intersection;13;Intersection;01-11-01;0001-01-01T08:36:58-04:56;Motorist Drive Out - Right Turn on Red;0;2010;C: Possible Injury;Commercial;50-59;52;No;0-5 mph;O: No Injury;White;Male;Pickup;No;No;Daylight;Urban (>70% Developed);2 lanes;2;Straight - Grade;Local Street;Dry;Two-Way, Not Divided;None;Four-Way Intersection;Smooth Asphalt;Piedmont;Urban;30 - 35  MPH;Stop And Go Signal;Clear;No;35.262466, -81.168365
862;863;Yes;50-59;55;No;With Traffic;K: Killed;Travel Lane;Black;Male;None - Rural Crash;Nash;No;01-01-05;2010-11-19;Motorist Overtaking Bicyclist;13;Non-Intersection;01-11-01;0001-01-01T09:01:58-04:56;Motorist Overtaking - Other /;0;2010;K: Killed;Farms, Woods, Pastures;30-39;32;No;41-45 mph;O: No Injury;Black;Female;Light Truck (Mini-Van, Panel);No;No;Daylight;Rural (<30% Developed);2 lanes;2;Straight - Level;State Secondary Route;Dry;Two-Way, Not Divided;None;No Special Feature;Coarse Asphalt;Coastal;Rural;40 - 45  MPH;No Control Present;Clear;No;36.027058, -77.96428
865;866;No;20-24;23;No;With Traffic;O: No Injury;Travel Lane;White;Female;Raleigh;Wake;No;01-01-05;2010-10-29;Motorist Failed to Yield - Midblock;16;Non-Intersection;01-10-01;0001-01-01T11:48:58-04:56;Motorist Drive Out - Commercial Driveway / Alley;0;2010;O: No Injury;Commercial;60-69;68;No;0-5 mph;O: No Injury;White;Female;Passenger Car;No;No;Daylight;Urban (>70% Developed);2 lanes;2;Straight - Grade;Local Street;Dry;Two-Way, Not Divided;None;No Special Feature;Smooth Asphalt;Piedmont;Urban;5 - 15 MPH;No Control Present;Clear;No;35.791992, -78.662186
870;871;No;40-49;43;No;With Traffic;Injury;Bike Lane / Paved Shoulder;/Missing;;Fayetteville;Cumberland;No;01-01-05;2010-11-12;Motorist Failed to Yield - Midblock;8;Non-Intersection;01-11-01;0001-01-01T03:55:58-04:56;Motorist Drive Out - Commercial Driveway / Alley;0;2010;Injury;Commercial;;;Missing;;Injury;/Missing;;;No;Yes;Daylight;Urban (>70% Developed);7 lanes;2;Straight - Level;Local Street;Dry;Two-Way, Not Divided;None;No Special Feature;Coarse Asphalt;Coastal;Urban;;No Control Present;Clear;No;35.043423, -78.95513
876;877;Yes;20-24;22;No;With Traffic;B: Evident Injury;Travel Lane;White;Male;Greensboro;Guilford;No;01-01-05;2010-11-12;Motorist Left Turn / Merge;9;Intersection;01-11-01;0001-01-01T04:14:58-04:56;Motorist Left Turn - Opposite Direction;0;2010;B: Evident Injury;Commercial;50-59;50;No;21-25 mph;O: No Injury;Black;Female;Passenger Car;No;No;Daylight;Urban (>70% Developed);3 lanes;2;Curve - Bottom;Local Street;Dry;Two-Way, Not Divided;None;T-Intersection;Smooth Asphalt;Piedmont;Urban;20 - 25  MPH;Stop Sign;Clear;No;36.068127, -79.78996
879;880;Yes;10-Jun;7;No;Not Applicable;C: Possible Injury;Travel Lane;Black;Male;None - Rural Crash;Catawba;No;01-01-06;2010-11-27;Bicyclist Failed to Yield - Midblock;13;Non-Intersection;01-11-01;0001-01-01T08:07:58-04:56;Bicyclist Ride Out - Residential Driveway;0;2010;C: Possible Injury;Residential;40-49;41;No;41-45 mph;O: No Injury;White;Male;Van;No;No;Daylight;Rural (<30% Developed);2 lanes;2;Straight - Level;State Secondary Route;Dry;Two-Way, Not Divided;None;No Special Feature;Smooth Asphalt;Piedmont;Rural;40 - 45  MPH;Double Yellow Line, No Passing Zone;Clear;No;35.60822, -81.31936
890;891;Yes;25-29;27;No;With Traffic;C: Possible Injury;Travel Lane;Black;Male;High Point;Guilford;No;01-01-03;2010-11-17;Backing Vehicle;15;Intersection;01-11-01;0001-01-01T10:18:58-04:56;Backing Vehicle;0;2010;C: Possible Injury;Residential;30-39;39;No;0-5 mph;O: No Injury;Black;Male;Passenger Car;No;No;Daylight;Rural (<30% Developed);2 lanes;2;Straight - Level;Local Street;Dry;Two-Way, Not Divided;None;T-Intersection;Coarse Asphalt;Piedmont;Urban;30 - 35  MPH;Stop Sign;Clear;No;35.98946, -79.960205
893;894;No;20-24;20;No;Facing Traffic;C: Possible Injury;Sidewalk / Crosswalk / Driveway Crossing;White;Male;Durham;Durham;No;;2010-11-29;Crossing Paths - Other Circumstances;11;Intersection;01-11-01;0001-01-01T06:03:58-04:56;Crossing Paths - Intersection - Other /;0;2010;C: Possible Injury;Residential;;;No;6-10 mph;Injury;/Missing;;Passenger Car;No;Yes;Daylight;Urban (>70% Developed);1 lane;2;Straight - Level;Local Street;Dry;Two-Way, Not Divided;None;No Special Feature;Smooth Asphalt;Piedmont;Urban;5 - 15 MPH;No Control Present;Clear;No;35.917366, -78.93098
897;898;No;40-49;47;No;Facing Traffic;C: Possible Injury;Travel Lane;Black;Male;Wilmington;New Hanover;No;;2010-11-15;Loss of Control / Turning Error;12;Intersection;01-11-01;0001-01-01T07:59:58-04:56;Bicyclist Turning Error - Other;0;2010;C: Possible Injury;Residential;25-29;25;No;;O: No Injury;White;Female;Passenger Car;No;No;Daylight;Urban (>70% Developed);4 lanes;2;Straight - Grade;Local Street;Dry;Two-Way, Divided, Positive Median Barrier;None;No Special Feature;Smooth Asphalt;Coastal;Urban;30 - 35  MPH;Stop And Go Signal;Clear;No;34.21668, -77.943665
900;901;Yes;30-39;39;No;With Traffic;B: Evident Injury;Travel Lane;White;Male;Asheville;Buncombe;No;01-01-07;2010-11-21;Motorist Left Turn / Merge;18;Intersection;01-11-01;0001-01-01T13:16:58-04:56;Motorist Left Turn - Opposite Direction;0;2010;B: Evident Injury;Commercial;50-59;57;No;21-25 mph;O: No Injury;White;Male;Van;No;No;Dark - Lighted Roadway;Urban (>70% Developed);5 lanes;2;;Local Street;Dry;Two-Way, Not Divided;None;Related To Intersection;Smooth Asphalt;Mountains;Urban;30 - 35  MPH;Flashing Stop And Go Signal;Clear;No;35.59895, -82.553535
908;909;No;15-Nov;14;No;With Traffic;C: Possible Injury;Sidewalk / Crosswalk / Driveway Crossing;White;Male;Raleigh;Wake;No;01-01-04;2010-11-18;Motorist Left Turn / Merge;7;Intersection;01-11-01;0001-01-01T03:00:58-04:56;Motorist Left Turn - Opposite Direction;0;2010;C: Possible Injury;Residential;30-39;39;No;11-15 mph;O: No Injury;Black;Female;Passenger Car;No;No;Daylight;Urban (>70% Developed);2 lanes;2;Straight - Level;Local Street;Dry;Two-Way, Not Divided;None;Four-Way Intersection;Smooth Asphalt;Piedmont;Urban;20 - 25  MPH;Stop And Go Signal;Clear;No;35.856323, -78.65038
909;910;Yes;40-49;41;No;With Traffic;B: Evident Injury;Travel Lane;White;Male;Raleigh;Wake;No;;2010-11-08;Motorist Left Turn / Merge;10;Non-Intersection;01-11-01;0001-01-01T05:23:58-04:56;Motorist Left Turn - Opposite Direction;0;2010;B: Evident Injury;Commercial;20-24;23;No;41-45 mph;O: No Injury;White;Male;Passenger Car;No;No;Daylight;Urban (>70% Developed);5 lanes;2;Straight - Grade;Local Street;Dry;Two-Way, Divided, Unprotected Median;None;No Special Feature;Smooth Asphalt;Piedmont;Urban;40 - 45  MPH;No Control Present;Clear;No;35.779064, -78.67673
915;916;No;16-19;18;No;With Traffic;C: Possible Injury;Travel Lane;White;Male;Raleigh;Wake;No;01-01-06;2010-11-20;Motorist Right Turn / Merge;12;Intersection;01-11-01;0001-01-01T07:04:58-04:56;Motorist Right Turn - Same Direction;0;2010;C: Possible Injury;Commercial;40-49;46;No;11-15 mph;O: No Injury;Black;Female;Light Truck (Mini-Van, Panel);No;No;Daylight;Urban (>70% Developed);5 lanes;2;Straight - Level;Local Street;Dry;Two-Way, Not Divided;None;Four-Way Intersection;Coarse Asphalt;Piedmont;Urban;30 - 35  MPH;Stop Sign;Clear;No;35.824776, -78.708435
918;919;Yes;40-49;43;No;;C: Possible Injury;Travel Lane;Hispanic;Male;Charlotte;Mecklenburg;No;;2010-09-27;Crossing Paths - Other Circumstances;16;Intersection;01-09-01;0001-01-01T11:56:58-04:56;Signalized Intersection - Other /;0;2010;C: Possible Injury;Commercial;40-49;46;No;31-35 mph;O: No Injury;Black;Female;Passenger Car;No;No;Daylight;Urban (>70% Developed);2 lanes;2;Straight - Level;Local Street;Wet;Two-Way, Not Divided;None;No Special Feature;Smooth Asphalt;Piedmont;Urban;30 - 35  MPH;Stop And Go Signal;Rain;No;35.240402, -80.919716
922;923;No;30-39;34;No;With Traffic;B: Evident Injury;Travel Lane;White;Male;Davidson;Mecklenburg;No;01-01-04;2010-12-02;Motorist Overtaking Bicyclist;12;Non-Intersection;01-12-01;0001-01-01T07:27:58-04:56;Motorist Overtaking - Misjudged Space;0;2010;B: Evident Injury;Residential;50-59;52;No;21-25 mph;O: No Injury;White;Male;Sport Utility;No;No;Daylight;Urban (>70% Developed);2 lanes;3;Straight - Hillcrest;Local Street;Dry;Two-Way, Not Divided;None;No Special Feature;Smooth Asphalt;Piedmont;Urban;20 - 25  MPH;No Control Present;Clear;No;35.46285, -80.807236
925;926;Yes;40-49;44;Yes;Facing Traffic;C: Possible Injury;Sidewalk / Crosswalk / Driveway Crossing;Black;Male;Cary;Wake;Yes;01-01-02;2010-12-14;Motorist Failed to Yield - Sign-Controlled Intersection;10;Intersection;01-12-01;0001-01-01T05:07:58-04:56;Motorist Drive Out - Sign-Controlled Intersection;0;2010;C: Possible Injury;Residential;40-49;43;No;0-5 mph;O: No Injury;Asian;Male;Passenger Car;No;No;Daylight;Urban (>70% Developed);4 lanes;2;Straight - Grade;NC Route;Dry;Two-Way, Divided, Unprotected Median;None;T-Intersection;Smooth Asphalt;Piedmont;Urban;20 - 25  MPH;Stop Sign;Clear;No;35.796406, -78.7592
932;933;Yes;16-19;18;No;With Traffic;B: Evident Injury;Travel Lane;White;Male;Raleigh;Wake;No;;2010-12-06;Loss of Control / Turning Error;16;Intersection;01-12-01;0001-01-01T11:20:58-04:56;Bicyclist Lost Control - Mechanical Problems;0;2010;B: Evident Injury;Residential;70+;;No;31-35 mph;O: No Injury;White;Male;Passenger Car;No;No;Daylight;Urban (>70% Developed);4 lanes;2;Straight - Hillcrest;Local Street;Dry;Two-Way, Divided, Unprotected Median;None;Four-Way Intersection;Coarse Asphalt;Piedmont;Urban;30 - 35  MPH;Stop Sign;Clear;No;35.962467, -78.55279
933;934;Yes;16-19;19;No;Not Applicable;C: Possible Injury;Driveway / Alley;Black;Male;Raleigh;Wake;No;01-01-05;2010-12-03;Crossing Paths - Other Circumstances;18;Intersection-Related;01-12-01;0001-01-01T13:46:58-04:56;Crossing Paths - Uncontrolled Intersection;0;2010;C: Possible Injury;Residential;60-69;63;No;6-10 mph;O: No Injury;Black;Male;Sport Utility;No;No;Dark - Lighted Roadway;Urban (>70% Developed);2 lanes;2;Straight - Level;Local Street;Dry;Two-Way, Divided, Unprotected Median;None;T-Intersection;Smooth Asphalt;Piedmont;Urban;20 - 25  MPH;No Control Present;Clear;No;35.764496, -78.63235
937;938;Yes;15-Nov;11;No;With Traffic;B: Evident Injury;Sidewalk / Crosswalk / Driveway Crossing;Black;Male;Havelock;Craven;No;01-01-05;2010-11-12;Motorist Left Turn / Merge;15;Non-Intersection;01-11-01;0001-01-01T10:10:58-04:56;Motorist Left Turn - Opposite Direction;0;2010;B: Evident Injury;Commercial;40-49;42;No;0-5 mph;O: No Injury;Black;Male;Passenger Car;No;No;Daylight;Urban (>70% Developed);;2;Straight - Level;Public Vehicular Area;Dry;Two-Way, Not Divided;None;Driveway, Public;Smooth Asphalt;Coastal;Urban;5 - 15 MPH;No Control Present;Clear;No;34.877342, -76.8969
940;941;No;60-69;61;No;With Traffic;C: Possible Injury;Bike Lane / Paved Shoulder;White;Male;None - Rural Crash;New Hanover;No;01-01-05;2010-12-24;Bicyclist Failed to Yield - Signalized Intersection;13;Intersection;01-12-01;0001-01-01T08:18:58-04:56;Bicyclist Ride Through - Signalized Intersection;0;2010;C: Possible Injury;Commercial;70+;;No;6-10 mph;O: No Injury;White;Male;Passenger Car;No;No;Daylight;Mixed (30% To 70% Developed);3 lanes;2;Straight - Level;State Secondary Route;Dry;Two-Way, Not Divided;None;Driveway, Public;Coarse Asphalt;Coastal;Rural;40 - 45  MPH;Stop And Go Signal;Clear;No;34.267063, -77.92171
942;943;Yes;40-49;48;No;With Traffic;C: Possible Injury;Travel Lane;Native American;Male;None - Rural Crash;Robeson;No;01-01-05;2010-11-12;Motorist Overtaking Bicyclist;20;Non-Intersection;01-11-01;0001-01-01T15:33:58-04:56;Motorist Overtaking - Other /;0;2010;C: Possible Injury;Farms, Woods, Pastures;;;Missing;46-50 mph;Injury;/Missing;;;No;Yes;Dark - Roadway Not Lighted;Rural (<30% Developed);2 lanes;2;Straight - Level;NC Route;Dry;Two-Way, Not Divided;None;No Special Feature;Coarse Asphalt;Coastal;Rural;50 - 55  MPH;No Control Present;Clear;No;34.563046, -79.059685
943;944;Yes;40-49;40;No;Not Applicable;B: Evident Injury;Travel Lane;White;Male;Wilmington;New Hanover;No;01-01-02;2010-12-14;Bicyclist Failed to Yield - Midblock;11;Non-Intersection;01-12-01;0001-01-01T06:38:58-04:56;Bicyclist Ride Out - Other Midblock;0;2010;B: Evident Injury;Commercial;40-49;49;No;6-10 mph;O: No Injury;White;Female;Passenger Car;No;No;Daylight;Urban (>70% Developed);;2;Straight - Level;Public Vehicular Area;Dry;One-Way, Not Divided;None;No Special Feature;Smooth Asphalt;Coastal;Urban;;No Control Present;Clear;No;34.26177, -77.8281
950;951;Yes;10-Jun;10;No;Facing Traffic;B: Evident Injury;Travel Lane;White;Male;Mooresville;Iredell;No;;2010-12-20;Motorist Right Turn / Merge;15;Intersection;01-12-01;0001-01-01T10:51:58-04:56;Motorist Right Turn - Opposite Direction;0;2010;B: Evident Injury;Commercial;60-69;66;No;11-15 mph;O: No Injury;White;Male;Passenger Car;No;No;Daylight;Urban (>70% Developed);5 lanes;2;Straight - Level;NC Route;Dry;Two-Way, Not Divided;None;Four-Way Intersection;Smooth Asphalt;Piedmont;Urban;40 - 45  MPH;Stop And Go Signal;Clear;No;35.595383, -80.81679
951;952;Yes;20-24;23;No;With Traffic;A: Disabling Injury;Travel Lane;White;Male;Greensboro;Guilford;No;01-01-02;2010-12-28;Motorist Overtaking Bicyclist;3;Non-Intersection;01-12-01;0000-12-31T22:05:58-04:56;Motorist Overtaking - Undetected Bicyclist;0;2010;A: Disabling Injury;Commercial;50-59;54;No;36-40 mph;O: No Injury;White;Male;Van;No;No;Dark - Roadway Not Lighted;Urban (>70% Developed);2 lanes;2;Straight - Level;Local Street;Dry;Two-Way, Not Divided;None;No Special Feature;Coarse Asphalt;Piedmont;Urban;30 - 35  MPH;No Control Present;Clear;No;36.093277, -79.78856
957;958;Yes;50-59;56;No;With Traffic;O: No Injury;Bike Lane / Paved Shoulder;Black;Male;Greensboro;Guilford;No;01-01-04;2010-12-30;Motorist Overtaking Bicyclist;5;Non-Intersection;01-12-01;0001-01-01T00:49:58-04:56;Motorist Overtaking - Misjudged Space;0;2010;C: Possible Injury;Commercial;50-59;56;No;36-40 mph;O: No Injury;Black;Male;Passenger Car;No;No;Dawn;Urban (>70% Developed);4 lanes;2;Straight - Level;Local Street;Dry;Two-Way, Not Divided;Obstruction In Roadway;No Special Feature;Smooth Asphalt;Piedmont;Urban;40 - 45  MPH;No Control Present;Clear;No;36.088425, -79.923164
958;959;Yes;40-49;47;No;With Traffic;O: No Injury;Travel Lane;Black;Male;Rocky Mount;Nash;No;01-01-06;2010-12-18;Motorist Right Turn / Merge;15;Intersection-Related;01-12-01;0001-01-01T10:22:58-04:56;Motorist Right Turn - Same Direction;0;2010;B: Evident Injury;Commercial;0-19;19;No;11-15 mph;B: Evident Injury;White;Male;Passenger Car;No;No;Daylight;Urban (>70% Developed);5 lanes;2;Straight - Level;Local Street;Dry;Two-Way, Divided, Unprotected Median;None;Four-Way Intersection;Smooth Asphalt;Coastal;Urban;30 - 35  MPH;Stop And Go Signal;Clear;No;35.97831, -77.80614
962;963;No;30-39;35;No;Facing Traffic;C: Possible Injury;Travel Lane;White;Male;Concord;Cabarrus;No;01-01-03;2010-01-20;Motorist Failed to Yield - Sign-Controlled Intersection;16;Intersection;;0001-01-01T11:50:58-04:56;Motorist Drive Out - Sign-Controlled Intersection;0;2010;C: Possible Injury;Commercial;;;No;0-5 mph;Injury;/Missing;;Light Truck (Mini-Van, Panel);No;Yes;Daylight;Urban (>70% Developed);2 lanes;2;Straight - Level;Local Street;Dry;Two-Way, Not Divided;None;T-Intersection;Smooth Asphalt;Piedmont;Urban;20 - 25  MPH;Stop Sign;Clear;No;35.41191, -80.58301
965;966;No;20-24;22;No;Facing Traffic;C: Possible Injury;Sidewalk / Crosswalk / Driveway Crossing;White;Male;None - Rural Crash;Alamance;No;01-01-04;2010-05-06;Motorist Failed to Yield - Midblock;16;Non-Intersection;01-05-01;0001-01-01T11:03:58-04:56;Motorist Drive Out - Other Midblock;0;2010;C: Possible Injury;Institutional;50-59;58;No;0-5 mph;O: No Injury;White;Female;Passenger Car;No;No;Daylight;Mixed (30% To 70% Developed);2 lanes;2;Straight - Level;State Secondary Route;Dry;Two-Way, Not Divided;None;Driveway, Public;Smooth Asphalt;Piedmont;Rural;20 - 25  MPH;No Control Present;Clear;No;36.10313, -79.50022
966;967;Yes;20-24;22;No;With Traffic;C: Possible Injury;Travel Lane;White;Male;None - Rural Crash;Alamance;No;;2010-04-26;Motorist Right Turn / Merge;14;Intersection;01-04-01;0001-01-01T09:12:58-04:56;Motorist Right Turn - Same Direction;0;2010;C: Possible Injury;Institutional;30-39;39;No;21-25 mph;O: No Injury;White;Female;Single Unit Truck (2-Axle, 6-Tire);No;No;Daylight;Urban (>70% Developed);2 lanes;2;Straight - Grade;State Secondary Route;Dry;Two-Way, Not Divided;None;Four-Way Intersection;Smooth Asphalt;Piedmont;Rural;20 - 25  MPH;Stop And Go Signal;Clear;No;36.10351, -79.497314
967;968;Yes;16-19;19;No;Not Applicable;C: Possible Injury;Sidewalk / Crosswalk / Driveway Crossing;White;Male;None - Rural Crash;Alamance;No;01-01-04;2010-04-01;Bicyclist Failed to Yield - Signalized Intersection;18;Intersection;01-04-01;0001-01-01T13:03:58-04:56;Bicyclist Ride Through - Signalized Intersection;0;2010;C: Possible Injury;Institutional;30-39;39;No;21-25 mph;O: No Injury;White;Female;Sport Utility;No;No;Daylight;Urban (>70% Developed);2 lanes;2;Straight - Grade;Local Street;Dry;Two-Way, Not Divided;None;T-Intersection;Smooth Asphalt;Piedmont;Rural;20 - 25  MPH;Stop And Go Signal;Clear;No0;36.103054, -79.502495
1;2;Yes;15-Nov;11;No;Not Applicable;C: Possible Injury;Non-Roadway;Black;Female;Cary;Wake;No;01-01-04;2011-01-06;Non-Roadway;16;Non-Roadway;;0001-01-01T11:28:58-04:56;Non-Roadway;460910;2011;C: Possible Injury;Residential;;;No;0-5 mph;Injury;/Missing;;Sport Utility;No;Yes;Daylight;Urban (>70% Developed);;2;Straight - Grade;Private Road, Driveway;Dry;Two-Way, Not Divided;None;Driveway, Private;Smooth Asphalt;Piedmont;Urban;5 - 15 MPH;No Control Present;Clear;No;35.81226, -78.7858
4;5;Yes;40-49;44;No;With Traffic;C: Possible Injury;Travel Lane;White;Male;None - Rural Crash;Randolph;No;01-01-05;2011-01-07;Motorist Failed to Yield - Midblock;7;Non-Intersection;;0001-01-01T02:43:58-04:56;Motorist Drive Out - Other Midblock;311328;2011;C: Possible Injury;Commercial;25-29;25;No;0-5 mph;O: No Injury;White;Female;Passenger Car;No;No;Daylight;Urban (>70% Developed);3 lanes;2;Straight - Level;US Route;Dry;Two-Way, Not Divided;None;Driveway, Public;Smooth Asphalt;Piedmont;Rural;40 - 45  MPH;No Control Present;Clear;No;35.67315, -79.8204