FID;OBJECTID;AmbulanceR;BikeAge_Gr;Bike_Age;Bike_Alc_D;Bike_Dir;Bike_Injur;Bike_Pos;Bike_Race;Bike_Sex;City;County;CrashAlcoh;CrashDay;Crash_Date;Crash_Grp;Crash_Hour;Crash_Loc;Crash_Mont;Crash_Time;Crash_Type;Crash_Ty_1;Crash_Year;Crsh_Sevri;Developmen;DrvrAge_Gr;Drvr_Age;Drvr_Alc_D;Drvr_EstSp;Drvr_Injur;Drvr_Race;Drvr_Sex;Drvr_VehTy;ExcsSpdInd;Hit_Run;Light_Cond;Locality;Num_Lanes;Num_Units;Rd_Charact;Rd_Class;Rd_Conditi;Rd_Config;Rd_Defects;Rd_Feature;Rd_Surface;Region;Rural_Urba;Speed_Limi;Traff_Cntr;Weather;Workzone_I;Location
507;508;Yes;16-19;19;No;Not Applicable;K: Killed;;White;Male;None - Rural Crash;Harnett;No;01-01-05;2007-07-06;Bicyclist Failed to Yield - Midblock;3;Non-Intersection;01-07-01;0000-12-31T22:35:58-04:56;Bicyclist Ride Out - Other Midblock;393318;2007;K: Killed;Farms, Woods, Pastures;40-49;43;No;51-55 mph;O: No Injury;White;Male;Sport Utility;No;No;Dark - Roadway Not Lighted;Rural (<30% Developed);4 lanes;2;Straight - Level;NC Route;Dry;Two-Way, Divided, Unprotected Median;None;No Special Feature;Coarse Asphalt;Coastal;Rural;50 - 55  MPH;No Control Present;Clear;No;35.234917, -79.01972
510;511;Yes;30-39;32;No;Facing Traffic;C: Possible Injury;Sidewalk / Crosswalk / Driveway Crossing;Black;Female;Fayetteville;Cumberland;No;01-01-03;2007-05-02;Motorist Failed to Yield - Midblock;15;Non-Intersection;01-05-01;0001-01-01T10:13:58-04:56;Motorist Drive Out - Commercial Driveway / Alley;332322;2007;C: Possible Injury;Institutional;20-24;22;No;0-5 mph;O: No Injury;White;Female;Sport Utility;No;No;Daylight;Urban (>70% Developed);;2;Straight - Level;Local Street;Dry;Two-Way, Divided, Unprotected Median;None;No Special Feature;Smooth Asphalt;Coastal;Urban;20 - 25  MPH;No Control Present;Clear;No;35.031147, -78.894226
514;515;Yes;0-5;5;No;Not Applicable;B: Evident Injury;;Black;Female;None - Rural Crash;Wake;Yes;01-01-06;2007-07-07;Loss of Control / Turning Error;15;Non-Intersection;01-07-01;0001-01-01T10:35:58-04:56;Motorist Lost Control - Alcohol / Drug Impairment;393133;2007;B: Evident Injury;Residential;40-49;49;Yes;41-45 mph;O: No Injury;Black;Male;Passenger Car;No;No;Daylight;Rural (<30% Developed);2 lanes;2;Straight - Level;State Secondary Route;Dry;Two-Way, Not Divided;None;No Special Feature;Smooth Asphalt;Piedmont;Rural;30 - 35  MPH;No Control Present;Clear;No;35.848537, -78.39352
520;521;Yes;15-Nov;15;No;With Traffic;C: Possible Injury;Travel Lane;Black;Male;Maxton;Robeson;No;01-01-02;2007-07-10;Motorist Overtaking Bicyclist;21;Intersection;01-07-01;0001-01-01T16:46:58-04:56;Motorist Overtaking - Other /;111239;2007;C: Possible Injury;Residential;20-24;24;No;26-30 mph;O: No Injury;Native American;Female;Passenger Car;No;No;Dark - Lighted Roadway;Mixed (30% To 70% Developed);2 lanes;3;Straight - Level;NC Route;Dry;Two-Way, Divided, Unprotected Median;None;Y-Intersection;Coarse Asphalt;Coastal;Rural;40 - 45  MPH;Stop Sign;Clear;No;34.75918, -79.33976
523;524;Yes;20-24;20;No;With Traffic;C: Possible Injury;Travel Lane;White;Male;Huntersville;Mecklenburg;No;01-01-03;2007-07-11;Loss of Control / Turning Error;12;Intersection;01-07-01;0001-01-01T07:50:58-04:56;Bicyclist Lost Control - Mechanical Problems;111121;2007;C: Possible Injury;Commercial;50-59;55;No;6-10 mph;O: No Injury;White;Female;Passenger Car;No;No;Daylight;Urban (>70% Developed);4 lanes;2;Straight - Level;Local Street;Dry;Two-Way, Divided, Unprotected Median;None;Four-Way Intersection;Smooth Asphalt;Piedmont;Urban;30 - 35  MPH;Stop And Go Signal;Clear;No;35.40713, -80.862816
526;527;Yes;15-Nov;12;No;;C: Possible Injury;Non-Roadway;Black;Male;Raleigh;Wake;No;01-01-04;2007-07-12;Non-Roadway;17;Non-Roadway;01-07-01;0001-01-01T12:23:58-04:56;Non-Roadway;460910;2007;C: Possible Injury;Commercial;50-59;55;No;0-5 mph;O: No Injury;White;Male;Passenger Car;No;No;Daylight;Urban (>70% Developed);;2;Straight - Grade;Public Vehicular Area;Dry;Two-Way, Not Divided;None;No Special Feature;Coarse Asphalt;Piedmont;Urban;5 - 15 MPH;No Control Present;Clear;No;35.754364, -78.61443
528;529;No;16-19;18;No;Facing Traffic;O: No Injury;Travel Lane;Black;Male;Kinston;Lenoir;No;01-01-03;2007-10-17;Other / Unusual Circumstances;13;Intersection;01-10-01;0001-01-01T08:55:58-04:56;Unusual Circumstances;112800;2007;O: No Injury;Commercial;30-39;35;No;0-5 mph;O: No Injury;White;Male;Police;No;No;Daylight;Urban (>70% Developed);4 lanes;2;Straight - Level;NC Route;Dry;Two-Way, Not Divided;None;Four-Way Intersection;Smooth Asphalt;Coastal;Urban;30 - 35  MPH;No Control Present;Clear;No;35.269585, -77.58086
532;533;No;30-39;31;No;With Traffic;C: Possible Injury;Travel Lane;White;Male;Charlotte;Mecklenburg;No;01-01-03;2007-10-17;Motorist Right Turn / Merge;18;Intersection;01-10-01;0001-01-01T13:44:58-04:56;Motorist Right Turn - Same Direction;111213;2007;C: Possible Injury;Residential;50-59;51;No;0-5 mph;O: No Injury;White;Male;Sport Utility;No;No;Daylight;Urban (>70% Developed);4 lanes;2;Curve - Grade;Local Street;Dry;Two-Way, Divided, Unprotected Median;None;T-Intersection;Smooth Asphalt;Piedmont;Urban;30 - 35  MPH;Stop Sign;Clear;No;35.196117, -80.827866
540;541;Yes;30-39;35;No;;B: Evident Injury;Travel Lane;Hispanic;Male;Charlotte;Mecklenburg;No;01-01-05;2007-10-19;Other /  - Insufficient Details;17;Non-Intersection;01-10-01;0001-01-01T12:20:58-04:56;Approach Paths;319970;2007;B: Evident Injury;Residential;;;Missing;31-35 mph;Injury;/Missing;;;No;Yes;Daylight;Urban (>70% Developed);4 lanes;2;Straight - Level;Local Street;Dry;Two-Way, Not Divided;None;No Special Feature;Smooth Asphalt;Piedmont;Urban;30 - 35  MPH;No Control Present;Cloudy;No;35.143032, -80.85039
542;543;Yes;16-19;17;No;Facing Traffic;C: Possible Injury;Sidewalk / Crosswalk / Driveway Crossing;Black;Male;Charlotte;Mecklenburg;No;01-01-06;2007-10-20;Motorist Failed to Yield - Midblock;14;Non-Intersection;01-10-01;0001-01-01T09:10:58-04:56;Motorist Drive Out - Commercial Driveway / Alley;332322;2007;C: Possible Injury;Commercial;50-59;59;No;0-5 mph;O: No Injury;Black;Male;Passenger Car;No;No;Daylight;Urban (>70% Developed);;2;Straight - Level;Public Vehicular Area;Dry;Two-Way, Divided, Unprotected Median;None;Driveway, Public;Concrete;Piedmont;Urban;20 - 25  MPH;No Control Present;Clear;No;35.210686, -80.90489
548;549;No;50-59;56;No;With Traffic;B: Evident Injury;Travel Lane;White;Male;Greensboro;Guilford;No;01-01-02;2007-07-17;Bicyclist Left Turn / Merge;23;Intersection;01-07-01;0001-01-01T18:46:58-04:56;Bicyclist Left Turn - Opposite Direction;111222;2007;B: Evident Injury;Residential;40-49;41;No;26-30 mph;O: No Injury;White;Male;Passenger Car;No;No;Dark - Lighted Roadway;Urban (>70% Developed);7 lanes;2;Straight - Grade;Local Street;Wet;Two-Way, Divided, Unprotected Median;None;No Special Feature;Coarse Asphalt;Piedmont;Urban;30 - 35  MPH;Stop And Go Signal;Rain;No;36.073086, -79.80264
550;551;Yes;50-59;50;No;With Traffic;B: Evident Injury;Travel Lane;White;Male;Columbus;Polk;No;01-01-02;2007-07-17;Motorist Left Turn / Merge;7;Non-Intersection;01-07-01;0001-01-01T02:03:58-04:56;Motorist Left Turn - Opposite Direction;311212;2007;B: Evident Injury;Commercial;60-69;67;No;31-35 mph;O: No Injury;White;Male;Passenger Car;No;No;Daylight;Urban (>70% Developed);4 lanes;2;Curve - Grade;Local Street;Dry;Two-Way, Divided, Unprotected Median;None;Driveway, Public;Smooth Asphalt;Mountains;Rural;30 - 35  MPH;No Control Present;Clear;No;35.248924, -82.202995
555;556;Yes;10-Jun;9;No;Not Applicable;C: Possible Injury;Driveway / Alley;Black;Female;Fayetteville;Cumberland;No;01-01-05;2007-07-20;Bicyclist Failed to Yield - Midblock;16;Non-Intersection;01-07-01;0001-01-01T11:52:58-04:56;Bicyclist Ride Out - Commercial Driveway / Alley;353312;2007;C: Possible Injury;Commercial;40-49;40;No;16-20 mph;O: No Injury;Black;Female;Sport Utility;No;No;Daylight;Urban (>70% Developed);4 lanes;2;Straight - Level;Local Street;Dry;Two-Way, Not Divided;None;No Special Feature;Smooth Asphalt;Coastal;Urban;40 - 45  MPH;No Control Present;Cloudy;No;35.065426, -79.01362
565;566;Yes;30-39;32;No;With Traffic;C: Possible Injury;Travel Lane;White;Male;None - Rural Crash;Graham;No;01-01-07;2007-07-22;Motorist Failed to Yield - Sign-Controlled Intersection;8;Intersection;01-07-01;0001-01-01T03:18:58-04:56;Motorist Drive Out - Sign-Controlled Intersection;111141;2007;C: Possible Injury;Farms, Woods, Pastures;20-24;24;No;16-20 mph;O: No Injury;Native American;Female;Passenger Car;No;No;Daylight;Rural (<30% Developed);2 lanes;2;Straight - Level;US Route;Dry;Two-Way, Not Divided;Shoulders Low, Soft Or High;T-Intersection;Smooth Asphalt;Mountains;Rural;50 - 55  MPH;Stop Sign;Clear;No;35.289703, -83.7723
567;568;Yes;15-Nov;12;No;Not Applicable;B: Evident Injury;Driveway / Alley;Black;Male;None - Rural Crash;Alamance;No;;2007-07-23;Bicyclist Failed to Yield - Midblock;17;Non-Intersection;01-07-01;0001-01-01T12:48:58-04:56;Bicyclist Ride Out - Residential Driveway;353311;2007;B: Evident Injury;Farms, Woods, Pastures;50-59;58;No;41-45 mph;O: No Injury;Hispanic;Male;Van;No;No;Daylight;Rural (<30% Developed);2 lanes;2;Straight - Level;NC Route;Dry;Two-Way, Not Divided;None;Driveway, Private;Smooth Asphalt;Piedmont;Rural;50 - 55  MPH;Double Yellow Line, No Passing Zone;Clear;No;36.024956, -79.340546
568;569;Yes;25-29;25;No;With Traffic;B: Evident Injury;Travel Lane;White;Male;None - Rural Crash;Pender;Yes;;2007-07-23;Motorist Overtaking Bicyclist;20;Non-Intersection;01-07-01;0001-01-01T15:03:58-04:56;Motorist Overtaking - Other /;311239;2007;B: Evident Injury;Residential;20-24;24;Yes;46-50 mph;O: No Injury;White;Male;Passenger Car;No;No;Dusk;Mixed (30% To 70% Developed);2 lanes;2;Straight - Level;State Secondary Route;Dry;Two-Way, Not Divided;None;No Special Feature;Smooth Asphalt;Coastal;Rural;;No Control Present;Clear;No;34.3922, -77.920784
570;571;Yes;40-49;44;Yes;;B: Evident Injury;Travel Lane;Black;Male;Plymouth;Washington;Yes;;2007-07-23;Bicyclist Failed to Yield - Sign-Controlled Intersection;19;Intersection;01-07-01;0001-01-01T15:02:58-04:56;Bicyclist Ride Through - Sign-Controlled Intersection;119144;2007;B: Evident Injury;Residential;25-29;29;No;;O: No Injury;White;Male;Sport Utility;No;No;Daylight;Mixed (30% To 70% Developed);;2;;Local Street;Wet;;None;No Special Feature;;Coastal;Rural;;No Control Present;Clear;No;35.85925, -76.74961
572;573;No;15-Nov;13;No;;O: No Injury;Travel Lane;Black;Male;Charlotte;Mecklenburg;No;01-01-02;2007-10-30;Bicyclist Left Turn / Merge;18;Non-Intersection;01-10-01;0001-01-01T13:25:58-04:56;Bicyclist Left Turn - Same Direction;319221;2007;O: No Injury;Residential;40-49;46;No;31-35 mph;O: No Injury;Black;Female;Passenger Car;No;No;Daylight;Mixed (30% To 70% Developed);2 lanes;2;Straight - Level;Local Street;Dry;Two-Way, Divided, Unprotected Median;None;No Special Feature;Coarse Asphalt;Piedmont;Urban;40 - 45  MPH;No Control Present;Clear;No;35.258778, -80.69059
574;575;Yes;10-Jun;8;No;With Traffic;B: Evident Injury;Sidewalk / Crosswalk / Driveway Crossing;White;Male;Davidson;Mecklenburg;No;01-01-02;2007-07-24;Bicyclist Failed to Yield - Sign-Controlled Intersection;13;Intersection;01-07-01;0001-01-01T08:48:58-04:56;Bicyclist Ride Out - Sign-Controlled Intersection;131142;2007;B: Evident Injury;Residential;30-39;33;No;31-35 mph;O: No Injury;Hispanic;Male;Pickup;No;No;Daylight;Urban (>70% Developed);2 lanes;2;Straight - Level;Local Street;Dry;Two-Way, Not Divided;None;Four-Way Intersection;Coarse Asphalt;Piedmont;Urban;30 - 35  MPH;Stop Sign;Clear;No;35.49115, -80.83135
576;577;No;30-39;30;Yes;With Traffic;B: Evident Injury;Travel Lane;White;Male;Elon College;Alamance;Yes;01-01-03;2007-07-25;Motorist Left Turn / Merge;23;Intersection;01-07-01;0001-01-01T18:08:58-04:56;Motorist Left Turn - Opposite Direction;111212;2007;B: Evident Injury;Commercial;60-69;69;No;11-15 mph;O: No Injury;White;Female;Van;No;No;Dark - Roadway Not Lighted;Urban (>70% Developed);3 lanes;2;Straight - Level;Local Street;Dry;Two-Way, Not Divided;None;No Special Feature;Smooth Asphalt;Piedmont;Urban;30 - 35  MPH;Stop And Go Signal;Clear;No;36.102875, -79.519485
579;580;Yes;16-19;16;No;Facing Traffic;C: Possible Injury;Sidewalk / Crosswalk / Driveway Crossing;White;Male;Havelock;Craven;No;01-01-04;2007-07-26;Motorist Failed to Yield - Midblock;20;Non-Intersection;01-07-01;0001-01-01T15:21:58-04:56;Motorist Drive Out - Commercial Driveway / Alley;332322;2007;C: Possible Injury;Commercial;20-24;22;No;0-5 mph;O: No Injury;White;Male;Pickup;No;No;Daylight;Urban (>70% Developed);1 lane;2;Straight - Level;Public Vehicular Area;Dry;One-Way, Not Divided;None;Driveway, Public;Smooth Asphalt;Coastal;Urban;;No Control Present;Clear;No;34.882717, -76.9107
589;590;Yes;16-19;17;No;;A: Disabling Injury;Travel Lane;White;Male;Charlotte;Mecklenburg;No;01-01-03;2007-10-24;Bicyclist Failed to Yield - Sign-Controlled Intersection;12;Intersection;01-10-01;0001-01-01T07:23:58-04:56;Bicyclist Ride Through - Sign-Controlled Intersection;119144;2007;A: Disabling Injury;Residential;30-39;35;No;21-25 mph;O: No Injury;Black;Male;Van;No;No;Daylight;Urban (>70% Developed);2 lanes;2;Straight - Level;Local Street;Dry;Two-Way, Not Divided;None;No Special Feature;Smooth Asphalt;Piedmont;Urban;20 - 25  MPH;Stop Sign;Clear;No;35.15387, -80.972984
590;591;No;15-Nov;14;No;Facing Traffic;O: No Injury;Sidewalk / Crosswalk / Driveway Crossing;White;Male;Cary;Wake;No;01-01-07;2007-11-04;Motorist Failed to Yield - Sign-Controlled Intersection;17;Intersection;01-11-01;0001-01-01T12:17:58-04:56;Motorist Drive Out - Sign-Controlled Intersection;132141;2007;O: No Injury;Residential;40-49;47;No;0-5 mph;O: No Injury;White;Male;Light Truck (Mini-Van, Panel);No;No;Daylight;Urban (>70% Developed);2 lanes;2;Straight - Level;Local Street;Dry;Two-Way, Not Divided;None;Four-Way Intersection;Smooth Asphalt;Piedmont;Urban;30 - 35  MPH;Stop Sign;Clear;No;35.783962, -78.81596
608;609;No;;;No;With Traffic;C: Possible Injury;Travel Lane;Black;Male;None - Rural Crash;Martin;No;01-01-02;2007-07-31;Bicyclist Left Turn / Merge;21;Non-Intersection;01-07-01;0001-01-01T16:15:58-04:56;Bicyclist Left Turn - Opposite Direction;311222;2007;C: Possible Injury;Residential;25-29;25;No;6-10 mph;O: No Injury;White;Male;Police;No;No;Daylight;Urban (>70% Developed);2 lanes;2;Straight - Level;Local Street;Dry;Two-Way, Not Divided;None;Driveway, Private;Smooth Asphalt;Coastal;Rural;30 - 35  MPH;No Control Present;Clear;No;35.8508, -77.044266
610;611;Yes;50-59;58;No;With Traffic;B: Evident Injury;Travel Lane;White;Male;Hickory;Catawba;No;01-01-02;2007-07-31;Motorist Overtaking Bicyclist;21;Non-Intersection;01-07-01;0001-01-01T16:38:58-04:56;Motorist Overtaking - Bicyclist Swerved;311235;2007;B: Evident Injury;Commercial;50-59;56;No;36-40 mph;O: No Injury;White;Male;Van;No;No;Dark - Lighted Roadway;Urban (>70% Developed);5 lanes;2;Straight - Grade;Local Street;Dry;Two-Way, Not Divided;None;No Special Feature;Coarse Asphalt;Piedmont;Urban;40 - 45  MPH;No Control Present;Clear;No;35.726692, -81.323204
612;613;No;15-Nov;14;No;Facing Traffic;B: Evident Injury;Travel Lane;White;Male;None - Rural Crash;Buncombe;No;01-01-03;2007-08-01;Bicyclist Failed to Yield - Sign-Controlled Intersection;19;Intersection;01-08-01;0001-01-01T14:34:58-04:56;Bicyclist Ride Through - Sign-Controlled Intersection;112144;2007;B: Evident Injury;Residential;0-19;19;No;16-20 mph;O: No Injury;White;Male;Passenger Car;No;No;Daylight;Urban (>70% Developed);2 lanes;2;Straight - Grade;Public Vehicular Area;Dry;Two-Way, Not Divided;None;T-Intersection;Coarse Asphalt;Mountains;Rural;;Stop Sign;Clear;No;35.59038, -82.36452
613;614;Yes;16-19;19;No;Facing Traffic;C: Possible Injury;Sidewalk / Crosswalk / Driveway Crossing;Black;Male;Monroe;Union;No;01-01-03;2007-08-01;Loss of Control / Turning Error;15;Intersection;01-08-01;0001-01-01T10:50:58-04:56;Bicyclist Lost Control - Mechanical Problems;132121;2007;C: Possible Injury;Commercial;0-19;16;No;0-5 mph;O: No Injury;Black;Female;Passenger Car;No;No;Daylight;Urban (>70% Developed);2 lanes;2;Straight - Level;Local Street;Dry;Two-Way, Not Divided;None;Four-Way Intersection;Smooth Asphalt;Piedmont;Urban;30 - 35  MPH;Stop And Go Signal;Clear;No;34.981438, -80.54387
616;617;Yes;30-39;30;No;Facing Traffic;A: Disabling Injury;Sidewalk / Crosswalk / Driveway Crossing;Black;Male;Lexington;Davidson;No;;2007-07-09;Motorist Failed to Yield - Midblock;0;Non-Intersection;01-07-01;0000-12-31T19:04:58-04:56;Motorist Drive Out - Commercial Driveway / Alley;332322;2007;A: Disabling Injury;Commercial;50-59;53;No;0-5 mph;O: No Injury;White;Female;Sport Utility;No;No;Daylight;Urban (>70% Developed);;2;Straight - Level;Public Vehicular Area;Dry;Two-Way, Divided, Unprotected Median;None;No Special Feature;Smooth Asphalt;Piedmont;Urban;5 - 15 MPH;No Control Present;Clear;No;35.81719, -80.24265
623;624;Yes;40-49;44;No;With Traffic;C: Possible Injury;Bike Lane / Paved Shoulder;Black;Male;None - Rural Crash;Hoke;No;01-01-07;2007-08-05;Motorist Overtaking Bicyclist;21;Non-Intersection;01-08-01;0001-01-01T16:18:58-04:56;Motorist Overtaking - Other /;321239;2007;C: Possible Injury;Commercial;70+;;No;36-40 mph;O: No Injury;White;Male;Passenger Car;No;No;Dark - Roadway Not Lighted;Mixed (30% To 70% Developed);2 lanes;2;Straight - Grade;US Route;Dry;Two-Way, Not Divided;None;No Special Feature;Smooth Asphalt;Coastal;Rural;40 - 45  MPH;Double Yellow Line, No Passing Zone;Clear;No;34.98241, -79.1918
637;638;No;;;No;With Traffic;C: Possible Injury;Sidewalk / Crosswalk / Driveway Crossing;Black;Male;Elizabeth City;Pasquotank;No;01-01-04;2007-08-09;Parallel Paths - Other Circumstances;0;Non-Intersection;01-08-01;0000-12-31T19:03:58-04:56;Bicyclist Ride Out - Parallel Path;331225;2007;C: Possible Injury;Commercial;30-39;34;No;21-25 mph;O: No Injury;Black;Male;Passenger Car;No;No;Daylight;Urban (>70% Developed);5 lanes;2;Straight - Level;Local Street;Dry;Two-Way, Divided, Unprotected Median;None;No Special Feature;Smooth Asphalt;Coastal;Urban;30 - 35  MPH;No Control Present;Cloudy;No;36.296814, -76.22131
642;643;Yes;50-59;50;No;With Traffic;B: Evident Injury;Bike Lane / Paved Shoulder;Black;Male;Fayetteville;Cumberland;No;01-01-05;2007-08-10;Motorist Overtaking Bicyclist;5;Non-Intersection;01-08-01;0001-01-01T00:06:58-04:56;Motorist Overtaking - Other /;321239;2007;B: Evident Injury;Commercial;40-49;45;No;41-45 mph;O: No Injury;White;Male;Pickup;No;No;Dark - Roadway Not Lighted;Urban (>70% Developed);4 lanes;2;Straight - Level;Local Street;Dry;Two-Way, Divided, Positive Median Barrier;None;No Special Feature;Coarse Asphalt;Coastal;Urban;40 - 45  MPH;No Control Present;Clear;No;35.05947, -78.85149
652;653;No;20-24;20;No;;B: Evident Injury;Non-Roadway;White;Female;Greenville;Pitt;No;;2007-08-13;Non-Roadway;15;Non-Roadway;01-08-01;0001-01-01T10:03:58-04:56;Non-Roadway;460910;2007;B: Evident Injury;Institutional;;;Missing;0-5 mph;Injury;/Missing;;;No;Yes;Daylight;Urban (>70% Developed);1 lane;2;Curve - Level;Public Vehicular Area;Dry;Two-Way, Not Divided;None;Driveway, Public;Smooth Asphalt;Coastal;Urban;5 - 15 MPH;No Control Present;Clear;No;35.606796, -77.36946
654;655;Yes;20-24;20;No;With Traffic;B: Evident Injury;Travel Lane;White;Male;High Point;Guilford;No;;2007-08-13;Bicyclist Failed to Yield - Sign-Controlled Intersection;14;Intersection;01-08-01;0001-01-01T09:25:58-04:56;Bicyclist Ride Through - Sign-Controlled Intersection;111144;2007;B: Evident Injury;Residential;60-69;61;No;21-25 mph;O: No Injury;White;Female;Sport Utility;No;No;Daylight;Urban (>70% Developed);2 lanes;2;Straight - Level;Local Street;Dry;Two-Way, Not Divided;None;T-Intersection;Smooth Asphalt;Piedmont;Urban;30 - 35  MPH;Stop Sign;Clear;No;35.941494, -80.00289
685;686;No;16-19;17;No;With Traffic;C: Possible Injury;Travel Lane;White;Male;None - Rural Crash;Caldwell;No;01-01-03;2007-08-22;Head-On;22;Non-Intersection;01-08-01;0001-01-01T17:13:58-04:56;Head-On - Motorist;311255;2007;C: Possible Injury;Residential;;;Missing;41-45 mph;Injury;/Missing;;;No;Yes;Dark - Roadway Not Lighted;Urban (>70% Developed);2 lanes;2;Curve - Level;State Secondary Route;Dry;Two-Way, Not Divided;None;No Special Feature;Smooth Asphalt;Mountains;Rural;40 - 45  MPH;Double Yellow Line, No Passing Zone;Clear;No;35.810963, -81.51026
687;688;Yes;30-39;32;No;;C: Possible Injury;Travel Lane;Black;Male;Wilson;Wilson;No;01-01-03;2007-08-22;Motorist Failed to Yield - Sign-Controlled Intersection;8;Intersection;01-08-01;0001-01-01T03:55:58-04:56;Motorist Drive Out - Sign-Controlled Intersection;119141;2007;C: Possible Injury;Commercial;40-49;45;No;6-10 mph;O: No Injury;Black;Female;Sport Utility;No;No;Daylight;Urban (>70% Developed);3 lanes;2;Straight - Level;Local Street;Dry;Two-Way, Not Divided;None;Related To Intersection;Coarse Asphalt;Coastal;Urban;5 - 15 MPH;Stop Sign;Clear;No;35.720673, -77.9058
690;691;No;30-39;38;No;With Traffic;B: Evident Injury;Travel Lane;White;Male;None - Rural Crash;Transylvania;No;01-01-04;2007-08-23;Motorist Overtaking Bicyclist;14;Non-Intersection;01-08-01;0001-01-01T09:44:58-04:56;Motorist Overtaking - Misjudged Space;311232;2007;B: Evident Injury;Residential;70+;;No;36-40 mph;O: No Injury;White;Female;Passenger Car;No;No;Daylight;Mixed (30% To 70% Developed);2 lanes;2;Straight - Level;State Secondary Route;Dry;Two-Way, Not Divided;None;No Special Feature;Smooth Asphalt;Mountains;Rural;40 - 45  MPH;Double Yellow Line, No Passing Zone;Cloudy;No;35.234787, -82.70414
691;692;Yes;16-19;17;No;With Traffic;C: Possible Injury;Travel Lane;White;Male;Cary;Wake;No;01-01-04;2007-11-29;Bicyclist Failed to Yield - Signalized Intersection;18;Intersection;01-11-01;0001-01-01T13:25:58-04:56;Bicyclist Ride Through - Signalized Intersection;111155;2007;C: Possible Injury;Commercial;25-29;27;No;31-35 mph;O: No Injury;Hispanic;Female;Sport Utility;No;No;Dark - Lighted Roadway;Urban (>70% Developed);4 lanes;2;Straight - Grade;State Secondary Route;Dry;Two-Way, Divided, Unprotected Median;None;Four-Way Intersection;Smooth Asphalt;Piedmont;Urban;40 - 45  MPH;Stop And Go Signal;Clear;No;35.80254, -78.782936
698;699;No;20-24;22;No;With Traffic;C: Possible Injury;Travel Lane;White;Female;Raleigh;Wake;No;01-01-04;2007-08-23;Motorist Failed to Yield - Sign-Controlled Intersection;20;Intersection;01-08-01;0001-01-01T15:10:58-04:56;Motorist Drive Out - Sign-Controlled Intersection;111141;2007;C: Possible Injury;Residential;30-39;37;No;21-25 mph;O: No Injury;White;Female;Passenger Car;No;No;Dark - Roadway Not Lighted;Urban (>70% Developed);2 lanes;2;Straight - Level;Local Street;Dry;Two-Way, Divided, Unprotected Median;None;Four-Way Intersection;Concrete;Piedmont;Urban;30 - 35  MPH;Stop Sign;Clear;No;35.793137, -78.67304
699;700;Yes;10-Jun;9;No;;C: Possible Injury;Non-Roadway;Black;Female;Charlotte;Mecklenburg;No;01-01-06;2007-12-01;Non-Roadway;15;Non-Roadway;01-12-01;0001-01-01T10:23:58-04:56;Non-Roadway;460910;2007;C: Possible Injury;Residential;20-24;24;No;0-5 mph;O: No Injury;Hispanic;Male;Sport Utility;No;No;Daylight;Urban (>70% Developed);;2;Straight - Level;Public Vehicular Area;Dry;Two-Way, Not Divided;None;No Special Feature;Smooth Asphalt;Piedmont;Urban;20 - 25  MPH;No Control Present;Clear;No;35.304985, -80.84734
707;708;Yes;15-Nov;15;No;With Traffic;B: Evident Injury;Travel Lane;White;Male;None - Rural Crash;New Hanover;No;01-01-03;2007-08-29;Bicyclist Left Turn / Merge;16;Non-Intersection;01-08-01;0001-01-01T11:22:58-04:56;Bicyclist Left Turn - Same Direction;311221;2007;B: Evident Injury;Farms, Woods, Pastures;25-29;29;No;51-55 mph;O: No Injury;White;Male;Sport Utility;No;No;Daylight;Rural (<30% Developed);4 lanes;2;Straight - Level;US Route;Dry;Two-Way, Divided, Unprotected Median;None;No Special Feature;Coarse Asphalt;Coastal;Rural;50 - 55  MPH;No Control Present;Clear;No;34.05103, -77.89979
711;712;Yes;60-69;60;No;With Traffic;A: Disabling Injury;Travel Lane;White;Male;Wilmington;New Hanover;No;01-01-04;2007-08-30;Motorist Overtaking Bicyclist;22;Non-Intersection;01-08-01;0001-01-01T17:38:58-04:56;Motorist Overtaking - Other /;311239;2007;A: Disabling Injury;Commercial;25-29;29;No;41-45 mph;O: No Injury;White;Male;Passenger Car;No;No;Dark - Roadway Not Lighted;Urban (>70% Developed);5 lanes;2;Straight - Level;Local Street;Dry;Two-Way, Not Divided;None;No Special Feature;Smooth Asphalt;Coastal;Urban;40 - 45  MPH;No Control Present;Clear;No;34.209602, -77.839935
713;714;No;30-39;35;No;Facing Traffic;C: Possible Injury;Sidewalk / Crosswalk / Driveway Crossing;Black;Male;Raleigh;Wake;No;01-01-05;2007-08-31;Motorist Failed to Yield - Signalized Intersection;17;Intersection;01-08-01;0001-01-01T12:13:58-04:56;Motorist Drive Out - Right Turn on Red;132151;2007;C: Possible Injury;Commercial;30-39;30;No;0-5 mph;O: No Injury;White;Female;Sport Utility;No;No;Daylight;Urban (>70% Developed);9 or more lanes;2;Straight - Hillcrest;Local Street;Dry;Two-Way, Not Divided;None;Four-Way Intersection;Smooth Asphalt;Piedmont;Urban;30 - 35  MPH;Stop And Go Signal;Clear;No;35.77515, -78.6567