FID;OBJECTID;AmbulanceR;BikeAge_Gr;Bike_Age;Bike_Alc_D;Bike_Dir;Bike_Injur;Bike_Pos;Bike_Race;Bike_Sex;City;County;CrashAlcoh;CrashDay;Crash_Date;Crash_Grp;Crash_Hour;Crash_Loc;Crash_Mont;Crash_Time;Crash_Type;Crash_Ty_1;Crash_Year;Crsh_Sevri;Developmen;DrvrAge_Gr;Drvr_Age;Drvr_Alc_D;Drvr_EstSp;Drvr_Injur;Drvr_Race;Drvr_Sex;Drvr_VehTy;ExcsSpdInd;Hit_Run;Light_Cond;Locality;Num_Lanes;Num_Units;Rd_Charact;Rd_Class;Rd_Conditi;Rd_Config;Rd_Defects;Rd_Feature;Rd_Surface;Region;Rural_Urba;Speed_Limi;Traff_Cntr;Weather;Workzone_I;Location
16;17;Yes;40-49;44;No;With Traffic;C: Possible Injury;Travel Lane;Black;Male;None - Rural Crash;Martin;No;01-01-05;2009-01-09;Motorist Overtaking Bicyclist;17;Non-Intersection;;0001-01-01T13:01:58-04:56;Motorist Overtaking - Bicyclist Swerved;311235;2009;C: Possible Injury;Farms, Woods, Pastures;50-59;58;No;41-45 mph;O: No Injury;Black;Female;Passenger Car;No;No;Dark - Roadway Not Lighted;Rural (<30% Developed);2 lanes;2;Straight - Level;NC Route;Wet;Two-Way, Not Divided;None;No Special Feature;Coarse Asphalt;Coastal;Rural;50 - 55  MPH;Double Yellow Line, No Passing Zone;Cloudy;No;36.023735, -77.379196
17;18;No;20-24;24;No;With Traffic;C: Possible Injury;Travel Lane;White;Male;Charlotte;Mecklenburg;No;;2009-01-12;Motorist Left Turn / Merge;7;Intersection;;0001-01-01T02:59:58-04:56;Motorist Left Turn - Opposite Direction;111212;2009;C: Possible Injury;Residential;25-29;29;No;0-5 mph;O: No Injury;White;Male;Passenger Car;No;No;Daylight;Urban (>70% Developed);4 lanes;2;Straight - Level;Local Street;Dry;Two-Way, Not Divided;None;T-Intersection;Smooth Asphalt;Piedmont;Urban;30 - 35  MPH;Stop Sign;Clear;No;35.216675, -80.8211
28;29;Yes;40-49;48;No;With Traffic;B: Evident Injury;Travel Lane;Black;Male;None - Rural Crash;Anson;No;01-01-05;2009-01-23;Motorist Overtaking Bicyclist;8;Non-Intersection;;0001-01-01T03:03:58-04:56;Motorist Overtaking - Undetected Bicyclist;311231;2009;B: Evident Injury;Farms, Woods, Pastures;60-69;63;No;51-55 mph;O: No Injury;White;Male;Tractor/Semi-Trailer;No;No;Daylight;Rural (<30% Developed);4 lanes;2;Straight - Level;US Route;Dry;Two-Way, Divided, Unprotected Median;None;No Special Feature;Smooth Asphalt;Piedmont;Rural;50 - 55  MPH;No Control Present;Clear;No;34.98934, -80.155876
31;32;Yes;16-19;18;No;Not Applicable;B: Evident Injury;Non-Roadway;Black;Male;None - Rural Crash;Cumberland;No;01-01-04;2009-02-19;Crossing Paths - Other Circumstances;17;Intersection;01-02-01;0001-01-01T12:38:58-04:56;Crossing Paths - Uncontrolled Intersection;163160;2009;B: Evident Injury;Residential;50-59;54;Missing;41-45 mph;O: No Injury;Black;Female;Pickup;No;No;Dark - Roadway Not Lighted;Urban (>70% Developed);2 lanes;2;Straight - Level;State Secondary Route;Dry;Two-Way, Not Divided;None;T-Intersection;Coarse Asphalt;Coastal;Rural;40 - 45  MPH;Stop Sign;Clear;No;35.144928, -78.91045
32;33;Yes;40-49;49;No;With Traffic;B: Evident Injury;Travel Lane;Black;Male;Charlotte;Mecklenburg;No;01-01-04;2009-01-29;Motorist Failed to Yield - Sign-Controlled Intersection;10;Intersection;;0001-01-01T05:24:58-04:56;Motorist Drive Through - Sign-Controlled Intersection;111143;2009;B: Evident Injury;Residential;;;Missing;21-25 mph;Injury;/Missing;;;No;Yes;Daylight;Urban (>70% Developed);2 lanes;2;Straight - Level;Local Street;Dry;Two-Way, Not Divided;None;No Special Feature;Smooth Asphalt;Piedmont;Urban;20 - 25  MPH;Stop Sign;Clear;No;35.23086, -80.81706
33;34;Yes;70+;;No;With Traffic;A: Disabling Injury;Travel Lane;White;Male;None - Rural Crash;Currituck;No;01-01-05;2009-02-06;Bicyclist Failed to Yield - Midblock;14;Non-Intersection;01-02-01;0001-01-01T09:33:58-04:56;Bicyclist Ride Out - Midblock -;311319;2009;A: Disabling Injury;Residential;25-29;29;No;0-5 mph;O: No Injury;White;Male;Sport Utility;No;No;Daylight;Mixed (30% To 70% Developed);2 lanes;2;Curve - Grade;Public Vehicular Area;Dry;Two-Way, Not Divided;None;Driveway, Private;Coarse Asphalt;Coastal;Rural;;No Control Present;Clear;No;36.34932, -75.82227
34;35;Yes;40-49;49;Yes;Facing Traffic;O: No Injury;Sidewalk / Crosswalk / Driveway Crossing;Black;Male;Raleigh;Wake;Yes;01-01-05;2009-01-09;Motorist Failed to Yield - Signalized Intersection;20;Intersection;;0001-01-01T15:32:58-04:56;Motorist Drive Out - Signalized Intersection;132152;2009;O: No Injury;Commercial;20-24;24;No;31-35 mph;O: No Injury;White;Male;Passenger Car;No;No;Dark - Lighted Roadway;Urban (>70% Developed);2 lanes;2;Straight - Level;Local Street;Dry;Two-Way, Not Divided;None;No Special Feature;Smooth Asphalt;Piedmont;Urban;30 - 35  MPH;Stop And Go Signal;Clear;No;35.780838, -78.647606
35;36;Yes;10-Jun;9;No;With Traffic;B: Evident Injury;Travel Lane;White;Female;Cary;Wake;No;01-01-04;2009-02-26;Bicyclist Failed to Yield - Sign-Controlled Intersection;16;Intersection;01-02-01;0001-01-01T12:01:58-04:56;Bicyclist Ride Through - Sign-Controlled Intersection;111144;2009;B: Evident Injury;Residential;20-24;22;No;21-25 mph;O: No Injury;Black;Male;Passenger Car;No;No;Daylight;Mixed (30% To 70% Developed);1 lane;2;Straight - Level;Local Street;Dry;Two-Way, Not Divided;None;T-Intersection;Smooth Asphalt;Piedmont;Urban;20 - 25  MPH;Stop Sign;Clear;No;35.82186, -78.88707
36;37;Yes;20-24;20;No;Not Applicable;B: Evident Injury;Non-Roadway;Black;Male;Raleigh;Wake;No;01-01-06;2009-01-24;Non-Roadway;16;Non-Roadway;;0001-01-01T11:49:58-04:56;Non-Roadway;460910;2009;B: Evident Injury;Residential;30-39;35;No;16-20 mph;O: No Injury;Black;Male;Passenger Car;No;No;Daylight;Urban (>70% Developed);;2;Straight - Level;Public Vehicular Area;Dry;Two-Way, Not Divided;None;No Special Feature;Smooth Asphalt;Piedmont;Urban;5 - 15 MPH;No Control Present;Clear;No;35.89806, -78.807625
39;40;No;20-24;24;No;With Traffic;C: Possible Injury;Travel Lane;Black;Male;Wallace;Duplin;No;01-01-06;2009-02-07;Motorist Overtaking Bicyclist;12;Intersection;01-02-01;0001-01-01T07:43:58-04:56;Motorist Overtaking - Bicyclist Swerved;111235;2009;C: Possible Injury;Commercial;60-69;64;No;26-30 mph;O: No Injury;Black;Female;Passenger Car;No;No;Daylight;Mixed (30% To 70% Developed);2 lanes;2;Straight - Level;State Secondary Route;Dry;Two-Way, Divided, Unprotected Median;None;Four-Way Intersection;Coarse Asphalt;Coastal;Rural;30 - 35  MPH;No Control Present;Clear;No;34.73573, -77.99819
46;47;No;40-49;43;No;With Traffic;C: Possible Injury;Travel Lane;Native American;Male;None - Rural Crash;Robeson;No;01-01-04;2009-03-05;Motorist Overtaking Bicyclist;17;Non-Intersection;01-03-01;0001-01-01T12:46:58-04:56;Motorist Overtaking - Undetected Bicyclist;311231;2009;C: Possible Injury;Residential;25-29;26;No;51-55 mph;O: No Injury;Black;Female;Sport Utility;No;No;Daylight;Mixed (30% To 70% Developed);2 lanes;2;Straight - Level;NC Route;Dry;Two-Way, Not Divided;None;No Special Feature;Coarse Asphalt;Coastal;Rural;50 - 55  MPH;No Control Present;Clear;No;34.848984, -79.128204
50;51;Yes;20-24;24;No;Facing Traffic;C: Possible Injury;Sidewalk / Crosswalk / Driveway Crossing;Black;Male;Concord;Cabarrus;No;01-01-02;2009-02-17;Motorist Failed to Yield - Midblock;15;Non-Intersection;01-02-01;0001-01-01T10:28:58-04:56;Motorist Drive Out - Commercial Driveway / Alley;332322;2009;C: Possible Injury;Commercial;70+;;No;0-5 mph;O: No Injury;White;Male;Pickup;No;No;Daylight;Urban (>70% Developed);4 lanes;2;Straight - Level;US Route;Dry;Two-Way, Divided, Unprotected Median;None;T-Intersection;Coarse Asphalt;Piedmont;Urban;40 - 45  MPH;No Control Present;Clear;No;35.3951, -80.614944
51;52;Yes;50-59;58;No;With Traffic;A: Disabling Injury;Travel Lane;White;Male;Winston-Salem;Forsyth;No;01-01-06;2009-02-21;Motorist Overtaking Bicyclist;19;Non-Intersection;01-02-01;0001-01-01T14:42:58-04:56;Motorist Overtaking - Other /;311239;2009;A: Disabling Injury;Commercial;50-59;51;No;31-35 mph;O: No Injury;White;Female;Passenger Car;No;No;Dark - Lighted Roadway;Urban (>70% Developed);4 lanes;2;Straight - Level;Local Street;Dry;Two-Way, Not Divided;None;No Special Feature;Smooth Asphalt;Piedmont;Urban;30 - 35  MPH;No Control Present;Clear;No;36.079838, -80.33576
54;55;Yes;50-59;52;No;Facing Traffic;B: Evident Injury;Travel Lane;Black;Male;Matthews;Mecklenburg;No;;2009-02-23;Motorist Failed to Yield - Sign-Controlled Intersection;15;Intersection;01-02-01;0001-01-01T10:58:58-04:56;Motorist Drive Out - Sign-Controlled Intersection;112141;2009;B: Evident Injury;Commercial;30-39;34;No;0-5 mph;O: No Injury;White;Male;Passenger Car;No;No;Daylight;Urban (>70% Developed);4 lanes;2;Straight - Grade;NC Route;Dry;Two-Way, Divided, Unprotected Median;None;T-Intersection;Smooth Asphalt;Piedmont;Urban;20 - 25  MPH;Stop Sign;Clear;No;35.12397, -80.708176
76;77;Yes;10-Jun;9;No;Not Applicable;B: Evident Injury;Multi-use Path;Black;Male;Charlotte;Mecklenburg;No;01-01-02;2009-03-17;Bicyclist Failed to Yield - Midblock;17;Non-Intersection;01-03-01;0001-01-01T12:42:58-04:56;Bicyclist Ride Out - Other Midblock;343318;2009;B: Evident Injury;Residential;60-69;69;No;16-20 mph;O: No Injury;White;Female;Van;No;No;Daylight;Urban (>70% Developed);2 lanes;2;Straight - Level;Local Street;Dry;Two-Way, Not Divided;None;No Special Feature;Smooth Asphalt;Piedmont;Urban;20 - 25  MPH;No Control Present;Clear;No;35.381763, -80.77205
83;84;Yes;16-19;19;No;;B: Evident Injury;;White;Male;Andrews;Cherokee;No;01-01-05;2009-03-06;Other /  - Insufficient Details;19;Location;01-03-01;0001-01-01T14:21:58-04:56;Location;999980;2009;B: Evident Injury;Commercial;30-39;30;No;31-35 mph;O: No Injury;White;Male;Passenger Car;No;No;Dark - Lighted Roadway;Mixed (30% To 70% Developed);3 lanes;2;Straight - Level;US Route;Dry;Two-Way, Not Divided;None;No Special Feature;Smooth Asphalt;Mountains;Rural;30 - 35  MPH;No Control Present;Clear;No;35.200768, -83.83379
84;85;Yes;40-49;47;No;With Traffic;B: Evident Injury;Travel Lane;Black;Male;Durham;Durham;No;01-01-06;2009-04-04;Motorist Overtaking Bicyclist;3;Intersection;01-04-01;0000-12-31T22:33:58-04:56;Motorist Overtaking - Other /;111239;2009;B: Evident Injury;Residential;;;Missing;11-15 mph;Injury;/Missing;;Passenger Car;No;Yes;Dark - Lighted Roadway;Urban (>70% Developed);2 lanes;2;Straight - Level;Local Street;Dry;Two-Way, Not Divided;None;No Special Feature;Concrete;Piedmont;Urban;30 - 35  MPH;Stop And Go Signal;Clear;No;36.00718, -78.88549
86;87;No;20-24;24;No;With Traffic;B: Evident Injury;Travel Lane;White;Male;Greensboro;Guilford;No;01-01-03;2009-03-25;Motorist Left Turn / Merge;15;Intersection;01-03-01;0001-01-01T10:24:58-04:56;Motorist Left Turn - Opposite Direction;111212;2009;B: Evident Injury;Residential;60-69;60;No;11-15 mph;O: No Injury;White;Male;Single Unit Truck (2-Axle, 6-Tire);No;No;Daylight;Urban (>70% Developed);7 lanes;2;Straight - Level;Local Street;Wet;Two-Way, Not Divided;None;T-Intersection;Smooth Asphalt;Piedmont;Urban;30 - 35  MPH;Stop And Go Signal;Rain;No;36.053383, -79.84245
90;91;No;10-Jun;10;No;Not Applicable;C: Possible Injury;Driveway / Alley;White;Male;None - Rural Crash;Caldwell;No;01-01-05;2009-04-03;Non-Roadway;18;Non-Roadway;01-04-01;0001-01-01T13:05:58-04:56;Non-Roadway;450910;2009;C: Possible Injury;Residential;30-39;33;No;0-5 mph;O: No Injury;White;Female;Van;No;No;Daylight;Rural (<30% Developed);1 lane;2;Straight - Grade;Private Road, Driveway;Dry;One-Way, Not Divided;None;Driveway, Public;Gravel;Mountains;Rural;5 - 15 MPH;No Control Present;Clear;No;35.827843, -81.58072
94;95;Yes;15-Nov;12;No;Facing Traffic;C: Possible Injury;Travel Lane;White;Male;Raleigh;Wake;No;01-01-05;2009-02-27;Crossing Paths - Other Circumstances;17;Intersection;01-02-01;0001-01-01T12:44:58-04:56;Sign-Controlled Intersection - Other /;112148;2009;C: Possible Injury;Residential;50-59;56;No;21-25 mph;O: No Injury;Black;Female;Passenger Car;No;No;Dusk;Urban (>70% Developed);2 lanes;2;Curve - Grade;Local Street;Dry;Two-Way, Not Divided;Other;T-Intersection;Coarse Asphalt;Piedmont;Urban;20 - 25  MPH;Stop Sign;Cloudy;No;35.807587, -78.550545
97;98;No;20-24;21;No;Facing Traffic;O: No Injury;Travel Lane;Black;Male;Washington;Beaufort;No;01-01-04;2009-03-19;Motorist Overtaking Bicyclist;16;Non-Intersection;01-03-01;0001-01-01T11:34:58-04:56;Motorist Overtaking - Other /;312239;2009;O: No Injury;Residential;50-59;53;No;6-10 mph;O: No Injury;Black;Female;Passenger Car;No;No;Daylight;Urban (>70% Developed);1 lane;2;Straight - Level;Local Street;Dry;Two-Way, Not Divided;None;No Special Feature;Coarse Asphalt;Coastal;Urban;30 - 35  MPH;No Control Present;Clear;No;35.55009, -77.055565
98;99;Yes;15-Nov;15;No;Facing Traffic;B: Evident Injury;Travel Lane;Black;Male;Charlotte;Mecklenburg;No;01-01-03;2009-04-01;Crossing Paths - Other Circumstances;20;Intersection;01-04-01;0001-01-01T15:30:58-04:56;Sign-Controlled Intersection - Other /;112148;2009;B: Evident Injury;Commercial;;;Missing;6-10 mph;Injury;/Missing;;;No;Yes;Dark - Lighted Roadway;Mixed (30% To 70% Developed);2 lanes;2;Straight - Level;Local Street;Dry;Two-Way, Not Divided;None;Four-Way Intersection;Smooth Asphalt;Piedmont;Urban;30 - 35  MPH;No Control Present;Clear;No;35.280754, -80.793785
472;473;Yes;10-Jun;7;No;Facing Traffic;B: Evident Injury;Travel Lane;White;Male;None - Rural Crash;Johnston;No;01-01-04;2010-07-29;Bicyclist Right Turn / Merge;18;Non-Intersection;01-07-01;0001-01-01T13:25:58-04:56;Bicyclist Right Turn - Same Direction;0;2010;B: Evident Injury;Residential;30-39;37;No;31-35 mph;O: No Injury;Black;Male;Pickup;No;No;Daylight;Rural (<30% Developed);2 lanes;2;Straight - Level;State Secondary Route;Dry;Two-Way, Not Divided;None;Driveway, Private;Coarse Asphalt;Coastal;Rural;50 - 55  MPH;No Control Present;Clear;No;35.43395, -78.52864
474;475;No;40-49;40;No;With Traffic;C: Possible Injury;Travel Lane;White;Male;Wilson;Wilson;No;01-01-04;2010-06-17;Loss of Control / Turning Error;18;Intersection-Related;01-06-01;0001-01-01T13:03:58-04:56;Motorist Turning Error - Left Turn;0;2010;C: Possible Injury;Residential;;;Missing;;Injury;/Missing;;;No;Yes;Daylight;Urban (>70% Developed);2 lanes;2;Straight - Level;Local Street;Dry;Two-Way, Not Divided;None;No Special Feature;Coarse Asphalt;Coastal;Urban;30 - 35  MPH;No Control Present;Clear;No;35.73018, -77.89736
482;483;Yes;15-Nov;12;No;With Traffic;B: Evident Injury;Travel Lane;Native American;Male;None - Rural Crash;Hoke;No;01-01-06;2010-07-31;Bicyclist Failed to Yield - Sign-Controlled Intersection;18;Intersection;01-07-01;0001-01-01T13:20:58-04:56;Bicyclist Ride Through - Sign-Controlled Intersection;0;2010;B: Evident Injury;Farms, Woods, Pastures;25-29;25;No;31-35 mph;O: No Injury;White;Female;Sport Utility;No;No;Daylight;Rural (<30% Developed);2 lanes;2;Straight - Level;State Secondary Route;Dry;Two-Way, Not Divided;None;No Special Feature;Smooth Asphalt;Coastal;Rural;40 - 45  MPH;No Control Present;Cloudy;No;34.98725, -79.16547
483;484;No;50-59;52;Yes;With Traffic;O: No Injury;Travel Lane;White;Male;None - Rural Crash;Currituck;Yes;;2010-08-02;Bicyclist Left Turn / Merge;20;Non-Intersection;01-08-01;0001-01-01T15:48:58-04:56;Bicyclist Left Turn - Same Direction;0;2010;O: No Injury;Residential;30-39;30;No;41-45 mph;O: No Injury;Black;Female;Passenger Car;No;No;Dark - Roadway Not Lighted;Rural (<30% Developed);2 lanes;2;Straight - Level;State Secondary Route;Dry;Two-Way, Not Divided;None;No Special Feature;Smooth Asphalt;Coastal;Rural;50 - 55  MPH;Double Yellow Line, No Passing Zone;Clear;No;36.254223, -75.881905
488;489;Yes;16-19;18;No;Facing Traffic;C: Possible Injury;Sidewalk / Crosswalk / Driveway Crossing;Black;Male;Charlotte;Mecklenburg;No;01-01-07;2010-07-25;Motorist Failed to Yield - Midblock;21;Non-Intersection;01-07-01;0001-01-01T16:43:58-04:56;Motorist Drive Out - Commercial Driveway / Alley;0;2010;C: Possible Injury;Commercial;25-29;28;No;0-5 mph;O: No Injury;Asian;Male;Passenger Car;No;No;Dark -  Lighting;Urban (>70% Developed);;2;Straight - Level;Local Street;Wet;Two-Way, Not Divided;None;No Special Feature;Smooth Asphalt;Piedmont;Urban;5 - 15 MPH;No Control Present;Rain;No;35.203293, -80.743355
489;490;No;30-39;39;No;With Traffic;B: Evident Injury;Travel Lane;White;Male;None - Rural Crash;Wake;No;01-01-02;2010-08-03;Motorist Right Turn / Merge;18;Intersection-Related;01-08-01;0001-01-01T13:28:58-04:56;Motorist Right Turn - Same Direction;0;2010;B: Evident Injury;Farms, Woods, Pastures;50-59;58;No;41-45 mph;O: No Injury;Black;Female;Passenger Car;No;No;Daylight;Mixed (30% To 70% Developed);2 lanes;2;Straight - Hillcrest;State Secondary Route;Dry;Two-Way, Not Divided;None;T-Intersection;Smooth Asphalt;Piedmont;Rural;40 - 45  MPH;Stop Sign;Clear;No;35.775204, -78.919136
501;502;Yes;40-49;46;No;With Traffic;B: Evident Injury;Travel Lane;White;Male;None - Rural Crash;Davidson;No;01-01-06;2010-08-07;Motorist Failed to Yield - Midblock;11;Non-Intersection;01-08-01;0001-01-01T06:29:58-04:56;Motorist Drive Out - Other Midblock;0;2010;B: Evident Injury;Farms, Woods, Pastures;0-19;19;No;0-5 mph;O: No Injury;White;Female;Passenger Car;No;No;Daylight;Rural (<30% Developed);2 lanes;2;Straight - Grade;State Secondary Route;Dry;Two-Way, Not Divided;None;Driveway, Private;Smooth Asphalt;Piedmont;Rural;40 - 45  MPH;Double Yellow Line, No Passing Zone;Clear;No;35.97599, -80.2505
508;509;Yes;30-39;36;No;Facing Traffic;B: Evident Injury;Sidewalk / Crosswalk / Driveway Crossing;Black;Male;Raleigh;Wake;No;01-01-03;2010-07-21;Motorist Failed to Yield - Sign-Controlled Intersection;9;Intersection;01-07-01;0001-01-01T04:22:58-04:56;Motorist Drive Out - Sign-Controlled Intersection;0;2010;B: Evident Injury;Residential;60-69;62;No;0-5 mph;O: No Injury;White;Female;Passenger Car;No;No;Daylight;Urban (>70% Developed);2 lanes;2;Straight - Grade;Local Street;Dry;Two-Way, Not Divided;None;T-Intersection;Smooth Asphalt;Piedmont;Urban;30 - 35  MPH;Stop Sign;Clear;No;35.87336, -78.689766
517;518;Yes;40-49;46;No;With Traffic;B: Evident Injury;Travel Lane;White;Male;None - Rural Crash;Davidson;No;01-01-02;2010-08-10;Backing Vehicle;16;Non-Intersection;01-08-01;0001-01-01T11:51:58-04:56;Backing Vehicle;0;2010;B: Evident Injury;Residential;0-19;17;No;6-10 mph;O: No Injury;White;Male;Pickup;No;No;Daylight;Rural (<30% Developed);2 lanes;2;Straight - Level;State Secondary Route;Dry;Two-Way, Not Divided;None;No Special Feature;Smooth Asphalt;Piedmont;Rural;40 - 45  MPH;Double Yellow Line, No Passing Zone;Clear;No;35.945763, -80.25821
530;531;No;40-49;42;No;With Traffic;B: Evident Injury;Travel Lane;White;Male;Raleigh;Wake;No;01-01-03;2010-07-28;Motorist Left Turn / Merge;17;Intersection;01-07-01;0001-01-01T12:38:58-04:56;Motorist Left Turn - Opposite Direction;0;2010;B: Evident Injury;Commercial;40-49;47;No;31-35 mph;O: No Injury;Black;Female;Passenger Car;No;No;Daylight;Urban (>70% Developed);2 lanes;2;Straight - Level;Local Street;Dry;Two-Way, Not Divided;None;No Special Feature;Smooth Asphalt;Piedmont;Urban;30 - 35  MPH;Stop And Go Signal;Clear;No;35.78894, -78.68632
537;538;No;16-19;19;No;Facing Traffic;O: No Injury;Sidewalk / Crosswalk / Driveway Crossing;Black;Male;Charlotte;Mecklenburg;No;01-01-03;2010-08-04;Motorist Failed to Yield - Sign-Controlled Intersection;15;Intersection;01-08-01;0001-01-01T10:21:58-04:56;Motorist Drive Out - Sign-Controlled Intersection;0;2010;O: No Injury;Commercial;;;Missing;6-10 mph;Injury;/Missing;;;No;Yes;Daylight;Urban (>70% Developed);2 lanes;2;Straight - Level;Local Street;Dry;Two-Way, Divided, Unprotected Median;None;Four-Way Intersection;Concrete;Piedmont;Urban;5 - 15 MPH;Stop Sign;Clear;No;35.3423, -80.76881
538;539;No;25-29;25;No;With Traffic;B: Evident Injury;Bike Lane / Paved Shoulder;White;Male;Charlotte;Mecklenburg;No;01-01-04;2010-08-05;Motorist Left Turn / Merge;23;Non-Intersection;01-08-01;0001-01-01T18:59:58-04:56;Motorist Left Turn - Same Direction;0;2010;B: Evident Injury;Commercial;20-24;22;No;21-25 mph;O: No Injury;White;Female;Passenger Car;No;No;Dark - Lighted Roadway;Urban (>70% Developed);3 lanes;2;Straight - Level;Local Street;Dry;One-Way, Not Divided;None;No Special Feature;Smooth Asphalt;Piedmont;Urban;30 - 35  MPH;Other;Clear;No;35.228203, -80.83928
539;540;Yes;15-Nov;12;No;Not Applicable;B: Evident Injury;Driveway / Alley;White;Male;None - Rural Crash;Guilford;No;;2010-08-16;Bicyclist Failed to Yield - Midblock;14;Non-Intersection;01-08-01;0001-01-01T09:07:58-04:56;Bicyclist Ride Out - Residential Driveway;0;2010;B: Evident Injury;Residential;40-49;40;No;31-35 mph;O: No Injury;Black;Male;Passenger Car;No;No;Daylight;Mixed (30% To 70% Developed);2 lanes;2;Straight - Level;State Secondary Route;Dry;Two-Way, Not Divided;None;Driveway, Private;Smooth Asphalt;Piedmont;Rural;30 - 35  MPH;No Control Present;Clear;No;36.20027, -79.659294
540;541;Yes;15-Nov;15;No;With Traffic;B: Evident Injury;Sidewalk / Crosswalk / Driveway Crossing;Black;Male;Apex;Wake;No;01-01-05;2010-08-06;Loss of Control / Turning Error;14;Intersection-Related;01-08-01;0001-01-01T10:00:58-04:56;Motorist Lost Control - Other /;0;2010;B: Evident Injury;Residential;30-39;35;No;16-20 mph;O: No Injury;White;Male;Passenger Car;No;No;Daylight;Urban (>70% Developed);2 lanes;2;Straight - Level;Local Street;Dry;Two-Way, Not Divided;None;No Special Feature;Smooth Asphalt;Piedmont;Urban;20 - 25  MPH;No Control Present;Clear;No;35.72504, -78.85729
546;547;Yes;30-39;37;No;With Traffic;B: Evident Injury;Sidewalk / Crosswalk / Driveway Crossing;White;Female;Greensboro;Guilford;No;01-01-06;2010-08-07;Motorist Left Turn / Merge;10;Intersection;01-08-01;0001-01-01T05:05:58-04:56;Motorist Left Turn - Opposite Direction;0;2010;B: Evident Injury;Residential;20-24;23;No;11-15 mph;O: No Injury;White;Male;Pickup;No;No;Daylight;Urban (>70% Developed);5 lanes;2;Straight - Grade;Local Street;Dry;Two-Way, Not Divided;None;No Special Feature;Smooth Asphalt;Piedmont;Urban;30 - 35  MPH;Stop And Go Signal;Clear;No;36.038662, -79.90676
549;550;Yes;16-19;17;No;With Traffic;A: Disabling Injury;Travel Lane;White;Male;None - Rural Crash;Carteret;No;;2010-08-16;Motorist Overtaking Bicyclist;1;Non-Intersection;01-08-01;0000-12-31T20:03:58-04:56;Motorist Overtaking - Undetected Bicyclist;0;2010;A: Disabling Injury;Farms, Woods, Pastures;25-29;28;No;51-55 mph;O: No Injury;White;Male;Passenger Car;No;No;Dark - Roadway Not Lighted;Rural (<30% Developed);4 lanes;2;Curve - Level;US Route;Dry;Two-Way, Divided, Unprotected Median;None;No Special Feature;Coarse Asphalt;Coastal;Rural;50 - 55  MPH;No Control Present;Clear;No;34.85339, -76.8917
550;551;Yes;40-49;46;No;With Traffic;B: Evident Injury;Travel Lane;White;Male;Pineville;Mecklenburg;No;01-01-06;2010-07-17;Motorist Left Turn / Merge;11;Non-Intersection;01-07-01;0001-01-01T06:55:58-04:56;Motorist Left Turn - Opposite Direction;0;2010;B: Evident Injury;Commercial;40-49;48;No;0-5 mph;O: No Injury;White;Female;Passenger Car;No;No;Daylight;Urban (>70% Developed);2 lanes;2;Curve - Level;Local Street;Dry;Two-Way, Not Divided;None;Driveway, Public;Smooth Asphalt;Piedmont;Rural;30 - 35  MPH;No Control Present;Clear;No;35.094666, -80.867096
551;552;No;25-29;29;No;Facing Traffic;O: No Injury;Travel Lane;Hispanic;Male;Charlotte;Mecklenburg;No;01-01-03;2010-08-04;Motorist Failed to Yield - Sign-Controlled Intersection;16;Intersection;01-08-01;0001-01-01T11:54:58-04:56;Motorist Drive Out - Sign-Controlled Intersection;0;2010;O: No Injury;Residential;40-49;49;No;6-10 mph;O: No Injury;Black;Female;Van;No;No;Daylight;Urban (>70% Developed);2 lanes;2;Straight - Level;Local Street;Dry;Two-Way, Not Divided;None;T-Intersection;Smooth Asphalt;Piedmont;Urban;30 - 35  MPH;Stop Sign;Clear;No;35.233776, -80.7746
556;557;No;16-19;18;No;With Traffic;B: Evident Injury;Travel Lane;Black;Male;Asheville;Buncombe;No;01-01-04;2010-07-29;Bicyclist Failed to Yield - Sign-Controlled Intersection;19;Intersection;01-07-01;0001-01-01T14:42:58-04:56;Bicyclist Ride Through - Sign-Controlled Intersection;0;2010;B: Evident Injury;Residential;30-39;33;No;21-25 mph;O: No Injury;White;Female;Sport Utility;No;No;Daylight;Urban (>70% Developed);2 lanes;2;Straight - Hillcrest;Local Street;Dry;Two-Way, Not Divided;None;T-Intersection;Coarse Asphalt;Mountains;Urban;20 - 25  MPH;Stop Sign;Clear;No;35.570244, -82.57835
558;559;No;16-19;17;No;With Traffic;O: No Injury;Travel Lane;White;Male;None - Rural Crash;Orange;No;;2010-08-02;Bicyclist Left Turn / Merge;17;Non-Intersection;01-08-01;0001-01-01T12:48:58-04:56;Bicyclist Left Turn - Same Direction;0;2010;O: No Injury;Residential;25-29;26;No;36-40 mph;O: No Injury;Black;Female;Van;No;No;Daylight;Rural (<30% Developed);2 lanes;2;Curve - Level;State Secondary Route;Dry;Two-Way, Not Divided;None;No Special Feature;Coarse Asphalt;Piedmont;Rural;40 - 45  MPH;Double Yellow Line, No Passing Zone;Clear;No;36.092537, -79.214294