FID;OBJECTID;AmbulanceR;BikeAge_Gr;Bike_Age;Bike_Alc_D;Bike_Dir;Bike_Injur;Bike_Pos;Bike_Race;Bike_Sex;City;County;CrashAlcoh;CrashDay;Crash_Date;Crash_Grp;Crash_Hour;Crash_Loc;Crash_Mont;Crash_Time;Crash_Type;Crash_Ty_1;Crash_Year;Crsh_Sevri;Developmen;DrvrAge_Gr;Drvr_Age;Drvr_Alc_D;Drvr_EstSp;Drvr_Injur;Drvr_Race;Drvr_Sex;Drvr_VehTy;ExcsSpdInd;Hit_Run;Light_Cond;Locality;Num_Lanes;Num_Units;Rd_Charact;Rd_Class;Rd_Conditi;Rd_Config;Rd_Defects;Rd_Feature;Rd_Surface;Region;Rural_Urba;Speed_Limi;Traff_Cntr;Weather;Workzone_I;Location
947;948;No;;;Missing;With Traffic;Injury;Travel Lane;/Missing;;None - Rural Crash;Pitt;No;01-01-04;2007-11-29;Motorist Overtaking Bicyclist;18;Non-Intersection;01-11-01;0001-01-01T13:38:58-04:56;Motorist Overtaking - Other /;311239;2007;O: No Injury;Farms, Woods, Pastures;40-49;41;No;51-55 mph;O: No Injury;White;Female;Passenger Car;No;No;Dark - Roadway Not Lighted;Rural (<30% Developed);2 lanes;2;Straight - Level;State Secondary Route;Dry;Two-Way, Not Divided;None;No Special Feature;Smooth Asphalt;Coastal;Rural;50 - 55  MPH;Double Yellow Line, No Passing Zone;Clear;No;35.492966, -77.35381
953;954;Yes;40-49;45;No;;B: Evident Injury;Travel Lane;White;Male;None - Rural Crash;Brunswick;No;01-01-06;2007-12-01;Non-Roadway;19;Non-Roadway;01-12-01;0001-01-01T14:45:58-04:56;Non-Roadway;410910;2007;B: Evident Injury;Commercial;30-39;39;No;0-5 mph;O: No Injury;White;Male;Sport Utility;No;No;Dark - Lighted Roadway;Urban (>70% Developed);;2;Straight - Level;Public Vehicular Area;Dry;Two-Way, Not Divided;None;Driveway, Public;Smooth Asphalt;Coastal;Rural;5 - 15 MPH;No Control Present;Clear;No;33.9515, -78.0494
958;959;Yes;40-49;44;No;With Traffic;B: Evident Injury;Travel Lane;Black;Male;Wilmington;New Hanover;No;;2007-12-03;Motorist Overtaking Bicyclist;17;Non-Intersection;01-12-01;0001-01-01T12:34:58-04:56;Motorist Overtaking - Other /;311239;2007;B: Evident Injury;Commercial;50-59;52;No;31-35 mph;O: No Injury;Black;Female;Sport Utility;No;No;Dark - Lighted Roadway;Urban (>70% Developed);5 lanes;2;Straight - Level;Local Street;Dry;Two-Way, Divided, Unprotected Median;None;No Special Feature;Smooth Asphalt;Coastal;Urban;30 - 35  MPH;No Control Present;Clear;No;34.224167, -77.92188
959;960;Yes;10-Jun;8;No;;B: Evident Injury;;Black;Female;Rocky Mount;Nash;No;01-01-02;2007-12-04;Bicyclist Failed to Yield - Midblock;16;Non-Intersection;01-12-01;0001-01-01T11:51:58-04:56;Bicyclist Ride Out - Midblock -;399319;2007;B: Evident Injury;Residential;50-59;56;No;26-30 mph;O: No Injury;Black;Female;Passenger Car;No;No;Dusk;Urban (>70% Developed);2 lanes;2;Straight - Level;Local Street;Dry;Two-Way, Not Divided;None;Driveway, Private;Smooth Asphalt;Coastal;Urban;40 - 45  MPH;No Control Present;Clear;No;35.967342, -77.87576
968;969;Yes;;;No;Facing Traffic;B: Evident Injury;Travel Lane;White;Female;Manteo;Dare;No;01-01-07;2007-12-09;Crossing Paths - Other Circumstances;10;Intersection;01-12-01;0001-01-01T05:52:58-04:56;Signalized Intersection - Other /;112158;2007;B: Evident Injury;Industrial;40-49;48;No;;O: No Injury;White;Female;Passenger Car;No;No;Daylight;Urban (>70% Developed);2 lanes;2;Straight - Level;Local Street;Dry;Two-Way, Not Divided;None;Four-Way Intersection;Coarse Asphalt;Coastal;Rural;20 - 25  MPH;Stop And Go Signal;Clear;No;35.902058, -75.67151
971;972;No;30-39;31;No;With Traffic;C: Possible Injury;Travel Lane;White;Male;Raleigh;Wake;No;;2007-12-10;Motorist Failed to Yield - Sign-Controlled Intersection;20;Intersection;01-12-01;0001-01-01T15:56:58-04:56;Motorist Drive Out - Sign-Controlled Intersection;111141;2007;C: Possible Injury;Commercial;20-24;21;No;0-5 mph;O: No Injury;Asian;Male;Passenger Car;No;No;Dark - Lighted Roadway;Urban (>70% Developed);2 lanes;2;Straight - Level;Local Street;Dry;Two-Way, Divided, Positive Median Barrier;None;Traffic Circle/Roundabout;Smooth Asphalt;Piedmont;Urban;20 - 25  MPH;Yield Sign;Clear;No;35.784557, -78.664345
977;978;No;60-69;65;No;Not Applicable;B: Evident Injury;Non-Roadway;Black;Male;Wilson;Wilson;No;01-01-05;2007-12-14;Bicyclist Failed to Yield - Midblock;18;Non-Intersection;01-12-01;0001-01-01T13:20:58-04:56;Bicyclist Ride Out - Commercial Driveway / Alley;363312;2007;B: Evident Injury;Commercial;50-59;51;No;21-25 mph;B: Evident Injury;Black;Male;Passenger Car;No;No;Dark - Lighted Roadway;Urban (>70% Developed);2 lanes;2;Straight - Level;Public Vehicular Area;Dry;Two-Way, Not Divided;None;No Special Feature;Smooth Asphalt;Coastal;Urban;30 - 35  MPH;No Control Present;Clear;No;35.713203, -77.898224
978;979;Yes;50-59;51;No;With Traffic;B: Evident Injury;Travel Lane;White;Male;Greensboro;Guilford;No;01-01-05;2007-12-14;Loss of Control / Turning Error;18;Intersection-Related;01-12-01;0001-01-01T13:27:58-04:56;Motorist Turning Error - Right Turn;211112;2007;B: Evident Injury;Commercial;40-49;49;No;11-15 mph;O: No Injury;Black;Male;Passenger Car;No;No;Dark - Lighted Roadway;Urban (>70% Developed);3 lanes;2;Straight - Level;Local Street;Dry;Two-Way, Divided, Unprotected Median;None;No Special Feature;Smooth Asphalt;Piedmont;Urban;30 - 35  MPH;Stop And Go Signal;Clear;No;36.075527, -79.794014
990;991;No;30-39;33;No;;B: Evident Injury;Non-Roadway;White;Male;Winston-Salem;Forsyth;No;01-01-06;2007-12-29;Non-Roadway;13;Non-Roadway;01-12-01;0001-01-01T08:35:58-04:56;Non-Roadway;460910;2007;B: Evident Injury;Commercial;40-49;45;No;0-5 mph;O: No Injury;White;Male;Passenger Car;No;No;Daylight;Urban (>70% Developed);;3;Straight - Grade;Public Vehicular Area;Wet;Two-Way, Not Divided;None;Driveway, Public;Smooth Asphalt;Piedmont;Urban;40 - 45  MPH;No Control Present;Rain;No;36.069984, -80.26951
173;174;No;50-59;56;No;With Traffic;O: No Injury;Travel Lane;White;Male;None - Rural Crash;Forsyth;No;01-01-06;2011-04-30;Motorist Overtaking Bicyclist;11;Non-Intersection;01-04-01;0001-01-01T06:08:58-04:56;Motorist Overtaking - Misjudged Space;311232;2011;O: No Injury;Residential;40-49;47;No;41-45 mph;O: No Injury;White;Male;Sport Utility;No;No;Daylight;Rural (<30% Developed);2 lanes;2;Straight - Level;State Secondary Route;Dry;Two-Way, Not Divided;Road Surface Condition;No Special Feature;Smooth Asphalt;Piedmont;Rural;40 - 45  MPH;No Control Present;Clear;No;36.24709, -80.0859
175;176;No;70+;;No;Facing Traffic;C: Possible Injury;Travel Lane;White;Male;Wilmington;New Hanover;No;01-01-03;2011-04-13;Motorist Failed to Yield - Signalized Intersection;9;Intersection;01-04-01;0001-01-01T04:22:58-04:56;Motorist Drive Out - Right Turn on Red;112151;2011;C: Possible Injury;Commercial;20-24;20;No;6-10 mph;O: No Injury;White;Female;Sport Utility;No;No;Daylight;Urban (>70% Developed);3 lanes;2;Straight - Level;Local Street;Dry;Two-Way, Divided, Unprotected Median;None;Four-Way Intersection;Smooth Asphalt;Coastal;Urban;40 - 45  MPH;Stop And Go Signal;Clear;No;34.24224, -77.8275
176;177;Yes;16-19;18;No;With Traffic;C: Possible Injury;Travel Lane;White;Male;Raleigh;Wake;No;01-01-02;2011-04-12;Motorist Left Turn / Merge;17;Intersection;01-04-01;0001-01-01T12:27:58-04:56;Motorist Left Turn - Opposite Direction;111212;2011;C: Possible Injury;Commercial;20-24;22;No;6-10 mph;O: No Injury;Black;Male;Passenger Car;No;No;Daylight;Urban (>70% Developed);6 lanes;2;Straight - Level;Local Street;Dry;Two-Way, Divided, Unprotected Median;None;T-Intersection;Smooth Asphalt;Piedmont;Urban;30 - 35  MPH;Stop And Go Signal;Cloudy;No;35.78915, -78.6744
177;178;Yes;16-19;18;No;With Traffic;B: Evident Injury;Travel Lane;White;Male;Gastonia;Gaston;No;01-01-05;2011-04-15;Crossing Paths - Other Circumstances;14;Intersection;01-04-01;0001-01-01T09:54:58-04:56;Signalized Intersection - Other /;111158;2011;B: Evident Injury;Commercial;40-49;47;No;26-30 mph;O: No Injury;Black;Male;Passenger Car;No;No;Daylight;Urban (>70% Developed);3 lanes;2;Straight - Grade;State Secondary Route;Dry;Two-Way, Not Divided;None;Four-Way Intersection;Smooth Asphalt;Piedmont;Urban;30 - 35  MPH;Stop And Go Signal;Cloudy;No;35.26429, -81.2004
181;182;Yes;50-59;54;No;With Traffic;C: Possible Injury;Travel Lane;White;Male;Wrightsville Beach;New Hanover;No;01-01-05;2011-04-22;Motorist Failed to Yield - Sign-Controlled Intersection;13;Intersection;01-04-01;0001-01-01T08:45:58-04:56;Motorist Drive Out - Sign-Controlled Intersection;111141;2011;C: Possible Injury;Commercial;40-49;45;No;0-5 mph;O: No Injury;White;Male;Van;No;No;Daylight;Urban (>70% Developed);4 lanes;2;Straight - Level;US Route;Dry;Two-Way, Divided, Unprotected Median;None;No Special Feature;Coarse Asphalt;Coastal;Rural;5 - 15 MPH;Stop Sign;Cloudy;No;34.21026, -77.7996
183;184;Yes;25-29;25;No;With Traffic;O: No Injury;Travel Lane;White;Male;Greensboro;Guilford;No;01-01-07;2011-04-17;Motorist Failed to Yield - Signalized Intersection;1;Intersection;01-04-01;0000-12-31T20:39:58-04:56;Motorist Drive Through - Signalized Intersection;111154;2011;O: No Injury;Commercial;20-24;24;No;31-35 mph;O: No Injury;Black;Female;Passenger Car;No;No;Dark - Lighted Roadway;Urban (>70% Developed);6 lanes;2;Straight - Level;Local Street;Dry;Two-Way, Not Divided;None;Related To Intersection;Smooth Asphalt;Piedmont;Urban;30 - 35  MPH;Stop And Go Signal;Clear;No;36.07822, -79.7938
184;185;Yes;15-Nov;12;No;Not Applicable;O: No Injury;Travel Lane;Black;Male;Charlotte;Mecklenburg;No;;2011-04-18;Non-Roadway;19;Non-Roadway;01-04-01;0001-01-01T14:23:58-04:56;Non-Roadway;410910;2011;B: Evident Injury;Commercial;;;Missing;;Injury;/Missing;;;No;Yes;Dusk;Urban (>70% Developed);2 lanes;2;Straight - Level;Public Vehicular Area;Dry;Two-Way, Not Divided;None;No Special Feature;Smooth Asphalt;Piedmont;Urban;5 - 15 MPH;Stop Sign;Clear;No;35.22462, -80.8941
194;195;Yes;10-Jun;8;No;With Traffic;B: Evident Injury;Travel Lane;White;Male;Troutman;Iredell;No;01-01-03;2011-04-06;Motorist Overtaking Bicyclist;17;Non-Intersection;01-04-01;0001-01-01T12:08:58-04:56;Motorist Overtaking - Bicyclist Swerved;311235;2011;B: Evident Injury;Residential;25-29;25;No;21-25 mph;O: No Injury;Black;Female;Passenger Car;No;No;Daylight;Urban (>70% Developed);2 lanes;2;Straight - Level;Local Street;Dry;Two-Way, Not Divided;None;No Special Feature;Smooth Asphalt;Piedmont;Rural;20 - 25  MPH;No Control Present;Clear;No;35.69468, -80.9002
196;197;Yes;50-59;52;No;With Traffic;B: Evident Injury;Travel Lane;White;Male;Durham;Durham;No;01-01-04;2011-05-05;Motorist Left Turn / Merge;13;Intersection;01-05-01;0001-01-01T08:26:58-04:56;Motorist Left Turn - Opposite Direction;111212;2011;B: Evident Injury;Residential;40-49;48;No;6-10 mph;O: No Injury;Black;Female;Sport Utility;No;No;Daylight;Urban (>70% Developed);2 lanes;2;Straight - Level;Local Street;Dry;Two-Way, Not Divided;None;No Special Feature;Coarse Asphalt;Piedmont;Urban;40 - 45  MPH;No Control Present;Clear;No;35.90328, -78.9228
197;198;Yes;40-49;40;No;With Traffic;C: Possible Injury;Travel Lane;White;Male;None - Rural Crash;Iredell;No;01-01-04;2011-05-05;Motorist Overtaking Bicyclist;18;Non-Intersection;01-05-01;0001-01-01T13:51:58-04:56;Motorist Overtaking - Bicyclist Swerved;311235;2011;C: Possible Injury;Residential;0-19;17;No;26-30 mph;O: No Injury;White;Male;Passenger Car;No;No;Daylight;Urban (>70% Developed);3 lanes;2;Straight - Level;State Secondary Route;Dry;Two-Way, Not Divided;None;No Special Feature;Smooth Asphalt;Piedmont;Rural;40 - 45  MPH;Double Yellow Line, No Passing Zone;Clear;No;35.53622, -80.919
199;200;No;25-29;28;No;With Traffic;Injury;Travel Lane;White;Female;None - Rural Crash;Mecklenburg;No;01-01-06;2011-04-23;Motorist Overtaking Bicyclist;13;Non-Intersection;01-04-01;0001-01-01T08:50:58-04:56;Motorist Overtaking - Other /;311239;2011;O: No Injury;Farms, Woods, Pastures;40-49;46;No;41-45 mph;O: No Injury;White;Male;Sport Utility;No;No;Daylight;Rural (<30% Developed);2 lanes;2;Straight - Level;NC Route;Dry;Two-Way, Not Divided;None;No Special Feature;Smooth Asphalt;Piedmont;Rural;50 - 55  MPH;No Control Present;Clear;No;35.44284, -80.7756
201;202;Yes;40-49;42;No;With Traffic;B: Evident Injury;Travel Lane;White;Male;Apex;Wake;No;01-01-07;2011-05-08;Bicyclist Overtaking Motorist;14;Intersection;01-05-01;0001-01-01T09:24:58-04:56;Bicyclist Overtaking - Other /;111249;2011;B: Evident Injury;Commercial;30-39;33;No;0-5 mph;O: No Injury;White;Male;Sport Utility;No;No;Daylight;Urban (>70% Developed);2 lanes;2;Straight - Grade;Local Street;Dry;Two-Way, Not Divided;None;No Special Feature;Smooth Asphalt;Piedmont;Urban;30 - 35  MPH;Stop Sign;Clear;No;35.72623, -78.8514
213;214;No;16-19;18;No;Facing Traffic;C: Possible Injury;Travel Lane;Hispanic;Male;Raleigh;Wake;No;01-01-02;2011-04-19;Bicyclist Failed to Yield - Signalized Intersection;5;Intersection;01-04-01;0001-01-01T00:49:58-04:56;Bicyclist Ride Through - Signalized Intersection;112155;2011;C: Possible Injury;Commercial;40-49;42;No;0-5 mph;O: No Injury;White;Female;Passenger Car;No;No;Dark - Roadway Not Lighted;Urban (>70% Developed);5 lanes;2;Straight - Level;Local Street;Dry;Two-Way, Divided, Positive Median Barrier;None;Four-Way Intersection;Coarse Asphalt;Piedmont;Urban;30 - 35  MPH;Stop And Go Signal;Clear;No;35.79796, -78.5565
239;240;No;15-Nov;14;No;Facing Traffic;C: Possible Injury;Travel Lane;Black;Male;Laurinburg;Scotland;No;01-01-06;2011-04-30;Bicyclist Failed to Yield - Sign-Controlled Intersection;18;Intersection;01-04-01;0001-01-01T13:03:58-04:56;Bicyclist Ride Through - Sign-Controlled Intersection;112144;2011;C: Possible Injury;Residential;70+;;No;21-25 mph;O: No Injury;White;Male;Pickup;No;No;Daylight;Urban (>70% Developed);2 lanes;2;Straight - Level;Local Street;Dry;Two-Way, Not Divided;None;No Special Feature;Coarse Asphalt;Coastal;Urban;20 - 25  MPH;Stop Sign;Clear;No;34.77409, -79.4449
243;244;Yes;25-29;29;No;With Traffic;C: Possible Injury;Bike Lane / Paved Shoulder;White;Male;None - Rural Crash;Pitt;No;01-01-07;2011-05-22;Loss of Control / Turning Error;18;Non-Intersection;01-05-01;0001-01-01T13:06:58-04:56;Motorist Lost Control - Other /;321139;2011;C: Possible Injury;Farms, Woods, Pastures;;;Missing;51-55 mph;Injury;/Missing;;Sport Utility;No;Yes;Daylight;Rural (<30% Developed);4 lanes;2;Straight - Level;US Route;Dry;Two-Way, Divided, Unprotected Median;None;No Special Feature;Smooth Asphalt;Coastal;Rural;50 - 55  MPH;No Control Present;Clear;No;35.62596, -77.1918
246;247;Yes;30-39;32;No;With Traffic;B: Evident Injury;Bike Lane / Paved Shoulder;White;Male;Charlotte;Mecklenburg;No;01-01-06;2011-04-30;Motorist Right Turn / Merge;8;Non-Intersection;01-04-01;0001-01-01T03:48:58-04:56;Motorist Right Turn - Same Direction;321213;2011;B: Evident Injury;Commercial;40-49;46;No;6-10 mph;O: No Injury;Black;Male;Sport Utility;No;No;Daylight;Urban (>70% Developed);4 lanes;2;Straight - Grade;Local Street;Dry;Two-Way, Divided, Positive Median Barrier;None;Driveway, Public;Smooth Asphalt;Piedmont;Urban;40 - 45  MPH;Stop Sign;Clear;No;35.34158, -80.7675
249;250;Yes;50-59;56;No;With Traffic;A: Disabling Injury;Travel Lane;Native American;Male;None - Rural Crash;Robeson;No;01-01-02;2011-05-17;Motorist Overtaking Bicyclist;23;Non-Intersection;01-05-01;0001-01-01T18:15:58-04:56;Motorist Overtaking - Other /;311239;2011;A: Disabling Injury;Residential;60-69;66;No;26-30 mph;O: No Injury;White;Male;Pickup;No;No;Dark - Roadway Not Lighted;Mixed (30% To 70% Developed);2 lanes;2;Straight - Level;State Secondary Route;Wet;Two-Way, Not Divided;None;No Special Feature;Coarse Asphalt;Coastal;Rural;50 - 55  MPH;No Control Present;Rain;No;34.86195, -79.1057
256;257;No;30-39;33;No;Facing Traffic;C: Possible Injury;Sidewalk / Crosswalk / Driveway Crossing;Black;Male;Fayetteville;Cumberland;No;;2011-05-02;Motorist Failed to Yield - Midblock;18;Non-Intersection;01-05-01;0001-01-01T13:34:58-04:56;Motorist Drive Out - Commercial Driveway / Alley;332322;2011;C: Possible Injury;Commercial;25-29;28;No;0-5 mph;O: No Injury;White;Female;Passenger Car;No;No;Daylight;Rural (<30% Developed);5 lanes;2;Straight - Level;Local Street;Dry;Two-Way, Divided, Unprotected Median;None;Driveway, Public;Coarse Asphalt;Coastal;Urban;40 - 45  MPH;No Control Present;Clear;No;35.13426, -78.8767
258;259;Yes;50-59;54;No;With Traffic;C: Possible Injury;Travel Lane;Black;Male;Greensboro;Guilford;No;01-01-02;2011-05-17;Motorist Failed to Yield - Sign-Controlled Intersection;16;Intersection;01-05-01;0001-01-01T11:04:58-04:56;Motorist Drive Out - Sign-Controlled Intersection;111141;2011;C: Possible Injury;Residential;0-19;16;No;11-15 mph;O: No Injury;White;Female;Passenger Car;No;No;Daylight;Urban (>70% Developed);4 lanes;2;Straight - Level;Local Street;Wet;Two-Way, Not Divided;None;Four-Way Intersection;Smooth Asphalt;Piedmont;Urban;30 - 35  MPH;Stop Sign;Rain;No;36.01532, -79.8006
259;260;No;50-59;53;No;Facing Traffic;C: Possible Injury;Travel Lane;White;Female;Greensboro;Guilford;No;01-01-02;2011-05-17;Motorist Failed to Yield - Sign-Controlled Intersection;13;Intersection;01-05-01;0001-01-01T08:58:58-04:56;Motorist Drive Out - Sign-Controlled Intersection;112141;2011;C: Possible Injury;Residential;25-29;27;No;0-5 mph;O: No Injury;Black;Female;Passenger Car;No;No;Daylight;Urban (>70% Developed);2 lanes;2;Straight - Level;Local Street;Dry;Two-Way, Not Divided;None;Four-Way Intersection;Smooth Asphalt;Piedmont;Urban;30 - 35  MPH;Stop Sign;Cloudy;No;36.06477, -79.7826
266;267;No;50-59;54;No;With Traffic;Injury;Travel Lane;White;Male;Wilmington;New Hanover;No;01-01-03;2011-05-11;Motorist Right Turn / Merge;13;Intersection;01-05-01;0001-01-01T08:43:58-04:56;Motorist Right Turn - Same Direction;111213;2011;Injury;Residential;40-49;44;No;;Injury;White;Male;Van;No;No;;Rural (<30% Developed);;2;;.;;;None;No Special Feature;;Coastal;Urban;;No Control Present;Clear;No;34.17574, -77.8944
274;275;No;15-Nov;14;No;Facing Traffic;B: Evident Injury;Sidewalk / Crosswalk / Driveway Crossing;Asian;Male;Raleigh;Wake;No;;2011-05-30;Motorist Failed to Yield - Sign-Controlled Intersection;12;Intersection;01-05-01;0001-01-01T07:28:58-04:56;Motorist Drive Out - Sign-Controlled Intersection;132141;2011;B: Evident Injury;Residential;30-39;36;No;31-35 mph;O: No Injury;White;Male;Sport Utility;No;No;Daylight;Urban (>70% Developed);2 lanes;2;Straight - Grade;Local Street;Dry;Two-Way, Not Divided;None;T-Intersection;Smooth Asphalt;Piedmont;Urban;30 - 35  MPH;Stop Sign;Clear;No;35.93927, -78.5663
275;276;Yes;15-Nov;15;No;With Traffic;B: Evident Injury;Travel Lane;White;Male;None - Rural Crash;Iredell;No;01-01-05;2011-06-03;Motorist Overtaking Bicyclist;21;Non-Intersection;01-06-01;0001-01-01T16:12:58-04:56;Motorist Overtaking - Other /;311239;2011;B: Evident Injury;Farms, Woods, Pastures;25-29;28;No;41-45 mph;O: No Injury;White;Male;Passenger Car;No;No;Dark - Roadway Not Lighted;Rural (<30% Developed);2 lanes;3;Straight - Bottom;State Secondary Route;Dry;Two-Way, Not Divided;None;No Special Feature;Smooth Asphalt;Piedmont;Rural;50 - 55  MPH;No Control Present;Clear;No;35.7099, -80.7772
285;286;No;16-19;17;No;With Traffic;C: Possible Injury;Travel Lane;White;Male;Apex;Wake;No;;2011-06-06;Motorist Failed to Yield - Sign-Controlled Intersection;15;Intersection;01-06-01;0001-01-01T10:35:58-04:56;Motorist Drive Out - Sign-Controlled Intersection;111141;2011;C: Possible Injury;Residential;0-19;17;No;6-10 mph;O: No Injury;Black;Male;Passenger Car;No;No;Daylight;Mixed (30% To 70% Developed);2 lanes;2;Straight - Level;NC Route;Dry;Two-Way, Not Divided;None;Four-Way Intersection;Smooth Asphalt;Piedmont;Urban;40 - 45  MPH;Stop Sign;Clear;No;35.69018, -78.8339
295;296;Yes;40-49;48;No;With Traffic;C: Possible Injury;Travel Lane;White;Female;Jacksonville;Onslow;No;01-01-02;2011-05-24;Motorist Failed to Yield - Sign-Controlled Intersection;6;Intersection;01-05-01;0001-01-01T01:30:58-04:56;Motorist Drive Out - Sign-Controlled Intersection;111141;2011;C: Possible Injury;Residential;30-39;33;No;6-10 mph;O: No Injury;Hispanic;Male;Van;No;No;Daylight;Urban (>70% Developed);3 lanes;2;Straight - Level;Local Street;Dry;Two-Way, Not Divided;None;No Special Feature;Smooth Asphalt;Coastal;Urban;30 - 35  MPH;Stop Sign;Clear;No;34.76812, -77.3877
307;308;Yes;25-29;26;No;;C: Possible Injury;Travel Lane;White;Female;Durham;Durham;No;01-01-03;2011-06-15;Crossing Paths - Other Circumstances;18;Intersection;01-06-01;0001-01-01T13:48:58-04:56;Crossing Paths - Intersection - Other /;119180;2011;C: Possible Injury;Residential;25-29;25;No;0-5 mph;O: No Injury;Hispanic;Female;Passenger Car;No;No;Daylight;Mixed (30% To 70% Developed);2 lanes;2;Straight - Level;Local Street;Dry;Two-Way, Not Divided;None;No Special Feature;Smooth Asphalt;Piedmont;Urban;30 - 35  MPH;Stop Sign;Clear;No;36.01216, -78.9055
308;309;No;;;Missing;With Traffic;Injury;Travel Lane;/Missing;;Asheville;Buncombe;No;01-01-05;2011-05-27;Motorist Overtaking Bicyclist;13;Non-Intersection;01-05-01;0001-01-01T08:07:58-04:56;Motorist Overtaking - Other /;311239;2011;O: No Injury;Commercial;50-59;59;No;21-25 mph;O: No Injury;White;Female;Passenger Car;No;No;Daylight;Urban (>70% Developed);5 lanes;2;Straight - Grade;US Route;Dry;Two-Way, Divided, Unprotected Median;None;No Special Feature;Coarse Asphalt;Mountains;Urban;40 - 45  MPH;No Control Present;Clear;No;35.55838, -82.5386
313;314;Yes;30-39;34;No;.;B: Evident Injury;.;Black;Male;Raleigh;Wake;No;01-01-03;2011-06-15;.;21;.;01-06-01;0001-01-01T16:15:58-04:56;.;0;2011;B: Evident Injury;Residential;25-29;26;No;6-10 mph;O: No Injury;White;Female;Passenger Car;No;No;Dark - Roadway Not Lighted;Urban (>70% Developed);2 lanes;2;Straight - Level;Local Street;Dry;Two-Way, Not Divided;None;No Special Feature;Coarse Asphalt;Piedmont;Urban;20 - 25  MPH;No Control Present;Clear;No;35.81048, -78.6258
315;316;No;30-39;32;No;With Traffic;B: Evident Injury;Travel Lane;White;Male;Wilmington;New Hanover;No;01-01-04;2011-05-26;Motorist Failed to Yield - Sign-Controlled Intersection;7;Intersection;01-05-01;0001-01-01T02:54:58-04:56;Motorist Drive Out - Sign-Controlled Intersection;111141;2011;B: Evident Injury;Residential;20-24;23;No;0-5 mph;O: No Injury;Black;Male;School Bus;No;No;Daylight;Urban (>70% Developed);2 lanes;2;Straight - Level;Local Street;Dry;Two-Way, Not Divided;None;No Special Feature;Coarse Asphalt;Coastal;Urban;40 - 45  MPH;Stop Sign;Clear;No;34.2489, -77.8897
380;381;Yes;20-24;21;No;With Traffic;C: Possible Injury;Travel Lane;Black;Male;Winston-Salem;Forsyth;No;01-01-02;2011-06-14;Motorist Overtaking Bicyclist;22;Intersection;01-06-01;0001-01-01T17:19:58-04:56;Motorist Overtaking - Other /;111239;2011;C: Possible Injury;Residential;;;Missing;21-25 mph;Injury;/Missing;;Passenger Car;No;Yes;Dark - Lighted Roadway;Urban (>70% Developed);4 lanes;2;Straight - Grade;Local Street;Dry;Two-Way, Not Divided;None;Four-Way Intersection;Coarse Asphalt;Piedmont;Urban;30 - 35  MPH;No Control Present;Clear;No;36.11733, -80.2571
384;385;Yes;10-Jun;9;No;Not Applicable;C: Possible Injury;Non-Roadway;Black;Female;Mooresville;Iredell;No;01-01-03;2011-06-15;Non-Roadway;18;Non-Roadway;01-06-01;0001-01-01T13:23:58-04:56;Non-Roadway;460910;2011;C: Possible Injury;Residential;60-69;63;No;0-5 mph;O: No Injury;Black;Female;Van;No;No;Daylight;Mixed (30% To 70% Developed);2 lanes;2;Straight - Grade;Public Vehicular Area;Dry;Two-Way, Not Divided;None;Driveway, Public;Coarse Asphalt;Piedmont;Urban;5 - 15 MPH;No Control Present;Clear;No;35.59508, -80.8098
387;388;No;40-49;46;No;With Traffic;B: Evident Injury;Travel Lane;White;Male;Duck;Dare;No;01-01-06;2011-06-11;Motorist Left Turn / Merge;8;Intersection;01-06-01;0001-01-01T03:20:58-04:56;Motorist Left Turn - Opposite Direction;111212;2011;B: Evident Injury;Residential;50-59;57;No;6-10 mph;O: No Injury;White;Female;Sport Utility;No;No;Daylight;Urban (>70% Developed);2 lanes;2;Straight - Level;NC Route;Dry;Two-Way, Not Divided;None;No Special Feature;Smooth Asphalt;Coastal;Rural;30 - 35  MPH;No Control Present;Clear;No;36.19573, -75.7623
388;389;Yes;50-59;51;No;Facing Traffic;B: Evident Injury;Sidewalk / Crosswalk / Driveway Crossing;Black;Male;Charlotte;Mecklenburg;No;01-01-04;2011-06-16;Bicyclist Failed to Yield - Signalized Intersection;8;Intersection;01-06-01;0001-01-01T03:40:58-04:56;Bicyclist Ride Out - Signalized  Intersection;132153;2011;B: Evident Injury;Commercial;40-49;41;No;0-5 mph;O: No Injury;White;Female;Passenger Car;No;No;Dawn;Urban (>70% Developed);4 lanes;2;Straight - Level;Local Street;Dry;Two-Way, Not Divided;None;Four-Way Intersection;Smooth Asphalt;Piedmont;Urban;30 - 35  MPH;Stop And Go Signal;Cloudy;No;35.19064, -80.8109
395;396;No;30-39;38;No;With Traffic;B: Evident Injury;Multi-use Path;White;Female;Southern Shores;Dare;No;01-01-02;2011-06-21;Crossing Paths - Other Circumstances;13;Intersection-Related;01-06-01;0001-01-01T08:34:58-04:56;Sign-Controlled Intersection - Other /;241148;2011;B: Evident Injury;Residential;40-49;43;No;0-5 mph;O: No Injury;White;Female;Passenger Car;No;No;Daylight;Urban (>70% Developed);2 lanes;2;Straight - Level;Private Road, Driveway;Dry;Two-Way, Not Divided;None;Driveway, Public;Coarse Asphalt;Coastal;Rural;;Stop Sign;Clear;No;36.14437, -75.7397