FID;OBJECTID;AmbulanceR;BikeAge_Gr;Bike_Age;Bike_Alc_D;Bike_Dir;Bike_Injur;Bike_Pos;Bike_Race;Bike_Sex;City;County;CrashAlcoh;CrashDay;Crash_Date;Crash_Grp;Crash_Hour;Crash_Loc;Crash_Mont;Crash_Time;Crash_Type;Crash_Ty_1;Crash_Year;Crsh_Sevri;Developmen;DrvrAge_Gr;Drvr_Age;Drvr_Alc_D;Drvr_EstSp;Drvr_Injur;Drvr_Race;Drvr_Sex;Drvr_VehTy;ExcsSpdInd;Hit_Run;Light_Cond;Locality;Num_Lanes;Num_Units;Rd_Charact;Rd_Class;Rd_Conditi;Rd_Config;Rd_Defects;Rd_Feature;Rd_Surface;Region;Rural_Urba;Speed_Limi;Traff_Cntr;Weather;Workzone_I;Location
397;398;Yes;70+;;No;Facing Traffic;B: Evident Injury;Travel Lane;White;Male;Wilmington;New Hanover;No;01-01-03;2011-06-15;Motorist Failed to Yield - Sign-Controlled Intersection;18;Intersection;01-06-01;0001-01-01T13:05:58-04:56;Motorist Drive Out - Sign-Controlled Intersection;112141;2011;B: Evident Injury;Residential;20-24;21;No;0-5 mph;O: No Injury;Black;Male;Passenger Car;No;No;Daylight;Urban (>70% Developed);3 lanes;2;Straight - Level;Local Street;Dry;Two-Way, Not Divided;None;Four-Way Intersection;Smooth Asphalt;Coastal;Urban;30 - 35  MPH;Stop Sign;Clear;No;34.23039, -77.8871
400;401;No;40-49;47;No;With Traffic;B: Evident Injury;Travel Lane;White;Male;Charlotte;Mecklenburg;No;;2011-06-20;Bicyclist Failed to Yield - Sign-Controlled Intersection;19;Intersection;01-06-01;0001-01-01T14:31:58-04:56;Bicyclist Ride Out - Sign-Controlled Intersection;111142;2011;B: Evident Injury;Residential;30-39;34;No;26-30 mph;O: No Injury;White;Male;Passenger Car;No;No;Daylight;Urban (>70% Developed);4 lanes;2;Straight - Level;Local Street;Dry;Two-Way, Divided, Positive Median Barrier;None;No Special Feature;Smooth Asphalt;Piedmont;Urban;30 - 35  MPH;Stop Sign;Clear;No;35.19625, -80.8277
410;411;No;25-29;28;No;With Traffic;B: Evident Injury;Travel Lane;White;Male;Wilmington;New Hanover;No;01-01-04;2011-06-23;Motorist Overtaking Bicyclist;2;Non-Intersection;01-06-01;0000-12-31T21:54:58-04:56;Motorist Overtaking - Other /;311239;2011;B: Evident Injury;Residential;;;Missing;;Injury;/Missing;;;No;Yes;Dark - Lighted Roadway;Urban (>70% Developed);2 lanes;2;Straight - Level;Local Street;Dry;Two-Way, Not Divided;None;No Special Feature;Smooth Asphalt;Coastal;Urban;;No Control Present;Clear;No;34.22822, -77.942
419;420;Yes;16-19;17;No;With Traffic;B: Evident Injury;Travel Lane;Black;Male;Goldsboro;Wayne;No;01-01-07;2011-06-26;Bicyclist Failed to Yield - Sign-Controlled Intersection;19;Intersection;01-06-01;0001-01-01T14:30:58-04:56;Bicyclist Ride Out - Sign-Controlled Intersection;111142;2011;B: Evident Injury;Residential;60-69;63;No;26-30 mph;O: No Injury;Black;Female;Sport Utility;No;No;Daylight;Urban (>70% Developed);2 lanes;2;Straight - Level;Local Street;Dry;Two-Way, Not Divided;None;Four-Way Intersection;Coarse Asphalt;Coastal;Urban;20 - 25  MPH;Stop Sign;Clear;No;35.38488, -77.9682
420;421;No;60-69;61;No;With Traffic;B: Evident Injury;Travel Lane;White;Male;None - Rural Crash;Wake;No;01-01-07;2011-06-26;Motorist Overtaking Bicyclist;13;Non-Intersection;01-06-01;0001-01-01T08:05:58-04:56;Motorist Overtaking - Other /;311239;2011;B: Evident Injury;Commercial;70+;;No;56-60 mph;O: No Injury;White;Female;Passenger Car;No;No;Daylight;Urban (>70% Developed);4 lanes;2;Straight - Level;US Route;Dry;Two-Way, Divided, Unprotected Median;None;Related To Intersection;Smooth Asphalt;Piedmont;Rural;50 - 55  MPH;Stop And Go Signal;Clear;No;35.91851, -78.5465
432;433;Yes;15-Nov;15;No;With Traffic;B: Evident Injury;Sidewalk / Crosswalk / Driveway Crossing;Black;Male;Charlotte;Mecklenburg;No;01-01-06;2011-07-02;Motorist Right Turn / Merge;21;Intersection;01-07-01;0001-01-01T16:39:58-04:56;Motorist Right Turn - Same Direction;131213;2011;B: Evident Injury;Commercial;20-24;24;No;11-15 mph;O: No Injury;Hispanic;Male;Light Truck (Mini-Van, Panel);No;No;Dark - Lighted Roadway;Urban (>70% Developed);4 lanes;2;Straight - Level;Local Street;Dry;Two-Way, Not Divided;None;No Special Feature;Smooth Asphalt;Piedmont;Urban;30 - 35  MPH;Stop And Go Signal;Clear;No;35.21404, -80.7712
433;434;Yes;0-5;3;No;Not Applicable;B: Evident Injury;Non-Roadway;Other;Male;Jacksonville;Onslow;No;01-01-06;2011-07-02;Non-Roadway;17;Non-Roadway;01-07-01;0001-01-01T12:37:58-04:56;Non-Roadway;460910;2011;B: Evident Injury;Residential;50-59;59;No;6-10 mph;O: No Injury;Black;Female;Passenger Car;No;No;Daylight;Urban (>70% Developed);;2;Straight - Level;Public Vehicular Area;Dry;Two-Way, Not Divided;None;Driveway, Public;Coarse Asphalt;Coastal;Urban;5 - 15 MPH;No Control Present;Clear;No;34.78876, -77.4269
434;435;Yes;16-19;17;No;Not Applicable;C: Possible Injury;Sidewalk / Crosswalk / Driveway Crossing;Hispanic;Male;Raleigh;Wake;No;01-01-03;2011-07-20;Bicyclist Failed to Yield - Midblock;18;Non-Intersection;01-07-01;0001-01-01T13:56:58-04:56;Bicyclist Ride Out - Other Midblock;333318;2011;C: Possible Injury;Residential;30-39;33;No;6-10 mph;O: No Injury;Black;Male;Passenger Car;No;No;Daylight;Urban (>70% Developed);2 lanes;2;Straight - Level;Local Street;Dry;Two-Way, Not Divided;None;No Special Feature;Smooth Asphalt;Piedmont;Urban;20 - 25  MPH;No Control Present;Clear;No;35.78572, -78.5468
440;441;Yes;40-49;41;No;Facing Traffic;A: Disabling Injury;Travel Lane;White;Female;None - Rural Crash;New Hanover;No;01-01-06;2011-07-23;Motorist Failed to Yield - Midblock;13;Non-Intersection;01-07-01;0001-01-01T08:23:58-04:56;Motorist Drive Out - Other Midblock;312328;2011;A: Disabling Injury;Commercial;50-59;55;No;6-10 mph;O: No Injury;White;Female;Sport Utility;No;No;Daylight;Mixed (30% To 70% Developed);4 lanes;2;Straight - Level;US Route;Dry;Two-Way, Divided, Unprotected Median;None;Driveway, Public;Coarse Asphalt;Coastal;Rural;40 - 45  MPH;No Control Present;Clear;No;34.07941, -77.8946
447;448;Yes;30-39;38;No;With Traffic;B: Evident Injury;Travel Lane;White;Female;Fletcher;Henderson;No;01-01-05;2011-07-08;Loss of Control / Turning Error;10;Intersection;01-07-01;0001-01-01T05:16:58-04:56;Bicyclist Turning Error - Left Turn;111114;2011;B: Evident Injury;Residential;30-39;33;No;21-25 mph;O: No Injury;White;Male;Pickup;No;No;Daylight;Mixed (30% To 70% Developed);2 lanes;2;Straight - Level;Private Road, Driveway;Dry;Two-Way, Not Divided;None;T-Intersection;Smooth Asphalt;Mountains;Urban;20 - 25  MPH;No Control Present;Clear;No;35.44047, -82.4748
458;459;No;30-39;34;No;Facing Traffic;C: Possible Injury;Travel Lane;White;Male;Wilmington;New Hanover;No;01-01-05;2011-07-01;Crossing Paths - Other Circumstances;21;Intersection;01-07-01;0001-01-01T16:51:58-04:56;Signalized Intersection - Other /;112158;2011;C: Possible Injury;Commercial;;;Missing;;Injury;/Missing;;;No;Yes;Daylight;Mixed (30% To 70% Developed);9 or more lanes;2;Straight - Level;Local Street;Dry;Two-Way, Not Divided;None;No Special Feature;Coarse Asphalt;Coastal;Urban;;Stop And Go Signal;Clear;No;34.2048, -77.9241
462;463;No;16-19;19;No;With Traffic;C: Possible Injury;Travel Lane;Asian;Female;Duck;Dare;No;01-01-02;2011-07-05;Motorist Failed to Yield - Sign-Controlled Intersection;15;Intersection;01-07-01;0001-01-01T10:36:58-04:56;Motorist Drive Out - Sign-Controlled Intersection;111141;2011;C: Possible Injury;Residential;60-69;68;No;0-5 mph;O: No Injury;White;Male;Passenger Car;No;No;Daylight;Urban (>70% Developed);4 lanes;2;Straight - Level;NC Route;Dry;Two-Way, Not Divided;None;No Special Feature;Coarse Asphalt;Coastal;Rural;5 - 15 MPH;Stop Sign;Clear;No;36.15782, -75.7496
463;464;Yes;50-59;56;No;Not Applicable;C: Possible Injury;Driveway / Alley;Black;Male;Holly Springs;Wake;No;01-01-05;2011-07-29;Bicyclist Failed to Yield - Midblock;9;Non-Intersection;01-07-01;0001-01-01T04:35:58-04:56;Bicyclist Ride Out - Residential Driveway;353311;2011;C: Possible Injury;Residential;30-39;37;No;31-35 mph;O: No Injury;Black;Female;Passenger Car;No;No;Daylight;Mixed (30% To 70% Developed);2 lanes;2;Straight - Level;Local Street;Dry;Two-Way, Not Divided;None;No Special Feature;Coarse Asphalt;Piedmont;Urban;30 - 35  MPH;No Control Present;Clear;No;35.64646, -78.8353
467;468;No;25-29;28;No;With Traffic;C: Possible Injury;Travel Lane;White;Male;Asheville;Buncombe;No;01-01-03;2011-06-22;Motorist Left Turn / Merge;0;Intersection;01-06-01;0000-12-31T19:28:58-04:56;Motorist Left Turn - Opposite Direction;111212;2011;C: Possible Injury;Commercial;30-39;37;No;11-15 mph;O: No Injury;White;Female;Passenger Car;No;No;Dark - Lighted Roadway;Urban (>70% Developed);5 lanes;2;Straight - Level;US Route;Wet;Two-Way, Not Divided;None;No Special Feature;Smooth Asphalt;Mountains;Urban;40 - 45  MPH;No Control Present;Rain;No;35.54184, -82.5324
471;472;Yes;30-39;37;No;With Traffic;C: Possible Injury;Travel Lane;White;Male;Pinehurst;Moore;No;01-01-06;2011-07-16;Motorist Left Turn / Merge;9;Intersection;01-07-01;0001-01-01T04:38:58-04:56;Motorist Left Turn - Opposite Direction;111212;2011;C: Possible Injury;Commercial;50-59;52;No;0-5 mph;O: No Injury;Black;Male;Passenger Car;No;No;Daylight;Mixed (30% To 70% Developed);2 lanes;2;Straight - Level;Local Street;Dry;Two-Way, Not Divided;None;Driveway, Public;Smooth Asphalt;Piedmont;Urban;20 - 25  MPH;Stop Sign;Clear;No;35.20061, -79.4684
472;473;No;30-39;37;No;With Traffic;Injury;Travel Lane;/Missing;Female;Charlotte;Mecklenburg;No;01-01-07;2011-07-17;Motorist Failed to Yield - Sign-Controlled Intersection;1;Intersection;01-07-01;0000-12-31T20:06:58-04:56;Motorist Drive Out - Sign-Controlled Intersection;111141;2011;Injury;Commercial;;;Missing;6-10 mph;Injury;/Missing;;;No;Yes;Dark -  Lighting;Urban (>70% Developed);8 lanes;2;Straight - Level;Local Street;Dry;Two-Way, Not Divided;None;Four-Way Intersection;Smooth Asphalt;Piedmont;Urban;30 - 35  MPH;Stop Sign;Clear;No;35.21827, -80.8111
478;479;Yes;25-29;26;No;With Traffic;B: Evident Injury;Travel Lane;White;Male;Elizabeth City;Pasquotank;No;;2011-07-18;Motorist Failed to Yield - Sign-Controlled Intersection;15;Intersection;01-07-01;0001-01-01T11:00:58-04:56;Motorist Drive Out - Sign-Controlled Intersection;111141;2011;B: Evident Injury;Residential;25-29;27;No;21-25 mph;O: No Injury;White;Male;Passenger Car;No;Yes;Daylight;Urban (>70% Developed);2 lanes;2;Straight - Level;Local Street;Dry;Two-Way, Not Divided;None;No Special Feature;Smooth Asphalt;Coastal;Urban;40 - 45  MPH;Stop Sign;Clear;No;36.26745, -76.1991
485;486;Yes;;;Missing;With Traffic;Injury;Travel Lane;/Missing;;Wilmington;New Hanover;No;01-01-03;2011-07-20;Bicyclist Left Turn / Merge;12;Non-Intersection;01-07-01;0001-01-01T07:51:58-04:56;Bicyclist Left Turn - Same Direction;311221;2011;O: No Injury;Residential;30-39;38;No;31-35 mph;O: No Injury;White;Female;Passenger Car;No;No;Daylight;Urban (>70% Developed);5 lanes;2;Straight - Level;Local Street;Dry;Two-Way, Divided, Positive Median Barrier;None;No Special Feature;Smooth Asphalt;Coastal;Urban;40 - 45  MPH;No Control Present;Clear;No;34.19299, -77.9198
486;487;Yes;40-49;42;Yes;With Traffic;B: Evident Injury;Travel Lane;Hispanic;Male;Tabor City;Columbus;Yes;01-01-06;2011-07-23;Motorist Overtaking Bicyclist;0;Non-Intersection;01-07-01;0000-12-31T19:27:58-04:56;Motorist Overtaking - Other /;311239;2011;B: Evident Injury;Commercial;40-49;44;No;41-45 mph;O: No Injury;White;Male;Pickup;No;No;Dark - Roadway Not Lighted;Mixed (30% To 70% Developed);2 lanes;2;Straight - Level;US Route;Dry;Two-Way, Divided, Unprotected Median;None;No Special Feature;Coarse Asphalt;Coastal;Rural;50 - 55  MPH;No Control Present;Clear;No;34.13981, -78.8693
531;532;Yes;30-39;34;No;With Traffic;C: Possible Injury;Travel Lane;White;Male;Charlotte;Mecklenburg;No;01-01-03;2011-08-10;Motorist Left Turn / Merge;18;Non-Intersection;01-08-01;0001-01-01T13:40:58-04:56;Motorist Left Turn - Opposite Direction;311212;2011;C: Possible Injury;Commercial;50-59;53;No;6-10 mph;O: No Injury;White;Male;Light Truck (Mini-Van, Panel);No;No;Daylight;Urban (>70% Developed);3 lanes;2;Straight - Level;Local Street;Dry;Two-Way, Divided, Unprotected Median;None;No Special Feature;Smooth Asphalt;Piedmont;Urban;30 - 35  MPH;No Control Present;Clear;No;35.20068, -80.8429
532;533;No;40-49;41;No;With Traffic;C: Possible Injury;Sidewalk / Crosswalk / Driveway Crossing;Black;Male;Charlotte;Mecklenburg;No;01-01-04;2011-08-11;Motorist Right Turn / Merge;8;Non-Intersection;01-08-01;0001-01-01T03:22:58-04:56;Motorist Right Turn - Same Direction;331213;2011;C: Possible Injury;Commercial;60-69;66;No;26-30 mph;O: No Injury;White;Male;Passenger Car;No;No;Daylight;Urban (>70% Developed);4 lanes;2;Straight - Grade;Local Street;Dry;Two-Way, Divided, Positive Median Barrier;None;Driveway, Public;Coarse Asphalt;Piedmont;Urban;40 - 45  MPH;No Control Present;Cloudy;No;35.14777, -80.9256
545;546;Yes;15-Nov;14;No;With Traffic;A: Disabling Injury;Travel Lane;White;Male;None - Rural Crash;Johnston;No;;2011-08-22;Bicyclist Left Turn / Merge;9;Intersection;01-08-01;0001-01-01T04:13:58-04:56;Bicyclist Left Turn - Same Direction;111221;2011;A: Disabling Injury;Residential;0-19;15;No;41-45 mph;O: No Injury;White;Male;Pickup;No;No;Daylight;Mixed (30% To 70% Developed);2 lanes;2;Straight - Level;State Secondary Route;Dry;Two-Way, Not Divided;None;No Special Feature;Coarse Asphalt;Coastal;Rural;40 - 45  MPH;Double Yellow Line, No Passing Zone;Clear;No;35.67907, -78.4292
546;547;No;15-Nov;13;No;With Traffic;O: No Injury;Travel Lane;White;Male;Cary;Wake;No;01-01-02;2011-08-02;Motorist Failed to Yield - Sign-Controlled Intersection;17;Intersection;01-08-01;0001-01-01T12:03:58-04:56;Motorist Drive Out - Sign-Controlled Intersection;111141;2011;O: No Injury;Residential;;;Missing;;Injury;/Missing;;;No;Yes;Daylight;Urban (>70% Developed);;2;Straight - Grade;Public Vehicular Area;Dry;Two-Way, Not Divided;None;T-Intersection;Smooth Asphalt;Piedmont;Urban;;Stop Sign;Clear;No;35.85686, -78.8979
548;549;Yes;15-Nov;14;No;Facing Traffic;B: Evident Injury;Travel Lane;Hispanic;Male;Durham;Durham;No;;2011-08-22;Motorist Failed to Yield - Sign-Controlled Intersection;14;Intersection;01-08-01;0001-01-01T09:34:58-04:56;Motorist Drive Out - Sign-Controlled Intersection;112141;2011;B: Evident Injury;Residential;0-19;18;No;11-15 mph;O: No Injury;Black;Female;Passenger Car;No;No;Daylight;Urban (>70% Developed);2 lanes;2;Straight - Hillcrest;Public Vehicular Area;Dry;Two-Way, Not Divided;None;No Special Feature;Smooth Asphalt;Piedmont;Urban;5 - 15 MPH;Stop Sign;Clear;No;35.91848, -78.9253
570;571;Yes;50-59;58;No;With Traffic;B: Evident Injury;Travel Lane;White;Male;None - Rural Crash;Cleveland;No;01-01-02;2011-08-30;Motorist Failed to Yield - Sign-Controlled Intersection;8;Intersection;01-08-01;0001-01-01T03:46:58-04:56;Motorist Drive Out - Sign-Controlled Intersection;111141;2011;B: Evident Injury;Residential;40-49;46;No;0-5 mph;O: No Injury;White;Male;Pickup;No;No;Daylight;Rural (<30% Developed);2 lanes;2;Straight - Level;State Secondary Route;Dry;Two-Way, Not Divided;None;Four-Way Intersection;Smooth Asphalt;Mountains;Rural;40 - 45  MPH;Stop Sign;Clear;No;35.31992, -81.4957
595;596;Yes;25-29;27;No;With Traffic;B: Evident Injury;Travel Lane;White;Male;Raleigh;Wake;No;01-01-05;2011-09-02;Bicyclist Overtaking Motorist;13;Non-Intersection;01-09-01;0001-01-01T08:26:58-04:56;Bicyclist Overtaking - Passing on Right;311241;2011;B: Evident Injury;Commercial;20-24;21;No;0-5 mph;O: No Injury;White;Male;Passenger Car;No;No;Daylight;Urban (>70% Developed);2 lanes;2;Straight - Level;Local Street;Dry;Two-Way, Not Divided;None;No Special Feature;Smooth Asphalt;Piedmont;Urban;30 - 35  MPH;No Control Present;Clear;No;35.78888, -78.6732
598;599;No;25-29;26;No;With Traffic;O: No Injury;Travel Lane;White;Male;Fayetteville;Cumberland;No;01-01-04;2011-09-08;Motorist Left Turn / Merge;7;Intersection;01-09-01;0001-01-01T02:03:58-04:56;Motorist Left Turn - Opposite Direction;111212;2011;O: No Injury;Commercial;50-59;56;No;0-5 mph;O: No Injury;Black;Male;Passenger Car;No;No;Daylight;Urban (>70% Developed);5 lanes;3;Straight - Level;Local Street;Dry;Two-Way, Not Divided;None;T-Intersection;Coarse Asphalt;Coastal;Urban;30 - 35  MPH;Stop And Go Signal;Cloudy;No;35.04869, -78.8901
613;614;Yes;15-Nov;12;No;;C: Possible Injury;Travel Lane;Black;Male;Henderson;Vance;No;;2011-09-05;Other /  - Insufficient Details;17;Intersection;01-09-01;0001-01-01T12:25:58-04:56;Approach Paths;119970;2011;C: Possible Injury;Residential;50-59;58;No;16-20 mph;O: No Injury;Black;Male;Van;No;No;Daylight;Urban (>70% Developed);2 lanes;2;Straight - Level;Local Street;Dry;Two-Way, Not Divided;None;No Special Feature;Coarse Asphalt;Piedmont;Urban;30 - 35  MPH;Stop Sign;Clear;No;36.32742, -78.3849
614;615;Yes;15-Nov;15;No;Facing Traffic;C: Possible Injury;Sidewalk / Crosswalk / Driveway Crossing;Native American;Male;Fuquay-Varina;Wake;No;01-01-07;2011-08-07;Motorist Failed to Yield - Midblock;14;Non-Intersection;01-08-01;0001-01-01T09:31:58-04:56;Motorist Drive Out - Commercial Driveway / Alley;332322;2011;C: Possible Injury;Commercial;25-29;28;No;0-5 mph;O: No Injury;Native American;Male;Sport Utility;No;No;Daylight;Urban (>70% Developed);;2;Straight - Bottom;Public Vehicular Area;Dry;Two-Way, Not Divided;None;Driveway, Public;Smooth Asphalt;Piedmont;Urban;5 - 15 MPH;Stop Sign;Clear;No;35.56824, -78.8012
617;618;Yes;16-19;18;No;With Traffic;C: Possible Injury;Sidewalk / Crosswalk / Driveway Crossing;Black;Male;Gastonia;Gaston;No;01-01-05;2011-09-02;Motorist Right Turn / Merge;11;Intersection;01-09-01;0001-01-01T06:41:58-04:56;Motorist Right Turn - Same Direction;131213;2011;C: Possible Injury;Commercial;70+;;No;;O: No Injury;White;Male;Pickup;No;No;Daylight;Urban (>70% Developed);5 lanes;2;Straight - Grade;Local Street;Dry;Two-Way, Not Divided;None;Four-Way Intersection;Smooth Asphalt;Piedmont;Urban;30 - 35  MPH;Stop And Go Signal;Clear;No;35.2655, -81.1776
627;628;Yes;20-24;22;No;With Traffic;A: Disabling Injury;Other;Black;Male;None - Rural Crash;Hoke;No;01-01-04;2011-09-15;Bicyclist Failed to Yield - Sign-Controlled Intersection;22;Intersection-Related;01-09-01;0001-01-01T17:08:58-04:56;Bicyclist Ride Out - Sign-Controlled Intersection;281142;2011;A: Disabling Injury;Residential;20-24;22;No;41-45 mph;O: No Injury;White;Female;Passenger Car;No;No;Dark - Roadway Not Lighted;Mixed (30% To 70% Developed);2 lanes;2;Straight - Level;US Route;Wet;Two-Way, Not Divided;None;No Special Feature;Smooth Asphalt;Coastal;Rural;40 - 45  MPH;Double Yellow Line, No Passing Zone;Cloudy;No;34.99253, -79.1859
639;640;No;30-39;32;No;With Traffic;Injury;Travel Lane;White;Male;Southern Pines;Moore;No;01-01-06;2011-09-10;Motorist Failed to Yield - Sign-Controlled Intersection;21;Intersection;01-09-01;0001-01-01T16:09:58-04:56;Motorist Drive Out - Sign-Controlled Intersection;111141;2011;O: No Injury;Commercial;30-39;32;No;0-5 mph;O: No Injury;Black;Female;Passenger Car;No;No;Dark - Roadway Not Lighted;Urban (>70% Developed);2 lanes;2;Straight - Hillcrest;State Secondary Route;Dry;Two-Way, Not Divided;None;Four-Way Intersection;Coarse Asphalt;Piedmont;Urban;30 - 35  MPH;Stop Sign;Clear;No;35.16977, -79.4052
643;644;No;15-Nov;11;No;Not Applicable;C: Possible Injury;Non-Roadway;White;Male;Charlotte;Mecklenburg;No;01-01-04;2011-09-15;Non-Roadway;17;Non-Roadway;01-09-01;0001-01-01T12:43:58-04:56;Non-Roadway;460910;2011;C: Possible Injury;Commercial;30-39;34;No;6-10 mph;O: No Injury;White;Female;Passenger Car;No;No;Daylight;Urban (>70% Developed);2 lanes;2;Straight - Level;Public Vehicular Area;Dry;Two-Way, Not Divided;None;No Special Feature;Coarse Asphalt;Piedmont;Urban;30 - 35  MPH;No Control Present;Clear;No;35.1166, -80.8582
645;646;Yes;40-49;41;Yes;Facing Traffic;C: Possible Injury;Sidewalk / Crosswalk / Driveway Crossing;Black;Male;Kinston;Lenoir;Yes;01-01-05;2011-06-03;Motorist Failed to Yield - Sign-Controlled Intersection;17;Intersection;01-06-01;0001-01-01T12:08:58-04:56;Motorist Drive Out - Sign-Controlled Intersection;132141;2011;C: Possible Injury;Residential;40-49;42;No;0-5 mph;O: No Injury;White;Male;Passenger Car;No;No;Daylight;Urban (>70% Developed);2 lanes;2;Straight - Grade;Local Street;Dry;Two-Way, Not Divided;None;T-Intersection;Smooth Asphalt;Coastal;Urban;30 - 35  MPH;Stop Sign;Clear;No;35.27119, -77.5807
650;651;No;30-39;31;No;Facing Traffic;O: No Injury;Travel Lane;Black;Male;Elizabeth City;Pasquotank;No;;2011-09-19;Bicyclist Failed to Yield - Sign-Controlled Intersection;15;Intersection;01-09-01;0001-01-01T10:39:58-04:56;Bicyclist Ride Out - Sign-Controlled Intersection;112142;2011;O: No Injury;Residential;50-59;50;No;0-5 mph;O: No Injury;Black;Female;Passenger Car;No;No;Daylight;Urban (>70% Developed);2 lanes;2;Straight - Level;Local Street;Dry;Two-Way, Not Divided;None;No Special Feature;Coarse Asphalt;Coastal;Urban;20 - 25  MPH;Stop Sign;Clear;No;36.30646, -76.2189
653;654;Yes;30-39;34;No;Facing Traffic;C: Possible Injury;Travel Lane;Black;Male;None - Rural Crash;Washington;No;;2011-08-08;Head-On;17;Intersection;01-08-01;0001-01-01T12:23:58-04:56;Head-On - Bicyclist;112250;2011;C: Possible Injury;Farms, Woods, Pastures;50-59;55;No;31-35 mph;O: No Injury;White;Male;Pickup;No;No;Daylight;Rural (<30% Developed);2 lanes;2;Straight - Level;State Secondary Route;Dry;Two-Way, Not Divided;None;No Special Feature;Smooth Asphalt;Coastal;Rural;50 - 55  MPH;No Control Present;Clear;No;35.88441, -76.7084
659;660;Yes;40-49;45;No;Facing Traffic;B: Evident Injury;Travel Lane;Black;Male;Dunn;Harnett;No;01-01-06;2011-09-03;Motorist Failed to Yield - Sign-Controlled Intersection;11;Intersection;01-09-01;0001-01-01T07:00:58-04:56;Motorist Drive Out - Sign-Controlled Intersection;112141;2011;B: Evident Injury;Residential;40-49;46;No;6-10 mph;O: No Injury;Black;Female;Passenger Car;No;No;Daylight;Urban (>70% Developed);2 lanes;2;Straight - Level;Local Street;Dry;Two-Way, Not Divided;None;No Special Feature;Coarse Asphalt;Coastal;Urban;30 - 35  MPH;Stop Sign;Clear;No;35.30378, -78.6068
668;669;Yes;40-49;40;Yes;Facing Traffic;C: Possible Injury;Sidewalk / Crosswalk / Driveway Crossing;Black;Male;Warsaw;Duplin;Yes;01-01-04;2011-09-22;Motorist Failed to Yield - Midblock;20;Non-Intersection;01-09-01;0001-01-01T15:20:58-04:56;Motorist Drive Out - Commercial Driveway / Alley;332322;2011;C: Possible Injury;Residential;20-24;23;No;0-5 mph;O: No Injury;White;Male;Passenger Car;No;No;Dark - Roadway Not Lighted;Urban (>70% Developed);2 lanes;2;Straight - Level;US Route;Dry;Two-Way, Not Divided;None;Driveway, Public;Coarse Asphalt;Coastal;Rural;30 - 35  MPH;No Control Present;Clear;No;34.99759, -78.0909
670;671;No;70+;;No;With Traffic;B: Evident Injury;Sidewalk / Crosswalk / Driveway Crossing;White;Male;Fayetteville;Cumberland;No;01-01-05;2011-09-23;Motorist Left Turn / Merge;21;Non-Intersection;01-09-01;0001-01-01T16:20:58-04:56;Motorist Left Turn - Opposite Direction;331212;2011;B: Evident Injury;Commercial;;;Missing;;Injury;/Missing;;;No;Yes;Dark - Lighted Roadway;Urban (>70% Developed);7 lanes;2;Straight - Level;Local Street;Dry;Two-Way, Not Divided;None;Driveway, Public;Coarse Asphalt;Coastal;Urban;;No Control Present;Clear;No;35.04407, -78.9428
675;676;Yes;20-24;21;No;With Traffic;C: Possible Injury;Travel Lane;White;Male;None - Rural Crash;Wake;No;01-01-07;2011-10-02;Motorist Overtaking Bicyclist;19;Non-Intersection;01-10-01;0001-01-01T14:59:58-04:56;Motorist Overtaking - Misjudged Space;311232;2011;C: Possible Injury;Farms, Woods, Pastures;;;No;41-45 mph;Injury;/Missing;;Pickup;No;Yes;Dark - Roadway Not Lighted;Rural (<30% Developed);2 lanes;2;Straight - Grade;State Secondary Route;Dry;Two-Way, Not Divided;None;No Special Feature;Smooth Asphalt;Piedmont;Rural;40 - 45  MPH;Double Yellow Line, No Passing Zone;Clear;No;35.76887, -78.6492
676;677;No;16-19;18;No;With Traffic;C: Possible Injury;Sidewalk / Crosswalk / Driveway Crossing;Black;Male;Rocky Mount;Nash;No;01-01-03;2011-08-10;Motorist Failed to Yield - Midblock;14;Non-Intersection;01-08-01;0001-01-01T09:25:58-04:56;Motorist Drive Out - Commercial Driveway / Alley;331322;2011;C: Possible Injury;Commercial;30-39;30;No;0-5 mph;O: No Injury;White;Female;Passenger Car;No;No;Daylight;Urban (>70% Developed);2 lanes;2;Straight - Level;Public Vehicular Area;Dry;Two-Way, Not Divided;None;Driveway, Private;Smooth Asphalt;Coastal;Urban;30 - 35  MPH;No Control Present;Clear;No;35.94423, -77.7965
677;678;No;50-59;50;No;Facing Traffic;B: Evident Injury;Sidewalk / Crosswalk / Driveway Crossing;White;Male;Raleigh;Wake;No;01-01-02;2011-09-27;Motorist Failed to Yield - Midblock;12;Non-Intersection;01-09-01;0001-01-01T07:25:58-04:56;Motorist Drive Out - Commercial Driveway / Alley;332322;2011;B: Evident Injury;Commercial;25-29;29;No;0-5 mph;O: No Injury;White;Female;Passenger Car;No;No;Daylight;Urban (>70% Developed);;2;Straight - Level;Public Vehicular Area;Dry;Two-Way, Not Divided;None;Driveway, Public;Concrete;Piedmont;Urban;5 - 15 MPH;No Control Present;Clear;No;35.78458, -78.6942
679;680;Yes;50-59;52;No;With Traffic;B: Evident Injury;Travel Lane;White;Male;None - Rural Crash;Martin;No;;2011-09-12;Bicyclist Left Turn / Merge;7;Non-Intersection;01-09-01;0001-01-01T02:45:58-04:56;Bicyclist Left Turn - Same Direction;311221;2011;B: Evident Injury;Farms, Woods, Pastures;0-19;16;No;51-55 mph;O: No Injury;White;Male;Passenger Car;No;No;Daylight;Rural (<30% Developed);2 lanes;2;Straight - Level;State Secondary Route;Dry;Two-Way, Not Divided;None;No Special Feature;Coarse Asphalt;Coastal;Rural;50 - 55  MPH;Double Yellow Line, No Passing Zone;Clear;No;35.76044, -77.1542