FID;OBJECTID;AmbulanceR;BikeAge_Gr;Bike_Age;Bike_Alc_D;Bike_Dir;Bike_Injur;Bike_Pos;Bike_Race;Bike_Sex;City;County;CrashAlcoh;CrashDay;Crash_Date;Crash_Grp;Crash_Hour;Crash_Loc;Crash_Mont;Crash_Time;Crash_Type;Crash_Ty_1;Crash_Year;Crsh_Sevri;Developmen;DrvrAge_Gr;Drvr_Age;Drvr_Alc_D;Drvr_EstSp;Drvr_Injur;Drvr_Race;Drvr_Sex;Drvr_VehTy;ExcsSpdInd;Hit_Run;Light_Cond;Locality;Num_Lanes;Num_Units;Rd_Charact;Rd_Class;Rd_Conditi;Rd_Config;Rd_Defects;Rd_Feature;Rd_Surface;Region;Rural_Urba;Speed_Limi;Traff_Cntr;Weather;Workzone_I;Location
680;681;No;60-69;64;No;With Traffic;C: Possible Injury;Travel Lane;White;Male;Charlotte;Mecklenburg;No;01-01-02;2011-09-27;Motorist Failed to Yield - Sign-Controlled Intersection;22;Intersection;01-09-01;0001-01-01T18:02:58-04:56;Motorist Drive Out - Sign-Controlled Intersection;111141;2011;C: Possible Injury;Commercial;40-49;41;No;0-5 mph;O: No Injury;White;Female;Passenger Car;No;No;Dark - Lighted Roadway;Mixed (30% To 70% Developed);2 lanes;2;Straight - Level;Local Street;Wet;Two-Way, Not Divided;None;T-Intersection;Smooth Asphalt;Piedmont;Urban;40 - 45  MPH;Stop Sign;Rain;No;35.17949, -81.02
689;690;Yes;20-24;20;No;With Traffic;C: Possible Injury;Travel Lane;Black;Male;Wilmington;New Hanover;No;01-01-04;2011-09-29;Motorist Failed to Yield - Sign-Controlled Intersection;13;Intersection;01-09-01;0001-01-01T08:25:58-04:56;Motorist Drive Out - Sign-Controlled Intersection;111141;2011;C: Possible Injury;Residential;;;Missing;;Injury;/Missing;;Passenger Car;No;Yes;Daylight;Urban (>70% Developed);2 lanes;2;Straight - Level;Local Street;Dry;Two-Way, Not Divided;None;No Special Feature;Smooth Asphalt;Coastal;Urban;30 - 35  MPH;Stop Sign;Clear;No;34.2278, -77.9317
693;694;No;40-49;42;No;With Traffic;O: No Injury;Travel Lane;Black;Male;Charlotte;Mecklenburg;No;01-01-03;2011-09-28;Bicyclist Left Turn / Merge;8;Intersection;01-09-01;0001-01-01T03:06:58-04:56;Bicyclist Left Turn - Same Direction;111221;2011;O: No Injury;Residential;25-29;29;No;26-30 mph;O: No Injury;White;Male;Passenger Car;No;No;Daylight;Urban (>70% Developed);2 lanes;2;Straight - Level;Local Street;Dry;Two-Way, Not Divided;None;No Special Feature;Smooth Asphalt;Piedmont;Urban;30 - 35  MPH;No Control Present;Clear;No;35.20021, -80.8892
211;212;Yes;50-59;54;No;Facing Traffic;B: Evident Injury;Sidewalk / Crosswalk / Driveway Crossing;Hispanic;Male;Raleigh;Wake;No;01-01-07;2011-04-24;Bicyclist Failed to Yield - Signalized Intersection;23;Intersection;01-04-01;0001-01-01T18:13:58-04:56;Bicyclist Ride Out - Signalized  Intersection;132153;2011;B: Evident Injury;Residential;70+;;No;0-5 mph;O: No Injury;Black;Male;Passenger Car;No;No;Daylight;Urban (>70% Developed);5 lanes;2;Straight - Level;Local Street;Dry;Two-Way, Not Divided;None;Four-Way Intersection;Smooth Asphalt;Piedmont;Urban;30 - 35  MPH;Stop And Go Signal;Clear;No;35.7678, -78.6248
214;215;No;15-Nov;13;No;Facing Traffic;B: Evident Injury;Sidewalk / Crosswalk / Driveway Crossing;Asian;Male;Cary;Wake;No;01-01-04;2011-04-28;Motorist Failed to Yield - Signalized Intersection;7;Intersection;01-04-01;0001-01-01T02:48:58-04:56;Motorist Drive Out - Right Turn on Red;132151;2011;B: Evident Injury;Residential;20-24;22;No;0-5 mph;O: No Injury;White;Female;Sport Utility;No;No;Daylight;Urban (>70% Developed);2 lanes;2;Straight - Level;Local Street;Dry;Two-Way, Divided, Unprotected Median;None;T-Intersection;Smooth Asphalt;Piedmont;Urban;30 - 35  MPH;Stop And Go Signal;Clear;No;35.77329, -78.8478
220;221;Yes;25-29;29;No;Facing Traffic;C: Possible Injury;Travel Lane;White;Male;Morrisville;Wake;No;01-01-03;2011-05-11;Motorist Failed to Yield - Midblock;11;Non-Intersection;01-05-01;0001-01-01T06:59:58-04:56;Motorist Drive Out - Commercial Driveway / Alley;312322;2011;C: Possible Injury;Commercial;50-59;59;No;0-5 mph;O: No Injury;Black;Male;Sport Utility;No;No;Daylight;Urban (>70% Developed);3 lanes;2;Straight - Level;NC Route;Dry;Two-Way, Not Divided;Work Zone;T-Intersection;Smooth Asphalt;Piedmont;Urban;40 - 45  MPH;No Control Present;Clear;Yes;35.80714, -78.8121
224;225;Yes;10-Jun;9;No;;B: Evident Injury;Travel Lane;Black;Male;Charlotte;Mecklenburg;No;01-01-03;2011-05-04;Parallel Paths - Other Circumstances;19;Non-Intersection;01-05-01;0001-01-01T14:25:58-04:56;Parallel Paths - Other /;319280;2011;B: Evident Injury;Residential;;;Missing;16-20 mph;Injury;/Missing;;;No;Yes;Daylight;Urban (>70% Developed);2 lanes;2;Curve - Level;Local Street;Dry;Two-Way, Not Divided;None;No Special Feature;Smooth Asphalt;Piedmont;Urban;20 - 25  MPH;No Control Present;Clear;No;35.24548, -80.8442
225;226;Yes;30-39;34;No;Facing Traffic;C: Possible Injury;Sidewalk / Crosswalk / Driveway Crossing;White;Male;Charlotte;Mecklenburg;No;01-01-05;2011-05-06;Motorist Failed to Yield - Midblock;14;Non-Intersection;01-05-01;0001-01-01T09:04:58-04:56;Motorist Drive Out - Other Midblock;332328;2011;C: Possible Injury;Commercial;30-39;30;No;0-5 mph;O: No Injury;White;Female;Passenger Car;No;No;Daylight;Urban (>70% Developed);2 lanes;2;Straight - Level;Local Street;Dry;Two-Way, Not Divided;None;No Special Feature;Smooth Asphalt;Piedmont;Urban;5 - 15 MPH;No Control Present;Clear;No;35.23101, -80.8377
228;229;Yes;50-59;54;No;;A: Disabling Injury;Travel Lane;White;Male;Carrboro;Orange;No;;2011-04-25;Crossing Paths - Other Circumstances;7;Intersection-Related;01-04-01;0001-01-01T03:01:58-04:56;Crossing Paths - Intersection - Other /;219180;2011;A: Disabling Injury;Commercial;40-49;49;No;16-20 mph;O: No Injury;White;Female;Van;No;No;Daylight;Urban (>70% Developed);4 lanes;2;Curve - Level;NC Route;Dry;Two-Way, Divided, Unprotected Median;None;Related To Intersection;Smooth Asphalt;Piedmont;Urban;40 - 45  MPH;Stop And Go Signal;Cloudy;No;35.9174, -79.0941
230;231;No;10-Jun;6;No;Not Applicable;C: Possible Injury;;Hispanic;Male;Charlotte;Mecklenburg;No;01-01-04;2011-05-12;Crossing Paths - Other Circumstances;17;Intersection-Related;01-05-01;0001-01-01T12:22:58-04:56;Crossing Paths - Intersection - Other /;293180;2011;C: Possible Injury;Residential;40-49;47;No;26-30 mph;O: No Injury;Hispanic;Female;Sport Utility;No;No;Daylight;Urban (>70% Developed);2 lanes;2;Straight - Level;Local Street;Dry;Two-Way, Not Divided;None;No Special Feature;Smooth Asphalt;Piedmont;Urban;30 - 35  MPH;No Control Present;Clear;No;35.19078, -80.8663
231;232;Yes;40-49;44;No;With Traffic;B: Evident Injury;Bike Lane / Paved Shoulder;White;Male;Huntersville;Mecklenburg;No;01-01-03;2011-05-11;Motorist Right Turn / Merge;11;Non-Intersection;01-05-01;0001-01-01T06:44:58-04:56;Motorist Right Turn - Same Direction;321213;2011;B: Evident Injury;Commercial;30-39;32;No;21-25 mph;O: No Injury;Black;Male;Pickup;No;No;Daylight;Mixed (30% To 70% Developed);5 lanes;2;Straight - Grade;Local Street;Dry;Two-Way, Not Divided;None;No Special Feature;Smooth Asphalt;Piedmont;Urban;30 - 35  MPH;No Control Present;Cloudy;No;35.39727, -80.864
233;234;No;50-59;50;No;With Traffic;C: Possible Injury;Sidewalk / Crosswalk / Driveway Crossing;Hispanic;Female;Swansboro;Onslow;No;01-01-04;2011-04-28;Bicyclist Failed to Yield - Signalized Intersection;7;Intersection;01-04-01;0001-01-01T02:45:58-04:56;Bicyclist Ride Out - Signalized  Intersection;131153;2011;C: Possible Injury;Commercial;30-39;35;No;11-15 mph;O: No Injury;Black;Male;Van;No;No;Daylight;Urban (>70% Developed);2 lanes;2;Straight - Grade;NC Route;Dry;Two-Way, Divided, Unprotected Median;None;Four-Way Intersection;Coarse Asphalt;Coastal;Rural;30 - 35  MPH;Stop And Go Signal;Cloudy;No;34.69306, -77.1301
236;237;Yes;70+;;No;With Traffic;C: Possible Injury;Travel Lane;White;Male;None - Rural Crash;Harnett;No;01-01-05;2011-05-20;Motorist Overtaking Bicyclist;12;Non-Intersection;01-05-01;0001-01-01T07:53:58-04:56;Motorist Overtaking - Misjudged Space;311232;2011;C: Possible Injury;Farms, Woods, Pastures;0-19;17;No;51-55 mph;O: No Injury;White;Male;Pickup;No;No;Daylight;Rural (<30% Developed);2 lanes;2;Straight - Hillcrest;State Secondary Route;Dry;Two-Way, Not Divided;None;No Special Feature;Coarse Asphalt;Coastal;Rural;50 - 55  MPH;Double Yellow Line, No Passing Zone;Clear;No;35.34213, -79.0487
320;321;No;20-24;20;No;With Traffic;C: Possible Injury;Travel Lane;White;Male;High Point;Guilford;No;;2011-05-30;Bicyclist Failed to Yield - Signalized Intersection;9;Intersection;01-05-01;0001-01-01T04:18:58-04:56;Bicyclist Ride Through - Signalized Intersection;111155;2011;C: Possible Injury;Commercial;25-29;28;No;11-15 mph;O: No Injury;White;Female;Passenger Car;No;No;Daylight;Urban (>70% Developed);6 lanes;2;Straight - Level;Local Street;Dry;Two-Way, Not Divided;None;Four-Way Intersection;Coarse Asphalt;Piedmont;Urban;30 - 35  MPH;Stop And Go Signal;Clear;No;35.98261, -80.0231
323;324;No;40-49;43;No;With Traffic;C: Possible Injury;Travel Lane;White;Male;Smithfield;Johnston;No;01-01-02;2011-05-31;Motorist Failed to Yield - Sign-Controlled Intersection;16;Intersection;01-05-01;0001-01-01T11:15:58-04:56;Motorist Drive Out - Sign-Controlled Intersection;111141;2011;C: Possible Injury;Residential;60-69;62;No;0-5 mph;O: No Injury;White;Female;Passenger Car;No;No;Daylight;Urban (>70% Developed);2 lanes;2;Straight - Level;Local Street;Dry;Two-Way, Not Divided;None;Four-Way Intersection;Coarse Asphalt;Coastal;Urban;20 - 25  MPH;Stop Sign;Clear;No;35.5154, -78.3415
328;329;Yes;50-59;54;Yes;Not Applicable;Injury;Non-Roadway;Black;Male;Kinston;Lenoir;Yes;01-01-04;2011-05-05;Bicyclist Failed to Yield - Midblock;21;Non-Intersection;01-05-01;0001-01-01T16:06:58-04:56;Bicyclist Ride Out - Other Midblock;363318;2011;Injury;Residential;;;Missing;31-35 mph;Injury;/Missing;;;No;Yes;Dark - Lighted Roadway;Urban (>70% Developed);2 lanes;2;Straight - Level;Local Street;Dry;Two-Way, Divided, Unprotected Median;None;No Special Feature;Smooth Asphalt;Coastal;Urban;30 - 35  MPH;No Control Present;Clear;No;35.26522, -77.5722
331;332;Yes;20-24;21;No;With Traffic;C: Possible Injury;Travel Lane;White;Female;Durham;Durham;No;01-01-04;2011-06-02;Motorist Left Turn / Merge;9;Intersection-Related;01-06-01;0001-01-01T04:33:58-04:56;Motorist Left Turn - Same Direction;211211;2011;C: Possible Injury;Institutional;60-69;63;No;0-5 mph;O: No Injury;White;Female;Van;No;No;Daylight;Urban (>70% Developed);2 lanes;2;Straight - Grade;Public Vehicular Area;Dry;Two-Way, Divided, Unprotected Median;None;No Special Feature;Smooth Asphalt;Piedmont;Urban;5 - 15 MPH;No Control Present;Clear;No;35.99403, -78.8986
334;335;Yes;30-39;35;No;With Traffic;A: Disabling Injury;Travel Lane;White;Male;Winston-Salem;Forsyth;No;01-01-06;2011-06-04;Motorist Failed to Yield - Sign-Controlled Intersection;4;Intersection;01-06-01;0000-12-31T23:17:58-04:56;Motorist Drive Out - Sign-Controlled Intersection;111141;2011;A: Disabling Injury;Residential;40-49;49;No;6-10 mph;O: No Injury;White;Female;Light Truck (Mini-Van, Panel);No;No;Daylight;Urban (>70% Developed);2 lanes;2;Straight - Grade;Local Street;Water (Standing, Moving);Two-Way, Not Divided;None;Four-Way Intersection;Smooth Asphalt;Piedmont;Urban;20 - 25  MPH;Stop Sign;Clear;No;36.09574, -80.2633
359;360;Yes;50-59;52;No;With Traffic;A: Disabling Injury;Travel Lane;White;Male;None - Rural Crash;Johnston;No;01-01-03;2011-06-29;Motorist Overtaking Bicyclist;15;Non-Intersection;01-06-01;0001-01-01T10:07:58-04:56;Motorist Overtaking - Misjudged Space;311232;2011;A: Disabling Injury;Farms, Woods, Pastures;20-24;21;No;46-50 mph;O: No Injury;White;Male;Passenger Car;No;No;Daylight;Rural (<30% Developed);2 lanes;3;Curve - Level;State Secondary Route;Dry;Two-Way, Not Divided;None;No Special Feature;Smooth Asphalt;Coastal;Rural;40 - 45  MPH;Double Yellow Line, No Passing Zone;Clear;No;35.69008, -78.3807
361;362;Yes;15-Nov;15;No;With Traffic;C: Possible Injury;Travel Lane;White;Male;Durham;Durham;No;01-01-04;2011-06-30;Bicyclist Left Turn / Merge;14;Intersection;01-06-01;0001-01-01T09:26:58-04:56;Bicyclist Left Turn - Same Direction;111221;2011;C: Possible Injury;Residential;20-24;20;No;11-15 mph;O: No Injury;Hispanic;Male;Passenger Car;No;No;Daylight;Urban (>70% Developed);2 lanes;2;Straight - Level;Local Street;Dry;Two-Way, Not Divided;Road Surface Condition;Four-Way Intersection;Smooth Asphalt;Piedmont;Urban;30 - 35  MPH;No Control Present;Clear;No;36.04027, -78.9121
364;365;No;20-24;22;No;With Traffic;B: Evident Injury;Travel Lane;White;Male;Boone;Watauga;No;01-01-07;2011-06-05;Motorist Overtaking Bicyclist;21;Non-Intersection;01-06-01;0001-01-01T16:13:58-04:56;Motorist Overtaking - Misjudged Space;311232;2011;B: Evident Injury;Commercial;;;Missing;;Injury;/Missing;;;No;Yes;Dawn;Urban (>70% Developed);2 lanes;2;Curve - Grade;US Route;;Two-Way, Not Divided;None;No Special Feature;Smooth Asphalt;Mountains;Urban;30 - 35  MPH;Double Yellow Line, No Passing Zone;Other;No;36.22205, -81.6956
371;372;No;20-24;21;No;With Traffic;O: No Injury;Travel Lane;White;Male;Durham;Durham;No;01-01-02;2011-07-05;Motorist Right Turn / Merge;18;Intersection;01-07-01;0001-01-01T13:38:58-04:56;Motorist Right Turn - Same Direction;111213;2011;O: No Injury;Residential;25-29;29;No;6-10 mph;O: No Injury;Black;Female;Passenger Car;No;No;Daylight;Urban (>70% Developed);2 lanes;2;Straight - Grade;Local Street;Dry;Two-Way, Not Divided;None;Four-Way Intersection;Smooth Asphalt;Piedmont;Urban;5 - 15 MPH;Stop And Go Signal;Clear;No;36.01718, -78.9001
378;379;Yes;10-Jun;6;No;Not Applicable;A: Disabling Injury;Non-Roadway;Black;Male;High Point;Guilford;No;;2011-06-13;Non-Roadway;19;Non-Roadway;01-06-01;0001-01-01T14:34:58-04:56;Non-Roadway;460910;2011;A: Disabling Injury;Residential;40-49;42;No;11-15 mph;O: No Injury;White;Female;Passenger Car;No;No;Daylight;Urban (>70% Developed);;2;Straight - Level;Public Vehicular Area;Dry;Two-Way, Not Divided;None;Driveway, Public;Smooth Asphalt;Piedmont;Urban;;No Control Present;Clear;No;35.95717, -79.9984
766;767;Yes;30-39;30;No;Facing Traffic;C: Possible Injury;;White;Male;Kinston;Lenoir;No;01-01-03;2007-12-19;Motorist Left Turn / Merge;19;Intersection;01-12-01;0001-01-01T14:34:58-04:56;Motorist Left Turn - Same Direction;192211;2007;C: Possible Injury;Commercial;40-49;48;No;11-15 mph;O: No Injury;White;Female;Passenger Car;No;No;Dark - Lighted Roadway;Urban (>70% Developed);5 lanes;2;Straight - Level;US Route;Dry;Two-Way, Not Divided;None;T-Intersection;Coarse Asphalt;Coastal;Urban;30 - 35  MPH;No Control Present;Clear;No;35.271072, -77.60522
770;771;No;30-39;36;No;With Traffic;B: Evident Injury;Travel Lane;Hispanic;Male;Charlotte;Mecklenburg;No;01-01-04;2007-12-20;Motorist Overtaking Bicyclist;12;Intersection;01-12-01;0001-01-01T07:27:58-04:56;Motorist Overtaking - Other /;111239;2007;B: Evident Injury;Commercial;;;Missing;;Injury;/Missing;;Passenger Car;No;Yes;Daylight;Urban (>70% Developed);4 lanes;2;Straight - Grade;Local Street;Dry;Two-Way, Not Divided;None;Four-Way Intersection;Smooth Asphalt;Piedmont;Urban;;Stop And Go Signal;Clear;No;35.13792, -80.87934
777;778;Yes;40-49;43;No;With Traffic;A: Disabling Injury;Travel Lane;Native American;Male;None - Rural Crash;Hoke;No;01-01-06;2007-09-15;Motorist Overtaking Bicyclist;17;Non-Intersection;01-09-01;0001-01-01T12:33:58-04:56;Motorist Overtaking - Bicyclist Swerved;311235;2007;A: Disabling Injury;Farms, Woods, Pastures;50-59;59;No;51-55 mph;O: No Injury;White;Male;Pickup;No;No;Daylight;Rural (<30% Developed);2 lanes;2;Straight - Level;State Secondary Route;Dry;Two-Way, Not Divided;None;No Special Feature;Smooth Asphalt;Coastal;Rural;50 - 55  MPH;No Control Present;Clear;No;34.90628, -79.11907
778;779;Yes;10-Jun;10;No;;C: Possible Injury;Non-Roadway;Black;Male;Charlotte;Mecklenburg;No;01-01-07;2007-12-09;Non-Roadway;11;Non-Roadway;01-12-01;0001-01-01T07:02:58-04:56;Non-Roadway;460910;2007;C: Possible Injury;Residential;0-19;12;No;0-5 mph;O: No Injury;Black;Male;Passenger Car;No;No;Daylight;Urban (>70% Developed);;2;Straight - Level;Public Vehicular Area;Dry;Two-Way, Not Divided;None;No Special Feature;Smooth Asphalt;Piedmont;Urban;5 - 15 MPH;No Control Present;Clear;No;35.247334, -80.840996
781;782;Yes;30-39;31;No;With Traffic;B: Evident Injury;Travel Lane;White;Female;Raleigh;Wake;No;01-01-07;2007-09-16;Motorist Left Turn / Merge;20;Intersection;01-09-01;0001-01-01T15:35:58-04:56;Motorist Left Turn - Opposite Direction;111212;2007;B: Evident Injury;Residential;20-24;20;No;0-5 mph;O: No Injury;Black;Male;Passenger Car;No;No;Dark -  Lighting;Urban (>70% Developed);5 lanes;2;Straight - Level;Local Street;Dry;Two-Way, Divided, Unprotected Median;None;Four-Way Intersection;Smooth Asphalt;Piedmont;Urban;30 - 35  MPH;Stop And Go Signal;Clear;No;35.810463, -78.62568
784;785;Yes;50-59;51;No;With Traffic;B: Evident Injury;Travel Lane;White;Male;Charlotte;Mecklenburg;No;01-01-06;2007-12-29;Motorist Left Turn / Merge;16;Non-Intersection;01-12-01;0001-01-01T11:56:58-04:56;Motorist Left Turn - Opposite Direction;311212;2007;B: Evident Injury;Residential;;;Missing;;Injury;/Missing;;Passenger Car;No;Yes;Daylight;Urban (>70% Developed);2 lanes;2;Curve - Level;Local Street;Wet;Two-Way, Not Divided;None;No Special Feature;Smooth Asphalt;Piedmont;Urban;;No Control Present;Cloudy;No;35.21553, -80.851135
790;791;Yes;15-Nov;11;No;Not Applicable;B: Evident Injury;Driveway / Alley;White;Female;None - Rural Crash;Buncombe;No;01-01-02;2007-09-18;Bicyclist Failed to Yield - Midblock;17;Non-Intersection;01-09-01;0001-01-01T12:23:58-04:56;Bicyclist Ride Out - Residential Driveway;353311;2007;B: Evident Injury;Farms, Woods, Pastures;40-49;48;No;26-30 mph;O: No Injury;White;Male;Pickup;No;No;Daylight;Rural (<30% Developed);2 lanes;2;Straight - Level;State Secondary Route;Dry;Two-Way, Not Divided;None;No Special Feature;Coarse Asphalt;Mountains;Rural;30 - 35  MPH;Double Yellow Line, No Passing Zone;Clear;No;35.618645, -82.29222
799;800;No;25-29;25;No;With Traffic;B: Evident Injury;Travel Lane;White;Male;Greensboro;Guilford;No;01-01-03;2007-09-19;Bicyclist Overtaking Motorist;16;Non-Intersection;01-09-01;0001-01-01T11:14:58-04:56;Bicyclist Overtaking - Extended Door;311244;2007;B: Evident Injury;Commercial;50-59;51;No;;O: No Injury;White;Male;Passenger Car;No;Yes;Daylight;Urban (>70% Developed);2 lanes;4;Straight - Level;Local Street;Dry;Two-Way, Not Divided;None;No Special Feature;Smooth Asphalt;Piedmont;Urban;20 - 25  MPH;No Control Present;Clear;No;36.07047, -79.79049
801;802;Yes;40-49;42;No;Facing Traffic;B: Evident Injury;Sidewalk / Crosswalk / Driveway Crossing;White;Male;Greensboro;Guilford;No;01-01-04;2007-09-20;Bicyclist Failed to Yield - Signalized Intersection;13;Intersection;01-09-01;0001-01-01T08:33:58-04:56;Bicyclist Ride Through - Signalized Intersection;132155;2007;B: Evident Injury;Commercial;;;Missing;6-10 mph;Injury;/Missing;;;No;Yes;Daylight;Urban (>70% Developed);5 lanes;2;Straight - Level;Local Street;Dry;Two-Way, Not Divided;None;Four-Way Intersection;Smooth Asphalt;Piedmont;Urban;30 - 35  MPH;Stop And Go Signal;Clear;No;36.021015, -79.79169
802;803;Yes;40-49;47;No;Not Applicable;B: Evident Injury;;Hispanic;Male;None - Rural Crash;Davie;No;01-01-05;2007-09-21;Bicyclist Failed to Yield - Midblock;5;Non-Intersection;01-09-01;0001-01-01T00:58:58-04:56;Bicyclist Ride Out - Midblock -;393319;2007;B: Evident Injury;Residential;30-39;39;No;41-45 mph;O: No Injury;White;Male;Passenger Car;No;No;Dark - Roadway Not Lighted;Rural (<30% Developed);2 lanes;2;Straight - Level;US Route;Dry;Two-Way, Not Divided;None;Driveway, Private;Smooth Asphalt;Piedmont;Rural;40 - 45  MPH;Double Yellow Line, No Passing Zone;Cloudy;No;35.862648, -80.54944
806;807;Yes;15-Nov;12;No;Not Applicable;B: Evident Injury;Driveway / Alley;Black;Male;None - Rural Crash;Vance;No;01-01-06;2007-09-22;Bicyclist Failed to Yield - Midblock;16;Non-Intersection;01-09-01;0001-01-01T11:55:58-04:56;Bicyclist Ride Out - Residential Driveway;353311;2007;B: Evident Injury;Residential;50-59;52;No;31-35 mph;O: No Injury;Black;Female;Passenger Car;No;No;Daylight;Rural (<30% Developed);2 lanes;2;Straight - Level;State Secondary Route;Dry;Two-Way, Not Divided;None;No Special Feature;Smooth Asphalt;Piedmont;Rural;40 - 45  MPH;Double Yellow Line, No Passing Zone;Clear;No;36.431152, -78.43014
825;826;Yes;40-49;42;No;With Traffic;B: Evident Injury;Travel Lane;White;Male;Oak Ridge;Guilford;No;;2007-10-01;Bicyclist Failed to Yield - Signalized Intersection;13;Intersection;01-10-01;0001-01-01T08:43:58-04:56;Bicyclist Ride Through - Signalized Intersection;111155;2007;B: Evident Injury;Institutional;25-29;29;No;31-35 mph;O: No Injury;White;Male;Passenger Car;No;No;Daylight;Mixed (30% To 70% Developed);2 lanes;2;Straight - Hillcrest;NC Route;Dry;Two-Way, Not Divided;None;Four-Way Intersection;Coarse Asphalt;Piedmont;Rural;30 - 35  MPH;Stop And Go Signal;Clear;No;36.170074, -79.993805
845;846;Yes;40-49;41;No;;B: Evident Injury;;Hispanic;Male;Cary;Wake;No;01-01-02;2007-10-09;Other /  - Insufficient Details;7;Location;01-10-01;0001-01-01T02:13:58-04:56;Location;999980;2007;B: Evident Injury;Commercial;;;Missing;41-45 mph;Injury;/Missing;;Passenger Car;No;Yes;Dawn;Urban (>70% Developed);5 lanes;2;Straight - Grade;State Secondary Route;Dry;Two-Way, Not Divided;None;No Special Feature;Smooth Asphalt;Piedmont;Urban;40 - 45  MPH;No Control Present;Clear;No;35.780975, -78.764305
847;848;Yes;16-19;19;No;Facing Traffic;C: Possible Injury;Travel Lane;White;Female;Raleigh;Wake;No;01-01-03;2007-10-10;Motorist Left Turn / Merge;15;Intersection;01-10-01;0001-01-01T10:50:58-04:56;Motorist Left Turn - Same Direction;112211;2007;C: Possible Injury;Commercial;;;Missing;26-30 mph;Injury;/Missing;;;No;Yes;Daylight;Urban (>70% Developed);2 lanes;2;Straight - Level;Local Street;Dry;Two-Way, Not Divided;None;No Special Feature;Smooth Asphalt;Piedmont;Urban;30 - 35  MPH;Stop Sign;Clear;No;35.772003, -78.71441
858;859;Yes;40-49;40;No;With Traffic;B: Evident Injury;Travel Lane;Black;Male;Morganton;Burke;No;01-01-07;2007-10-14;Crossing Paths - Other Circumstances;10;Intersection;01-10-01;0001-01-01T05:50:58-04:56;Crossing Paths - Intersection - Other /;111180;2007;B: Evident Injury;Commercial;25-29;29;No;6-10 mph;O: No Injury;White;Male;Sport Utility;No;No;Daylight;Mixed (30% To 70% Developed);4 lanes;2;Straight - Level;Local Street;Dry;Two-Way, Divided, Unprotected Median;None;Related To Intersection;Smooth Asphalt;Mountains;Urban;30 - 35  MPH;No Control Present;Clear;No;35.74847, -81.68839
868;869;Yes;16-19;16;No;Not Applicable;B: Evident Injury;;Black;Male;Greensboro;Guilford;No;01-01-05;2007-10-19;Bicyclist Failed to Yield - Midblock;19;Non-Intersection;01-10-01;0001-01-01T14:11:58-04:56;Bicyclist Ride Out - Midblock -;393319;2007;B: Evident Injury;Residential;30-39;31;No;;O: No Injury;Black;Female;Passenger Car;No;No;Other;Urban (>70% Developed);2 lanes;2;Straight - Level;Local Street;Dry;Two-Way, Divided, Unprotected Median;None;No Special Feature;Smooth Asphalt;Piedmont;Urban;30 - 35  MPH;No Control Present;Clear;No;36.0644, -79.76222
871;872;Yes;30-39;36;Yes;With Traffic;B: Evident Injury;Travel Lane;Black;Male;Wilson;Wilson;Yes;01-01-06;2007-10-20;Motorist Failed to Yield - Sign-Controlled Intersection;18;Intersection;01-10-01;0001-01-01T13:32:58-04:56;Motorist Drive Out - Sign-Controlled Intersection;111141;2007;B: Evident Injury;Residential;30-39;37;No;16-20 mph;O: No Injury;Hispanic;Male;Pickup;No;No;Daylight;Rural (<30% Developed);2 lanes;2;Straight - Level;Local Street;Dry;Two-Way, Not Divided;None;Four-Way Intersection;Coarse Asphalt;Coastal;Urban;30 - 35  MPH;Stop Sign;Clear;No;35.73124, -77.91561
876;877;Yes;0-5;5;No;;C: Possible Injury;Travel Lane;Black;Male;Rocky Mount;Edgecombe;No;01-01-02;2007-10-23;Bicyclist Failed to Yield - Sign-Controlled Intersection;16;Intersection;01-10-01;0001-01-01T11:56:58-04:56;Bicyclist Ride Through - Sign-Controlled Intersection;119144;2007;C: Possible Injury;Residential;20-24;22;No;16-20 mph;O: No Injury;Black;Male;Passenger Car;No;No;Daylight;Urban (>70% Developed);2 lanes;2;Straight - Level;Local Street;Dry;Two-Way, Not Divided;None;Four-Way Intersection;Smooth Asphalt;Coastal;Urban;30 - 35  MPH;Stop Sign;Clear;No;35.92618, -77.79376
882;883;Yes;;;No;Not Applicable;C: Possible Injury;Driveway / Alley;White;Male;Roanoke Rapids;Halifax;No;01-01-05;2007-10-26;Bicyclist Failed to Yield - Midblock;12;Non-Intersection;01-10-01;0001-01-01T07:19:58-04:56;Bicyclist Ride Out - Residential Driveway;353311;2007;C: Possible Injury;Commercial;20-24;23;No;21-25 mph;O: No Injury;White;Female;Passenger Car;No;No;Daylight;Urban (>70% Developed);2 lanes;2;Straight - Level;Local Street;Wet;Two-Way, Not Divided;None;No Special Feature;Grooved Concrete;Coastal;Urban;20 - 25  MPH;No Control Present;Cloudy;No;36.450268, -77.65871
885;886;Yes;16-19;18;No;Facing Traffic;A: Disabling Injury;Travel Lane;White;Male;None - Rural Crash;Wilson;No;01-01-05;2007-10-19;Head-On;20;Non-Intersection;01-10-01;0001-01-01T15:06:58-04:56;Head-On - Bicyclist;312250;2007;A: Disabling Injury;Farms, Woods, Pastures;25-29;29;No;41-45 mph;O: No Injury;White;Female;Passenger Car;No;Yes;Dark - Roadway Not Lighted;Rural (<30% Developed);4 lanes;2;Straight - Level;US Route;Dry;Two-Way, Divided, Unprotected Median;None;No Special Feature;Smooth Asphalt;Coastal;Rural;50 - 55  MPH;No Control Present;Clear;No;35.600616, -78.11563