FID;OBJECTID;AmbulanceR;BikeAge_Gr;Bike_Age;Bike_Alc_D;Bike_Dir;Bike_Injur;Bike_Pos;Bike_Race;Bike_Sex;City;County;CrashAlcoh;CrashDay;Crash_Date;Crash_Grp;Crash_Hour;Crash_Loc;Crash_Mont;Crash_Time;Crash_Type;Crash_Ty_1;Crash_Year;Crsh_Sevri;Developmen;DrvrAge_Gr;Drvr_Age;Drvr_Alc_D;Drvr_EstSp;Drvr_Injur;Drvr_Race;Drvr_Sex;Drvr_VehTy;ExcsSpdInd;Hit_Run;Light_Cond;Locality;Num_Lanes;Num_Units;Rd_Charact;Rd_Class;Rd_Conditi;Rd_Config;Rd_Defects;Rd_Feature;Rd_Surface;Region;Rural_Urba;Speed_Limi;Traff_Cntr;Weather;Workzone_I;Location
890;891;No;16-19;18;No;;C: Possible Injury;Non-Roadway;Black;Male;Goldsboro;Wayne;No;;2007-10-29;Non-Roadway;19;Non-Roadway;01-10-01;0001-01-01T14:03:58-04:56;Non-Roadway;460910;2007;C: Possible Injury;Commercial;25-29;27;No;0-5 mph;O: No Injury;Black;Female;Passenger Car;No;No;Dark - Lighted Roadway;Urban (>70% Developed);;2;Straight - Level;Public Vehicular Area;Dry;Two-Way, Not Divided;None;No Special Feature;Smooth Asphalt;Coastal;Urban;5 - 15 MPH;No Control Present;Clear;No;35.374462, -77.99035
893;894;Yes;15-Nov;13;No;Not Applicable;A: Disabling Injury;;White;Male;Wilmington;New Hanover;No;;2007-10-29;Bicyclist Failed to Yield - Midblock;12;Non-Intersection;01-10-01;0001-01-01T07:37:58-04:56;Bicyclist Ride Out - Midblock -;393319;2007;A: Disabling Injury;Commercial;70+;;No;31-35 mph;O: No Injury;White;Male;Passenger Car;No;No;Daylight;Urban (>70% Developed);4 lanes;2;Straight - Level;Local Street;Dry;Two-Way, Divided, Unprotected Median;;No Special Feature;Smooth Asphalt;Coastal;Urban;40 - 45  MPH;No Control Present;Clear;No;34.19503, -77.88915
897;898;Yes;30-39;37;Yes;With Traffic;B: Evident Injury;Travel Lane;Black;Male;None - Rural Crash;Bertie;Yes;01-01-04;2007-11-01;Bicyclist Left Turn / Merge;14;Non-Intersection;01-11-01;0001-01-01T09:57:58-04:56;Bicyclist Left Turn - Same Direction;311221;2007;B: Evident Injury;Residential;50-59;53;No;>100 mph;O: No Injury;White;Female;Van;No;No;Daylight;Mixed (30% To 70% Developed);2 lanes;2;Straight - Level;US Route;Dry;Two-Way, Not Divided;None;No Special Feature;Coarse Asphalt;Coastal;Rural;40 - 45  MPH;Double Yellow Line, No Passing Zone;Clear;No;35.984623, -76.95754
900;901;Yes;40-49;47;No;With Traffic;O: No Injury;Travel Lane;Black;Female;Holly Springs;Wake;No;01-01-05;2007-11-02;Motorist Overtaking Bicyclist;13;Non-Intersection;01-11-01;0001-01-01T08:29:58-04:56;Motorist Overtaking - Misjudged Space;311232;2007;O: No Injury;Residential;70+;;No;16-20 mph;O: No Injury;Black;Male;Truck/Trailer;No;No;Daylight;Mixed (30% To 70% Developed);4 lanes;2;Straight - Level;Local Street;Dry;Two-Way, Not Divided;None;No Special Feature;Smooth Asphalt;Piedmont;Urban;30 - 35  MPH;No Control Present;Clear;No;35.641724, -78.84034
902;903;Yes;50-59;58;No;Facing Traffic;O: No Injury;Travel Lane;Black;Male;Raleigh;Wake;No;01-01-06;2007-11-03;Motorist Failed to Yield - Sign-Controlled Intersection;12;Intersection;01-11-01;0001-01-01T07:36:58-04:56;Motorist Drive Out - Sign-Controlled Intersection;112141;2007;O: No Injury;Residential;70+;;No;0-5 mph;O: No Injury;Black;Female;Passenger Car;No;No;Daylight;Urban (>70% Developed);3 lanes;2;Straight - Level;Local Street;Dry;One-Way, Not Divided;None;Four-Way Intersection;Concrete;Piedmont;Urban;30 - 35  MPH;Stop Sign;Clear;No;35.76702, -78.63557
913;914;Yes;30-39;39;Yes;With Traffic;C: Possible Injury;Travel Lane;White;Male;Garner;Wake;Yes;01-01-04;2007-11-08;Motorist Failed to Yield - Midblock;16;Non-Intersection;01-11-01;0001-01-01T11:27:58-04:56;Motorist Drive Out - Commercial Driveway / Alley;311322;2007;C: Possible Injury;Commercial;40-49;48;No;21-25 mph;O: No Injury;White;Male;Passenger Car;No;No;Daylight;Urban (>70% Developed);2 lanes;2;Straight - Grade;Local Street;Dry;Two-Way, Not Divided;None;T-Intersection;Coarse Asphalt;Piedmont;Urban;;Stop Sign;Clear;No;35.68509, -78.61796
914;915;No;40-49;47;No;Facing Traffic;C: Possible Injury;;White;Male;Greensboro;Guilford;No;01-01-04;2007-11-08;Motorist Failed to Yield - Signalized Intersection;12;Intersection;01-11-01;0001-01-01T08:00:58-04:56;Motorist Drive Out - Signalized Intersection;192152;2007;C: Possible Injury;Commercial;25-29;26;No;0-5 mph;O: No Injury;White;Male;Sport Utility;No;No;Daylight;Urban (>70% Developed);4 lanes;2;Straight - Level;Local Street;Dry;Two-Way, Not Divided;None;Four-Way Intersection;Smooth Asphalt;Piedmont;Urban;30 - 35  MPH;Stop And Go Signal;Clear;No;36.055668, -79.83071
932;933;Yes;10-Jun;8;No;Not Applicable;B: Evident Injury;Non-Roadway;Black;Male;None - Rural Crash;Forsyth;No;01-01-02;2007-11-20;Bicyclist Failed to Yield - Midblock;9;Non-Intersection;01-11-01;0001-01-01T04:21:58-04:56;Bicyclist Ride Out - Other Midblock;363318;2007;B: Evident Injury;Residential;50-59;58;No;46-50 mph;O: No Injury;Black;Female;Passenger Car;No;No;Daylight;Mixed (30% To 70% Developed);2 lanes;2;Straight - Level;State Secondary Route;Dry;Two-Way, Not Divided;None;No Special Feature;Smooth Asphalt;Piedmont;Rural;50 - 55  MPH;No Control Present;Clear;No;36.211643, -80.2253
940;941;No;15-Nov;11;No;With Traffic;C: Possible Injury;Travel Lane;Black;Male;Lexington;Davidson;No;01-01-02;2007-11-27;Bicyclist Left Turn / Merge;17;Non-Intersection;01-11-01;0001-01-01T12:29:58-04:56;Bicyclist Left Turn - Opposite Direction;311222;2007;C: Possible Injury;Commercial;50-59;54;No;26-30 mph;O: No Injury;White;Female;Passenger Car;No;No;Daylight;Rural (<30% Developed);4 lanes;2;Straight - Level;Local Street;Dry;Two-Way, Divided, Unprotected Median;None;No Special Feature;Smooth Asphalt;Piedmont;Urban;30 - 35  MPH;No Control Present;Clear;No;35.814728, -80.26379
943;944;No;40-49;45;No;Facing Traffic;O: No Injury;Travel Lane;Hispanic;Male;Grantsboro;Pamlico;No;01-01-03;2007-11-28;Bicyclist Right Turn / Merge;17;Non-Intersection;01-11-01;0001-01-01T12:55:58-04:56;Bicyclist Right Turn - Same Direction;312223;2007;O: No Injury;Farms, Woods, Pastures;60-69;63;No;46-50 mph;O: No Injury;Black;Female;Sport Utility;No;No;Dark - Roadway Not Lighted;Rural (<30% Developed);2 lanes;2;Straight - Level;NC Route;Dry;Two-Way, Not Divided;None;No Special Feature;Smooth Asphalt;Coastal;Rural;50 - 55  MPH;Double Yellow Line, No Passing Zone;Clear;No;35.129337, -76.840805
945;946;No;40-49;44;No;Facing Traffic;C: Possible Injury;Travel Lane;Black;Male;Raleigh;Wake;No;01-01-02;2007-11-20;Bicyclist Failed to Yield - Signalized Intersection;9;Intersection;01-11-01;0001-01-01T04:03:58-04:56;Bicyclist Ride Through - Signalized Intersection;112155;2007;C: Possible Injury;Commercial;30-39;34;No;0-5 mph;O: No Injury;White;Male;Passenger Car;No;No;Daylight;Urban (>70% Developed);4 lanes;2;Curve - Grade;Local Street;Dry;Two-Way, Divided, Positive Median Barrier;None;On or Off Ramp;Smooth Asphalt;Piedmont;Urban;30 - 35  MPH;Stop And Go Signal;Clear;No;35.835308, -78.63908
946;947;Yes;50-59;51;No;With Traffic;C: Possible Injury;Travel Lane;Black;Male;Greensboro;Guilford;No;01-01-03;2007-11-28;Motorist Failed to Yield - Midblock;6;Non-Intersection;01-11-01;0001-01-01T01:42:58-04:56;Motorist Drive Out - Commercial Driveway / Alley;311322;2007;C: Possible Injury;Commercial;50-59;50;No;0-5 mph;O: No Injury;White;Male;Pickup;No;No;Dark - Lighted Roadway;Urban (>70% Developed);1 lane;2;Straight - Level;Local Street;Dry;Two-Way, Divided, Unprotected Median;None;No Special Feature;Smooth Asphalt;Piedmont;Urban;30 - 35  MPH;No Control Present;Clear;No;36.038292, -79.799995
949;950;No;15-Nov;13;No;With Traffic;C: Possible Injury;Travel Lane;White;Male;Kannapolis;Rowan;No;01-01-05;2007-11-30;Loss of Control / Turning Error;20;Intersection-Related;01-11-01;0001-01-01T15:33:58-04:56;Motorist Turning Error - Right Turn;211112;2007;C: Possible Injury;Residential;;;Missing;6-10 mph;Injury;/Missing;;;No;Yes;Dark - Roadway Not Lighted;Urban (>70% Developed);2 lanes;2;Straight - Grade;Local Street;Dry;Two-Way, Not Divided;None;No Special Feature;Smooth Asphalt;Piedmont;Urban;30 - 35  MPH;No Control Present;Clear;No;35.50779, -80.59057
952;953;Yes;50-59;51;No;With Traffic;B: Evident Injury;Travel Lane;Hispanic;Male;Raleigh;Wake;No;01-01-06;2007-12-01;Bicyclist Left Turn / Merge;9;Non-Intersection;01-12-01;0001-01-01T04:43:58-04:56;Bicyclist Left Turn - Same Direction;311221;2007;B: Evident Injury;Residential;50-59;54;No;6-10 mph;O: No Injury;White;Female;Passenger Car;No;No;Daylight;Urban (>70% Developed);2 lanes;2;Straight - Grade;Local Street;Dry;Two-Way, Divided, Unprotected Median;None;T-Intersection;Coarse Asphalt;Piedmont;Urban;30 - 35  MPH;No Control Present;Clear;No;35.833164, -78.68018
957;958;Yes;15-Nov;15;No;;B: Evident Injury;;Black;Male;Greenville;Pitt;No;;2007-12-03;Bicyclist Failed to Yield - Midblock;16;Non-Intersection;01-12-01;0001-01-01T11:37:58-04:56;Bicyclist Ride Out - Midblock -;399319;2007;B: Evident Injury;Commercial;60-69;64;No;31-35 mph;O: No Injury;Hispanic;;Light Truck (Mini-Van, Panel);No;No;Daylight;Urban (>70% Developed);4 lanes;2;Straight - Level;Local Street;Dry;Two-Way, Not Divided;None;No Special Feature;Smooth Asphalt;Coastal;Urban;30 - 35  MPH;No Control Present;Clear;No;35.607388, -77.38498
960;961;Yes;20-24;21;No;;B: Evident Injury;Multi-use Path;White;Male;Chapel Hill;Orange;No;01-01-02;2007-12-04;Non-Roadway;18;Non-Roadway;01-12-01;0001-01-01T13:51:58-04:56;Non-Roadway;440910;2007;B: Evident Injury;Institutional;30-39;38;No;6-10 mph;O: No Injury;Asian;Male;Passenger Car;No;No;Dark - Lighted Roadway;Urban (>70% Developed);1 lane;2;Straight - Grade;Public Vehicular Area;Dry;One-Way, Not Divided;None;No Special Feature;Coarse Asphalt;Piedmont;Urban;5 - 15 MPH;No Control Present;Clear;No;35.90505, -79.048004
972;973;Yes;50-59;53;No;;O: No Injury;;Black;Male;Tarboro;Edgecombe;No;01-01-02;2007-12-11;Bicyclist Failed to Yield - Midblock;12;Non-Intersection;01-12-01;0001-01-01T07:15:58-04:56;Bicyclist Ride Out - Midblock -;399319;2007;O: No Injury;Residential;50-59;54;No;;O: No Injury;Black;Female;Passenger Car;No;No;Daylight;Mixed (30% To 70% Developed);1 lane;2;Straight - Level;Local Street;Dry;One-Way, Not Divided;None;No Special Feature;Smooth Asphalt;Coastal;Urban;;No Control Present;Clear;No;35.90138, -77.535736
981;982;Yes;50-59;53;No;With Traffic;C: Possible Injury;Bike Lane / Paved Shoulder;Black;Male;Hamlet;Richmond;No;;2007-12-17;Motorist Overtaking Bicyclist;1;Non-Intersection;01-12-01;0000-12-31T20:37:58-04:56;Motorist Overtaking - Undetected Bicyclist;321231;2007;C: Possible Injury;Residential;60-69;65;No;21-25 mph;O: No Injury;White;Female;Passenger Car;No;No;Dark -  Lighting;Mixed (30% To 70% Developed);2 lanes;2;Straight - Level;Local Street;Dry;Two-Way, Not Divided;None;No Special Feature;Smooth Asphalt;Piedmont;Urban;30 - 35  MPH;No Control Present;Clear;No;34.895954, -79.703545
983;984;No;40-49;42;No;With Traffic;C: Possible Injury;Bike Lane / Paved Shoulder;Asian;Female;Carrboro;Orange;No;01-01-04;2007-12-20;Motorist Overtaking Bicyclist;7;Non-Intersection;01-12-01;0001-01-01T02:55:58-04:56;Motorist Overtaking - Bicyclist Swerved;321235;2007;C: Possible Injury;Residential;50-59;58;No;36-40 mph;O: No Injury;White;Male;Passenger Car;No;No;Daylight;Rural (<30% Developed);4 lanes;2;Straight - Level;NC Route;Dry;Two-Way, Not Divided;None;No Special Feature;Smooth Asphalt;Piedmont;Urban;40 - 45  MPH;No Control Present;Clear;No;35.909725, -79.09043
998;999;Yes;40-49;49;No;With Traffic;K: Killed;Travel Lane;Black;Male;Wilmington;New Hanover;No;01-01-04;2007-01-25;Bicyclist Left Turn / Merge;13;Intersection;;0001-01-01T08:42:58-04:56;Bicyclist Left Turn - Opposite Direction;111222;2007;K: Killed;Commercial;25-29;26;No;36-40 mph;O: No Injury;White;Female;Sport Utility;No;No;Daylight;Urban (>70% Developed);8 lanes;2;Straight - Level;Local Street;Dry;Two-Way, Divided, Unprotected Median;;Driveway, Public;Smooth Asphalt;Coastal;Urban;40 - 45  MPH;Stop And Go Signal;Clear;No;34.21607, -77.904274
677;678;Yes;40-49;40;No;With Traffic;O: No Injury;Travel Lane;/Missing;;Charlotte;Mecklenburg;No;01-01-02;2010-09-07;Motorist Left Turn / Merge;22;Intersection;01-09-01;0001-01-01T17:57:58-04:56;Motorist Left Turn - Opposite Direction;0;2010;O: No Injury;Commercial;25-29;27;No;16-20 mph;O: No Injury;Black;Male;Sport Utility;No;No;Dark - Lighted Roadway;Urban (>70% Developed);4 lanes;2;Straight - Level;Local Street;Dry;Two-Way, Divided, Unprotected Median;None;Four-Way Intersection;Smooth Asphalt;Piedmont;Urban;30 - 35  MPH;Stop And Go Signal;Clear;No;35.18874, -80.87549
678;679;No;16-19;17;No;With Traffic;C: Possible Injury;Travel Lane;Black;Male;Charlotte;Mecklenburg;No;01-01-06;2010-09-11;Motorist Overtaking Bicyclist;16;Non-Intersection;01-09-01;0001-01-01T11:45:58-04:56;Motorist Overtaking - Other /;0;2010;C: Possible Injury;Residential;;;Missing;31-35 mph;Injury;/Missing;;;No;Yes;Daylight;Urban (>70% Developed);2 lanes;3;Straight - Level;Local Street;Dry;Two-Way, Not Divided;None;No Special Feature;Smooth Asphalt;Piedmont;Urban;30 - 35  MPH;No Control Present;Cloudy;No;35.204105, -80.89236
679;680;No;10-Jun;8;No;;C: Possible Injury;Travel Lane;Black;Female;Charlotte;Mecklenburg;No;01-01-06;2010-09-11;Bicyclist Failed to Yield - Sign-Controlled Intersection;12;Intersection;01-09-01;0001-01-01T07:41:58-04:56;Bicyclist Ride Through - Sign-Controlled Intersection;0;2010;C: Possible Injury;Residential;60-69;66;No;31-35 mph;O: No Injury;Black;Male;Passenger Car;No;No;Daylight;Urban (>70% Developed);2 lanes;2;Straight - Grade;Local Street;Dry;Two-Way, Not Divided;None;No Special Feature;Smooth Asphalt;Piedmont;Urban;20 - 25  MPH;Stop Sign;Cloudy;No;35.28064, -80.81792
680;681;No;15-Nov;12;No;Facing Traffic;O: No Injury;Travel Lane;Black;Male;Charlotte;Mecklenburg;No;01-01-04;2010-09-09;Motorist Failed to Yield - Sign-Controlled Intersection;21;Intersection;01-09-01;0001-01-01T16:37:58-04:56;Motorist Drive Out - Sign-Controlled Intersection;0;2010;O: No Injury;Commercial;0-19;19;No;0-5 mph;O: No Injury;White;Female;Passenger Car;No;No;Dark - Lighted Roadway;Mixed (30% To 70% Developed);2 lanes;2;Straight - Level;Public Vehicular Area;Dry;Two-Way, Divided, Unprotected Median;None;No Special Feature;Smooth Asphalt;Piedmont;Urban;5 - 15 MPH;Stop Sign;Clear;No;35.212917, -80.68708
687;688;Yes;50-59;51;No;With Traffic;B: Evident Injury;Travel Lane;White;Male;Durham;Durham;No;;2010-09-20;Motorist Left Turn / Merge;18;Intersection;01-09-01;0001-01-01T13:53:58-04:56;Motorist Left Turn - Opposite Direction;0;2010;B: Evident Injury;Residential;30-39;37;No;16-20 mph;O: No Injury;Asian;Female;Sport Utility;No;No;Daylight;Urban (>70% Developed);2 lanes;2;Straight - Level;Local Street;Dry;Two-Way, Not Divided;None;Four-Way Intersection;Coarse Asphalt;Piedmont;Urban;30 - 35  MPH;Stop And Go Signal;Clear;No;36.037464, -78.93555
690;691;No;15-Nov;13;No;Facing Traffic;C: Possible Injury;;Black;Male;Charlotte;Mecklenburg;No;;2010-09-13;Motorist Failed to Yield - Sign-Controlled Intersection;17;Intersection;01-09-01;0001-01-01T12:43:58-04:56;Motorist Drive Out - Sign-Controlled Intersection;0;2010;C: Possible Injury;Residential;40-49;45;No;0-5 mph;O: No Injury;White;Female;Passenger Car;No;No;Daylight;Urban (>70% Developed);5 lanes;2;Straight - Grade;Local Street;Dry;Two-Way, Not Divided;None;No Special Feature;Smooth Asphalt;Piedmont;Urban;30 - 35  MPH;Stop Sign;Clear;No;35.13097, -80.85399
695;696;No;50-59;58;No;With Traffic;B: Evident Injury;Travel Lane;White;Male;None - Rural Crash;Guilford;No;01-01-06;2010-09-25;Motorist Overtaking Bicyclist;6;Non-Intersection;01-09-01;0001-01-01T01:43:58-04:56;Motorist Overtaking - Other /;0;2010;B: Evident Injury;Farms, Woods, Pastures;30-39;39;No;41-45 mph;O: No Injury;White;Male;Passenger Car;No;No;Dawn;Rural (<30% Developed);2 lanes;2;Straight - Level;State Secondary Route;Dry;Two-Way, Not Divided;None;No Special Feature;Smooth Asphalt;Piedmont;Rural;40 - 45  MPH;Double Yellow Line, No Passing Zone;Clear;No;36.097317, -79.99603
700;701;Yes;70+;;No;With Traffic;A: Disabling Injury;Travel Lane;Black;Male;Rocky Mount;Edgecombe;No;01-01-05;2010-08-20;Bicyclist Left Turn / Merge;5;Non-Intersection;01-08-01;0001-01-01T00:31:58-04:56;Bicyclist Left Turn - Same Direction;0;2010;A: Disabling Injury;Residential;30-39;33;No;41-45 mph;O: No Injury;Black;Female;Passenger Car;No;No;Dark - Lighted Roadway;Mixed (30% To 70% Developed);2 lanes;2;Straight - Level;Local Street;Dry;Two-Way, Not Divided;None;No Special Feature;Smooth Asphalt;Coastal;Urban;40 - 45  MPH;No Control Present;Cloudy;No;35.90827, -77.805565
710;711;Yes;60-69;61;No;With Traffic;C: Possible Injury;Travel Lane;Black;Male;Charlotte;Mecklenburg;No;01-01-02;2010-09-21;Motorist Right Turn / Merge;12;Intersection;01-09-01;0001-01-01T07:54:58-04:56;Motorist Right Turn - Same Direction;0;2010;C: Possible Injury;Commercial;50-59;56;No;;O: No Injury;White;Female;Passenger Car;No;No;Daylight;Urban (>70% Developed);2 lanes;2;Straight - Level;Local Street;Dry;Two-Way, Not Divided;None;T-Intersection;Smooth Asphalt;Piedmont;Urban;20 - 25  MPH;Stop Sign;Clear;No;35.17671, -80.85094
724;725;No;40-49;49;No;With Traffic;B: Evident Injury;Travel Lane;Black;Female;Pineville;Mecklenburg;No;01-01-06;2010-09-04;Crossing Paths - Other Circumstances;8;Intersection;01-09-01;0001-01-01T03:25:58-04:56;Signalized Intersection - Other /;0;2010;B: Evident Injury;Commercial;70+;;No;6-10 mph;O: No Injury;White;Male;Passenger Car;No;No;Daylight;Urban (>70% Developed);2 lanes;2;Straight - Level;Local Street;Dry;Two-Way, Not Divided;None;Four-Way Intersection;Smooth Asphalt;Piedmont;Rural;30 - 35  MPH;Stop And Go Signal;Clear;No;35.09484, -80.86639
727;728;Yes;40-49;49;No;With Traffic;B: Evident Injury;Sidewalk / Crosswalk / Driveway Crossing;White;Male;None - Rural Crash;Iredell;No;01-01-06;2010-10-02;Motorist Failed to Yield - Midblock;19;Non-Intersection;01-10-01;0001-01-01T14:44:58-04:56;Motorist Drive Out - Other Midblock;0;2010;B: Evident Injury;Commercial;40-49;43;No;0-5 mph;O: No Injury;White;Male;Pickup;No;No;Dusk;Urban (>70% Developed);2 lanes;2;Straight - Level;State Secondary Route;Dry;Two-Way, Not Divided;None;No Special Feature;Smooth Asphalt;Piedmont;Rural;40 - 45  MPH;Double Yellow Line, No Passing Zone;Clear;No;35.782528, -81.004196
728;729;No;16-19;17;No;With Traffic;A: Disabling Injury;Travel Lane;White;Male;None - Rural Crash;New Hanover;No;01-01-02;2010-10-05;Motorist Overtaking Bicyclist;6;Non-Intersection;01-10-01;0001-01-01T01:46:58-04:56;Motorist Overtaking - Other /;0;2010;A: Disabling Injury;Residential;40-49;44;No;31-35 mph;O: No Injury;White;Female;Sport Utility;No;No;Dawn;Urban (>70% Developed);5 lanes;2;Straight - Level;State Secondary Route;Dry;Two-Way, Not Divided;None;No Special Feature;Smooth Asphalt;Coastal;Rural;40 - 45  MPH;No Control Present;Clear;No;34.26412, -77.832886
734;735;Yes;15-Nov;13;No;With Traffic;C: Possible Injury;Travel Lane;Black;Male;None - Rural Crash;Northampton;No;01-01-06;2010-09-18;Motorist Overtaking Bicyclist;11;Non-Intersection;01-09-01;0001-01-01T06:34:58-04:56;Motorist Overtaking - Bicyclist Swerved;0;2010;C: Possible Injury;Farms, Woods, Pastures;70+;;No;46-50 mph;O: No Injury;White;Male;Pickup;No;No;Daylight;Rural (<30% Developed);2 lanes;2;Curve - Level;NC Route;Dry;Two-Way, Not Divided;None;No Special Feature;Smooth Asphalt;Coastal;Rural;50 - 55  MPH;Double Yellow Line, No Passing Zone;Clear;No;36.488716, -77.20151
741;742;Yes;15-Nov;12;No;With Traffic;B: Evident Injury;Travel Lane;White;Male;None - Rural Crash;Cleveland;No;01-01-06;2010-10-09;Bicyclist Failed to Yield - Midblock;9;Non-Intersection;01-10-01;0001-01-01T04:53:58-04:56;Bicyclist Ride Out - Other Midblock;0;2010;B: Evident Injury;Residential;30-39;37;No;36-40 mph;O: No Injury;White;Female;Passenger Car;No;No;Daylight;Urban (>70% Developed);2 lanes;2;Straight - Level;State Secondary Route;Dry;Two-Way, Not Divided;None;No Special Feature;Smooth Asphalt;Mountains;Rural;50 - 55  MPH;Double Yellow Line, No Passing Zone;Clear;No;35.28767, -81.64033
742;743;Yes;30-39;39;No;Facing Traffic;B: Evident Injury;Sidewalk / Crosswalk / Driveway Crossing;White;Female;Swansboro;Onslow;Yes;01-01-06;2010-10-09;Motorist Failed to Yield - Midblock;12;Non-Intersection;01-10-01;0001-01-01T07:33:58-04:56;Motorist Drive Out - Commercial Driveway / Alley;0;2010;B: Evident Injury;Commercial;40-49;43;Yes;0-5 mph;O: No Injury;White;Female;Passenger Car;No;No;Daylight;Mixed (30% To 70% Developed);5 lanes;2;Straight - Level;NC Route;Dry;Two-Way, Not Divided;None;Driveway, Public;Coarse Asphalt;Coastal;Rural;50 - 55  MPH;No Control Present;Clear;No;34.684746, -77.11465
750;751;Yes;30-39;39;No;With Traffic;O: No Injury;Travel Lane;Black;Female;Raleigh;Wake;No;01-01-04;2010-09-02;Loss of Control / Turning Error;9;Intersection;01-09-01;0001-01-01T04:50:58-04:56;Bicyclist Turning Error - Right Turn;0;2010;O: No Injury;Residential;20-24;23;No;21-25 mph;O: No Injury;White;Female;Sport Utility;No;No;Daylight;Urban (>70% Developed);2 lanes;2;Straight - Level;Local Street;Dry;Two-Way, Divided, Unprotected Median;None;Four-Way Intersection;Smooth Asphalt;Piedmont;Urban;30 - 35  MPH;Stop Sign;Clear;No;35.791584, -78.630196
754;755;Yes;16-19;16;No;Not Applicable;B: Evident Injury;Travel Lane;White;Male;None - Rural Crash;Pamlico;No;01-01-06;2010-10-09;Crossing Paths - Other Circumstances;21;Intersection;01-10-01;0001-01-01T17:00:58-04:56;Crossing Paths - Intersection - Other /;0;2010;B: Evident Injury;Farms, Woods, Pastures;50-59;58;No;51-55 mph;B: Evident Injury;White;Male;Motorcycle;No;No;Dark - Roadway Not Lighted;Rural (<30% Developed);5 lanes;2;Straight - Level;NC Route;Dry;Two-Way, Divided, Unprotected Median;None;T-Intersection;Smooth Asphalt;Coastal;Rural;50 - 55  MPH;Stop Sign;Clear;No;35.135452, -76.896736
758;759;Yes;16-19;16;No;With Traffic;C: Possible Injury;Sidewalk / Crosswalk / Driveway Crossing;White;Male;Raleigh;Wake;No;01-01-02;2010-09-07;Motorist Right Turn / Merge;15;Intersection;01-09-01;0001-01-01T10:28:58-04:56;Motorist Right Turn - Same Direction;0;2010;C: Possible Injury;Commercial;0-19;17;No;;O: No Injury;White;Male;Passenger Car;No;No;Daylight;Urban (>70% Developed);5 lanes;2;Straight - Level;Local Street;Dry;Two-Way, Not Divided;None;No Special Feature;Smooth Asphalt;Piedmont;Urban;30 - 35  MPH;Stop And Go Signal;Clear;No;35.85647, -78.65062
759;760;Yes;25-29;26;No;Facing Traffic;C: Possible Injury;;White;Female;Statesville;Iredell;No;01-01-04;2010-10-07;Motorist Failed to Yield - Sign-Controlled Intersection;14;Intersection;01-10-01;0001-01-01T09:58:58-04:56;Motorist Drive Out - Sign-Controlled Intersection;0;2010;C: Possible Injury;Residential;70+;;No;6-10 mph;O: No Injury;White;Male;Passenger Car;No;No;Daylight;Urban (>70% Developed);2 lanes;2;Straight - Level;Local Street;Dry;Two-Way, Not Divided;None;No Special Feature;Smooth Asphalt;Piedmont;Urban;30 - 35  MPH;Stop Sign;Clear;No;35.790733, -80.88098
764;765;Yes;20-24;20;No;With Traffic;B: Evident Injury;Travel Lane;White;Male;Lenoir;Caldwell;No;01-01-03;2010-10-13;Motorist Overtaking Bicyclist;20;Non-Intersection;01-10-01;0001-01-01T15:12:58-04:56;Motorist Overtaking - Undetected Bicyclist;0;2010;B: Evident Injury;Residential;40-49;40;No;46-50 mph;O: No Injury;White;Male;Sport Utility;No;No;Dark - Roadway Not Lighted;Urban (>70% Developed);5 lanes;2;Straight - Level;Local Street;Dry;Two-Way, Not Divided;None;No Special Feature;Coarse Asphalt;Mountains;Urban;40 - 45  MPH;No Control Present;Cloudy;No;35.923534, -81.547745
766;767;Yes;15-Nov;13;No;Not Applicable;C: Possible Injury;Driveway / Alley;Hispanic;Male;Asheboro;Randolph;No;01-01-02;2010-10-05;Bicyclist Failed to Yield - Midblock;17;Non-Intersection;01-10-01;0001-01-01T12:52:58-04:56;Bicyclist Ride Out - Residential Driveway;0;2010;C: Possible Injury;Commercial;30-39;39;No;31-35 mph;O: No Injury;White;Female;Passenger Car;No;No;Daylight;Urban (>70% Developed);2 lanes;2;Straight - Level;State Secondary Route;Dry;Two-Way, Not Divided;None;No Special Feature;Coarse Asphalt;Piedmont;Urban;30 - 35  MPH;No Control Present;Clear;No;35.77037, -79.80864
770;771;Yes;10-Jun;9;No;;C: Possible Injury;Travel Lane;Black;Female;Charlotte;Mecklenburg;No;01-01-05;2010-10-08;Other /  - Insufficient Details;17;Non-Intersection;01-10-01;0001-01-01T12:03:58-04:56;Approach Paths;0;2010;C: Possible Injury;Residential;0-19;17;No;6-10 mph;O: No Injury;Black;Female;Sport Utility;No;No;Daylight;Urban (>70% Developed);;2;Straight - Level;Local Street;Dry;Two-Way, Not Divided;None;No Special Feature;Smooth Asphalt;Piedmont;Urban;20 - 25  MPH;No Control Present;Clear;No;35.271988, -80.74406
772;773;Yes;10-Jun;10;No;With Traffic;B: Evident Injury;Travel Lane;Black;Male;Chapel Hill;Orange;No;01-01-04;2010-10-07;Bicyclist Failed to Yield - Sign-Controlled Intersection;15;Intersection;01-10-01;0001-01-01T10:16:58-04:56;Bicyclist Ride Through - Sign-Controlled Intersection;0;2010;B: Evident Injury;Residential;20-24;21;No;16-20 mph;O: No Injury;White;Male;Single Unit Truck (2-Axle, 6-Tire);No;No;Daylight;Rural (<30% Developed);2 lanes;2;Straight - Level;Local Street;Dry;Two-Way, Not Divided;None;Four-Way Intersection;Coarse Asphalt;Piedmont;Urban;20 - 25  MPH;Stop Sign;Clear;No;35.937473, -79.05032