FID;OBJECTID;AmbulanceR;BikeAge_Gr;Bike_Age;Bike_Alc_D;Bike_Dir;Bike_Injur;Bike_Pos;Bike_Race;Bike_Sex;City;County;CrashAlcoh;CrashDay;Crash_Date;Crash_Grp;Crash_Hour;Crash_Loc;Crash_Mont;Crash_Time;Crash_Type;Crash_Ty_1;Crash_Year;Crsh_Sevri;Developmen;DrvrAge_Gr;Drvr_Age;Drvr_Alc_D;Drvr_EstSp;Drvr_Injur;Drvr_Race;Drvr_Sex;Drvr_VehTy;ExcsSpdInd;Hit_Run;Light_Cond;Locality;Num_Lanes;Num_Units;Rd_Charact;Rd_Class;Rd_Conditi;Rd_Config;Rd_Defects;Rd_Feature;Rd_Surface;Region;Rural_Urba;Speed_Limi;Traff_Cntr;Weather;Workzone_I;Location
776;777;Yes;40-49;47;Yes;;C: Possible Injury;Sidewalk / Crosswalk / Driveway Crossing;Black;Male;Greensboro;Guilford;Yes;01-01-02;2010-10-05;Motorist Failed to Yield - Sign-Controlled Intersection;12;Intersection;01-10-01;0001-01-01T07:41:58-04:56;Motorist Drive Out - Sign-Controlled Intersection;0;2010;C: Possible Injury;Residential;70+;;No;11-15 mph;O: No Injury;White;Male;Sport Utility;No;No;Daylight;Urban (>70% Developed);2 lanes;2;Straight - Level;Local Street;Dry;Two-Way, Not Divided;None;Related To Intersection;Smooth Asphalt;Piedmont;Urban;20 - 25  MPH;Stop Sign;Clear;No;36.08282, -79.78944
783;784;Yes;50-59;53;No;With Traffic;B: Evident Injury;Travel Lane;White;Male;None - Rural Crash;Johnston;No;01-01-04;2010-10-21;Bicyclist Left Turn / Merge;10;Non-Intersection;01-10-01;0001-01-01T06:01:58-04:56;Bicyclist Left Turn - Same Direction;0;2010;B: Evident Injury;Farms, Woods, Pastures;30-39;34;No;51-55 mph;O: No Injury;White;Male;Pickup;No;No;Daylight;Rural (<30% Developed);2 lanes;2;Straight - Level;State Secondary Route;Dry;Two-Way, Not Divided;None;No Special Feature;Coarse Asphalt;Coastal;Rural;50 - 55  MPH;Double Yellow Line, No Passing Zone;Clear;No;35.260273, -78.407295
784;785;Yes;10-Jun;8;No;Not Applicable;B: Evident Injury;Non-Roadway;Hispanic;Male;Burlington;Alamance;No;01-01-06;2010-10-16;Bicyclist Failed to Yield - Midblock;17;Non-Intersection;01-10-01;0001-01-01T12:33:58-04:56;Bicyclist Ride Out - Other Midblock;0;2010;B: Evident Injury;Residential;40-49;49;No;21-25 mph;O: No Injury;Black;Male;Passenger Car;No;No;Daylight;Urban (>70% Developed);2 lanes;2;Straight - Grade;Local Street;Dry;Two-Way, Not Divided;None;No Special Feature;Coarse Asphalt;Piedmont;Urban;30 - 35  MPH;No Control Present;Clear;No;36.086166, -79.43628
788;789;Yes;25-29;25;No;With Traffic;B: Evident Injury;Travel Lane;White;Male;None - Rural Crash;Rutherford;No;01-01-02;2010-10-19;Motorist Overtaking Bicyclist;20;Non-Intersection;01-10-01;0001-01-01T15:18:58-04:56;Motorist Overtaking - Misjudged Space;0;2010;B: Evident Injury;Residential;30-39;36;No;36-40 mph;O: No Injury;Black;Female;Passenger Car;No;No;Dark - Roadway Not Lighted;Urban (>70% Developed);2 lanes;2;Straight - Level;State Secondary Route;Dry;Two-Way, Not Divided;None;No Special Feature;Coarse Asphalt;Mountains;Rural;40 - 45  MPH;Double Yellow Line, No Passing Zone;Clear;No;35.333424, -81.91065
793;794;Yes;30-39;38;No;With Traffic;B: Evident Injury;Travel Lane;White;Male;Chapel Hill;Orange;No;01-01-06;2010-10-16;Motorist Left Turn / Merge;16;Intersection;01-10-01;0001-01-01T12:01:58-04:56;Motorist Left Turn - Opposite Direction;0;2010;B: Evident Injury;Commercial;60-69;68;No;16-20 mph;O: No Injury;White;Female;Passenger Car;No;No;Daylight;Urban (>70% Developed);2 lanes;2;Straight - Level;Local Street;Dry;Two-Way, Not Divided;None;T-Intersection;Smooth Asphalt;Piedmont;Urban;20 - 25  MPH;Stop And Go Signal;Clear;No;35.911137, -79.06375
804;805;Yes;30-39;31;No;Facing Traffic;B: Evident Injury;Travel Lane;White;Male;High Point;Guilford;No;;2010-10-18;Bicyclist Right Turn / Merge;17;Intersection;01-10-01;0001-01-01T12:39:58-04:56;Bicyclist Right Turn - Same Direction;0;2010;B: Evident Injury;Commercial;60-69;61;No;0-5 mph;O: No Injury;White;Male;Van;No;No;Daylight;Urban (>70% Developed);2 lanes;2;Straight - Level;Local Street;Dry;Two-Way, Not Divided;None;T-Intersection;Coarse Asphalt;Piedmont;Urban;30 - 35  MPH;Stop Sign;Clear;No;35.95517, -80.01082
808;809;Yes;20-24;22;No;Facing Traffic;C: Possible Injury;Travel Lane;Black;Female;Laurinburg;Scotland;No;01-01-07;2010-10-24;Backing Vehicle;16;Non-Intersection;01-10-01;0001-01-01T11:18:58-04:56;Backing Vehicle;0;2010;C: Possible Injury;Residential;20-24;21;No;6-10 mph;O: No Injury;Black;Female;Passenger Car;No;No;Daylight;Urban (>70% Developed);;2;;.;Dry;;None;No Special Feature;;Coastal;Urban;30 - 35  MPH;No Control Present;Clear;No;34.76805, -79.47446
816;817;Yes;50-59;56;No;With Traffic;K: Killed;Travel Lane;White;Male;None - Rural Crash;Nash;No;01-01-05;2010-10-29;Motorist Overtaking Bicyclist;17;Non-Intersection;01-10-01;0001-01-01T12:18:58-04:56;Motorist Overtaking - Other /;0;2010;K: Killed;Farms, Woods, Pastures;20-24;21;No;51-55 mph;O: No Injury;Black;Male;Passenger Car;No;No;Daylight;Rural (<30% Developed);2 lanes;2;Curve - Grade;State Secondary Route;Dry;Two-Way, Not Divided;None;No Special Feature;Coarse Asphalt;Coastal;Rural;50 - 55  MPH;Double Yellow Line, No Passing Zone;Clear;No;36.162876, -77.975876
817;818;Yes;50-59;55;No;With Traffic;C: Possible Injury;Travel Lane;White;Male;None - Rural Crash;Buncombe;No;;2010-11-01;Motorist Overtaking Bicyclist;7;Non-Intersection;01-11-01;0001-01-01T02:28:58-04:56;Motorist Overtaking - Misjudged Space;0;2010;C: Possible Injury;Residential;70+;;No;31-35 mph;O: No Injury;White;Male;Passenger Car;No;No;Dark - Roadway Not Lighted;Mixed (30% To 70% Developed);2 lanes;2;Curve - Grade;State Secondary Route;Dry;Two-Way, Not Divided;None;No Special Feature;Smooth Asphalt;Mountains;Rural;30 - 35  MPH;Double Yellow Line, No Passing Zone;Clear;No;35.62075, -82.47211
819;820;Yes;16-19;18;No;With Traffic;B: Evident Injury;Sidewalk / Crosswalk / Driveway Crossing;White;Female;Boone;Watauga;No;01-01-03;2010-10-27;Bicyclist Failed to Yield - Signalized Intersection;16;Intersection;01-10-01;0001-01-01T11:58:58-04:56;Bicyclist Ride Out - Signalized  Intersection;0;2010;B: Evident Injury;Commercial;50-59;58;No;31-35 mph;O: No Injury;White;Male;Light Truck (Mini-Van, Panel);No;No;Daylight;Urban (>70% Developed);7 lanes;2;Straight - Level;NC Route;Dry;Two-Way, Not Divided;None;Four-Way Intersection;Smooth Asphalt;Mountains;Urban;30 - 35  MPH;Stop And Go Signal;Clear;No;36.20544, -81.66955
841;842;Yes;;;No;Not Applicable;Injury;Driveway / Alley;/Missing;;None - Rural Crash;Cleveland;No;01-01-02;2010-11-09;Non-Roadway;19;Non-Roadway;01-11-01;0001-01-01T15:00:58-04:56;Non-Roadway;0;2010;O: No Injury;Farms, Woods, Pastures;60-69;66;No;0-5 mph;O: No Injury;White;Male;Passenger Car;No;No;Dark - Roadway Not Lighted;Rural (<30% Developed);;2;Straight - Level;Private Road, Driveway;Dry;Two-Way, Not Divided;None;Driveway, Private;Concrete;Mountains;Rural;5 - 15 MPH;No Control Present;Clear;No;35.29338, -81.48698
848;849;No;40-49;40;No;Facing Traffic;Injury;Sidewalk / Crosswalk / Driveway Crossing;Hispanic;Male;Cary;Wake;No;01-01-04;2010-11-11;Crossing Paths - Other Circumstances;11;Intersection;01-11-01;0001-01-01T06:55:58-04:56;Crossing Paths - Intersection - Other /;0;2010;O: No Injury;Commercial;30-39;35;No;11-15 mph;O: No Injury;Black;Male;Passenger Car;No;No;Daylight;Urban (>70% Developed);2 lanes;2;Straight - Level;Local Street;Dry;Two-Way, Not Divided;None;Related To Intersection;Smooth Asphalt;Piedmont;Urban;30 - 35  MPH;No Control Present;Clear;No;35.77352, -78.781586
851;852;Yes;50-59;59;No;With Traffic;B: Evident Injury;Travel Lane;White;Male;None - Rural Crash;New Hanover;No;01-01-06;2010-11-13;Motorist Left Turn / Merge;13;Non-Intersection;01-11-01;0001-01-01T08:27:58-04:56;Motorist Left Turn - Same Direction;0;2010;B: Evident Injury;Farms, Woods, Pastures;30-39;32;No;11-15 mph;O: No Injury;Black;Female;Passenger Car;No;No;Daylight;Mixed (30% To 70% Developed);5 lanes;2;Straight - Level;US Route;Dry;Two-Way, Not Divided;None;No Special Feature;Coarse Asphalt;Coastal;Rural;50 - 55  MPH;Other;Clear;No;34.254635, -77.9571
859;860;Yes;25-29;28;Yes;With Traffic;A: Disabling Injury;Travel Lane;Black;Male;Winston-Salem;Forsyth;Yes;01-01-03;2010-11-03;Motorist Left Turn / Merge;21;Intersection;01-11-01;0001-01-01T16:14:58-04:56;Motorist Left Turn - Opposite Direction;0;2010;A: Disabling Injury;Residential;30-39;36;No;;O: No Injury;White;Male;Passenger Car;No;No;Dark - Lighted Roadway;Rural (<30% Developed);2 lanes;2;Straight - Hillcrest;Local Street;Dry;Two-Way, Not Divided;None;Four-Way Intersection;Smooth Asphalt;Piedmont;Urban;30 - 35  MPH;Stop And Go Signal;Clear;No;36.09764, -80.267
866;867;Yes;25-29;26;No;With Traffic;C: Possible Injury;Travel Lane;White;Male;Asheville;Buncombe;No;01-01-03;2010-11-10;Motorist Failed to Yield - Sign-Controlled Intersection;17;Intersection;01-11-01;0001-01-01T12:40:58-04:56;Motorist Drive Out - Sign-Controlled Intersection;0;2010;C: Possible Injury;Commercial;70+;;No;6-10 mph;O: No Injury;White;Female;Passenger Car;No;No;Dusk;Urban (>70% Developed);2 lanes;2;Straight - Hillcrest;Local Street;Dry;Two-Way, Not Divided;None;T-Intersection;Smooth Asphalt;Mountains;Urban;30 - 35  MPH;Stop Sign;Clear;No;35.583916, -82.57
867;868;Yes;15-Nov;13;No;With Traffic;C: Possible Injury;Travel Lane;White;Male;Charlotte;Mecklenburg;No;;2010-11-15;Bicyclist Failed to Yield - Signalized Intersection;16;Intersection-Related;01-11-01;0001-01-01T11:26:58-04:56;Bicyclist Ride Through - Signalized Intersection;0;2010;C: Possible Injury;Commercial;70+;;No;26-30 mph;O: No Injury;White;Female;Sport Utility;No;No;Daylight;Urban (>70% Developed);4 lanes;2;Straight - Level;Local Street;Dry;Two-Way, Divided, Unprotected Median;None;No Special Feature;Smooth Asphalt;Piedmont;Urban;30 - 35  MPH;No Control Present;Cloudy;No;35.154877, -80.83087
886;887;Yes;16-19;17;No;Facing Traffic;B: Evident Injury;Travel Lane;White;Male;Raleigh;Wake;No;01-01-07;2010-10-24;Bicyclist Failed to Yield - Midblock;1;Non-Intersection;01-10-01;0000-12-31T20:55:58-04:56;Bicyclist Ride Out - Commercial Driveway / Alley;0;2010;B: Evident Injury;Commercial;25-29;27;No;16-20 mph;O: No Injury;Other;Female;Passenger Car;No;No;Dark - Lighted Roadway;Urban (>70% Developed);2 lanes;2;Straight - Level;Local Street;Dry;Two-Way, Not Divided;None;No Special Feature;Smooth Asphalt;Piedmont;Urban;30 - 35  MPH;No Control Present;Clear;No;35.842796, -78.67904
888;889;No;40-49;47;No;With Traffic;B: Evident Injury;Travel Lane;White;Male;Asheville;Buncombe;No;01-01-05;2010-11-12;Motorist Failed to Yield - Sign-Controlled Intersection;17;Intersection;01-11-01;0001-01-01T12:23:58-04:56;Motorist Drive Out - Sign-Controlled Intersection;0;2010;B: Evident Injury;Residential;30-39;35;No;6-10 mph;O: No Injury;Black;Female;Sport Utility;No;No;Dusk;Urban (>70% Developed);2 lanes;2;Curve - Grade;Local Street;Dry;Two-Way, Divided, Unprotected Median;None;Related To Intersection;Smooth Asphalt;Mountains;Urban;30 - 35  MPH;Stop Sign;Clear;No;35.576553, -82.609245
889;890;Yes;10-Jun;10;No;With Traffic;A: Disabling Injury;Travel Lane;White;Male;None - Rural Crash;Dare;No;01-01-02;2010-11-30;Bicyclist Failed to Yield - Sign-Controlled Intersection;16;Intersection;01-11-01;0001-01-01T11:25:58-04:56;Bicyclist Ride Through - Sign-Controlled Intersection;0;2010;A: Disabling Injury;Residential;40-49;46;No;16-20 mph;O: No Injury;White;Male;Van;No;No;Daylight;Mixed (30% To 70% Developed);2 lanes;2;Straight - Level;Public Vehicular Area;Dry;Two-Way, Not Divided;None;Four-Way Intersection;Coarse Asphalt;Coastal;Rural;20 - 25  MPH;Double Yellow Line, No Passing Zone;Cloudy;No;36.014156, -75.71266
895;896;No;50-59;51;No;Not Applicable;B: Evident Injury;Travel Lane;Black;Male;Charlotte;Mecklenburg;No;01-01-07;2010-11-21;Non-Roadway;17;Non-Roadway;01-11-01;0001-01-01T12:22:58-04:56;Non-Roadway;0;2010;B: Evident Injury;Commercial;30-39;36;No;0-5 mph;O: No Injury;Black;Male;Passenger Car;No;No;Dark - Lighted Roadway;Urban (>70% Developed);2 lanes;2;Straight - Level;Public Vehicular Area;Dry;Two-Way, Divided, Unprotected Median;None;No Special Feature;Smooth Asphalt;Piedmont;Urban;5 - 15 MPH;No Control Present;Clear;No;35.263878, -80.85464
898;899;Yes;40-49;45;No;With Traffic;C: Possible Injury;Travel Lane;Black;Male;Winston-Salem;Forsyth;No;01-01-03;2010-11-17;Motorist Failed to Yield - Signalized Intersection;7;Intersection;01-11-01;0001-01-01T02:35:58-04:56;Motorist Drive Out - Signalized Intersection;0;2010;C: Possible Injury;Commercial;70+;;No;0-5 mph;O: No Injury;Black;Male;Passenger Car;No;No;Daylight;Urban (>70% Developed);4 lanes;2;Straight - Level;Local Street;Dry;Two-Way, Not Divided;None;Four-Way Intersection;Smooth Asphalt;Piedmont;Urban;20 - 25  MPH;Stop And Go Signal;Clear;No;36.08329, -80.29523
899;900;Yes;25-29;28;Yes;Facing Traffic;B: Evident Injury;Travel Lane;Black;Male;None - Rural Crash;Franklin;Yes;01-01-05;2010-12-03;Motorist Overtaking Bicyclist;18;Non-Intersection;01-12-01;0001-01-01T13:15:58-04:56;Motorist Overtaking - Bicyclist Swerved;0;2010;B: Evident Injury;Residential;40-49;47;No;41-45 mph;O: No Injury;White;Female;Pickup;No;No;Dark - Roadway Not Lighted;Mixed (30% To 70% Developed);2 lanes;2;Curve - Level;NC Route;Dry;Two-Way, Not Divided;None;No Special Feature;Smooth Asphalt;Piedmont;Rural;40 - 45  MPH;Double Yellow Line, No Passing Zone;Clear;No;35.997932, -78.277565
912;913;Yes;50-59;50;No;With Traffic;C: Possible Injury;Travel Lane;White;Male;None - Rural Crash;Yadkin;No;01-01-07;2010-12-05;Motorist Overtaking Bicyclist;16;Non-Intersection;01-12-01;0001-01-01T11:24:58-04:56;Motorist Overtaking - Misjudged Space;0;2010;C: Possible Injury;Farms, Woods, Pastures;70+;;No;31-35 mph;O: No Injury;White;Male;Pickup;No;No;Daylight;Rural (<30% Developed);2 lanes;2;Straight - Level;State Secondary Route;Dry;Two-Way, Divided, Unprotected Median;None;No Special Feature;Smooth Asphalt;Mountains;Rural;50 - 55  MPH;Double Yellow Line, No Passing Zone;Clear;No;36.15361, -80.472145
913;914;No;15-Nov;14;No;With Traffic;O: No Injury;Travel Lane;White;Male;None - Rural Crash;New Hanover;No;01-01-04;2010-12-09;Motorist Overtaking Bicyclist;17;Non-Intersection;01-12-01;0001-01-01T12:53:58-04:56;Motorist Overtaking - Misjudged Space;0;2010;O: No Injury;Residential;30-39;32;No;41-45 mph;O: No Injury;White;Female;Passenger Car;No;No;Dark - Roadway Not Lighted;Urban (>70% Developed);2 lanes;2;Straight - Level;US Route;Dry;Two-Way, Not Divided;None;No Special Feature;Smooth Asphalt;Coastal;Rural;50 - 55  MPH;No Control Present;Clear;No;34.215004, -77.92633
923;924;Yes;16-19;17;No;Facing Traffic;C: Possible Injury;Travel Lane;White;Male;Newton;Catawba;No;01-01-06;2010-11-27;Motorist Failed to Yield - Sign-Controlled Intersection;18;Intersection;01-11-01;0001-01-01T13:14:58-04:56;Motorist Drive Out - Sign-Controlled Intersection;0;2010;C: Possible Injury;Commercial;;;Missing;31-35 mph;Injury;/Missing;;;No;Yes;Dark - Lighted Roadway;Mixed (30% To 70% Developed);2 lanes;2;Straight - Level;Local Street;Dry;Two-Way, Not Divided;None;T-Intersection;Coarse Asphalt;Piedmont;Urban;30 - 35  MPH;Stop Sign;Clear;No;35.69448, -81.21807
926;927;Yes;40-49;45;No;With Traffic;C: Possible Injury;Travel Lane;Hispanic;Male;None - Rural Crash;Harnett;No;01-01-03;2010-12-08;Motorist Overtaking Bicyclist;8;Non-Intersection;01-12-01;0001-01-01T03:13:58-04:56;Motorist Overtaking - Misjudged Space;0;2010;C: Possible Injury;Farms, Woods, Pastures;50-59;53;No;21-25 mph;O: No Injury;Other;Female;Passenger Car;No;No;Daylight;Rural (<30% Developed);4 lanes;2;Straight - Level;NC Route;Dry;Two-Way, Divided, Positive Median Barrier;None;No Special Feature;Coarse Asphalt;Coastal;Rural;50 - 55  MPH;No Control Present;Clear;No;35.27476, -79.06883
935;936;Yes;20-24;21;No;Facing Traffic;B: Evident Injury;Travel Lane;Black;Male;Rocky Mount;Nash;No;01-01-02;2010-11-16;Motorist Failed to Yield - Sign-Controlled Intersection;15;Intersection;01-11-01;0001-01-01T10:57:58-04:56;Motorist Drive Out - Sign-Controlled Intersection;0;2010;B: Evident Injury;Residential;30-39;38;No;;O: No Injury;White;Female;Sport Utility;No;No;Daylight;Urban (>70% Developed);2 lanes;2;Straight - Level;Local Street;Wet;Two-Way, Not Divided;None;Four-Way Intersection;Smooth Asphalt;Coastal;Urban;30 - 35  MPH;Stop Sign;Rain;No;35.930595, -77.820076
941;942;No;10-Jun;9;No;With Traffic;C: Possible Injury;Travel Lane;Black;Male;Durham;Durham;No;01-01-06;2010-12-25;Motorist Overtaking Bicyclist;17;Intersection-Related;01-12-01;0001-01-01T12:56:58-04:56;Motorist Overtaking - Other /;0;2010;C: Possible Injury;Residential;20-24;22;No;16-20 mph;O: No Injury;Black;Female;Passenger Car;No;No;Dark - Lighted Roadway;Urban (>70% Developed);2 lanes;2;Straight - Level;Local Street;Wet;Two-Way, Not Divided;None;No Special Feature;Smooth Asphalt;Piedmont;Urban;30 - 35  MPH;No Control Present;Rain;No;36.001183, -78.88575
964;965;No;40-49;44;No;Not Applicable;C: Possible Injury;Travel Lane;Black;Male;Greenville;Pitt;No;01-01-02;2010-11-23;Bicyclist Failed to Yield - Signalized Intersection;14;Intersection-Related;01-11-01;0001-01-01T10:02:58-04:56;Bicyclist Ride Through - Signalized Intersection;0;2010;C: Possible Injury;Commercial;30-39;36;No;31-35 mph;O: No Injury;Black;Male;Passenger Car;No;No;Daylight;Urban (>70% Developed);2 lanes;2;Straight - Level;NC Route;Dry;Two-Way, Divided, Unprotected Median;None;No Special Feature;Smooth Asphalt;Coastal;Urban;50 - 55  MPH;Stop And Go Signal;Clear;No;35.616764, -77.3913
6;7;No;40-49;46;No;Facing Traffic;O: No Injury;Travel Lane;White;Male;Durham;Durham;No;01-01-03;2011-01-12;Motorist Overtaking Bicyclist;14;Intersection;;0001-01-01T09:32:58-04:56;Motorist Overtaking - Misjudged Space;112232;2011;O: No Injury;Commercial;;;Missing;31-35 mph;Injury;/Missing;;Van;No;Yes;Daylight;Urban (>70% Developed);2 lanes;2;Straight - Level;Local Street;Dry;Two-Way, Not Divided;None;T-Intersection;Coarse Asphalt;Piedmont;Urban;30 - 35  MPH;Stop And Go Signal;Clear;No;36.02161, -78.9361
12;13;Yes;15-Nov;12;No;Not Applicable;B: Evident Injury;Non-Roadway;White;Female;None - Rural Crash;Randolph;No;01-01-07;2011-01-30;Bicyclist Failed to Yield - Midblock;12;Non-Intersection;;0001-01-01T07:45:58-04:56;Bicyclist Ride Out - Other Midblock;363318;2011;B: Evident Injury;Residential;30-39;33;No;21-25 mph;O: No Injury;White;Female;Passenger Car;No;No;Daylight;Rural (<30% Developed);2 lanes;2;Straight - Level;State Secondary Route;Dry;Two-Way, Not Divided;None;No Special Feature;Smooth Asphalt;Piedmont;Rural;30 - 35  MPH;No Control Present;Clear;No;35.85252, -79.7944
16;17;No;20-24;21;No;With Traffic;B: Evident Injury;Travel Lane;White;Male;Raleigh;Wake;No;01-01-03;2011-01-05;Motorist Right Turn / Merge;13;Non-Intersection;;0001-01-01T09:02:58-04:56;Motorist Right Turn - Same Direction;311213;2011;B: Evident Injury;Commercial;50-59;59;No;26-30 mph;O: No Injury;White;Female;Passenger Car;No;No;Daylight;Urban (>70% Developed);5 lanes;2;Straight - Level;Local Street;Dry;Two-Way, Divided, Unprotected Median;None;No Special Feature;Smooth Asphalt;Piedmont;Urban;30 - 35  MPH;No Control Present;Clear;No;35.79174, -78.6628
37;38;No;40-49;45;No;With Traffic;C: Possible Injury;Travel Lane;Hispanic;Male;Charlotte;Mecklenburg;No;01-01-07;2011-02-06;Motorist Overtaking Bicyclist;22;Non-Intersection;01-02-01;0001-01-01T17:17:58-04:56;Motorist Overtaking - Undetected Bicyclist;311231;2011;C: Possible Injury;Residential;30-39;31;No;21-25 mph;O: No Injury;Black;Male;Sport Utility;No;No;Dark - Roadway Not Lighted;Rural (<30% Developed);2 lanes;2;Straight - Hillcrest;Local Street;Dry;Two-Way, Not Divided;None;No Special Feature;Smooth Asphalt;Piedmont;Urban;30 - 35  MPH;No Control Present;Clear;No;35.34616, -80.7956
38;39;Yes;40-49;40;No;Facing Traffic;C: Possible Injury;Sidewalk / Crosswalk / Driveway Crossing;Black;Male;Raleigh;Wake;No;01-01-05;2011-01-14;Motorist Failed to Yield - Midblock;15;Non-Intersection;;0001-01-01T10:33:58-04:56;Motorist Drive Out - Commercial Driveway / Alley;332322;2011;C: Possible Injury;Commercial;30-39;32;No;0-5 mph;O: No Injury;White;Male;Passenger Car;No;No;Daylight;Urban (>70% Developed);7 lanes;2;Straight - Level;Local Street;Dry;Two-Way, Divided, Positive Median Barrier;None;T-Intersection;Coarse Asphalt;Piedmont;Urban;5 - 15 MPH;No Control Present;Clear;No;35.79913, -78.5684
46;47;Yes;20-24;20;No;Not Applicable;B: Evident Injury;Travel Lane;Hispanic;Male;Charlotte;Mecklenburg;No;01-01-03;2011-02-09;Bicyclist Failed to Yield - Midblock;14;Non-Intersection;01-02-01;0001-01-01T09:18:58-04:56;Multiple Threat - Midblock;313357;2011;B: Evident Injury;Commercial;30-39;35;No;31-35 mph;O: No Injury;Black;Male;Sport Utility;No;No;Daylight;Urban (>70% Developed);4 lanes;2;Straight - Level;Local Street;Dry;Two-Way, Divided, Positive Median Barrier;None;No Special Feature;Smooth Asphalt;Piedmont;Urban;30 - 35  MPH;No Control Present;Clear;No;35.21384, -80.7558
50;51;No;40-49;46;Yes;With Traffic;C: Possible Injury;Sidewalk / Crosswalk / Driveway Crossing;Black;Male;Durham;Durham;Yes;01-01-04;2011-02-24;Bicyclist Failed to Yield - Signalized Intersection;21;Intersection;01-02-01;0001-01-01T16:52:58-04:56;Bicyclist Ride Through - Signalized Intersection;131155;2011;C: Possible Injury;Commercial;40-49;43;No;0-5 mph;O: No Injury;White;Male;Passenger Car;No;No;Dark - Lighted Roadway;Urban (>70% Developed);2 lanes;2;Straight - Level;Local Street;Wet;One-Way, Not Divided;None;No Special Feature;Smooth Asphalt;Piedmont;Urban;20 - 25  MPH;Stop And Go Signal;Cloudy;No;35.99758, -78.8985
51;52;Yes;50-59;52;No;With Traffic;B: Evident Injury;Travel Lane;Black;Male;None - Rural Crash;Pitt;No;01-01-05;2011-02-25;Motorist Failed to Yield - Sign-Controlled Intersection;7;Intersection;01-02-01;0001-01-01T02:41:58-04:56;Motorist Drive Out - Sign-Controlled Intersection;111141;2011;B: Evident Injury;Residential;20-24;21;No;0-5 mph;O: No Injury;White;Female;Passenger Car;No;No;Daylight;Mixed (30% To 70% Developed);6 lanes;2;Straight - Level;US Route;Wet;Two-Way, Not Divided;None;No Special Feature;Smooth Asphalt;Coastal;Rural;50 - 55  MPH;Stop Sign;Clear;No;35.62992, -77.3296
100;101;Yes;15-Nov;14;No;With Traffic;A: Disabling Injury;Travel Lane;Black;Male;Charlotte;Mecklenburg;No;01-01-05;2009-04-03;Bicyclist Failed to Yield - Sign-Controlled Intersection;17;Intersection;01-04-01;0001-01-01T12:21:58-04:56;Bicyclist Ride Through - Sign-Controlled Intersection;111144;2009;A: Disabling Injury;Residential;25-29;26;No;21-25 mph;O: No Injury;Black;Male;Passenger Car;No;No;Daylight;Urban (>70% Developed);2 lanes;2;Straight - Bottom;Local Street;Dry;Two-Way, Not Divided;None;T-Intersection;Smooth Asphalt;Piedmont;Urban;20 - 25  MPH;Stop Sign;Clear;No;35.234154, -80.81914
109;110;Yes;40-49;44;No;Facing Traffic;B: Evident Injury;Sidewalk / Crosswalk / Driveway Crossing;White;Female;Wilmington;New Hanover;No;;2009-04-06;Bicyclist Failed to Yield - Sign-Controlled Intersection;17;Intersection;01-04-01;0001-01-01T12:09:58-04:56;Bicyclist Ride Through - Sign-Controlled Intersection;132144;2009;B: Evident Injury;Commercial;40-49;44;No;;O: No Injury;White;Female;Passenger Car;No;No;Daylight;Urban (>70% Developed);4 lanes;2;Straight - Level;Local Street;Dry;Two-Way, Not Divided;None;Four-Way Intersection;Smooth Asphalt;Coastal;Urban;30 - 35  MPH;Stop And Go Signal;Clear;No;34.23898, -77.94661
120;121;No;10-Jun;7;No;With Traffic;B: Evident Injury;Travel Lane;Black;Male;Spencer;Rowan;No;01-01-02;2009-04-14;Bicyclist Failed to Yield - Sign-Controlled Intersection;19;Intersection;01-04-01;0001-01-01T14:35:58-04:56;Bicyclist Ride Through - Sign-Controlled Intersection;111144;2009;B: Evident Injury;Residential;40-49;46;No;16-20 mph;O: No Injury;White;Male;Passenger Car;No;No;Dusk;Urban (>70% Developed);2 lanes;2;Straight - Grade;Local Street;Dry;Two-Way, Not Divided;None;No Special Feature;Coarse Asphalt;Piedmont;Rural;20 - 25  MPH;Stop Sign;Clear;No;35.688663, -80.4397
122;123;Yes;20-24;21;No;With Traffic;B: Evident Injury;Travel Lane;White;Male;None - Rural Crash;Pitt;No;01-01-05;2009-04-24;Backing Vehicle;15;Non-Intersection;01-04-01;0001-01-01T10:29:58-04:56;Backing Vehicle;311600;2009;B: Evident Injury;Farms, Woods, Pastures;25-29;29;No;0-5 mph;O: No Injury;White;Female;Passenger Car;No;No;Daylight;Rural (<30% Developed);2 lanes;2;Straight - Level;State Secondary Route;Dry;Two-Way, Not Divided;None;Driveway, Private;Smooth Asphalt;Coastal;Rural;50 - 55  MPH;No Control Present;Clear;No;35.577713, -77.46039
124;125;No;30-39;36;No;Facing Traffic;C: Possible Injury;Travel Lane;Asian;Male;Raleigh;Wake;No;;2009-03-23;Motorist Failed to Yield - Sign-Controlled Intersection;7;Intersection;01-03-01;0001-01-01T02:41:58-04:56;Motorist Drive Out - Sign-Controlled Intersection;112141;2009;C: Possible Injury;Residential;25-29;28;No;0-5 mph;O: No Injury;White;Female;Passenger Car;No;No;Daylight;Urban (>70% Developed);3 lanes;2;Straight - Level;Local Street;Dry;Two-Way, Not Divided;None;Four-Way Intersection;Smooth Asphalt;Piedmont;Urban;20 - 25  MPH;Stop Sign;Clear;No;35.79967, -78.68372