FID;OBJECTID;AmbulanceR;BikeAge_Gr;Bike_Age;Bike_Alc_D;Bike_Dir;Bike_Injur;Bike_Pos;Bike_Race;Bike_Sex;City;County;CrashAlcoh;CrashDay;Crash_Date;Crash_Grp;Crash_Hour;Crash_Loc;Crash_Mont;Crash_Time;Crash_Type;Crash_Ty_1;Crash_Year;Crsh_Sevri;Developmen;DrvrAge_Gr;Drvr_Age;Drvr_Alc_D;Drvr_EstSp;Drvr_Injur;Drvr_Race;Drvr_Sex;Drvr_VehTy;ExcsSpdInd;Hit_Run;Light_Cond;Locality;Num_Lanes;Num_Units;Rd_Charact;Rd_Class;Rd_Conditi;Rd_Config;Rd_Defects;Rd_Feature;Rd_Surface;Region;Rural_Urba;Speed_Limi;Traff_Cntr;Weather;Workzone_I;Location
127;128;Yes;40-49;47;No;With Traffic;K: Killed;Travel Lane;Black;Male;Elizabeth City;Pasquotank;No;;2009-04-13;Motorist Overtaking Bicyclist;1;Non-Intersection;01-04-01;0000-12-31T20:39:58-04:56;Motorist Overtaking - Other /;311239;2009;K: Killed;Commercial;20-24;24;No;46-50 mph;O: No Injury;Black;Female;Passenger Car;No;No;Dark - Lighted Roadway;Urban (>70% Developed);5 lanes;2;Straight - Level;NC Route;Dry;Two-Way, Divided, Unprotected Median;None;No Special Feature;Smooth Asphalt;Coastal;Urban;50 - 55  MPH;No Control Present;Clear;No;36.284145, -76.23578
131;132;Yes;30-39;36;No;With Traffic;C: Possible Injury;Travel Lane;White;Male;Charlotte;Mecklenburg;No;01-01-04;2009-04-23;Motorist Overtaking Bicyclist;7;Non-Intersection;01-04-01;0001-01-01T02:33:58-04:56;Motorist Overtaking - Other /;311239;2009;C: Possible Injury;Residential;25-29;25;No;41-45 mph;O: No Injury;White;Male;Passenger Car;No;No;Daylight;Mixed (30% To 70% Developed);2 lanes;2;Straight - Level;Local Street;Dry;Two-Way, Not Divided;None;No Special Feature;Coarse Asphalt;Piedmont;Urban;40 - 45  MPH;No Control Present;Clear;No;35.282616, -80.73358
134;135;Yes;30-39;36;No;With Traffic;A: Disabling Injury;Travel Lane;White;Male;None - Rural Crash;Guilford;No;01-01-03;2009-04-29;Motorist Left Turn / Merge;6;Intersection;01-04-01;0001-01-01T01:27:58-04:56;Motorist Left Turn - Opposite Direction;111212;2009;A: Disabling Injury;Commercial;30-39;33;No;41-45 mph;O: No Injury;White;Male;Passenger Car;No;No;Dawn;Mixed (30% To 70% Developed);2 lanes;2;Straight - Level;NC Route;Dry;Two-Way, Not Divided;None;Driveway, Public;Smooth Asphalt;Piedmont;Rural;50 - 55  MPH;Double Yellow Line, No Passing Zone;Clear;No;35.912296, -79.707794
142;143;No;20-24;22;No;With Traffic;B: Evident Injury;Travel Lane;White;Male;Asheville;Buncombe;No;01-01-03;2009-04-22;Motorist Right Turn / Merge;9;Intersection;01-04-01;0001-01-01T05:02:58-04:56;Motorist Right Turn - Same Direction;111213;2009;B: Evident Injury;Commercial;40-49;49;No;21-25 mph;Injury;White;Male;Passenger Car;No;No;Daylight;Urban (>70% Developed);4 lanes;2;Straight - Level;US Route;Dry;Two-Way, Not Divided;None;Other;Coarse Asphalt;Mountains;Urban;30 - 35  MPH;No Control Present;Clear;No;35.600124, -82.55402
143;144;Yes;15-Nov;11;No;Not Applicable;B: Evident Injury;Driveway / Alley;White;Female;Emerald Isle;Carteret;No;01-01-06;2009-04-25;Bicyclist Failed to Yield - Midblock;8;Non-Intersection;01-04-01;0001-01-01T04:00:58-04:56;Bicyclist Ride Out - Residential Driveway;353311;2009;B: Evident Injury;Commercial;40-49;46;No;11-15 mph;O: No Injury;White;Female;Passenger Car;No;No;Daylight;Urban (>70% Developed);2 lanes;2;Straight - Level;Local Street;Dry;Two-Way, Not Divided;None;Driveway, Public;Coarse Asphalt;Coastal;Rural;20 - 25  MPH;No Control Present;Clear;No;34.665237, -77.0165
152;153;Yes;60-69;60;No;Facing Traffic;C: Possible Injury;Bike Lane / Paved Shoulder;White;Female;None - Rural Crash;New Hanover;No;01-01-05;2009-05-08;Motorist Failed to Yield - Sign-Controlled Intersection;18;Intersection;01-05-01;0001-01-01T13:53:58-04:56;Motorist Drive Out - Sign-Controlled Intersection;122141;2009;C: Possible Injury;Residential;0-19;19;No;0-5 mph;O: No Injury;Black;Female;Passenger Car;No;No;Daylight;Urban (>70% Developed);2 lanes;2;Straight - Level;Public Vehicular Area;Dry;Two-Way, Not Divided;None;T-Intersection;Smooth Asphalt;Coastal;Rural;5 - 15 MPH;Stop Sign;Clear;No;34.15338, -77.90628
156;157;Yes;30-39;30;No;Facing Traffic;O: No Injury;Travel Lane;White;Female;Statesville;Iredell;No;01-01-04;2009-04-30;Motorist Overtaking Bicyclist;19;Non-Intersection;01-04-01;0001-01-01T14:28:58-04:56;Motorist Overtaking - Bicyclist Swerved;312235;2009;B: Evident Injury;Commercial;0-19;16;No;31-35 mph;B: Evident Injury;Black;Male;Passenger Car;No;No;Daylight;Urban (>70% Developed);2 lanes;2;Straight - Level;Local Street;Dry;Two-Way, Not Divided;None;No Special Feature;Coarse Asphalt;Piedmont;Urban;30 - 35  MPH;No Control Present;Clear;No;35.775608, -80.86939
160;161;Yes;10-Jun;7;No;With Traffic;C: Possible Injury;Travel Lane;Black;Male;Durham;Durham;No;01-01-05;2009-05-01;Bicyclist Left Turn / Merge;16;Non-Intersection;01-05-01;0001-01-01T11:18:58-04:56;Bicyclist Left Turn - Same Direction;311221;2009;C: Possible Injury;Residential;40-49;41;No;11-15 mph;O: No Injury;Black;Male;Passenger Car;No;No;Daylight;Urban (>70% Developed);2 lanes;2;Straight - Grade;Local Street;Dry;Two-Way, Not Divided;None;No Special Feature;Smooth Asphalt;Piedmont;Urban;30 - 35  MPH;No Control Present;Clear;No;35.99807, -78.86978
165;166;Yes;15-Nov;12;No;With Traffic;C: Possible Injury;Travel Lane;White;Male;None - Rural Crash;Nash;No;01-01-05;2009-05-01;Backing Vehicle;21;Non-Intersection;01-05-01;0001-01-01T16:13:58-04:56;Backing Vehicle;311600;2009;C: Possible Injury;Residential;30-39;31;No;0-5 mph;O: No Injury;Hispanic;Male;Van;No;No;Dark -  Lighting;Urban (>70% Developed);2 lanes;2;Straight - Level;Private Road, Driveway;Dry;Two-Way, Not Divided;None;Driveway, Private;Coarse Asphalt;Coastal;Rural;5 - 15 MPH;No Control Present;Clear;No;35.896248, -77.86056
168;169;Yes;20-24;20;No;Facing Traffic;C: Possible Injury;Sidewalk / Crosswalk / Driveway Crossing;White;Female;Raleigh;Wake;No;01-01-04;2009-04-16;Motorist Failed to Yield - Signalized Intersection;9;Intersection;01-04-01;0001-01-01T04:55:58-04:56;Motorist Drive Out - Signalized Intersection;132152;2009;C: Possible Injury;Commercial;50-59;51;No;0-5 mph;O: No Injury;White;Female;Sport Utility;No;No;Daylight;Urban (>70% Developed);2 lanes;2;Straight - Level;Local Street;Dry;One-Way, Not Divided;None;Four-Way Intersection;Coarse Asphalt;Piedmont;Urban;30 - 35  MPH;Stop And Go Signal;Clear;No;35.778374, -78.64024
174;175;Yes;40-49;41;No;With Traffic;Injury;Travel Lane;White;Female;Shelby;Cleveland;No;01-01-06;2009-05-09;Motorist Failed to Yield - Sign-Controlled Intersection;10;Intersection;01-05-01;0001-01-01T05:20:58-04:56;Motorist Drive Out - Sign-Controlled Intersection;111141;2009;O: No Injury;Residential;70+;;No;11-15 mph;O: No Injury;White;Male;Passenger Car;No;No;Daylight;Urban (>70% Developed);5 lanes;2;Straight - Level;Local Street;Dry;Two-Way, Not Divided;None;Four-Way Intersection;Coarse Asphalt;Mountains;Urban;30 - 35  MPH;Stop Sign;Clear;No;35.284695, -81.562065
182;183;No;16-19;17;No;With Traffic;B: Evident Injury;Travel Lane;White;Male;Hickory;Catawba;No;01-01-02;2009-05-12;Motorist Overtaking Bicyclist;21;Non-Intersection;01-05-01;0001-01-01T16:10:58-04:56;Motorist Overtaking - Misjudged Space;311232;2009;B: Evident Injury;Residential;;;No;41-45 mph;Injury;/Missing;;Passenger Car;No;Yes;Dark - Lighted Roadway;Urban (>70% Developed);2 lanes;2;Straight - Level;Local Street;Dry;Two-Way, Not Divided;None;No Special Feature;Coarse Asphalt;Piedmont;Urban;40 - 45  MPH;No Control Present;Clear;No;35.77979, -81.29472
184;185;No;30-39;39;No;With Traffic;C: Possible Injury;Travel Lane;White;Male;Huntersville;Mecklenburg;No;01-01-02;2009-05-12;Motorist Overtaking Bicyclist;19;Intersection;01-05-01;0001-01-01T14:59:58-04:56;Motorist Overtaking - Misjudged Space;111232;2009;C: Possible Injury;Residential;30-39;37;No;;O: No Injury;White;Female;;No;Yes;Daylight;Mixed (30% To 70% Developed);2 lanes;2;Straight - Grade;NC Route;Dry;Two-Way, Not Divided;None;No Special Feature;Smooth Asphalt;Piedmont;Urban;40 - 45  MPH;Double Yellow Line, No Passing Zone;Clear;No;35.39871, -80.83822
188;189;Yes;16-19;19;No;With Traffic;Injury;Travel Lane;/Missing;;Rocky Mount;Edgecombe;No;01-01-02;2009-04-21;Other / Unusual Circumstances;20;Non-Intersection;01-04-01;0001-01-01T15:09:58-04:56;Motorist Intentionally Caused;311510;2009;C: Possible Injury;Residential;0-19;19;No;31-35 mph;C: Possible Injury;Asian;Male;Sport Utility;No;Yes;Dark - Lighted Roadway;Urban (>70% Developed);2 lanes;2;Straight - Level;Local Street;Wet;Two-Way, Not Divided;None;No Special Feature;Coarse Asphalt;Coastal;Urban;30 - 35  MPH;No Control Present;Rain;No;35.924282, -77.78992
193;194;Yes;20-24;21;No;Not Applicable;C: Possible Injury;Sidewalk / Crosswalk / Driveway Crossing;White;Male;Kannapolis;Rowan;No;;2009-05-18;Motorist Failed to Yield - Midblock;13;Non-Intersection;01-05-01;0001-01-01T08:45:58-04:56;Motorist Drive Out - Residential Driveway;333321;2009;C: Possible Injury;Commercial;40-49;43;No;0-5 mph;O: No Injury;Black;Male;Passenger Car;No;No;Daylight;Urban (>70% Developed);2 lanes;2;Straight - Level;NC Route;Dry;;None;Driveway, Public;Smooth Asphalt;Piedmont;Urban;30 - 35  MPH;No Control Present;Clear;No;35.50998, -80.61559
202;203;Yes;25-29;25;No;With Traffic;B: Evident Injury;Travel Lane;Black;Male;Fayetteville;Cumberland;No;01-01-07;2009-05-31;Bicyclist Failed to Yield - Sign-Controlled Intersection;12;Intersection;01-05-01;0001-01-01T07:35:58-04:56;Bicyclist Ride Out - Sign-Controlled Intersection;111142;2009;B: Evident Injury;Residential;30-39;30;No;21-25 mph;O: No Injury;White;Male;Passenger Car;No;No;Daylight;Urban (>70% Developed);2 lanes;2;Straight - Level;Local Street;Dry;Two-Way, Not Divided;None;Four-Way Intersection;Concrete;Coastal;Urban;20 - 25  MPH;Stop Sign;Clear;No;35.097603, -78.95288
207;208;No;20-24;21;No;Not Applicable;O: No Injury;Other;Black;Male;Fayetteville;Cumberland;No;01-01-03;2009-05-20;Bicyclist Failed to Yield - Midblock;21;Non-Intersection;01-05-01;0001-01-01T16:49:58-04:56;Bicyclist Ride Out - Midblock -;383319;2009;O: No Injury;Commercial;70+;;No;16-20 mph;O: No Injury;Black;Male;Passenger Car;No;No;Dark - Lighted Roadway;Urban (>70% Developed);4 lanes;2;Straight - Level;Local Street;Dry;Two-Way, Not Divided;None;No Special Feature;Concrete;Coastal;Urban;30 - 35  MPH;No Control Present;Clear;No;35.053764, -78.8665
208;209;Yes;0-5;5;No;With Traffic;B: Evident Injury;Travel Lane;White;Female;Oak Island;Brunswick;No;01-01-07;2009-05-17;Bicyclist Failed to Yield - Midblock;12;Non-Intersection;01-05-01;0001-01-01T07:13:58-04:56;Bicyclist Ride Out - Other Midblock;311318;2009;B: Evident Injury;Residential;25-29;28;No;36-40 mph;O: No Injury;White;Female;Sport Utility;No;No;Daylight;Urban (>70% Developed);2 lanes;2;Straight - Level;Local Street;Dry;Two-Way, Not Divided;None;No Special Feature;Smooth Asphalt;Coastal;Urban;30 - 35  MPH;No Control Present;Clear;No;33.920334, -78.128624
211;212;Yes;40-49;42;No;With Traffic;B: Evident Injury;Travel Lane;Black;Male;High Point;Guilford;No;01-01-05;2009-05-15;Motorist Left Turn / Merge;22;Intersection;01-05-01;0001-01-01T17:42:58-04:56;Motorist Left Turn - Opposite Direction;111212;2009;B: Evident Injury;Commercial;0-19;18;No;31-35 mph;O: No Injury;White;Male;Passenger Car;No;No;Dark - Lighted Roadway;Urban (>70% Developed);2 lanes;2;Straight - Level;Local Street;Dry;Two-Way, Not Divided;None;No Special Feature;Coarse Asphalt;Piedmont;Urban;30 - 35  MPH;Stop Sign;Cloudy;No;35.987892, -80.02494
212;213;Yes;15-Nov;13;No;With Traffic;B: Evident Injury;Travel Lane;Black;Male;Chapel Hill;Orange;No;01-01-06;2009-05-16;Bicyclist Overtaking Motorist;15;Non-Intersection;01-05-01;0001-01-01T10:16:58-04:56;Bicyclist Overtaking - Passing on Right;311241;2009;B: Evident Injury;Commercial;40-49;44;No;;O: No Injury;White;Female;Sport Utility;No;No;Daylight;Urban (>70% Developed);4 lanes;2;Straight - Level;Local Street;Dry;Two-Way, Not Divided;None;No Special Feature;Smooth Asphalt;Piedmont;Urban;20 - 25  MPH;Stop And Go Signal;Clear;No;35.914276, -79.052704
215;216;No;30-39;38;No;With Traffic;C: Possible Injury;Travel Lane;White;Male;None - Rural Crash;Union;No;01-01-02;2009-05-19;Motorist Right Turn / Merge;15;Non-Intersection;01-05-01;0001-01-01T10:18:58-04:56;Motorist Right Turn - Same Direction;311213;2009;C: Possible Injury;Residential;0-19;17;No;11-15 mph;O: No Injury;White;Female;Passenger Car;No;No;Daylight;Urban (>70% Developed);2 lanes;2;Straight - Level;State Secondary Route;Dry;Two-Way, Not Divided;None;No Special Feature;Smooth Asphalt;Piedmont;Rural;40 - 45  MPH;Double Yellow Line, No Passing Zone;Clear;No;35.056263, -80.73439
268;269;Yes;40-49;41;No;With Traffic;B: Evident Injury;Travel Lane;White;Male;None - Rural Crash;Yadkin;No;01-01-02;2011-05-24;Motorist Left Turn / Merge;18;Intersection;01-05-01;0001-01-01T13:57:58-04:56;Motorist Left Turn - Opposite Direction;111212;2011;B: Evident Injury;Residential;20-24;22;No;0-5 mph;O: No Injury;White;Female;Passenger Car;No;No;Daylight;Rural (<30% Developed);2 lanes;2;Straight - Level;State Secondary Route;Dry;Two-Way, Not Divided;None;T-Intersection;Smooth Asphalt;Mountains;Rural;50 - 55  MPH;Double Yellow Line, No Passing Zone;Clear;No;36.06393, -80.6083
269;270;Yes;50-59;51;Yes;Not Applicable;K: Killed;;Black;Female;Lumberton;Robeson;Yes;01-01-05;2011-06-03;Bicyclist Failed to Yield - Midblock;23;Non-Intersection;01-06-01;0001-01-01T18:32:58-04:56;Bicyclist Ride Out - Midblock -;393319;2011;K: Killed;Commercial;50-59;53;No;46-50 mph;O: No Injury;Black;Male;Pickup;No;No;Dark - Roadway Not Lighted;Mixed (30% To 70% Developed);3 lanes;2;Straight - Level;NC Route;Dry;Two-Way, Not Divided;None;No Special Feature;Smooth Asphalt;Coastal;Urban;50 - 55  MPH;No Control Present;Clear;No;34.59009, -79.0429
276;277;Yes;50-59;52;No;With Traffic;B: Evident Injury;Travel Lane;White;Male;None - Rural Crash;New Hanover;No;01-01-06;2011-06-04;Motorist Left Turn / Merge;20;Intersection;01-06-01;0001-01-01T15:28:58-04:56;Motorist Left Turn - Opposite Direction;111212;2011;B: Evident Injury;Residential;70+;;No;11-15 mph;O: No Injury;White;Male;Passenger Car;No;No;Dusk;Mixed (30% To 70% Developed);2 lanes;2;Straight - Level;State Secondary Route;Dry;Two-Way, Not Divided;None;Y-Intersection;Coarse Asphalt;Coastal;Rural;30 - 35  MPH;Double Yellow Line, No Passing Zone;Clear;No;34.26759, -77.8131
318;319;Yes;25-29;28;No;With Traffic;B: Evident Injury;Travel Lane;White;Male;None - Rural Crash;Wake;No;01-01-06;2011-06-18;Motorist Overtaking Bicyclist;6;Non-Intersection;01-06-01;0001-01-01T01:12:58-04:56;Motorist Overtaking - Misjudged Space;311232;2011;B: Evident Injury;Residential;;;No;31-35 mph;Injury;/Missing;;Passenger Car;No;Yes;Daylight;Rural (<30% Developed);2 lanes;2;Straight - Level;State Secondary Route;Dry;Two-Way, Not Divided;None;No Special Feature;Coarse Asphalt;Piedmont;Rural;40 - 45  MPH;Double Yellow Line, No Passing Zone;Clear;No;35.63023, -78.7529
417;418;No;40-49;48;No;With Traffic;C: Possible Injury;Travel Lane;White;Female;None - Rural Crash;Lee;No;01-01-06;2011-07-16;Motorist Overtaking Bicyclist;11;Non-Intersection;01-07-01;0001-01-01T06:33:58-04:56;Motorist Overtaking - Misjudged Space;311232;2011;C: Possible Injury;Farms, Woods, Pastures;70+;;No;26-30 mph;O: No Injury;White;Male;Pickup;No;No;Daylight;Rural (<30% Developed);2 lanes;2;Straight - Grade;State Secondary Route;Dry;Two-Way, Not Divided;None;No Special Feature;Smooth Asphalt;Piedmont;Rural;50 - 55  MPH;Double Yellow Line, No Passing Zone;Clear;No;35.41545, -79.1726
418;419;Yes;30-39;33;No;With Traffic;C: Possible Injury;Bike Lane / Paved Shoulder;Black;Male;Princeville;Edgecombe;No;01-01-06;2011-07-16;Bicyclist Left Turn / Merge;14;Non-Intersection;01-07-01;0001-01-01T09:12:58-04:56;Bicyclist Left Turn - Same Direction;321221;2011;C: Possible Injury;Residential;70+;;No;31-35 mph;O: No Injury;Black;Male;Sport Utility;No;No;Daylight;Urban (>70% Developed);2 lanes;2;Straight - Level;NC Route;Dry;Two-Way, Not Divided;None;No Special Feature;Coarse Asphalt;Coastal;Rural;30 - 35  MPH;Double Yellow Line, No Passing Zone;Clear;No;35.88713, -77.53
426;427;Yes;50-59;55;No;Facing Traffic;B: Evident Injury;Bike Lane / Paved Shoulder;Black;Male;Wilson;Wilson;No;01-01-07;2011-06-05;Motorist Failed to Yield - Midblock;12;Non-Intersection;01-06-01;0001-01-01T07:37:58-04:56;Motorist Drive Out - Commercial Driveway / Alley;322322;2011;B: Evident Injury;Commercial;50-59;52;No;;O: No Injury;Black;Female;Passenger Car;No;No;Daylight;Urban (>70% Developed);4 lanes;2;Straight - Level;Local Street;Dry;Two-Way, Divided, Unprotected Median;None;No Special Feature;Coarse Asphalt;Coastal;Urban;40 - 45  MPH;No Control Present;Clear;No;35.71583, -77.8922
444;445;No;40-49;44;No;Facing Traffic;C: Possible Injury;Travel Lane;White;Male;Concord;Cabarrus;No;01-01-04;2011-07-07;Motorist Failed to Yield - Midblock;16;Non-Intersection;01-07-01;0001-01-01T11:34:58-04:56;Motorist Drive Out - Commercial Driveway / Alley;312322;2011;C: Possible Injury;Commercial;25-29;29;No;16-20 mph;O: No Injury;Black;Male;Passenger Car;No;No;Daylight;Urban (>70% Developed);2 lanes;2;Straight - Hillcrest;Public Vehicular Area;Dry;Two-Way, Not Divided;None;Driveway, Public;Smooth Asphalt;Piedmont;Urban;;No Control Present;Cloudy;No;35.44144, -80.6079
448;449;Yes;10-Jun;10;No;Not Applicable;B: Evident Injury;Non-Roadway;Black;Male;Charlotte;Mecklenburg;No;01-01-06;2011-07-09;Non-Roadway;18;Non-Roadway;01-07-01;0001-01-01T13:04:58-04:56;Non-Roadway;460910;2011;B: Evident Injury;Residential;20-24;21;No;6-10 mph;O: No Injury;White;Female;Passenger Car;No;No;Daylight;Urban (>70% Developed);;2;Straight - Level;Public Vehicular Area;Dry;Two-Way, Not Divided;None;No Special Feature;Smooth Asphalt;Piedmont;Urban;5 - 15 MPH;No Control Present;Clear;No;35.29521, -80.7271
450;451;Yes;40-49;40;No;Facing Traffic;C: Possible Injury;Travel Lane;Black;Male;Wilmington;New Hanover;No;01-01-06;2011-07-09;Bicyclist Failed to Yield - Signalized Intersection;2;Intersection;01-07-01;0000-12-31T21:57:58-04:56;Bicyclist Ride Out - Signalized  Intersection;112153;2011;C: Possible Injury;Commercial;30-39;38;No;21-25 mph;O: No Injury;White;Male;Passenger Car;No;No;Dark - Lighted Roadway;Urban (>70% Developed);4 lanes;2;Straight - Hillcrest;Local Street;Dry;One-Way, Not Divided;None;No Special Feature;Smooth Asphalt;Coastal;Urban;30 - 35  MPH;Stop And Go Signal;Clear;No;34.22545, -77.9448
454;455;No;30-39;30;No;With Traffic;Injury;Travel Lane;White;Male;High Point;Guilford;No;;2011-07-04;Motorist Left Turn / Merge;23;Intersection;01-07-01;0001-01-01T18:30:58-04:56;Motorist Left Turn - Opposite Direction;111212;2011;Injury;Commercial;;;Missing;;Injury;/Missing;;Passenger Car;No;Yes;Dark - Lighted Roadway;Urban (>70% Developed);2 lanes;2;Straight - Level;Local Street;Dry;Two-Way, Not Divided;None;T-Intersection;Smooth Asphalt;Piedmont;Urban;30 - 35  MPH;No Control Present;Cloudy;No;35.95387, -79.9929
455;456;Yes;40-49;42;No;Facing Traffic;C: Possible Injury;Multi-use Path;White;Female;Duck;Dare;No;01-01-02;2011-07-12;Motorist Failed to Yield - Midblock;10;Non-Intersection;01-07-01;0001-01-01T05:03:58-04:56;Motorist Drive Out - Other Midblock;342328;2011;C: Possible Injury;Commercial;50-59;58;No;0-5 mph;O: No Injury;White;Male;Pickup;No;No;Daylight;Mixed (30% To 70% Developed);2 lanes;2;Straight - Level;NC Route;Dry;Two-Way, Not Divided;None;Driveway, Public;Smooth Asphalt;Coastal;Rural;30 - 35  MPH;Stop Sign;Clear;No;36.18315, -75.7572
456;457;No;15-Nov;13;No;With Traffic;O: No Injury;Travel Lane;White;Male;Raleigh;Wake;No;01-01-02;2011-07-26;Bicyclist Left Turn / Merge;14;Intersection-Related;01-07-01;0001-01-01T09:04:58-04:56;Bicyclist Left Turn - Same Direction;211221;2011;O: No Injury;Commercial;50-59;54;No;11-15 mph;O: No Injury;Other;Female;Passenger Car;No;No;Daylight;Urban (>70% Developed);6 lanes;2;Straight - Level;NC Route;Dry;Two-Way, Divided, Positive Median Barrier;None;Related To Intersection;Coarse Asphalt;Piedmont;Urban;30 - 35  MPH;Stop And Go Signal;Clear;No;35.88297, -78.6792
464;465;No;30-39;38;No;Not Applicable;C: Possible Injury;Driveway / Alley;White;Male;None - Rural Crash;Hyde;No;01-01-04;2011-07-21;Bicyclist Failed to Yield - Midblock;12;Non-Intersection;01-07-01;0001-01-01T07:06:58-04:56;Bicyclist Ride Out - Residential Driveway;353311;2011;B: Evident Injury;Commercial;60-69;62;No;16-20 mph;B: Evident Injury;White;Male;Motorcycle;No;No;Daylight;Urban (>70% Developed);2 lanes;2;Straight - Level;Local Street;Dry;Two-Way, Not Divided;None;No Special Feature;Smooth Asphalt;Coastal;Rural;20 - 25  MPH;No Control Present;Clear;No;35.11021, -75.9774
468;469;No;40-49;47;No;Facing Traffic;B: Evident Injury;Sidewalk / Crosswalk / Driveway Crossing;White;Female;Lumberton;Robeson;No;01-01-06;2011-07-16;Bicyclist Failed to Yield - Signalized Intersection;18;Intersection;01-07-01;0001-01-01T13:54:58-04:56;Bicyclist Ride Through - Signalized Intersection;132155;2011;B: Evident Injury;Commercial;50-59;56;No;6-10 mph;O: No Injury;Black;Male;Passenger Car;No;No;Daylight;Urban (>70% Developed);9 or more lanes;2;Straight - Level;Local Street;Dry;Two-Way, Divided, Unprotected Median;None;Four-Way Intersection;Coarse Asphalt;Coastal;Urban;30 - 35  MPH;Stop And Go Signal;Clear;No;34.61539, -79.0686
477;478;Yes;30-39;32;No;With Traffic;O: No Injury;Travel Lane;White;Male;Raleigh;Wake;No;01-01-06;2011-07-30;Parallel Paths - Other Circumstances;5;Non-Intersection;01-07-01;0001-01-01T00:06:58-04:56;Parallel Paths - Other /;311280;2011;O: No Injury;Commercial;20-24;20;No;21-25 mph;O: No Injury;Other;Male;Light Truck (Mini-Van, Panel);No;Yes;Dark - Lighted Roadway;Urban (>70% Developed);2 lanes;2;Straight - Level;Local Street;Dry;Two-Way, Not Divided;None;No Special Feature;Smooth Asphalt;Piedmont;Urban;5 - 15 MPH;No Control Present;Clear;No;35.77827, -78.6392
483;484;No;15-Nov;14;No;With Traffic;C: Possible Injury;Travel Lane;White;Male;Charlotte;Mecklenburg;No;01-01-06;2011-06-04;Bicyclist Overtaking Motorist;16;Non-Intersection;01-06-01;0001-01-01T11:12:58-04:56;Bicyclist Overtaking - Other /;311249;2011;C: Possible Injury;Residential;;;Missing;;Injury;/Missing;;Passenger Car;No;No;Daylight;Urban (>70% Developed);2 lanes;2;Straight - Level;Local Street;Dry;Two-Way, Not Divided;None;No Special Feature;Smooth Asphalt;Piedmont;Urban;20 - 25  MPH;No Control Present;Clear;No;35.3863, -80.7642
513;514;Yes;50-59;50;No;With Traffic;A: Disabling Injury;Travel Lane;White;Female;Summerfield;Guilford;No;01-01-05;2011-08-12;Motorist Left Turn / Merge;18;Intersection;01-08-01;0001-01-01T13:42:58-04:56;Motorist Left Turn - Opposite Direction;111212;2011;A: Disabling Injury;Farms, Woods, Pastures;30-39;36;No;36-40 mph;O: No Injury;Other;Female;Light Truck (Mini-Van, Panel);No;No;Daylight;Rural (<30% Developed);2 lanes;2;Straight - Level;NC Route;Wet;Two-Way, Not Divided;None;T-Intersection;Smooth Asphalt;Piedmont;Urban;40 - 45  MPH;Double Yellow Line, No Passing Zone;Rain;No;36.20944, -79.8259
516;517;Yes;30-39;36;No;With Traffic;A: Disabling Injury;Travel Lane;White;Male;None - Rural Crash;Buncombe;No;01-01-07;2011-08-14;Motorist Left Turn / Merge;17;Intersection;01-08-01;0001-01-01T12:03:58-04:56;Motorist Left Turn - Opposite Direction;111212;2011;A: Disabling Injury;Residential;40-49;44;No;26-30 mph;O: No Injury;White;Female;Sport Utility;No;No;Daylight;Urban (>70% Developed);2 lanes;2;Straight - Grade;State Secondary Route;Dry;Two-Way, Not Divided;None;T-Intersection;Coarse Asphalt;Mountains;Rural;30 - 35  MPH;Double Yellow Line, No Passing Zone;Clear;No;35.6329, -82.4184
521;522;Yes;15-Nov;14;No;With Traffic;C: Possible Injury;Travel Lane;White;Male;None - Rural Crash;New Hanover;No;01-01-07;2011-08-14;Bicyclist Left Turn / Merge;14;Non-Intersection;01-08-01;0001-01-01T09:59:58-04:56;Bicyclist Left Turn - Same Direction;311221;2011;C: Possible Injury;Residential;40-49;48;No;41-45 mph;O: No Injury;White;Male;Pickup;No;No;Daylight;Mixed (30% To 70% Developed);2 lanes;2;Straight - Level;State Secondary Route;Dry;Two-Way, Not Divided;None;Related To Intersection;Coarse Asphalt;Coastal;Rural;40 - 45  MPH;Double Yellow Line, No Passing Zone;Clear;No;34.13515, -77.8771
526;527;Yes;25-29;25;No;With Traffic;B: Evident Injury;Travel Lane;White;Male;Winston-Salem;Forsyth;No;;2011-08-08;Motorist Failed to Yield - Signalized Intersection;9;Intersection;01-08-01;0001-01-01T04:40:58-04:56;Motorist Drive Through - Signalized Intersection;111154;2011;B: Evident Injury;Commercial;;;No;31-35 mph;Injury;/Missing;;;No;Yes;Daylight;Urban (>70% Developed);3 lanes;2;Straight - Level;Local Street;Dry;Two-Way, Not Divided;None;Four-Way Intersection;Smooth Asphalt;Piedmont;Urban;40 - 45  MPH;Stop And Go Signal;Clear;No;36.06984, -80.2772
686;687;Yes;25-29;25;No;Not Applicable;B: Evident Injury;Non-Roadway;Hispanic;Male;Durham;Durham;No;01-01-05;2011-10-07;Non-Roadway;8;Non-Roadway;01-10-01;0001-01-01T04:02:58-04:56;Non-Roadway;460910;2011;B: Evident Injury;Commercial;40-49;41;No;0-5 mph;O: No Injury;White;Male;Pickup;No;No;Daylight;Urban (>70% Developed);1 lane;2;Straight - Level;Public Vehicular Area;Dry;Two-Way, Not Divided;None;No Special Feature;Smooth Asphalt;Piedmont;Urban;5 - 15 MPH;No Control Present;Clear;No;35.92397, -78.927