FID;OBJECTID;AmbulanceR;BikeAge_Gr;Bike_Age;Bike_Alc_D;Bike_Dir;Bike_Injur;Bike_Pos;Bike_Race;Bike_Sex;City;County;CrashAlcoh;CrashDay;Crash_Date;Crash_Grp;Crash_Hour;Crash_Loc;Crash_Mont;Crash_Time;Crash_Type;Crash_Ty_1;Crash_Year;Crsh_Sevri;Developmen;DrvrAge_Gr;Drvr_Age;Drvr_Alc_D;Drvr_EstSp;Drvr_Injur;Drvr_Race;Drvr_Sex;Drvr_VehTy;ExcsSpdInd;Hit_Run;Light_Cond;Locality;Num_Lanes;Num_Units;Rd_Charact;Rd_Class;Rd_Conditi;Rd_Config;Rd_Defects;Rd_Feature;Rd_Surface;Region;Rural_Urba;Speed_Limi;Traff_Cntr;Weather;Workzone_I;Location
692;693;Yes;15-Nov;15;No;With Traffic;B: Evident Injury;Travel Lane;White;Male;None - Rural Crash;Gaston;No;01-01-06;2011-09-24;Bicyclist Left Turn / Merge;10;Non-Intersection;01-09-01;0001-01-01T05:20:58-04:56;Bicyclist Left Turn - Same Direction;311221;2011;B: Evident Injury;Farms, Woods, Pastures;50-59;52;No;41-45 mph;B: Evident Injury;White;Male;Motorcycle;No;No;Daylight;Rural (<30% Developed);2 lanes;2;Straight - Hillcrest;State Secondary Route;Dry;Two-Way, Not Divided;None;No Special Feature;Smooth Asphalt;Piedmont;Rural;40 - 45  MPH;Double Yellow Line, No Passing Zone;Clear;No;35.37729, -81.0909
697;698;No;20-24;22;No;Not Applicable;O: No Injury;Non-Roadway;White;Female;Greenville;Pitt;No;01-01-03;2011-09-21;Non-Roadway;10;Non-Roadway;01-09-01;0001-01-01T05:06:58-04:56;Non-Roadway;460910;2011;O: No Injury;Institutional;20-24;22;No;0-5 mph;O: No Injury;White;Female;Sport Utility;No;No;Daylight;Urban (>70% Developed);1 lane;2;Straight - Level;Public Vehicular Area;Dry;One-Way, Not Divided;None;No Special Feature;Smooth Asphalt;Coastal;Urban;;No Control Present;Clear;No;35.60521, -77.3609
706;707;Yes;50-59;58;No;Not Applicable;C: Possible Injury;Non-Roadway;Black;Male;Fayetteville;Cumberland;No;01-01-03;2011-10-05;Crossing Paths - Other Circumstances;14;Intersection-Related;01-10-01;0001-01-01T09:09:58-04:56;Crossing Paths - Uncontrolled Intersection;263160;2011;C: Possible Injury;Commercial;30-39;35;No;0-5 mph;O: No Injury;Black;Male;Passenger Car;No;No;Daylight;Mixed (30% To 70% Developed);2 lanes;2;Straight - Level;Local Street;Dry;Two-Way, Divided, Unprotected Median;None;No Special Feature;Smooth Asphalt;Coastal;Urban;20 - 25  MPH;No Control Present;Clear;No;35.02039, -78.8981
715;716;Yes;40-49;48;Yes;With Traffic;B: Evident Injury;Travel Lane;Black;Male;Charlotte;Mecklenburg;Yes;01-01-06;2011-10-08;Bicyclist Right Turn / Merge;23;Intersection-Related;01-10-01;0001-01-01T18:48:58-04:56;Bicyclist Right Turn - Same Direction;211223;2011;B: Evident Injury;Residential;20-24;21;No;21-25 mph;O: No Injury;Black;Male;Pickup;No;No;Dark - Lighted Roadway;Urban (>70% Developed);2 lanes;2;Straight - Level;Local Street;Dry;Two-Way, Not Divided;None;No Special Feature;Smooth Asphalt;Piedmont;Urban;30 - 35  MPH;No Control Present;Clear;No;35.3237, -80.7123
719;720;Yes;16-19;19;No;With Traffic;C: Possible Injury;Travel Lane;White;Male;Greensboro;Guilford;No;;2011-10-03;Motorist Right Turn / Merge;13;Intersection;01-10-01;0001-01-01T08:52:58-04:56;Motorist Right Turn - Same Direction;111213;2011;C: Possible Injury;Commercial;70+;;No;0-5 mph;O: No Injury;White;Male;Passenger Car;No;No;Daylight;Urban (>70% Developed);5 lanes;2;Straight - Level;Local Street;Dry;Two-Way, Not Divided;None;Shared-Use Paths Or Trails;Smooth Asphalt;Piedmont;Urban;30 - 35  MPH;Stop And Go Signal;Clear;No;36.06376, -79.8239
721;722;Yes;30-39;38;No;With Traffic;O: No Injury;Travel Lane;White;Female;Raleigh;Wake;No;01-01-06;2011-10-01;Motorist Overtaking Bicyclist;5;Non-Intersection;01-10-01;0001-01-01T01:01:58-04:56;Motorist Overtaking - Other /;311239;2011;O: No Injury;Commercial;;;Missing;16-20 mph;Injury;/Missing;;Passenger Car;No;Yes;Dark - Lighted Roadway;Urban (>70% Developed);2 lanes;2;Straight - Level;Local Street;Dry;Two-Way, Not Divided;None;Bridge;Concrete;Piedmont;Urban;30 - 35  MPH;No Control Present;Cloudy;No;35.79346, -78.6843
722;723;Yes;30-39;38;No;With Traffic;B: Evident Injury;Travel Lane;White;Male;Chapel Hill;Orange;No;01-01-04;2011-10-13;Loss of Control / Turning Error;17;Intersection;01-10-01;0001-01-01T12:42:58-04:56;Bicyclist Lost Control - Other /;111129;2011;B: Evident Injury;Commercial;70+;;No;0-5 mph;O: No Injury;White;Male;Passenger Car;No;No;Daylight;Urban (>70% Developed);5 lanes;2;Curve - Hillcrest;Local Street;Dry;Two-Way, Divided, Unprotected Median;None;Other;Smooth Asphalt;Piedmont;Urban;20 - 25  MPH;Stop Sign;Clear;No;35.91525, -79.0568
729;730;Yes;60-69;62;No;With Traffic;B: Evident Injury;Travel Lane;White;Male;None - Rural Crash;Henderson;No;01-01-02;2011-10-18;Motorist Overtaking Bicyclist;18;Non-Intersection;01-10-01;0001-01-01T13:14:58-04:56;Motorist Overtaking - Other /;311239;2011;B: Evident Injury;Farms, Woods, Pastures;40-49;41;No;36-40 mph;O: No Injury;White;Male;Passenger Car;No;No;Daylight;Rural (<30% Developed);2 lanes;2;Curve - Level;State Secondary Route;Wet;Two-Way, Not Divided;None;No Special Feature;Smooth Asphalt;Mountains;Rural;40 - 45  MPH;Double Yellow Line, No Passing Zone;Cloudy;No;35.30406, -82.5828
732;733;Yes;50-59;54;No;With Traffic;C: Possible Injury;Travel Lane;White;Female;Jacksonville;Onslow;No;01-01-07;2011-10-02;Motorist Overtaking Bicyclist;17;Non-Intersection;01-10-01;0001-01-01T12:43:58-04:56;Motorist Overtaking - Misjudged Space;311232;2011;C: Possible Injury;Residential;70+;;No;21-25 mph;O: No Injury;White;Female;Passenger Car;No;No;Daylight;Urban (>70% Developed);3 lanes;2;Straight - Level;Local Street;Dry;Two-Way, Not Divided;None;No Special Feature;Smooth Asphalt;Coastal;Urban;40 - 45  MPH;No Control Present;Clear;No;34.76839, -77.3788
734;735;Yes;60-69;64;No;With Traffic;B: Evident Injury;Travel Lane;White;Male;Raleigh;Wake;No;01-01-05;2011-10-21;Motorist Failed to Yield - Midblock;20;Non-Intersection;01-10-01;0001-01-01T15:39:58-04:56;Motorist Drive Out - Other Midblock;311328;2011;B: Evident Injury;Residential;30-39;31;No;31-35 mph;O: No Injury;Black;Male;Passenger Car;No;No;Daylight;Urban (>70% Developed);2 lanes;2;Straight - Level;Local Street;Dry;Two-Way, Divided, Unprotected Median;None;T-Intersection;Smooth Asphalt;Piedmont;Urban;30 - 35  MPH;No Control Present;Clear;No;35.78947, -78.664
742;743;Yes;30-39;35;No;Not Applicable;C: Possible Injury;Driveway / Alley;White;Male;Wrightsville Beach;New Hanover;No;01-01-05;2011-10-14;Bicyclist Failed to Yield - Midblock;12;Non-Intersection;01-10-01;0001-01-01T07:41:58-04:56;Bicyclist Ride Out - Residential Driveway;353311;2011;C: Possible Injury;Residential;25-29;27;No;0-5 mph;O: No Injury;White;Male;Pickup;No;No;Daylight;Mixed (30% To 70% Developed);2 lanes;2;Straight - Level;Local Street;Dry;Two-Way, Not Divided;None;No Special Feature;Smooth Asphalt;Coastal;Rural;20 - 25  MPH;No Control Present;Clear;No;34.23401, -77.777
744;745;Yes;50-59;51;No;With Traffic;C: Possible Injury;Travel Lane;White;Male;Greensboro;Guilford;No;01-01-06;2011-10-15;Bicyclist Left Turn / Merge;15;Non-Intersection;01-10-01;0001-01-01T10:51:58-04:56;Bicyclist Left Turn - Same Direction;311221;2011;C: Possible Injury;Residential;60-69;65;No;31-35 mph;O: No Injury;White;Female;Passenger Car;No;No;Daylight;Urban (>70% Developed);2 lanes;2;Straight - Grade;Local Street;Dry;Two-Way, Not Divided;None;Related To Intersection;Smooth Asphalt;Piedmont;Urban;30 - 35  MPH;No Control Present;Clear;No;36.15224, -79.8127
748;749;No;20-24;21;No;With Traffic;B: Evident Injury;Travel Lane;White;Male;Wilmington;New Hanover;No;01-01-04;2011-10-13;Motorist Failed to Yield - Midblock;19;Non-Intersection;01-10-01;0001-01-01T14:22:58-04:56;Motorist Drive Out - Commercial Driveway / Alley;311322;2011;B: Evident Injury;Commercial;;;Missing;16-20 mph;Injury;/Missing;;;No;Yes;Daylight;Urban (>70% Developed);2 lanes;2;Straight - Level;Local Street;Dry;Two-Way, Divided, Unprotected Median;None;No Special Feature;Smooth Asphalt;Coastal;Urban;30 - 35  MPH;No Control Present;Clear;No;34.23233, -77.8826
750;751;Yes;50-59;57;No;With Traffic;C: Possible Injury;Travel Lane;White;Male;Greensboro;Guilford;No;;2011-10-10;Bicyclist Right Turn / Merge;12;Intersection;01-10-01;0001-01-01T07:20:58-04:56;Bicyclist Right Turn - Same Direction;111223;2011;C: Possible Injury;Commercial;50-59;52;No;0-5 mph;O: No Injury;White;Male;Passenger Car;No;No;Daylight;Urban (>70% Developed);6 lanes;2;Straight - Level;Local Street;Dry;Two-Way, Divided, Unprotected Median;None;Four-Way Intersection;Smooth Asphalt;Piedmont;Urban;40 - 45  MPH;Stop And Go Signal;Cloudy;No;36.08844, -79.8258
751;752;Yes;20-24;24;No;With Traffic;C: Possible Injury;Travel Lane;Black;Male;None - Rural Crash;Onslow;No;01-01-05;2011-10-28;Motorist Overtaking Bicyclist;8;Non-Intersection;01-10-01;0001-01-01T03:33:58-04:56;Motorist Overtaking - Other /;311239;2011;C: Possible Injury;Farms, Woods, Pastures;60-69;61;No;26-30 mph;O: No Injury;Other;Male;Passenger Car;No;Yes;Daylight;Rural (<30% Developed);2 lanes;2;Curve - Level;State Secondary Route;Dry;Two-Way, Not Divided;None;No Special Feature;Coarse Asphalt;Coastal;Rural;40 - 45  MPH;Double Yellow Line, No Passing Zone;Cloudy;No;34.72391, -77.4835
755;756;No;50-59;51;No;Facing Traffic;C: Possible Injury;Sidewalk / Crosswalk / Driveway Crossing;Black;Male;Raleigh;Wake;No;01-01-04;2011-10-27;Motorist Failed to Yield - Midblock;17;Non-Intersection;01-10-01;0001-01-01T12:33:58-04:56;Motorist Drive Out - Commercial Driveway / Alley;332322;2011;C: Possible Injury;Residential;40-49;44;No;0-5 mph;O: No Injury;Black;Female;Van;No;No;Dark - Lighted Roadway;Rural (<30% Developed);2 lanes;2;Straight - Level;Local Street;Dry;Two-Way, Not Divided;None;T-Intersection;Smooth Asphalt;Piedmont;Urban;30 - 35  MPH;No Control Present;Clear;No;35.74037, -78.6298
760;761;Yes;50-59;57;Yes;With Traffic;C: Possible Injury;Sidewalk / Crosswalk / Driveway Crossing;White;Male;Greensboro;Guilford;Yes;;2011-10-24;Parallel Paths - Other Circumstances;17;Intersection;01-10-01;0001-01-01T12:32:58-04:56;Bicyclist Ride Out - Parallel Path;131225;2011;C: Possible Injury;Commercial;30-39;30;No;0-5 mph;O: No Injury;Black;Female;Passenger Car;No;No;Daylight;Urban (>70% Developed);8 lanes;2;Straight - Level;Local Street;Dry;Two-Way, Not Divided;None;Related To Intersection;Smooth Asphalt;Piedmont;Urban;30 - 35  MPH;Stop And Go Signal;Clear;No;36.0397, -79.8495
764;765;No;50-59;56;No;With Traffic;O: No Injury;Travel Lane;White;Male;Mooresville;Iredell;No;01-01-06;2011-10-22;Bicyclist Overtaking Motorist;10;Intersection;01-10-01;0001-01-01T05:29:58-04:56;Bicyclist Overtaking - Passing on Right;111241;2011;O: No Injury;Residential;30-39;32;No;0-5 mph;O: No Injury;Hispanic;Male;Pickup;No;No;Daylight;Rural (<30% Developed);2 lanes;2;Straight - Level;NC Route;Dry;Two-Way, Not Divided;None;No Special Feature;Smooth Asphalt;Piedmont;Urban;30 - 35  MPH;No Control Present;Clear;No;35.57233, -80.8251
768;769;No;60-69;63;No;Facing Traffic;B: Evident Injury;Travel Lane;Black;Male;Gastonia;Gaston;No;01-01-07;2011-10-16;Motorist Failed to Yield - Midblock;17;Non-Intersection;01-10-01;0001-01-01T12:39:58-04:56;Motorist Drive Out - Residential Driveway;312321;2011;B: Evident Injury;Residential;70+;;No;;O: No Injury;White;Male;Passenger Car;No;No;Daylight;Urban (>70% Developed);4 lanes;2;Straight - Level;NC Route;Dry;Two-Way, Divided, Unprotected Median;None;Driveway, Private;Smooth Asphalt;Piedmont;Urban;40 - 45  MPH;No Control Present;Clear;No;35.24448, -81.1377
770;771;Yes;20-24;21;No;With Traffic;O: No Injury;Bike Lane / Paved Shoulder;White;Male;Raleigh;Wake;No;01-01-03;2011-11-02;Motorist Right Turn / Merge;18;Non-Intersection;01-11-01;0001-01-01T13:22:58-04:56;Motorist Right Turn - Same Direction;321213;2011;O: No Injury;Residential;0-19;19;No;21-25 mph;O: No Injury;White;Male;Passenger Car;No;No;Daylight;Mixed (30% To 70% Developed);2 lanes;2;Straight - Level;Local Street;Dry;Two-Way, Divided, Unprotected Median;None;No Special Feature;Coarse Asphalt;Piedmont;Urban;30 - 35  MPH;No Control Present;Clear;No;35.7867, -78.664
775;776;Yes;20-24;20;No;Facing Traffic;O: No Injury;Sidewalk / Crosswalk / Driveway Crossing;White;Male;Raleigh;Wake;No;01-01-03;2011-10-26;Motorist Failed to Yield - Sign-Controlled Intersection;18;Intersection;01-10-01;0001-01-01T13:49:58-04:56;Motorist Drive Out - Sign-Controlled Intersection;132141;2011;O: No Injury;Commercial;20-24;21;No;0-5 mph;O: No Injury;White;Female;Passenger Car;No;No;Dusk;Urban (>70% Developed);;2;Straight - Grade;Public Vehicular Area;Dry;Two-Way, Not Divided;None;No Special Feature;Concrete;Piedmont;Urban;5 - 15 MPH;Stop Sign;Clear;No;35.78106, -78.6767
781;782;No;30-39;30;Yes;Not Applicable;B: Evident Injury;Bike Lane / Paved Shoulder;White;Male;Charlotte;Mecklenburg;Yes;01-01-05;2011-11-11;Bicyclist Failed to Yield - Midblock;15;Non-Intersection;01-11-01;0001-01-01T10:28:58-04:56;Bicyclist Ride Out - Other Midblock;323318;2011;B: Evident Injury;Commercial;50-59;57;No;31-35 mph;O: No Injury;Black;Male;Sport Utility;No;No;Daylight;Urban (>70% Developed);4 lanes;2;Straight - Level;Local Street;Dry;Two-Way, Not Divided;None;T-Intersection;Smooth Asphalt;Piedmont;Urban;30 - 35  MPH;No Control Present;Clear;No;35.21795, -80.7944
784;785;Yes;30-39;33;No;With Traffic;B: Evident Injury;Travel Lane;White;Male;Asheville;Buncombe;No;01-01-06;2011-10-29;Motorist Overtaking Bicyclist;20;Non-Intersection;01-10-01;0001-01-01T15:28:58-04:56;Motorist Overtaking - Undetected Bicyclist;311231;2011;B: Evident Injury;Commercial;25-29;28;No;21-25 mph;O: No Injury;White;Male;Light Truck (Mini-Van, Panel);No;No;Dark - Roadway Not Lighted;Urban (>70% Developed);2 lanes;2;Straight - Grade;Local Street;Dry;Two-Way, Not Divided;None;No Special Feature;Smooth Asphalt;Mountains;Urban;30 - 35  MPH;No Control Present;Clear;No;35.55527, -82.6476
788;789;Yes;40-49;47;No;With Traffic;C: Possible Injury;Travel Lane;White;Male;Gastonia;Gaston;No;01-01-03;2011-10-12;Motorist Failed to Yield - Sign-Controlled Intersection;14;Intersection-Related;01-10-01;0001-01-01T09:22:58-04:56;Motorist Drive Out - Sign-Controlled Intersection;211141;2011;C: Possible Injury;Residential;50-59;55;No;6-10 mph;O: No Injury;White;Male;Pickup;No;No;Daylight;Urban (>70% Developed);1 lane;2;Other;Local Street;Dry;One-Way, Not Divided;None;Traffic Circle/Roundabout;Smooth Asphalt;Piedmont;Urban;40 - 45  MPH;Yield Sign;Cloudy;No;35.21445, -81.1332
789;790;No;16-19;18;No;With Traffic;B: Evident Injury;Sidewalk / Crosswalk / Driveway Crossing;White;Female;High Point;Guilford;No;01-01-04;2011-10-27;Bicyclist Failed to Yield - Signalized Intersection;16;Intersection;01-10-01;0001-01-01T11:51:58-04:56;Bicyclist Ride Out - Signalized  Intersection;131153;2011;B: Evident Injury;Institutional;25-29;26;No;26-30 mph;O: No Injury;Black;Male;Sport Utility;No;No;Daylight;Urban (>70% Developed);5 lanes;2;Straight - Level;Local Street;Dry;Two-Way, Not Divided;None;Four-Way Intersection;Smooth Asphalt;Piedmont;Urban;30 - 35  MPH;Stop And Go Signal;Clear;No;35.97907, -79.9963
795;796;Yes;50-59;53;No;With Traffic;B: Evident Injury;Bike Lane / Paved Shoulder;Black;Male;Burgaw;Pender;No;01-01-05;2011-10-21;Motorist Overtaking Bicyclist;22;Non-Intersection;01-10-01;0001-01-01T17:06:58-04:56;Motorist Overtaking - Misjudged Space;321232;2011;B: Evident Injury;Residential;30-39;31;No;31-35 mph;O: No Injury;White;Male;Pickup;No;No;Dark - Roadway Not Lighted;Mixed (30% To 70% Developed);2 lanes;2;Straight - Level;NC Route;Dry;Two-Way, Not Divided;None;No Special Feature;Coarse Asphalt;Coastal;Rural;30 - 35  MPH;No Control Present;Clear;No;34.56485, -77.9146
798;799;Yes;20-24;21;No;Facing Traffic;B: Evident Injury;Bike Lane / Paved Shoulder;Black;Male;None - Rural Crash;Brunswick;No;01-01-07;2011-10-30;Loss of Control / Turning Error;20;Non-Intersection;01-10-01;0001-01-01T15:45:58-04:56;Motorist Lost Control - Other /;322139;2011;B: Evident Injury;Farms, Woods, Pastures;;;Missing;;Injury;/Missing;;;No;Yes;Dark - Roadway Not Lighted;Rural (<30% Developed);2 lanes;2;Straight - Level;NC Route;Dry;Two-Way, Not Divided;None;No Special Feature;Coarse Asphalt;Coastal;Rural;50 - 55  MPH;No Control Present;Clear;No;33.89973, -78.5509
805;806;No;20-24;20;No;Not Applicable;B: Evident Injury;Non-Roadway;White;Male;Boone;Watauga;No;01-01-02;2011-11-01;Crossing Paths - Other Circumstances;11;Intersection-Related;01-11-01;0001-01-01T06:30:58-04:56;Crossing Paths - Uncontrolled Intersection;263160;2011;B: Evident Injury;Commercial;30-39;36;No;16-20 mph;O: No Injury;White;Female;Passenger Car;No;No;Daylight;Urban (>70% Developed);2 lanes;2;Straight - Level;Local Street;Dry;Two-Way, Not Divided;None;No Special Feature;Smooth Asphalt;Mountains;Urban;20 - 25  MPH;Double Yellow Line, No Passing Zone;Clear;No;36.20259, -81.6537
806;807;Yes;40-49;46;No;With Traffic;C: Possible Injury;Travel Lane;Black;Male;Raleigh;Wake;No;01-01-05;2011-11-11;Motorist Failed to Yield - Sign-Controlled Intersection;18;Intersection;01-11-01;0001-01-01T13:16:58-04:56;Motorist Drive Out - Sign-Controlled Intersection;111141;2011;C: Possible Injury;Residential;20-24;23;No;6-10 mph;O: No Injury;White;Male;Passenger Car;No;No;Dark - Lighted Roadway;Urban (>70% Developed);2 lanes;2;Straight - Level;Local Street;Dry;Two-Way, Divided, Unprotected Median;None;No Special Feature;Smooth Asphalt;Piedmont;Urban;20 - 25  MPH;Stop Sign;Clear;No;35.90898, -78.5926
810;811;Yes;25-29;27;No;With Traffic;B: Evident Injury;Travel Lane;Hispanic;Male;Winston-Salem;Forsyth;No;01-01-04;2011-11-03;Motorist Overtaking Bicyclist;20;Non-Intersection;01-11-01;0001-01-01T15:46:58-04:56;Motorist Overtaking - Other /;311239;2011;B: Evident Injury;Residential;50-59;51;No;41-45 mph;O: No Injury;White;Male;Pickup;No;No;Dark - Roadway Not Lighted;Urban (>70% Developed);2 lanes;2;Straight - Level;Local Street;Dry;Two-Way, Divided, Unprotected Median;None;No Special Feature;Smooth Asphalt;Piedmont;Urban;40 - 45  MPH;No Control Present;Cloudy;No;36.05333, -80.207
815;816;Yes;40-49;48;Yes;;C: Possible Injury;;White;Male;Charlotte;Mecklenburg;Yes;01-01-05;2011-11-04;Other /  - Insufficient Details;0;Non-Intersection;01-11-01;0000-12-31T19:35:58-04:56;Approach Paths;399970;2011;C: Possible Injury;Commercial;;;Missing;41-45 mph;Injury;/Missing;;;No;Yes;Dark - Lighted Roadway;Urban (>70% Developed);4 lanes;2;Straight - Level;Local Street;Wet;Two-Way, Divided, Unprotected Median;Road Surface Condition;No Special Feature;Smooth Asphalt;Piedmont;Urban;40 - 45  MPH;No Control Present;Rain;No;35.21567, -80.7808
829;830;Yes;50-59;53;No;With Traffic;C: Possible Injury;Travel Lane;White;Male;None - Rural Crash;Wake;No;01-01-04;2011-12-01;Motorist Overtaking Bicyclist;17;Non-Intersection;01-12-01;0001-01-01T12:14:58-04:56;Motorist Overtaking - Misjudged Space;311232;2011;C: Possible Injury;Farms, Woods, Pastures;50-59;55;No;41-45 mph;O: No Injury;White;Male;Pickup;No;No;Daylight;Rural (<30% Developed);2 lanes;2;Straight - Level;NC Route;Dry;Two-Way, Not Divided;None;No Special Feature;Smooth Asphalt;Piedmont;Rural;40 - 45  MPH;Double Yellow Line, No Passing Zone;Clear;No;35.58143, -78.8175
831;832;No;20-24;23;No;With Traffic;C: Possible Injury;Sidewalk / Crosswalk / Driveway Crossing;White;Male;Greensboro;Guilford;No;01-01-03;2011-11-16;Bicyclist Failed to Yield - Signalized Intersection;18;Intersection;01-11-01;0001-01-01T13:45:58-04:56;Bicyclist Failed to Clear - Trapped;131156;2011;C: Possible Injury;Commercial;50-59;58;No;0-5 mph;O: No Injury;White;Female;Passenger Car;No;No;Dark - Lighted Roadway;Urban (>70% Developed);6 lanes;2;Straight - Grade;Local Street;Wet;Two-Way, Divided, Unprotected Median;None;Related To Intersection;Smooth Asphalt;Piedmont;Urban;30 - 35  MPH;Stop And Go Signal;Rain;No;36.06231, -79.8154
836;837;Yes;10-Jun;7;No;Facing Traffic;C: Possible Injury;Sidewalk / Crosswalk / Driveway Crossing;White;Female;Belmont;Gaston;No;01-01-02;2011-11-15;Bicyclist Failed to Yield - Signalized Intersection;16;Intersection;01-11-01;0001-01-01T11:20:58-04:56;Bicyclist Ride Through - Signalized Intersection;132155;2011;C: Possible Injury;Residential;30-39;38;No;41-45 mph;O: No Injury;Black;Male;Passenger Car;No;No;Daylight;Mixed (30% To 70% Developed);3 lanes;2;Straight - Level;Local Street;Dry;Two-Way, Divided, Unprotected Median;None;T-Intersection;Coarse Asphalt;Piedmont;Urban;40 - 45  MPH;Stop And Go Signal;Clear;No;35.23474, -81.0403
837;838;Yes;20-24;23;No;With Traffic;B: Evident Injury;Travel Lane;White;Male;Asheville;Buncombe;No;01-01-02;2011-11-15;Loss of Control / Turning Error;11;Intersection;01-11-01;0001-01-01T06:45:58-04:56;Bicyclist Lost Control - Mechanical Problems;111121;2011;B: Evident Injury;Commercial;70+;;No;21-25 mph;O: No Injury;White;Male;Passenger Car;No;No;Daylight;Urban (>70% Developed);2 lanes;2;Straight - Grade;Local Street;Dry;Two-Way, Not Divided;None;No Special Feature;Smooth Asphalt;Mountains;Urban;30 - 35  MPH;Stop And Go Signal;Cloudy;No;35.59642, -82.5531
838;839;Yes;60-69;62;No;With Traffic;B: Evident Injury;Travel Lane;White;Male;Shelby;Cleveland;No;01-01-02;2011-11-15;Motorist Overtaking Bicyclist;9;Non-Intersection;01-11-01;0001-01-01T05:01:58-04:56;Motorist Overtaking - Bicyclist Swerved;311235;2011;B: Evident Injury;Commercial;25-29;25;No;26-30 mph;O: No Injury;Black;Female;Passenger Car;No;No;Daylight;Mixed (30% To 70% Developed);2 lanes;2;Straight - Grade;State Secondary Route;Dry;Two-Way, Not Divided;None;No Special Feature;Concrete;Mountains;Urban;30 - 35  MPH;No Control Present;Cloudy;No;35.29602, -81.521
851;852;Yes;30-39;39;No;With Traffic;A: Disabling Injury;Travel Lane;White;Male;None - Rural Crash;Guilford;No;01-01-06;2011-12-10;Motorist Overtaking Bicyclist;10;Non-Intersection;01-12-01;0001-01-01T06:01:58-04:56;Motorist Overtaking - Other /;311239;2011;A: Disabling Injury;Residential;30-39;38;No;46-50 mph;O: No Injury;White;Female;Sport Utility;No;No;Daylight;Mixed (30% To 70% Developed);2 lanes;2;Straight - Hillcrest;State Secondary Route;Dry;Two-Way, Not Divided;None;No Special Feature;Smooth Asphalt;Piedmont;Rural;50 - 55  MPH;No Control Present;Clear;No;36.20842, -79.8437
852;853;Yes;15-Nov;13;No;With Traffic;O: No Injury;Sidewalk / Crosswalk / Driveway Crossing;Black;Male;Raleigh;Wake;No;01-01-07;2011-12-11;Crossing Paths - Other Circumstances;17;Intersection;01-12-01;0001-01-01T12:25:58-04:56;Crossing Paths - Intersection - Other /;131180;2011;O: No Injury;Residential;20-24;24;No;0-5 mph;O: No Injury;White;Female;Police;No;No;Daylight;Urban (>70% Developed);2 lanes;2;Straight - Level;Local Street;Dry;Two-Way, Divided, Unprotected Median;None;No Special Feature;Smooth Asphalt;Piedmont;Urban;20 - 25  MPH;No Control Present;Clear;No;35.78313, -78.656
855;856;No;16-19;17;No;With Traffic;O: No Injury;Travel Lane;White;Male;None - Rural Crash;Columbus;No;01-01-04;2011-12-15;Bicyclist Left Turn / Merge;17;Intersection-Related;01-12-01;0001-01-01T12:48:58-04:56;Bicyclist Left Turn - Same Direction;211221;2011;O: No Injury;Farms, Woods, Pastures;40-49;47;No;51-55 mph;O: No Injury;White;Female;Sport Utility;No;No;Dark - Roadway Not Lighted;Rural (<30% Developed);2 lanes;2;Straight - Level;State Secondary Route;Dry;Two-Way, Not Divided;None;T-Intersection;Coarse Asphalt;Coastal;Rural;50 - 55  MPH;No Control Present;Clear;No;34.35101, -78.7315
858;859;Yes;50-59;56;No;With Traffic;C: Possible Injury;Travel Lane;White;Male;Wilmington;New Hanover;No;;2011-11-28;Motorist Overtaking Bicyclist;14;Non-Intersection;01-11-01;0001-01-01T09:30:58-04:56;Motorist Overtaking - Misjudged Space;311232;2011;C: Possible Injury;Commercial;25-29;29;No;16-20 mph;O: No Injury;White;Female;Passenger Car;No;No;Daylight;Urban (>70% Developed);4 lanes;2;Straight - Level;Local Street;Dry;Two-Way, Not Divided;None;No Special Feature;Coarse Asphalt;Coastal;Urban;30 - 35  MPH;No Control Present;Cloudy;No;34.24637, -77.8807
863;864;Yes;16-19;18;No;With Traffic;C: Possible Injury;Travel Lane;White;Male;Cornelius;Mecklenburg;No;01-01-07;2011-11-27;Crossing Paths - Other Circumstances;17;Intersection;01-11-01;0001-01-01T12:14:58-04:56;Signalized Intersection - Other /;111158;2011;C: Possible Injury;Commercial;0-19;18;No;31-35 mph;O: No Injury;Black;Female;Passenger Car;No;No;Dusk;Urban (>70% Developed);5 lanes;2;Straight - Level;Local Street;Dry;Two-Way, Divided, Positive Median Barrier;None;No Special Feature;Smooth Asphalt;Piedmont;Urban;;Stop And Go Signal;Clear;No;35.48372, -80.8725
864;865;No;40-49;44;No;With Traffic;B: Evident Injury;Bike Lane / Paved Shoulder;White;Male;None - Rural Crash;Caldwell;No;01-01-02;2011-12-06;Bicyclist Overtaking Motorist;7;Non-Intersection;01-12-01;0001-01-01T02:52:58-04:56;Bicyclist Overtaking - Passing on Left;321242;2011;B: Evident Injury;Commercial;20-24;22;No;6-10 mph;O: No Injury;White;Male;Passenger Car;No;No;Dawn;Mixed (30% To 70% Developed);5 lanes;2;Straight - Level;US Route;Wet;Two-Way, Divided, Positive Median Barrier;None;Traffic Circle/Roundabout;Smooth Asphalt;Mountains;Rural;50 - 55  MPH;No Control Present;Cloudy;No;35.83487, -81.4596