FID;OBJECTID;AmbulanceR;BikeAge_Gr;Bike_Age;Bike_Alc_D;Bike_Dir;Bike_Injur;Bike_Pos;Bike_Race;Bike_Sex;City;County;CrashAlcoh;CrashDay;Crash_Date;Crash_Grp;Crash_Hour;Crash_Loc;Crash_Mont;Crash_Time;Crash_Type;Crash_Ty_1;Crash_Year;Crsh_Sevri;Developmen;DrvrAge_Gr;Drvr_Age;Drvr_Alc_D;Drvr_EstSp;Drvr_Injur;Drvr_Race;Drvr_Sex;Drvr_VehTy;ExcsSpdInd;Hit_Run;Light_Cond;Locality;Num_Lanes;Num_Units;Rd_Charact;Rd_Class;Rd_Conditi;Rd_Config;Rd_Defects;Rd_Feature;Rd_Surface;Region;Rural_Urba;Speed_Limi;Traff_Cntr;Weather;Workzone_I;Location
185;186;Yes;0-5;4;No;With Traffic;C: Possible Injury;Travel Lane;Black;Male;None - Rural Crash;Richmond;No;01-01-07;2011-05-01;Loss of Control / Turning Error;16;Non-Intersection;01-05-01;0001-01-01T11:11:58-04:56;Bicyclist Lost Control - Mechanical Problems;311121;2011;C: Possible Injury;Residential;40-49;41;No;11-15 mph;O: No Injury;Black;Female;Sport Utility;No;No;Daylight;Urban (>70% Developed);2 lanes;2;Straight - Grade;State Secondary Route;Dry;Two-Way, Not Divided;None;No Special Feature;Smooth Asphalt;Piedmont;Rural;30 - 35  MPH;No Control Present;Clear;No;34.90184, -79.7793
190;191;Yes;30-39;37;No;With Traffic;B: Evident Injury;Travel Lane;White;Male;Charlotte;Mecklenburg;No;01-01-03;2011-04-20;Motorist Failed to Yield - Signalized Intersection;19;Intersection;01-04-01;0001-01-01T14:44:58-04:56;Motorist Drive Out - Signalized Intersection;111152;2011;B: Evident Injury;Commercial;25-29;26;No;16-20 mph;O: No Injury;White;Female;Passenger Car;No;No;Daylight;Urban (>70% Developed);3 lanes;2;Straight - Grade;Local Street;Dry;One-Way, Not Divided;None;Four-Way Intersection;Smooth Asphalt;Piedmont;Urban;20 - 25  MPH;Stop And Go Signal;Clear;No;35.2306, -80.8429
195;196;No;16-19;19;No;With Traffic;C: Possible Injury;Sidewalk / Crosswalk / Driveway Crossing;Black;Male;None - Rural Crash;Guilford;No;01-01-05;2011-04-29;Motorist Failed to Yield - Midblock;9;Non-Intersection;01-04-01;0001-01-01T04:15:58-04:56;Motorist Drive Out - Commercial Driveway / Alley;331322;2011;C: Possible Injury;Commercial;40-49;40;No;0-5 mph;O: No Injury;White;Male;Passenger Car;No;No;Daylight;Mixed (30% To 70% Developed);;2;Straight - Level;Public Vehicular Area;Dry;;None;Driveway, Private;Smooth Asphalt;Piedmont;Rural;;No Control Present;Clear;No;36.00956, -79.8052
200;201;No;40-49;48;No;Facing Traffic;B: Evident Injury;Sidewalk / Crosswalk / Driveway Crossing;Black;Male;Charlotte;Mecklenburg;No;01-01-02;2011-04-26;Motorist Failed to Yield - Midblock;21;Non-Intersection;01-04-01;0001-01-01T16:42:58-04:56;Motorist Drive Out - Commercial Driveway / Alley;332322;2011;B: Evident Injury;Commercial;60-69;60;No;;O: No Injury;Black;Male;Pickup;No;No;Dark - Lighted Roadway;Urban (>70% Developed);;2;Straight - Hillcrest;Public Vehicular Area;Dry;Two-Way, Not Divided;None;No Special Feature;Smooth Asphalt;Piedmont;Urban;40 - 45  MPH;No Control Present;Clear;No;35.27048, -80.8553
202;203;Yes;16-19;17;No;Not Applicable;C: Possible Injury;Non-Roadway;White;Female;Waynesville;Haywood;No;01-01-04;2011-04-07;Crossing Paths - Other Circumstances;19;Intersection-Related;01-04-01;0001-01-01T14:38:58-04:56;Crossing Paths - Uncontrolled Intersection;263160;2011;C: Possible Injury;Residential;40-49;43;No;11-15 mph;O: No Injury;Native American;Female;Pickup;No;No;Daylight;Urban (>70% Developed);2 lanes;2;Straight - Level;Local Street;Dry;Two-Way, Not Divided;None;No Special Feature;Smooth Asphalt;Mountains;Urban;20 - 25  MPH;No Control Present;Clear;No;35.47383, -82.986
10;11;Yes;50-59;58;No;With Traffic;K: Killed;Travel Lane;White;Male;Charlotte;Mecklenburg;No;01-01-05;2008-02-08;Motorist Left Turn / Merge;15;Intersection;01-02-01;0001-01-01T10:55:58-04:56;Motorist Left Turn - Opposite Direction;111212;2008;K: Killed;Commercial;50-59;50;No;21-25 mph;O: No Injury;Black;Female;Passenger Car;No;No;Daylight;Urban (>70% Developed);3 lanes;2;Curve - Hillcrest;Local Street;Dry;Two-Way, Divided, Positive Median Barrier;None;Four-Way Intersection;Smooth Asphalt;Piedmont;Urban;30 - 35  MPH;Stop And Go Signal;Clear;No;0.0, 0.0
35;36;Yes;25-29;29;No;With Traffic;B: Evident Injury;Travel Lane;White;Male;Charlotte;Mecklenburg;No;01-01-03;2008-04-02;Loss of Control / Turning Error;10;Intersection-Related;01-04-01;0001-01-01T05:31:58-04:56;Motorist Lost Control - Other /;211139;2008;B: Evident Injury;Residential;0-19;19;No;6-10 mph;O: No Injury;White;Male;Passenger Car;No;No;Daylight;Mixed (30% To 70% Developed);2 lanes;3;Straight - Level;Local Street;Dry;Two-Way, Not Divided;None;T-Intersection;Smooth Asphalt;Piedmont;Urban;40 - 45  MPH;Stop Sign;Clear;No;0.0, 0.0
37;38;No;10-Jun;10;No;With Traffic;C: Possible Injury;Travel Lane;Black;Male;Gastonia;Gaston;No;01-01-03;2008-01-09;Bicyclist Failed to Yield - Sign-Controlled Intersection;16;Intersection;;0001-01-01T11:09:58-04:56;Bicyclist Ride Through - Sign-Controlled Intersection;111144;2008;C: Possible Injury;Residential;30-39;33;No;16-20 mph;O: No Injury;White;Male;Pickup;No;No;Daylight;Urban (>70% Developed);2 lanes;2;Straight - Level;Local Street;Dry;Two-Way, Not Divided;None;Four-Way Intersection;Coarse Asphalt;Piedmont;Urban;20 - 25  MPH;Stop Sign;Clear;No;0.0, 0.0
42;43;No;10-Jun;8;No;With Traffic;O: No Injury;Travel Lane;Black;Male;Durham;Durham;No;01-01-04;2008-04-03;Bicyclist Failed to Yield - Sign-Controlled Intersection;17;Intersection;01-04-01;0001-01-01T12:32:58-04:56;Bicyclist Ride Out - Sign-Controlled Intersection;111142;2008;O: No Injury;Residential;70+;;No;31-35 mph;O: No Injury;Black;Female;Passenger Car;No;No;Daylight;Urban (>70% Developed);2 lanes;2;Straight - Level;Local Street;Wet;Two-Way, Divided, Unprotected Median;None;Four-Way Intersection;Smooth Asphalt;Piedmont;Urban;30 - 35  MPH;Stop Sign;Rain;No;0.0, 0.0
50;51;Yes;40-49;44;No;With Traffic;C: Possible Injury;Travel Lane;White;Male;Wilmington;New Hanover;No;01-01-02;2008-01-15;Bicyclist Overtaking Motorist;23;Intersection-Related;;0001-01-01T18:25:58-04:56;Bicyclist Overtaking - Parked Vehicle;211243;2008;C: Possible Injury;Commercial;;;Missing;0-5 mph;Injury;/Missing;;Passenger Car;No;No;Dark - Lighted Roadway;Urban (>70% Developed);2 lanes;2;Straight - Hillcrest;Local Street;Dry;Two-Way, Not Divided;None;No Special Feature;Coarse Asphalt;Coastal;Urban;20 - 25  MPH;Missing;Clear;No;0.0, 0.0
51;52;Yes;16-19;18;No;With Traffic;O: No Injury;Sidewalk / Crosswalk / Driveway Crossing;Black;Male;Pembroke;Robeson;No;01-01-04;2008-04-03;Crossing Paths - Other Circumstances;16;Intersection;01-04-01;0001-01-01T11:42:58-04:56;Crossing Paths - Uncontrolled Intersection;131160;2008;O: No Injury;Residential;40-49;43;No;26-30 mph;O: No Injury;Native American;Female;Passenger Car;No;No;Daylight;Urban (>70% Developed);4 lanes;2;Straight - Level;Local Street;Wet;Two-Way, Not Divided;None;No Special Feature;Smooth Asphalt;Coastal;Rural;30 - 35  MPH;No Control Present;Clear;No;0.0, 0.0
54;55;Yes;40-49;40;No;With Traffic;B: Evident Injury;Bike Lane / Paved Shoulder;Black;Male;Fayetteville;Cumberland;No;;2008-01-21;Motorist Overtaking Bicyclist;14;Non-Intersection;;0001-01-01T09:48:58-04:56;Motorist Overtaking - Other /;321239;2008;B: Evident Injury;Commercial;60-69;64;No;41-45 mph;O: No Injury;White;Male;Sport Utility;No;No;Daylight;Urban (>70% Developed);4 lanes;2;Curve - Hillcrest;Local Street;Dry;Two-Way, Divided, Unprotected Median;None;No Special Feature;Smooth Asphalt;Coastal;Urban;50 - 55  MPH;No Control Present;Clear;No;0.0, 0.0
61;62;Yes;50-59;53;No;With Traffic;B: Evident Injury;Travel Lane;White;Male;None - Rural Crash;Cleveland;No;01-01-06;2008-04-12;Motorist Overtaking Bicyclist;10;Non-Intersection;01-04-01;0001-01-01T05:52:58-04:56;Motorist Overtaking - Misjudged Space;311232;2008;B: Evident Injury;Farms, Woods, Pastures;50-59;50;No;41-45 mph;O: No Injury;White;Male;Pickup;No;No;Daylight;Rural (<30% Developed);2 lanes;2;Straight - Level;NC Route;Wet;Two-Way, Not Divided;None;No Special Feature;Smooth Asphalt;Mountains;Rural;50 - 55  MPH;No Control Present;Rain;No;0.0, 0.0
77;78;Yes;50-59;50;Yes;With Traffic;C: Possible Injury;Travel Lane;White;Male;None - Rural Crash;Vance;Yes;01-01-05;2008-02-01;Motorist Overtaking Bicyclist;18;Non-Intersection;01-02-01;0001-01-01T13:18:58-04:56;Motorist Overtaking - Bicyclist Swerved;311235;2008;C: Possible Injury;Residential;60-69;62;No;51-55 mph;O: No Injury;White;Male;Pickup;No;No;Dark - Roadway Not Lighted;Mixed (30% To 70% Developed);2 lanes;2;Straight - Level;State Secondary Route;Dry;Two-Way, Not Divided;None;No Special Feature;Smooth Asphalt;Piedmont;Rural;50 - 55  MPH;Missing;Clear;No;0.0, 0.0
78;79;No;30-39;33;No;With Traffic;O: No Injury;Travel Lane;White;Male;Charlotte;Mecklenburg;No;01-01-03;2008-04-16;Motorist Overtaking Bicyclist;16;Non-Intersection;01-04-01;0001-01-01T11:26:58-04:56;Motorist Overtaking - Other /;311239;2008;O: No Injury;Residential;;;Missing;21-25 mph;Injury;/Missing;;Passenger Car;No;Yes;Daylight;Urban (>70% Developed);2 lanes;2;Straight - Level;Local Street;Dry;Two-Way, Not Divided;None;No Special Feature;Smooth Asphalt;Piedmont;Urban;20 - 25  MPH;No Control Present;Clear;No;0.0, 0.0
82;83;Yes;30-39;30;Yes;With Traffic;B: Evident Injury;Travel Lane;White;Male;Carrboro;Orange;Yes;01-01-05;2008-02-01;Motorist Left Turn / Merge;22;Intersection;01-02-01;0001-01-01T17:50:58-04:56;Motorist Left Turn - Opposite Direction;111212;2008;B: Evident Injury;Residential;40-49;43;No;16-20 mph;O: No Injury;Asian;Male;Passenger Car;No;No;Dark - Lighted Roadway;Urban (>70% Developed);3 lanes;2;Straight - Level;Local Street;Dry;Two-Way, Not Divided;None;T-Intersection;Coarse Asphalt;Piedmont;Urban;20 - 25  MPH;Stop Sign;Clear;No;0.0, 0.0
84;85;No;10-Jun;8;No;Not Applicable;O: No Injury;Other;Black;Male;Chadbourn;Columbus;No;01-01-06;2008-02-02;Bicyclist Failed to Yield - Midblock;14;Non-Intersection;01-02-01;0001-01-01T09:23:58-04:56;Bicyclist Ride Out - Other Midblock;383318;2008;O: No Injury;Institutional;0-19;19;No;6-10 mph;O: No Injury;Black;Male;Pickup;No;No;Daylight;Urban (>70% Developed);2 lanes;2;Straight - Level;Local Street;Dry;Two-Way, Not Divided;None;No Special Feature;Smooth Asphalt;Coastal;Rural;20 - 25  MPH;No Control Present;Clear;No;0.0, 0.0
86;87;No;15-Nov;13;No;With Traffic;O: No Injury;Travel Lane;White;Male;None - Rural Crash;New Hanover;No;;2008-02-04;Bicyclist Failed to Yield - Sign-Controlled Intersection;10;Intersection;01-02-01;0001-01-01T05:49:58-04:56;Bicyclist Ride Through - Sign-Controlled Intersection;111144;2008;O: No Injury;Residential;50-59;56;No;16-20 mph;O: No Injury;White;Female;Sport Utility;No;No;;Rural (<30% Developed);2 lanes;2;Straight - Level;State Secondary Route;;Two-Way, Not Divided;;Four-Way Intersection;Smooth Asphalt;Coastal;Rural;30 - 35  MPH;Stop Sign;Other;No;0.0, 0.0
112;113;No;30-39;37;No;With Traffic;O: No Injury;Sidewalk / Crosswalk / Driveway Crossing;Black;Male;Charlotte;Mecklenburg;No;01-01-03;2008-04-16;Motorist Right Turn / Merge;19;Intersection;01-04-01;0001-01-01T14:05:58-04:56;Motorist Right Turn - Same Direction;131213;2008;O: No Injury;Commercial;;;No;;Injury;Black;Male;Passenger Car;No;Yes;Daylight;Mixed (30% To 70% Developed);2 lanes;2;Straight - Level;Local Street;Dry;Two-Way, Divided, Positive Median Barrier;None;No Special Feature;Smooth Asphalt;Piedmont;Urban;;Stop And Go Signal;Clear;No;0.0, 0.0
118;119;Yes;25-29;26;No;With Traffic;B: Evident Injury;Travel Lane;Black;Male;Durham;Durham;No;01-01-02;2008-02-19;Motorist Overtaking Bicyclist;19;Non-Intersection;01-02-01;0001-01-01T14:18:58-04:56;Motorist Overtaking - Other /;311239;2008;B: Evident Injury;Residential;;;Missing;41-45 mph;Injury;/Missing;;;No;Yes;Dark - Roadway Not Lighted;Mixed (30% To 70% Developed);2 lanes;2;Straight - Level;State Secondary Route;Dry;Two-Way, Not Divided;None;No Special Feature;Smooth Asphalt;Piedmont;Urban;40 - 45  MPH;Double Yellow Line, No Passing Zone;Clear;No;0.0, 0.0
119;120;No;10-Jun;10;No;With Traffic;O: No Injury;Bike Lane / Paved Shoulder;White;Male;None - Rural Crash;Brunswick;No;01-01-02;2008-02-19;Bicyclist Left Turn / Merge;18;Non-Intersection;01-02-01;0001-01-01T13:18:58-04:56;Bicyclist Left Turn - Same Direction;321221;2008;O: No Injury;Farms, Woods, Pastures;60-69;62;No;;O: No Injury;White;Female;Passenger Car;No;No;Daylight;Rural (<30% Developed);2 lanes;2;Straight - Level;State Secondary Route;Dry;Two-Way, Not Divided;None;No Special Feature;Coarse Asphalt;Coastal;Rural;;Missing;Clear;No;0.0, 0.0
137;138;No;16-19;19;No;With Traffic;C: Possible Injury;Travel Lane;White;Male;Goldsboro;Wayne;No;01-01-06;2008-03-01;Bicyclist Overtaking Motorist;15;Intersection;01-03-01;0001-01-01T10:27:58-04:56;Bicyclist Overtaking - Passing on Right;111241;2008;C: Possible Injury;Commercial;60-69;61;No;0-5 mph;O: No Injury;White;Female;Passenger Car;No;No;Daylight;Urban (>70% Developed);4 lanes;2;Straight - Level;Local Street;Dry;Two-Way, Divided, Unprotected Median;None;On or Off Ramp;Smooth Asphalt;Coastal;Urban;30 - 35  MPH;Stop And Go Signal;Clear;No;0.0, 0.0
138;139;Yes;25-29;25;No;Facing Traffic;C: Possible Injury;Sidewalk / Crosswalk / Driveway Crossing;Black;Male;Greensboro;Guilford;No;01-01-07;2008-03-02;Bicyclist Failed to Yield - Signalized Intersection;13;Intersection;01-03-01;0001-01-01T08:52:58-04:56;Bicyclist Ride Through - Signalized Intersection;132155;2008;C: Possible Injury;Commercial;20-24;21;No;11-15 mph;O: No Injury;Black;Female;Passenger Car;No;No;Daylight;Urban (>70% Developed);3 lanes;2;Straight - Level;Local Street;Dry;Two-Way, Not Divided;None;Four-Way Intersection;Smooth Asphalt;Piedmont;Urban;30 - 35  MPH;Stop And Go Signal;Clear;No;0.0, 0.0
139;140;No;10-Jun;9;No;Not Applicable;B: Evident Injury;Non-Roadway;Black;Male;Burlington;Alamance;No;;2008-03-03;Non-Roadway;16;Non-Roadway;01-03-01;0001-01-01T11:23:58-04:56;Non-Roadway;460910;2008;B: Evident Injury;Residential;40-49;43;No;0-5 mph;O: No Injury;Black;Male;Passenger Car;No;No;Daylight;Urban (>70% Developed);;2;Straight - Level;Public Vehicular Area;Dry;Two-Way, Not Divided;None;Driveway, Public;Coarse Asphalt;Piedmont;Urban;5 - 15 MPH;No Control Present;Clear;No;0.0, 0.0
142;143;Yes;16-19;18;No;With Traffic;C: Possible Injury;Travel Lane;White;Female;None - Rural Crash;Forsyth;No;;2008-03-03;Bicyclist Left Turn / Merge;14;Non-Intersection;01-03-01;0001-01-01T09:03:58-04:56;Bicyclist Left Turn - Same Direction;311221;2008;C: Possible Injury;Residential;30-39;35;No;46-50 mph;O: No Injury;White;Male;Passenger Car;No;No;Daylight;Mixed (30% To 70% Developed);2 lanes;2;Straight - Level;State Secondary Route;Dry;Two-Way, Not Divided;None;No Special Feature;Smooth Asphalt;Piedmont;Rural;40 - 45  MPH;Double Yellow Line, No Passing Zone;Clear;No;0.0, 0.0
147;148;No;25-29;28;No;Facing Traffic;B: Evident Injury;Sidewalk / Crosswalk / Driveway Crossing;White;Male;Greensboro;Guilford;No;01-01-03;2008-03-05;Motorist Failed to Yield - Sign-Controlled Intersection;17;Intersection;01-03-01;0001-01-01T12:59:58-04:56;Motorist Drive Out - Sign-Controlled Intersection;132141;2008;B: Evident Injury;Commercial;;;Missing;;Injury;/Missing;;;No;Yes;Daylight;Urban (>70% Developed);3 lanes;2;Straight - Level;Public Vehicular Area;Dry;Two-Way, Not Divided;None;No Special Feature;Coarse Asphalt;Piedmont;Urban;;Stop Sign;Clear;No;0.0, 0.0
149;150;No;70+;;No;With Traffic;C: Possible Injury;Travel Lane;White;Male;None - Rural Crash;Guilford;No;01-01-04;2008-03-06;Motorist Overtaking Bicyclist;13;Non-Intersection;01-03-01;0001-01-01T08:33:58-04:56;Motorist Overtaking - Misjudged Space;311232;2008;C: Possible Injury;Farms, Woods, Pastures;50-59;55;No;36-40 mph;O: No Injury;White;Male;Sport Utility;No;No;Daylight;Rural (<30% Developed);2 lanes;2;Straight - Grade;State Secondary Route;Dry;Two-Way, Not Divided;None;No Special Feature;Coarse Asphalt;Piedmont;Rural;40 - 45  MPH;Double Yellow Line, No Passing Zone;Clear;No;0.0, 0.0
159;160;Yes;15-Nov;12;No;Facing Traffic;B: Evident Injury;Sidewalk / Crosswalk / Driveway Crossing;White;Male;Chapel Hill;Orange;No;01-01-02;2008-03-11;Motorist Failed to Yield - Sign-Controlled Intersection;15;Intersection;01-03-01;0001-01-01T10:27:58-04:56;Motorist Drive Out - Sign-Controlled Intersection;132141;2008;B: Evident Injury;Residential;40-49;49;No;0-5 mph;O: No Injury;White;Male;Passenger Car;No;No;Daylight;Urban (>70% Developed);2 lanes;2;Straight - Bottom;Local Street;Dry;Two-Way, Not Divided;None;T-Intersection;Smooth Asphalt;Piedmont;Urban;20 - 25  MPH;Stop Sign;Clear;No;0.0, 0.0
162;163;Yes;60-69;60;No;With Traffic;O: No Injury;;White;Male;Asheville;Buncombe;No;01-01-03;2008-03-05;Loss of Control / Turning Error;8;Non-Intersection;01-03-01;0001-01-01T03:30:58-04:56;Motorist Lost Control - Other /;391139;2008;B: Evident Injury;Commercial;40-49;45;No;41-45 mph;B: Evident Injury;White;Male;Pickup;No;No;Daylight;Urban (>70% Developed);2 lanes;3;Straight - Level;US Route;Dry;Two-Way, Not Divided;None;No Special Feature;Coarse Asphalt;Mountains;Urban;40 - 45  MPH;Double Yellow Line, No Passing Zone;Cloudy;No;0.0, 0.0
163;164;No;40-49;49;No;Facing Traffic;B: Evident Injury;Sidewalk / Crosswalk / Driveway Crossing;White;Male;Winston-Salem;Forsyth;No;01-01-04;2008-03-06;Motorist Failed to Yield - Sign-Controlled Intersection;7;Intersection;01-03-01;0001-01-01T02:50:58-04:56;Motorist Drive Out - Sign-Controlled Intersection;132141;2008;B: Evident Injury;Residential;40-49;45;No;6-10 mph;O: No Injury;White;Female;Sport Utility;No;No;Daylight;Urban (>70% Developed);2 lanes;2;Straight - Level;Local Street;Dry;Two-Way, Not Divided;None;T-Intersection;Smooth Asphalt;Piedmont;Urban;30 - 35  MPH;Stop Sign;Clear;No;0.0, 0.0
166;167;No;10-Jun;10;No;Facing Traffic;B: Evident Injury;Sidewalk / Crosswalk / Driveway Crossing;White;Female;Charlotte;Mecklenburg;No;01-01-05;2008-05-09;Motorist Failed to Yield - Signalized Intersection;15;Intersection;01-05-01;0001-01-01T10:58:58-04:56;Motorist Drive Out - Right Turn on Red;132151;2008;B: Evident Injury;Commercial;25-29;28;No;0-5 mph;O: No Injury;White;Male;Passenger Car;No;No;Daylight;Urban (>70% Developed);2 lanes;2;Straight - Grade;Local Street;Dry;Two-Way, Divided, Positive Median Barrier;Other;Four-Way Intersection;Coarse Asphalt;Piedmont;Urban;30 - 35  MPH;Stop And Go Signal;Clear;No;0.0, 0.0
168;169;Yes;40-49;42;No;Facing Traffic;A: Disabling Injury;Bike Lane / Paved Shoulder;Hispanic;Male;Raleigh;Wake;No;01-01-02;2008-03-11;Parallel Paths - Other Circumstances;7;Intersection;01-03-01;0001-01-01T02:32:58-04:56;Bicyclist Ride Out - Parallel Path;122225;2008;A: Disabling Injury;Commercial;40-49;41;No;31-35 mph;C: Possible Injury;White;Female;Passenger Car;No;No;Daylight;Urban (>70% Developed);1 lane;2;Curve - Level;Local Street;Dry;One-Way, Not Divided;None;On or Off Ramp;Smooth Asphalt;Piedmont;Urban;30 - 35  MPH;No Control Present;Clear;No;0.0, 0.0
183;184;Yes;10-Jun;8;No;Not Applicable;A: Disabling Injury;Driveway / Alley;White;Male;None - Rural Crash;Person;No;01-01-04;2008-03-20;Bicyclist Failed to Yield - Midblock;18;Non-Intersection;01-03-01;0001-01-01T13:39:58-04:56;Bicyclist Ride Out - Residential Driveway;353311;2008;A: Disabling Injury;Residential;40-49;42;No;31-35 mph;O: No Injury;White;Female;Sport Utility;No;No;Daylight;Mixed (30% To 70% Developed);2 lanes;2;Straight - Level;State Secondary Route;Dry;Two-Way, Not Divided;None;Driveway, Private;Smooth Asphalt;Piedmont;Rural;30 - 35  MPH;Double Yellow Line, No Passing Zone;Clear;No;0.0, 0.0
185;186;Yes;15-Nov;14;No;Not Applicable;B: Evident Injury;Non-Roadway;White;Male;Elizabeth City;Pasquotank;No;01-01-06;2008-03-22;Bicyclist Failed to Yield - Midblock;14;Non-Intersection;01-03-01;0001-01-01T09:34:58-04:56;Bicyclist Ride Out - Other Midblock;363318;2008;B: Evident Injury;Commercial;0-19;18;No;31-35 mph;O: No Injury;White;Male;Passenger Car;No;No;Daylight;Urban (>70% Developed);5 lanes;2;Straight - Level;Local Street;Dry;Two-Way, Not Divided;None;No Special Feature;Smooth Asphalt;Coastal;Urban;30 - 35  MPH;No Control Present;Clear;No;0.0, 0.0
190;191;Yes;25-29;29;Yes;With Traffic;B: Evident Injury;Bike Lane / Paved Shoulder;Hispanic;Male;Oxford;Granville;Yes;;2008-02-04;Motorist Overtaking Bicyclist;16;Non-Intersection;01-02-01;0001-01-01T11:56:58-04:56;Motorist Overtaking - Misjudged Space;321232;2008;B: Evident Injury;Commercial;;;Missing;;Injury;/Missing;;;No;Yes;Daylight;Urban (>70% Developed);2 lanes;2;Straight - Grade;Local Street;Dry;Two-Way, Not Divided;None;No Special Feature;Smooth Asphalt;Piedmont;Urban;;Missing;Clear;No;0.0, 0.0
198;199;No;15-Nov;14;No;Facing Traffic;C: Possible Injury;Sidewalk / Crosswalk / Driveway Crossing;Black;Male;Raleigh;Wake;No;01-01-04;2008-03-27;Motorist Failed to Yield - Midblock;18;Non-Intersection;01-03-01;0001-01-01T13:48:58-04:56;Motorist Drive Out - Commercial Driveway / Alley;332322;2008;C: Possible Injury;Residential;;;Missing;;Injury;/Missing;;;No;Yes;Daylight;Urban (>70% Developed);;2;Straight - Level;Public Vehicular Area;Dry;Two-Way, Not Divided;None;Driveway, Public;Smooth Asphalt;Piedmont;Urban;30 - 35  MPH;Missing;Clear;No;0.0, 0.0
200;201;Yes;15-Nov;14;No;Facing Traffic;C: Possible Injury;Travel Lane;White;Male;Gastonia;Gaston;No;01-01-05;2008-03-28;Motorist Failed to Yield - Sign-Controlled Intersection;15;Intersection;01-03-01;0001-01-01T10:18:58-04:56;Motorist Drive Out - Sign-Controlled Intersection;112141;2008;C: Possible Injury;Residential;40-49;42;No;0-5 mph;O: No Injury;Black;Male;Sport Utility;No;No;Daylight;Urban (>70% Developed);5 lanes;2;Straight - Grade;Local Street;Dry;Two-Way, Not Divided;None;Four-Way Intersection;Smooth Asphalt;Piedmont;Urban;30 - 35  MPH;Stop Sign;Clear;No;0.0, 0.0
214;215;Yes;10-Jun;7;No;With Traffic;C: Possible Injury;Travel Lane;Black;Male;Charlotte;Mecklenburg;No;01-01-04;2008-05-22;Bicyclist Failed to Yield - Sign-Controlled Intersection;19;Intersection;01-05-01;0001-01-01T14:45:58-04:56;Bicyclist Ride Out - Sign-Controlled Intersection;111142;2008;C: Possible Injury;Residential;50-59;59;No;21-25 mph;O: No Injury;Black;Male;Van;No;No;Daylight;Mixed (30% To 70% Developed);2 lanes;2;Straight - Grade;Local Street;Dry;Two-Way, Not Divided;None;No Special Feature;Smooth Asphalt;Piedmont;Urban;30 - 35  MPH;No Control Present;Clear;No;0.0, 0.0
220;221;No;30-39;30;No;With Traffic;B: Evident Injury;Travel Lane;White;Male;None - Rural Crash;Pitt;No;01-01-02;2008-04-08;Motorist Overtaking Bicyclist;21;Non-Intersection;01-04-01;0001-01-01T16:17:58-04:56;Motorist Overtaking - Misjudged Space;311232;2008;B: Evident Injury;Residential;;;Missing;36-40 mph;Injury;/Missing;;;No;Yes;Dark - Roadway Not Lighted;Mixed (30% To 70% Developed);2 lanes;2;Straight - Level;State Secondary Route;Dry;Two-Way, Not Divided;None;No Special Feature;Smooth Asphalt;Coastal;Rural;40 - 45  MPH;Missing;Clear;No;0.0, 0.0
225;226;No;30-39;33;No;With Traffic;B: Evident Injury;Travel Lane;White;Male;Asheville;Buncombe;No;01-01-03;2008-04-09;Motorist Left Turn / Merge;7;Intersection;01-04-01;0001-01-01T02:54:58-04:56;Motorist Left Turn - Opposite Direction;111212;2008;B: Evident Injury;Commercial;50-59;55;No;16-20 mph;O: No Injury;White;Male;Sport Utility;No;No;Daylight;Urban (>70% Developed);5 lanes;2;Straight - Level;US Route;Dry;Two-Way, Not Divided;None;Four-Way Intersection;Smooth Asphalt;Mountains;Urban;40 - 45  MPH;Stop And Go Signal;Clear;No;0.0, 0.0
230;231;No;10-Jun;10;No;With Traffic;B: Evident Injury;Travel Lane;White;Male;Landis;Rowan;No;01-01-05;2008-04-11;Bicyclist Left Turn / Merge;16;Non-Intersection;01-04-01;0001-01-01T11:54:58-04:56;Bicyclist Left Turn - Same Direction;311221;2008;B: Evident Injury;Residential;40-49;45;No;41-45 mph;O: No Injury;White;Male;Motorcycle;No;No;Daylight;Rural (<30% Developed);;2;;Local Street;Dry;;None;No Special Feature;;Piedmont;Rural;40 - 45  MPH;Missing;Clear;No;0.0, 0.0
235;236;Yes;40-49;42;No;With Traffic;C: Possible Injury;Travel Lane;Black;Male;Durham;Durham;No;01-01-05;2008-05-30;Parallel Paths - Other Circumstances;23;Intersection;01-05-01;0001-01-01T18:26:58-04:56;Parallel Paths - Other /;111280;2008;C: Possible Injury;Residential;;;No;11-15 mph;Injury;/Missing;;Passenger Car;No;Yes;Dark - Lighted Roadway;Urban (>70% Developed);2 lanes;2;Straight - Level;Local Street;Dry;Two-Way, Not Divided;None;No Special Feature;Coarse Asphalt;Piedmont;Urban;30 - 35  MPH;Stop Sign;Clear;No;0.0, 0.0
239;240;Yes;15-Nov;13;No;;C: Possible Injury;Travel Lane;Black;Male;Charlotte;Mecklenburg;No;;2008-06-02;Bicyclist Failed to Yield - Midblock;18;Non-Intersection;01-06-01;0001-01-01T13:11:58-04:56;Multiple Threat - Midblock;319357;2008;C: Possible Injury;Commercial;25-29;29;No;0-5 mph;O: No Injury;White;Female;Passenger Car;No;No;Daylight;Urban (>70% Developed);7 lanes;2;Straight - Level;Local Street;Dry;Two-Way, Divided, Unprotected Median;None;No Special Feature;Smooth Asphalt;Piedmont;Urban;40 - 45  MPH;No Control Present;Clear;No;0.0, 0.0