FID;OBJECTID;AmbulanceR;BikeAge_Gr;Bike_Age;Bike_Alc_D;Bike_Dir;Bike_Injur;Bike_Pos;Bike_Race;Bike_Sex;City;County;CrashAlcoh;CrashDay;Crash_Date;Crash_Grp;Crash_Hour;Crash_Loc;Crash_Mont;Crash_Time;Crash_Type;Crash_Ty_1;Crash_Year;Crsh_Sevri;Developmen;DrvrAge_Gr;Drvr_Age;Drvr_Alc_D;Drvr_EstSp;Drvr_Injur;Drvr_Race;Drvr_Sex;Drvr_VehTy;ExcsSpdInd;Hit_Run;Light_Cond;Locality;Num_Lanes;Num_Units;Rd_Charact;Rd_Class;Rd_Conditi;Rd_Config;Rd_Defects;Rd_Feature;Rd_Surface;Region;Rural_Urba;Speed_Limi;Traff_Cntr;Weather;Workzone_I;Location
240;241;No;20-24;21;No;With Traffic;C: Possible Injury;Travel Lane;White;Male;Chapel Hill;Orange;No;01-01-03;2008-04-16;Motorist Left Turn / Merge;17;Intersection;01-04-01;0001-01-01T12:31:58-04:56;Motorist Left Turn - Opposite Direction;111212;2008;C: Possible Injury;Institutional;20-24;24;No;;O: No Injury;White;Female;Passenger Car;No;No;Daylight;Urban (>70% Developed);2 lanes;2;Straight - Level;Local Street;Dry;Two-Way, Divided, Unprotected Median;None;No Special Feature;Smooth Asphalt;Piedmont;Urban;;Missing;Clear;No;0.0, 0.0
244;245;Yes;25-29;28;No;With Traffic;B: Evident Injury;;White;Male;Raleigh;Wake;No;01-01-04;2008-04-17;Motorist Left Turn / Merge;8;Intersection;01-04-01;0001-01-01T03:49:58-04:56;Motorist Left Turn - Opposite Direction;191212;2008;B: Evident Injury;Commercial;20-24;20;No;6-10 mph;O: No Injury;White;Female;Passenger Car;No;No;Daylight;Urban (>70% Developed);5 lanes;2;Straight - Level;Local Street;Dry;Two-Way, Divided, Unprotected Median;None;Four-Way Intersection;Coarse Asphalt;Piedmont;Urban;30 - 35  MPH;Stop And Go Signal;Clear;No;0.0, 0.0
246;247;No;16-19;16;No;;C: Possible Injury;;Other;Male;Havelock;Craven;No;01-01-04;2008-04-17;Other /  - Insufficient Details;14;Location;01-04-01;0001-01-01T09:58:58-04:56;Location;999980;2008;C: Possible Injury;Residential;;;Missing;0-5 mph;Injury;/Missing;;;No;Yes;Daylight;Urban (>70% Developed);2 lanes;2;Straight - Level;Local Street;Dry;Two-Way, Not Divided;None;T-Intersection;Smooth Asphalt;Coastal;Urban;20 - 25  MPH;Missing;Clear;No;0.0, 0.0
248;249;No;20-24;20;No;With Traffic;B: Evident Injury;Travel Lane;Native American;Female;None - Rural Crash;Robeson;No;01-01-05;2008-05-23;Motorist Overtaking Bicyclist;4;Non-Intersection;01-05-01;0000-12-31T23:27:58-04:56;Motorist Overtaking - Undetected Bicyclist;311231;2008;B: Evident Injury;Farms, Woods, Pastures;60-69;63;No;51-55 mph;O: No Injury;White;Male;Tractor/Semi-Trailer;No;No;Dark - Roadway Not Lighted;Rural (<30% Developed);2 lanes;2;Straight - Level;NC Route;Dry;Two-Way, Not Divided;None;No Special Feature;Coarse Asphalt;Coastal;Rural;50 - 55  MPH;No Control Present;Clear;No;0.0, 0.0
256;257;Yes;50-59;54;No;With Traffic;B: Evident Injury;Travel Lane;Black;Male;Raleigh;Wake;No;01-01-03;2008-04-30;Bicyclist Failed to Yield - Sign-Controlled Intersection;17;Intersection;01-04-01;0001-01-01T12:18:58-04:56;Bicyclist Ride Out - Sign-Controlled Intersection;111142;2008;B: Evident Injury;Commercial;40-49;49;No;41-45 mph;O: No Injury;White;Female;Passenger Car;No;No;Daylight;Urban (>70% Developed);6 lanes;2;Straight - Level;Local Street;Dry;Two-Way, Not Divided;None;No Special Feature;Smooth Asphalt;Piedmont;Urban;40 - 45  MPH;No Control Present;Clear;No;0.0, 0.0
262;263;No;40-49;48;Yes;Facing Traffic;B: Evident Injury;;Black;Male;Raleigh;Wake;Yes;01-01-06;2008-04-19;Bicyclist Failed to Yield - Signalized Intersection;15;Intersection;01-04-01;0001-01-01T10:37:58-04:56;Bicyclist Ride Out - Signalized  Intersection;192153;2008;B: Evident Injury;Commercial;40-49;45;No;26-30 mph;O: No Injury;Black;Male;Passenger Car;No;No;Daylight;Urban (>70% Developed);6 lanes;2;Straight - Level;Local Street;Dry;Two-Way, Divided, Unprotected Median;None;Four-Way Intersection;Smooth Asphalt;Piedmont;Urban;40 - 45  MPH;Stop And Go Signal;Clear;No;0.0, 0.0
266;267;Yes;30-39;30;No;With Traffic;B: Evident Injury;Sidewalk / Crosswalk / Driveway Crossing;White;Male;Jacksonville;Onslow;No;01-01-04;2008-04-24;Motorist Failed to Yield - Midblock;16;Non-Intersection;01-04-01;0001-01-01T11:28:58-04:56;Motorist Drive Out - Commercial Driveway / Alley;331322;2008;B: Evident Injury;Commercial;25-29;26;No;0-5 mph;O: No Injury;Black;Female;Passenger Car;No;No;Daylight;Urban (>70% Developed);;2;Straight - Level;Public Vehicular Area;Dry;One-Way, Not Divided;None;No Special Feature;Smooth Asphalt;Coastal;Urban;5 - 15 MPH;Yield Sign;Clear;No;0.0, 0.0
272;273;Yes;15-Nov;12;No;Not Applicable;C: Possible Injury;;Black;Male;Rocky Mount;Nash;No;01-01-02;2008-05-06;Bicyclist Failed to Yield - Midblock;17;Non-Intersection;01-05-01;0001-01-01T12:10:58-04:56;Multiple Threat - Midblock;393357;2008;C: Possible Injury;Commercial;20-24;24;No;16-20 mph;O: No Injury;Black;Male;Passenger Car;No;No;Daylight;Urban (>70% Developed);4 lanes;2;Straight - Level;Local Street;Dry;Two-Way, Not Divided;None;Four-Way Intersection;Smooth Asphalt;Coastal;Urban;30 - 35  MPH;Double Yellow Line, No Passing Zone;Clear;No;0.0, 0.0
274;275;No;60-69;63;No;Facing Traffic;B: Evident Injury;Travel Lane;White;Male;None - Rural Crash;Rowan;No;01-01-05;2008-04-25;Head-On;17;Non-Intersection;01-04-01;0001-01-01T12:10:58-04:56;Head-On - Bicyclist;312250;2008;B: Evident Injury;Residential;0-19;9;No;;O: No Injury;White;Female;Pedalcycle;No;No;Daylight;Mixed (30% To 70% Developed);2 lanes;2;Straight - Level;State Secondary Route;Dry;Two-Way, Not Divided;None;No Special Feature;Smooth Asphalt;Piedmont;Rural;;Double Yellow Line, No Passing Zone;Clear;No;0.0, 0.0
288;289;Yes;20-24;24;No;With Traffic;B: Evident Injury;Travel Lane;White;Male;Raleigh;Wake;No;01-01-05;2008-05-02;Motorist Left Turn / Merge;22;Intersection;01-05-01;0001-01-01T17:09:58-04:56;Motorist Left Turn - Opposite Direction;111212;2008;B: Evident Injury;Commercial;20-24;21;No;16-20 mph;Injury;White;Female;Passenger Car;No;No;Dark - Lighted Roadway;Urban (>70% Developed);4 lanes;2;Straight - Level;Local Street;Dry;Two-Way, Divided, Unprotected Median;None;No Special Feature;Smooth Asphalt;Piedmont;Urban;30 - 35  MPH;Stop And Go Signal;Clear;No;0.0, 0.0
290;291;Yes;60-69;62;No;With Traffic;B: Evident Injury;Bike Lane / Paved Shoulder;White;Male;None - Rural Crash;Duplin;No;01-01-06;2008-05-03;Motorist Right Turn / Merge;13;Non-Intersection;01-05-01;0001-01-01T08:03:58-04:56;Motorist Right Turn - Same Direction;321213;2008;B: Evident Injury;Farms, Woods, Pastures;;;Missing;51-55 mph;Injury;/Missing;;;No;Yes;Daylight;Rural (<30% Developed);2 lanes;2;Straight - Level;NC Route;Dry;Two-Way, Not Divided;None;No Special Feature;Coarse Asphalt;Coastal;Rural;50 - 55  MPH;No Control Present;Clear;No;0.0, 0.0
294;295;Yes;15-Nov;12;No;With Traffic;B: Evident Injury;Travel Lane;Hispanic;Male;Durham;Durham;No;01-01-03;2008-06-11;Motorist Failed to Yield - Signalized Intersection;21;Intersection;01-06-01;0001-01-01T16:21:58-04:56;Motorist Drive Through - Signalized Intersection;111154;2008;B: Evident Injury;Commercial;;;Missing;31-35 mph;Injury;/Missing;;Passenger Car;No;Yes;Dark - Lighted Roadway;Urban (>70% Developed);2 lanes;2;Straight - Level;Local Street;Dry;Two-Way, Not Divided;None;T-Intersection;Smooth Asphalt;Piedmont;Urban;30 - 35  MPH;Stop And Go Signal;Clear;No;0.0, 0.0
295;296;No;30-39;32;No;With Traffic;B: Evident Injury;Travel Lane;Black;Male;Durham;Durham;No;01-01-03;2008-06-11;Bicyclist Failed to Yield - Sign-Controlled Intersection;18;Intersection;01-06-01;0001-01-01T13:15:58-04:56;Bicyclist Ride Out - Sign-Controlled Intersection;111142;2008;B: Evident Injury;Residential;50-59;50;No;31-35 mph;O: No Injury;Black;Male;Passenger Car;No;No;Daylight;Urban (>70% Developed);2 lanes;2;Straight - Level;Local Street;Dry;Two-Way, Not Divided;None;No Special Feature;Smooth Asphalt;Piedmont;Urban;30 - 35  MPH;No Control Present;Clear;No;0.0, 0.0
300;301;Yes;15-Nov;14;No;With Traffic;B: Evident Injury;Bike Lane / Paved Shoulder;Black;Male;Kinston;Lenoir;No;01-01-02;2008-06-10;Bicyclist Left Turn / Merge;17;Non-Intersection;01-06-01;0001-01-01T12:59:58-04:56;Bicyclist Left Turn - Same Direction;321221;2008;B: Evident Injury;Residential;25-29;28;No;31-35 mph;O: No Injury;Black;Female;Passenger Car;No;No;Daylight;Urban (>70% Developed);4 lanes;2;Straight - Level;NC Route;Dry;Two-Way, Divided, Unprotected Median;None;No Special Feature;Smooth Asphalt;Coastal;Urban;30 - 35  MPH;No Control Present;Clear;No;0.0, 0.0
302;303;Yes;15-Nov;15;No;;B: Evident Injury;Non-Roadway;Black;Male;Cary;Wake;No;01-01-06;2008-06-14;Crossing Paths - Other Circumstances;14;Intersection;01-06-01;0001-01-01T09:12:58-04:56;Signalized Intersection - Other /;169158;2008;B: Evident Injury;Commercial;25-29;25;No;26-30 mph;O: No Injury;Black;Female;Passenger Car;No;No;Daylight;Urban (>70% Developed);4 lanes;2;Straight - Level;State Secondary Route;Dry;Two-Way, Divided, Unprotected Median;None;Four-Way Intersection;Smooth Asphalt;Piedmont;Urban;30 - 35  MPH;Stop And Go Signal;Clear;No;0.0, 0.0
305;306;Yes;0-5;3;No;With Traffic;B: Evident Injury;Travel Lane;Hispanic;Male;None - Rural Crash;Rowan;No;01-01-03;2008-05-07;Backing Vehicle;16;Non-Intersection;01-05-01;0001-01-01T11:28:58-04:56;Backing Vehicle;311600;2008;B: Evident Injury;Residential;40-49;43;No;0-5 mph;O: No Injury;Hispanic;Male;Passenger Car;No;No;Daylight;Urban (>70% Developed);1 lane;2;Straight - Level;State Secondary Route;Dry;Two-Way, Not Divided;None;Driveway, Private;Coarse Asphalt;Piedmont;Rural;30 - 35  MPH;No Control Present;Clear;No;0.0, 0.0
313;314;Yes;50-59;51;No;With Traffic;C: Possible Injury;Travel Lane;White;Male;Sanford;Lee;No;01-01-06;2008-05-10;Motorist Failed to Yield - Sign-Controlled Intersection;20;Intersection;01-05-01;0001-01-01T15:50:58-04:56;Motorist Drive Out - Sign-Controlled Intersection;111141;2008;C: Possible Injury;Commercial;60-69;64;No;6-10 mph;O: No Injury;Black;Male;Passenger Car;No;No;Dark - Roadway Not Lighted;Urban (>70% Developed);2 lanes;2;Straight - Level;Local Street;Dry;Two-Way, Not Divided;None;Four-Way Intersection;Smooth Asphalt;Piedmont;Urban;30 - 35  MPH;Stop Sign;Clear;No;0.0, 0.0
323;324;Yes;40-49;44;Yes;Facing Traffic;C: Possible Injury;Bike Lane / Paved Shoulder;Hispanic;Male;Raleigh;Wake;Yes;01-01-06;2008-05-17;Motorist Failed to Yield - Midblock;15;Non-Intersection;01-05-01;0001-01-01T10:41:58-04:56;Motorist Drive Out - Commercial Driveway / Alley;322322;2008;C: Possible Injury;Commercial;40-49;45;No;0-5 mph;O: No Injury;White;Female;Passenger Car;No;No;Daylight;Urban (>70% Developed);4 lanes;2;Straight - Grade;Local Street;Dry;Two-Way, Divided, Unprotected Median;None;T-Intersection;Coarse Asphalt;Piedmont;Urban;40 - 45  MPH;No Control Present;Clear;No;0.0, 0.0
331;332;No;15-Nov;13;No;;O: No Injury;;Black;Male;Fuquay-Varina;Wake;No;01-01-06;2008-05-03;Bicyclist Failed to Yield - Midblock;11;Non-Intersection;01-05-01;0001-01-01T06:59:58-04:56;Bicyclist Ride Out - Midblock -;399319;2008;O: No Injury;Commercial;30-39;39;No;16-20 mph;O: No Injury;Hispanic;Male;Pickup;No;No;Daylight;Urban (>70% Developed);5 lanes;2;Straight - Grade;US Route;Dry;Two-Way, Not Divided;None;No Special Feature;Smooth Asphalt;Piedmont;Urban;30 - 35  MPH;No Control Present;Clear;No;0.0, 0.0
335;336;Yes;15-Nov;14;No;Facing Traffic;B: Evident Injury;Sidewalk / Crosswalk / Driveway Crossing;White;Male;Raleigh;Wake;No;01-01-05;2008-05-16;Motorist Failed to Yield - Signalized Intersection;16;Intersection;01-05-01;0001-01-01T11:26:58-04:56;Motorist Drive Out - Right Turn on Red;132151;2008;B: Evident Injury;Commercial;40-49;40;No;0-5 mph;O: No Injury;White;Female;Passenger Car;No;No;Daylight;Urban (>70% Developed);5 lanes;2;Straight - Level;Local Street;Wet;Two-Way, Not Divided;None;Driveway, Public;Coarse Asphalt;Piedmont;Urban;20 - 25  MPH;Stop And Go Signal;Cloudy;No;0.0, 0.0
336;337;Yes;10-Jun;7;No;Not Applicable;C: Possible Injury;Non-Roadway;White;Male;Asheboro;Randolph;No;01-01-06;2008-05-17;Bicyclist Failed to Yield - Midblock;11;Non-Intersection;01-05-01;0001-01-01T06:29:58-04:56;Bicyclist Ride Out - Other Midblock;363318;2008;C: Possible Injury;Residential;30-39;36;No;21-25 mph;O: No Injury;Black;Male;Sport Utility;No;No;Daylight;Urban (>70% Developed);2 lanes;2;Straight - Level;Local Street;Dry;Two-Way, Not Divided;None;Driveway, Public;Smooth Asphalt;Piedmont;Urban;30 - 35  MPH;Missing;Clear;No;0.0, 0.0
337;338;Yes;15-Nov;13;No;With Traffic;C: Possible Injury;Travel Lane;Hispanic;Male;Salisbury;Rowan;No;01-01-04;2008-06-19;Bicyclist Right Turn / Merge;14;Non-Intersection;01-06-01;0001-01-01T09:43:58-04:56;Bicyclist Right Turn - Same Direction;311223;2008;C: Possible Injury;Commercial;50-59;58;No;46-50 mph;O: No Injury;White;Female;Passenger Car;No;No;Daylight;Urban (>70% Developed);5 lanes;2;Straight - Hillcrest;Local Street;Dry;Two-Way, Not Divided;None;T-Intersection;Smooth Asphalt;Piedmont;Urban;50 - 55  MPH;Stop Sign;Clear;No;0.0, 0.0
341;342;Yes;60-69;63;No;Facing Traffic;C: Possible Injury;Travel Lane;Asian;Male;Fayetteville;Cumberland;No;;2008-05-19;Head-On;10;Non-Intersection;01-05-01;0001-01-01T05:58:58-04:56;Head-On - Bicyclist;312250;2008;C: Possible Injury;Commercial;30-39;30;No;6-10 mph;O: No Injury;White;Male;Passenger Car;No;No;Daylight;Urban (>70% Developed);6 lanes;2;Straight - Level;Local Street;Dry;Two-Way, Not Divided;None;No Special Feature;Coarse Asphalt;Coastal;Urban;40 - 45  MPH;No Control Present;Clear;No;0.0, 0.0
345;346;Yes;25-29;29;No;With Traffic;B: Evident Injury;Travel Lane;White;Female;None - Rural Crash;Buncombe;No;01-01-03;2008-05-21;Motorist Left Turn / Merge;8;Non-Intersection;01-05-01;0001-01-01T03:06:58-04:56;Motorist Left Turn - Opposite Direction;311212;2008;B: Evident Injury;Commercial;70+;;No;31-35 mph;O: No Injury;White;Female;Passenger Car;No;No;Daylight;Mixed (30% To 70% Developed);2 lanes;2;Straight - Level;State Secondary Route;Dry;Two-Way, Not Divided;None;Y-Intersection;Smooth Asphalt;Mountains;Rural;30 - 35  MPH;Double Yellow Line, No Passing Zone;Clear;No;0.0, 0.0
995;996;Yes;40-49;40;No;With Traffic;C: Possible Injury;Bike Lane / Paved Shoulder;Black;Male;Greensboro;Guilford;No;01-01-07;2007-11-25;Motorist Overtaking Bicyclist;0;Non-Intersection;01-11-01;0000-12-31T19:13:58-04:56;Motorist Overtaking - Bicyclist Swerved;321235;2007;C: Possible Injury;Commercial;;;Missing;;Injury;/Missing;;;No;Yes;Dark - Lighted Roadway;Urban (>70% Developed);7 lanes;2;Straight - Level;Local Street;Dry;Two-Way, Divided, Unprotected Median;None;No Special Feature;Smooth Asphalt;Piedmont;Urban;;No Control Present;Cloudy;No;36.06206, -79.8157
1000;1001;Yes;50-59;58;No;Not Applicable;K: Killed;Travel Lane;Black;Male;Jacksonville;Onslow;No;01-01-05;2008-11-28;Bicyclist Failed to Yield - Midblock;21;Non-Intersection;01-11-01;0001-01-01T16:59:58-04:56;Bicyclist Ride Out - Other Midblock;313318;2008;K: Killed;Commercial;0-19;19;No;41-45 mph;O: No Injury;White;Male;Passenger Car;No;No;Dark - Roadway Not Lighted;Urban (>70% Developed);7 lanes;3;Straight - Level;Local Street;Dry;Two-Way, Not Divided;None;No Special Feature;Coarse Asphalt;Coastal;Urban;40 - 45  MPH;Missing;Clear;No;0.0, 0.0
1001;1002;Yes;70+;;No;With Traffic;B: Evident Injury;Sidewalk / Crosswalk / Driveway Crossing;Black;Male;Edenton;Chowan;No;01-01-02;2008-12-30;Motorist Left Turn / Merge;11;Intersection;01-12-01;0001-01-01T06:43:58-04:56;Motorist Left Turn - Opposite Direction;131212;2008;B: Evident Injury;Institutional;25-29;28;No;;O: No Injury;Black;Male;Passenger Car;No;No;Daylight;Mixed (30% To 70% Developed);2 lanes;2;Straight - Level;Local Street;Dry;Two-Way, Not Divided;None;T-Intersection;Smooth Asphalt;Coastal;Urban;;Stop And Go Signal;Clear;No;0.0, 0.0
1006;1007;No;16-19;18;No;Not Applicable;C: Possible Injury;Non-Roadway;Black;Female;Wilmington;New Hanover;No;;2008-11-17;Non-Roadway;9;Non-Roadway;01-11-01;0001-01-01T05:02:58-04:56;Non-Roadway;460910;2008;C: Possible Injury;Institutional;20-24;24;No;0-5 mph;O: No Injury;/Missing;Male;Passenger Car;No;Yes;Daylight;Urban (>70% Developed);;2;Straight - Level;Public Vehicular Area;Dry;Two-Way, Not Divided;None;No Special Feature;Smooth Asphalt;Coastal;Urban;5 - 15 MPH;Missing;Clear;No;0.0, 0.0
1009;1010;No;10-Jun;8;No;Not Applicable;C: Possible Injury;Non-Roadway;Black;Female;Raleigh;Wake;No;01-01-03;2008-08-06;Bicyclist Failed to Yield - Midblock;19;Non-Intersection;01-08-01;0001-01-01T14:17:58-04:56;Bicyclist Ride Out - Other Midblock;363318;2008;C: Possible Injury;Residential;40-49;43;No;11-15 mph;O: No Injury;Black;Male;Light Truck (Mini-Van, Panel);No;No;Daylight;Urban (>70% Developed);2 lanes;2;Straight - Hillcrest;Local Street;Dry;Two-Way, Not Divided;None;No Special Feature;Smooth Asphalt;Piedmont;Urban;20 - 25  MPH;Missing;Clear;No;0.0, 0.0
1011;1012;No;40-49;47;No;With Traffic;K: Killed;Travel Lane;White;Male;Cornelius;Mecklenburg;No;01-01-02;2008-08-19;Parallel Paths - Other Circumstances;13;Non-Intersection;01-08-01;0001-01-01T08:11:58-04:56;Parallel Paths - Other /;311280;2008;K: Killed;Commercial;50-59;51;No;36-40 mph;O: No Injury;White;Male;Passenger Car;No;No;Daylight;Urban (>70% Developed);2 lanes;2;Straight - Level;Local Street;Dry;Two-Way, Not Divided;None;No Special Feature;Smooth Asphalt;Piedmont;Urban;40 - 45  MPH;No Control Present;Clear;No;0.0, 0.0
5;6;Yes;25-29;26;No;With Traffic;C: Possible Injury;Travel Lane;White;Female;Durham;Durham;No;01-01-04;2009-01-22;Motorist Overtaking Bicyclist;16;Non-Intersection;;0001-01-01T11:42:58-04:56;Motorist Overtaking - Undetected Bicyclist;311231;2009;C: Possible Injury;Residential;20-24;23;No;31-35 mph;O: No Injury;Black;Female;Passenger Car;No;No;Daylight;Urban (>70% Developed);2 lanes;2;Straight - Grade;Local Street;Dry;Two-Way, Not Divided;None;No Special Feature;Smooth Asphalt;Piedmont;Urban;30 - 35  MPH;No Control Present;Clear;No;35.98429, -78.93355
8;9;Yes;50-59;53;No;Facing Traffic;C: Possible Injury;Sidewalk / Crosswalk / Driveway Crossing;Black;Male;Fayetteville;Cumberland;No;01-01-03;2009-01-21;Bicyclist Failed to Yield - Signalized Intersection;13;Intersection;;0001-01-01T08:35:58-04:56;Bicyclist Ride Through - Signalized Intersection;132155;2009;C: Possible Injury;Commercial;70+;;No;31-35 mph;O: No Injury;Native American;Male;Pickup;No;No;Daylight;Urban (>70% Developed);3 lanes;2;Straight - Level;Local Street;Snow;Two-Way, Divided, Unprotected Median;None;Four-Way Intersection;Coarse Asphalt;Coastal;Urban;30 - 35  MPH;Stop And Go Signal;Clear;No;35.0507, -78.87907
11;12;Yes;40-49;47;Yes;With Traffic;B: Evident Injury;Travel Lane;White;Male;Burlington;Alamance;Yes;01-01-06;2009-01-03;Loss of Control / Turning Error;12;Non-Intersection;;0001-01-01T07:19:58-04:56;Bicyclist Lost Control - Other /;311129;2009;B: Evident Injury;Residential;20-24;23;No;21-25 mph;O: No Injury;Black;Female;Sport Utility;No;No;Daylight;Urban (>70% Developed);2 lanes;2;Straight - Grade;Local Street;Dry;Two-Way, Not Divided;None;No Special Feature;Smooth Asphalt;Piedmont;Urban;20 - 25  MPH;No Control Present;Clear;No;36.10063, -79.39131
13;14;Yes;20-24;23;No;With Traffic;C: Possible Injury;Travel Lane;White;Male;Garner;Wake;No;01-01-05;2009-01-09;Bicyclist Left Turn / Merge;8;Non-Intersection;;0001-01-01T04:02:58-04:56;Bicyclist Left Turn - Same Direction;311221;2009;C: Possible Injury;Residential;;;Missing;;Injury;/Missing;;Passenger Car;No;Yes;Daylight;Urban (>70% Developed);4 lanes;2;Straight - Level;Local Street;Dry;Two-Way, Divided, Unprotected Median;None;No Special Feature;Smooth Asphalt;Piedmont;Urban;;No Control Present;Clear;No;35.702126, -78.618126
15;16;Yes;40-49;48;No;With Traffic;C: Possible Injury;Travel Lane;Black;Male;Enfield;Halifax;No;01-01-02;2009-01-13;Motorist Overtaking Bicyclist;18;Intersection;;0001-01-01T13:18:58-04:56;Motorist Overtaking - Undetected Bicyclist;111231;2009;C: Possible Injury;Residential;25-29;27;No;21-25 mph;O: No Injury;Black;Female;Passenger Car;No;No;Dark - Roadway Not Lighted;Urban (>70% Developed);2 lanes;2;Straight - Level;Local Street;Wet;Two-Way, Not Divided;None;Four-Way Intersection;Smooth Asphalt;Coastal;Rural;20 - 25  MPH;No Control Present;Cloudy;No;36.177517, -77.672455
22;23;Yes;50-59;51;No;Facing Traffic;C: Possible Injury;Sidewalk / Crosswalk / Driveway Crossing;Black;Male;Durham;Durham;No;01-01-05;2009-02-13;Motorist Failed to Yield - Sign-Controlled Intersection;17;Intersection;01-02-01;0001-01-01T12:57:58-04:56;Motorist Drive Out - Sign-Controlled Intersection;132141;2009;C: Possible Injury;Residential;30-39;33;No;0-5 mph;O: No Injury;Black;Male;Van;No;No;Daylight;Urban (>70% Developed);8 lanes;2;Straight - Grade;Local Street;Dry;Two-Way, Not Divided;None;Four-Way Intersection;Smooth Asphalt;Piedmont;Urban;30 - 35  MPH;Stop Sign;Clear;No;35.981182, -78.8994
24;25;Yes;10-Jun;6;No;With Traffic;B: Evident Injury;Travel Lane;Hispanic;Male;Raleigh;Wake;No;01-01-06;2009-01-10;Crossing Paths - Other Circumstances;17;Intersection;;0001-01-01T12:51:58-04:56;Crossing Paths - Uncontrolled Intersection;111160;2009;B: Evident Injury;Residential;30-39;30;No;11-15 mph;O: No Injury;Hispanic;Male;Sport Utility;No;No;Daylight;Urban (>70% Developed);2 lanes;2;Straight - Level;Private Road, Driveway;Dry;Two-Way, Not Divided;None;No Special Feature;Smooth Asphalt;Piedmont;Urban;5 - 15 MPH;No Control Present;Clear;No;35.742992, -78.636246
26;27;No;15-Nov;11;No;With Traffic;A: Disabling Injury;Bike Lane / Paved Shoulder;Black;Male;Kannapolis;Rowan;No;01-01-06;2009-01-24;Motorist Overtaking Bicyclist;18;Non-Intersection;;0001-01-01T13:34:58-04:56;Motorist Overtaking - Bicyclist Swerved;321235;2009;A: Disabling Injury;Residential;60-69;60;No;31-35 mph;O: No Injury;White;Male;Passenger Car;No;No;Dark - Roadway Not Lighted;Urban (>70% Developed);2 lanes;2;Straight - Level;State Secondary Route;Dry;Two-Way, Not Divided;None;No Special Feature;Smooth Asphalt;Piedmont;Urban;40 - 45  MPH;No Control Present;Clear;No;35.52758, -80.6143
37;38;No;10-Jun;8;No;With Traffic;O: No Injury;Travel Lane;Black;Male;Fayetteville;Cumberland;No;01-01-04;2009-02-05;Motorist Overtaking Bicyclist;14;Non-Intersection;01-02-01;0001-01-01T09:59:58-04:56;Motorist Overtaking - Bicyclist Swerved;311235;2009;O: No Injury;Residential;60-69;68;No;16-20 mph;O: No Injury;Black;Female;Passenger Car;No;No;Daylight;Urban (>70% Developed);2 lanes;2;Straight - Level;Local Street;Dry;Two-Way, Not Divided;None;No Special Feature;Smooth Asphalt;Coastal;Urban;20 - 25  MPH;No Control Present;Clear;No;35.0869, -78.89866
41;42;Yes;25-29;28;No;With Traffic;C: Possible Injury;Travel Lane;Black;Male;None - Rural Crash;Nash;No;;2009-03-02;Motorist Overtaking Bicyclist;8;Non-Intersection;01-03-01;0001-01-01T03:50:58-04:56;Motorist Overtaking - Misjudged Space;311232;2009;C: Possible Injury;Farms, Woods, Pastures;30-39;34;No;31-35 mph;O: No Injury;White;Female;Sport Utility;No;No;Daylight;Mixed (30% To 70% Developed);4 lanes;2;Straight - Hillcrest;US Route;Snow;Two-Way, Divided, Unprotected Median;None;No Special Feature;Coarse Asphalt;Coastal;Rural;50 - 55  MPH;No Control Present;Snow, Sleet, Hail, Freezing Rain/Drizzle;No;35.881165, -77.82266
49;50;Yes;50-59;51;No;With Traffic;K: Killed;Travel Lane;White;Male;Midway;Davidson;No;01-01-06;2009-03-07;Bicyclist Overtaking Motorist;11;Non-Intersection;01-03-01;0001-01-01T06:47:58-04:56;Bicyclist Overtaking - Other /;311249;2009;K: Killed;Farms, Woods, Pastures;60-69;63;No;0-5 mph;O: No Injury;White;Male;Pickup;No;No;Daylight;Rural (<30% Developed);2 lanes;2;Curve - Level;State Secondary Route;Dry;One-Way, Not Divided;None;Driveway, Private;Smooth Asphalt;Piedmont;Rural;50 - 55  MPH;Double Yellow Line, No Passing Zone;Clear;No;35.986416, -80.22655
52;53;Yes;25-29;27;No;With Traffic;C: Possible Injury;Travel Lane;White;Male;Chapel Hill;Orange;No;01-01-06;2009-02-21;Bicyclist Overtaking Motorist;12;Intersection-Related;01-02-01;0001-01-01T07:10:58-04:56;Bicyclist Overtaking - Passing on Right;211241;2009;C: Possible Injury;Institutional;20-24;22;No;0-5 mph;O: No Injury;White;Female;Passenger Car;No;No;Daylight;Urban (>70% Developed);2 lanes;2;Curve - Grade;Local Street;Dry;Two-Way, Divided, Unprotected Median;None;No Special Feature;Smooth Asphalt;Piedmont;Urban;20 - 25  MPH;Double Yellow Line, No Passing Zone;Clear;No;35.914127, -79.04508
55;56;Yes;50-59;55;Yes;With Traffic;C: Possible Injury;Travel Lane;Hispanic;Male;None - Rural Crash;Currituck;Yes;01-01-07;2009-02-15;Motorist Overtaking Bicyclist;20;Non-Intersection;01-02-01;0001-01-01T15:29:58-04:56;Motorist Overtaking - Bicyclist Swerved;311235;2009;C: Possible Injury;Farms, Woods, Pastures;40-49;47;No;51-55 mph;O: No Injury;Black;Male;Passenger Car;No;No;Dark - Roadway Not Lighted;Rural (<30% Developed);2 lanes;2;Straight - Level;US Route;Dry;Two-Way, Not Divided;None;No Special Feature;Smooth Asphalt;Coastal;Rural;50 - 55  MPH;No Control Present;Clear;No;36.38721, -75.99718