FID;OBJECTID;AmbulanceR;BikeAge_Gr;Bike_Age;Bike_Alc_D;Bike_Dir;Bike_Injur;Bike_Pos;Bike_Race;Bike_Sex;City;County;CrashAlcoh;CrashDay;Crash_Date;Crash_Grp;Crash_Hour;Crash_Loc;Crash_Mont;Crash_Time;Crash_Type;Crash_Ty_1;Crash_Year;Crsh_Sevri;Developmen;DrvrAge_Gr;Drvr_Age;Drvr_Alc_D;Drvr_EstSp;Drvr_Injur;Drvr_Race;Drvr_Sex;Drvr_VehTy;ExcsSpdInd;Hit_Run;Light_Cond;Locality;Num_Lanes;Num_Units;Rd_Charact;Rd_Class;Rd_Conditi;Rd_Config;Rd_Defects;Rd_Feature;Rd_Surface;Region;Rural_Urba;Speed_Limi;Traff_Cntr;Weather;Workzone_I;Location
324;325;Yes;50-59;50;No;Facing Traffic;B: Evident Injury;Sidewalk / Crosswalk / Driveway Crossing;White;Female;Cary;Wake;No;01-01-07;2009-05-03;Motorist Failed to Yield - Sign-Controlled Intersection;12;Intersection;01-05-01;0001-01-01T07:26:58-04:56;Motorist Drive Out - Sign-Controlled Intersection;132141;2009;B: Evident Injury;Residential;30-39;33;No;0-5 mph;O: No Injury;Hispanic;Male;Sport Utility;No;No;Daylight;Urban (>70% Developed);4 lanes;2;Straight - Level;State Secondary Route;Dry;Two-Way, Divided, Unprotected Median;None;T-Intersection;Smooth Asphalt;Piedmont;Urban;5 - 15 MPH;Stop Sign;Clear;No;35.75602, -78.813835
326;327;No;16-19;16;No;Facing Traffic;O: No Injury;Travel Lane;White;Male;Raleigh;Wake;No;01-01-04;2009-06-25;Backing Vehicle;14;Non-Intersection;01-06-01;0001-01-01T09:30:58-04:56;Backing Vehicle;312600;2009;O: No Injury;Commercial;0-19;19;No;6-10 mph;O: No Injury;White;Female;Passenger Car;No;No;Daylight;Urban (>70% Developed);4 lanes;2;Straight - Level;Local Street;Dry;Two-Way, Not Divided;None;No Special Feature;Smooth Asphalt;Piedmont;Urban;30 - 35  MPH;No Control Present;Clear;No;35.78967, -78.676476
332;333;Yes;16-19;18;No;With Traffic;A: Disabling Injury;Travel Lane;White;Male;Patterson Springs;Cleveland;No;;2009-07-13;Motorist Overtaking Bicyclist;5;Non-Intersection;01-07-01;0001-01-01T00:27:58-04:56;Motorist Overtaking - Other /;311239;2009;A: Disabling Injury;Residential;50-59;56;No;31-35 mph;O: No Injury;Black;Male;Pickup;No;No;Dark - Roadway Not Lighted;Mixed (30% To 70% Developed);2 lanes;2;Straight - Level;NC Route;Wet;Two-Way, Not Divided;None;No Special Feature;Smooth Asphalt;Mountains;Rural;40 - 45  MPH;Double Yellow Line, No Passing Zone;Cloudy;No;35.229424, -81.514336
334;335;Yes;16-19;19;No;Not Applicable;B: Evident Injury;Non-Roadway;White;Female;Durham;Durham;No;;2009-06-15;Non-Roadway;13;Non-Roadway;01-06-01;0001-01-01T08:40:58-04:56;Non-Roadway;460910;2009;B: Evident Injury;Institutional;20-24;21;No;0-5 mph;O: No Injury;/Missing;Female;Passenger Car;No;No;Daylight;Urban (>70% Developed);;2;Straight - Level;Public Vehicular Area;Dry;Two-Way, Not Divided;None;No Special Feature;Smooth Asphalt;Piedmont;Urban;20 - 25  MPH;No Control Present;Clear;No;36.005737, -78.91577
344;345;Yes;16-19;16;No;With Traffic;A: Disabling Injury;Bike Lane / Paved Shoulder;Black;Male;None - Rural Crash;Sampson;No;01-01-04;2009-06-11;Bicyclist Left Turn / Merge;4;Non-Intersection;01-06-01;0000-12-31T23:23:58-04:56;Bicyclist Left Turn - Same Direction;321221;2009;A: Disabling Injury;Farms, Woods, Pastures;20-24;24;No;51-55 mph;C: Possible Injury;Black;Female;Passenger Car;No;No;Dark - Roadway Not Lighted;Rural (<30% Developed);2 lanes;2;Straight - Hillcrest;NC Route;Dry;Two-Way, Not Divided;None;No Special Feature;Coarse Asphalt;Coastal;Rural;50 - 55  MPH;Double Yellow Line, No Passing Zone;Clear;No;34.974606, -78.425835
346;347;Yes;10-Jun;10;No;With Traffic;O: No Injury;Travel Lane;Other;Male;None - Rural Crash;Perquimans;No;01-01-04;2009-07-16;Motorist Overtaking Bicyclist;16;Non-Intersection;01-07-01;0001-01-01T11:43:58-04:56;Motorist Overtaking - Bicyclist Swerved;311235;2009;O: No Injury;Farms, Woods, Pastures;0-19;17;No;51-55 mph;O: No Injury;White;Male;Sport Utility;No;No;Daylight;Rural (<30% Developed);2 lanes;2;Straight - Level;State Secondary Route;Dry;Two-Way, Not Divided;None;No Special Feature;Smooth Asphalt;Coastal;Rural;50 - 55  MPH;Double Yellow Line, No Passing Zone;Clear;No;36.15978, -76.44703
348;349;Yes;25-29;26;No;With Traffic;B: Evident Injury;Travel Lane;White;Male;Cary;Wake;No;01-01-06;2009-07-18;Motorist Right Turn / Merge;16;Non-Intersection;01-07-01;0001-01-01T11:56:58-04:56;Motorist Right Turn - Same Direction;311213;2009;B: Evident Injury;Residential;30-39;39;No;0-5 mph;O: No Injury;White;Male;Sport Utility;No;No;Daylight;Urban (>70% Developed);2 lanes;2;Straight - Level;Local Street;Dry;One-Way, Not Divided;None;No Special Feature;Coarse Asphalt;Piedmont;Urban;30 - 35  MPH;No Control Present;Clear;No;35.760292, -78.76446
352;353;No;15-Nov;13;No;With Traffic;C: Possible Injury;Sidewalk / Crosswalk / Driveway Crossing;Black;Male;Rocky Mount;Nash;No;01-01-07;2009-06-07;Motorist Overtaking Bicyclist;16;Intersection;01-06-01;0001-01-01T11:55:58-04:56;Motorist Overtaking - Other /;131239;2009;C: Possible Injury;Residential;25-29;27;No;16-20 mph;O: No Injury;White;Female;Sport Utility;No;No;Daylight;Urban (>70% Developed);4 lanes;2;Straight - Level;Local Street;Dry;Two-Way, Not Divided;None;Four-Way Intersection;Smooth Asphalt;Coastal;Urban;30 - 35  MPH;Stop Sign;Clear;No;35.92668, -77.804886
362;363;Yes;20-24;21;No;With Traffic;B: Evident Injury;Travel Lane;White;Female;Asheville;Buncombe;No;01-01-02;2009-06-23;Motorist Overtaking Bicyclist;16;Non-Intersection;01-06-01;0001-01-01T11:41:58-04:56;Motorist Overtaking - Undetected Bicyclist;311231;2009;B: Evident Injury;Commercial;70+;;No;26-30 mph;O: No Injury;Black;Male;Van;No;No;Daylight;Urban (>70% Developed);2 lanes;2;Straight - Level;Local Street;Dry;Two-Way, Not Divided;None;No Special Feature;Coarse Asphalt;Mountains;Urban;30 - 35  MPH;Double Yellow Line, No Passing Zone;Clear;No;35.57213, -82.53158
370;371;Yes;40-49;46;Yes;With Traffic;B: Evident Injury;Travel Lane;White;Male;None - Rural Crash;Hyde;Yes;01-01-05;2009-07-03;Motorist Overtaking Bicyclist;22;Non-Intersection;01-07-01;0001-01-01T17:07:58-04:56;Motorist Overtaking - Bicyclist Swerved;311235;2009;B: Evident Injury;Residential;20-24;20;No;6-10 mph;O: No Injury;White;Female;Passenger Car;No;No;Dark - Roadway Not Lighted;Urban (>70% Developed);2 lanes;2;Straight - Grade;NC Route;Dry;Two-Way, Not Divided;None;No Special Feature;Smooth Asphalt;Coastal;Rural;20 - 25  MPH;Double Yellow Line, No Passing Zone;Clear;No;35.11549, -75.98196
372;373;Yes;15-Nov;13;No;With Traffic;C: Possible Injury;Travel Lane;Black;Male;Gastonia;Gaston;No;01-01-06;2009-07-18;Bicyclist Failed to Yield - Sign-Controlled Intersection;14;Intersection;01-07-01;0001-01-01T09:51:58-04:56;Bicyclist Ride Through - Sign-Controlled Intersection;111144;2009;C: Possible Injury;Residential;50-59;51;No;21-25 mph;O: No Injury;White;Female;Passenger Car;No;No;Daylight;Urban (>70% Developed);2 lanes;3;Straight - Grade;Local Street;Dry;Two-Way, Not Divided;None;T-Intersection;Smooth Asphalt;Piedmont;Urban;30 - 35  MPH;Stop Sign;Clear;No;35.241116, -81.184944
374;375;Yes;16-19;18;No;With Traffic;C: Possible Injury;Travel Lane;White;Male;Rocky Mount;Nash;No;01-01-03;2009-07-01;Loss of Control / Turning Error;14;Intersection;01-07-01;0001-01-01T09:30:58-04:56;Bicyclist Turning Error - Other;111116;2009;C: Possible Injury;Residential;40-49;40;No;31-35 mph;O: No Injury;Black;Female;Sport Utility;No;No;Daylight;Urban (>70% Developed);2 lanes;2;Straight - Level;Local Street;Dry;Two-Way, Not Divided;None;No Special Feature;Coarse Asphalt;Coastal;Urban;30 - 35  MPH;Stop Sign;Clear;No;35.95504, -77.836784
379;380;Yes;10-Jun;7;No;With Traffic;B: Evident Injury;Bike Lane / Paved Shoulder;White;Male;Jacksonville;Onslow;No;;2009-07-13;Crossing Paths - Other Circumstances;17;Non-Intersection;01-07-01;0001-01-01T12:10:58-04:56;Crossing Paths - Midblock - Other /;321380;2009;B: Evident Injury;Residential;30-39;33;No;0-5 mph;O: No Injury;White;Female;Sport Utility;No;No;Daylight;Urban (>70% Developed);;2;Straight - Level;Private Road, Driveway;Wet;;None;Driveway, Private;Smooth Asphalt;Coastal;Urban;5 - 15 MPH;No Control Present;Rain;No;34.78792, -77.39231
384;385;Yes;25-29;28;No;Facing Traffic;C: Possible Injury;Travel Lane;White;Male;None - Rural Crash;Cumberland;No;01-01-07;2009-08-02;Motorist Overtaking Bicyclist;3;Non-Intersection;01-08-01;0000-12-31T22:33:58-04:56;Motorist Overtaking - Bicyclist Swerved;312235;2009;C: Possible Injury;Farms, Woods, Pastures;30-39;30;No;41-45 mph;O: No Injury;White;Male;Sport Utility;No;No;Dark - Roadway Not Lighted;Mixed (30% To 70% Developed);2 lanes;2;Curve - Level;State Secondary Route;Dry;Two-Way, Not Divided;None;No Special Feature;Coarse Asphalt;Coastal;Rural;40 - 45  MPH;Double Yellow Line, No Passing Zone;Cloudy;No;34.98189, -78.97354
390;391;No;40-49;44;No;With Traffic;C: Possible Injury;Travel Lane;White;Male;Cary;Wake;No;;2009-08-03;Motorist Right Turn / Merge;14;Intersection;01-08-01;0001-01-01T09:15:58-04:56;Motorist Right Turn - Same Direction;111213;2009;C: Possible Injury;Farms, Woods, Pastures;30-39;32;No;31-35 mph;O: No Injury;White;Female;Light Truck (Mini-Van, Panel);No;No;Daylight;Rural (<30% Developed);2 lanes;2;Straight - Level;State Secondary Route;Dry;Two-Way, Not Divided;None;Four-Way Intersection;Smooth Asphalt;Piedmont;Urban;30 - 35  MPH;Stop And Go Signal;Clear;No;35.82451, -78.86404
392;393;No;40-49;43;No;Facing Traffic;C: Possible Injury;Sidewalk / Crosswalk / Driveway Crossing;Asian;Female;Winston-Salem;Forsyth;No;;2009-07-27;Crossing Paths - Other Circumstances;10;Intersection;01-07-01;0001-01-01T05:20:58-04:56;Crossing Paths - Intersection - Other /;132180;2009;C: Possible Injury;Residential;30-39;37;No;0-5 mph;O: No Injury;White;Female;Passenger Car;No;No;Daylight;Urban (>70% Developed);2 lanes;2;Straight - Level;Local Street;Dry;Two-Way, Not Divided;None;No Special Feature;Smooth Asphalt;Piedmont;Urban;30 - 35  MPH;No Control Present;Clear;No;36.138447, -80.29473
398;399;No;20-24;23;No;With Traffic;Injury;Travel Lane;White;Male;Duck;Dare;No;01-01-07;2009-07-19;Crossing Paths - Other Circumstances;15;Intersection;01-07-01;0001-01-01T10:50:58-04:56;Crossing Paths - Intersection - Other /;111180;2009;O: No Injury;Commercial;40-49;48;No;0-5 mph;O: No Injury;White;Male;Van;No;No;Daylight;Mixed (30% To 70% Developed);2 lanes;2;Straight - Level;;Dry;Two-Way, Not Divided;None;Shared-Use Paths Or Trails;Coarse Asphalt;Coastal;Rural;20 - 25  MPH;No Control Present;Clear;No;36.168686, -75.75534
399;400;Yes;10-Jun;7;No;Not Applicable;O: No Injury;Driveway / Alley;Black;Male;Raleigh;Wake;No;01-01-05;2009-06-19;Bicyclist Failed to Yield - Midblock;20;Non-Intersection;01-06-01;0001-01-01T15:48:58-04:56;Bicyclist Ride Out - Residential Driveway;353311;2009;O: No Injury;Residential;30-39;38;No;31-35 mph;O: No Injury;Black;Male;Sport Utility;No;No;Dark - Lighted Roadway;Urban (>70% Developed);2 lanes;2;Straight - Level;Local Street;Dry;Two-Way, Not Divided;None;No Special Feature;Smooth Asphalt;Piedmont;Urban;30 - 35  MPH;No Control Present;Clear;No;35.766815, -78.601974
413;414;No;25-29;26;No;Facing Traffic;C: Possible Injury;Travel Lane;White;Male;Wilmington;New Hanover;No;01-01-06;2009-06-27;Motorist Failed to Yield - Midblock;14;Non-Intersection;01-06-01;0001-01-01T10:01:58-04:56;Motorist Drive Out - Commercial Driveway / Alley;312322;2009;C: Possible Injury;Commercial;40-49;47;No;0-5 mph;O: No Injury;White;Female;Light Truck (Mini-Van, Panel);No;No;Daylight;Urban (>70% Developed);4 lanes;2;Straight - Grade;NC Route;Dry;Two-Way, Not Divided;None;No Special Feature;Smooth Asphalt;Coastal;Urban;40 - 45  MPH;No Control Present;Cloudy;No;34.192688, -77.93514
419;420;Yes;25-29;29;No;Facing Traffic;C: Possible Injury;Sidewalk / Crosswalk / Driveway Crossing;White;Male;Wilmington;New Hanover;No;01-01-05;2009-07-24;Motorist Failed to Yield - Sign-Controlled Intersection;16;Intersection;01-07-01;0001-01-01T11:39:58-04:56;Motorist Drive Through - Sign-Controlled Intersection;132143;2009;C: Possible Injury;Commercial;50-59;52;No;0-5 mph;O: No Injury;Black;Male;Passenger Car;No;No;Daylight;Urban (>70% Developed);5 lanes;2;Straight - Level;US Route;Dry;Two-Way, Not Divided;None;T-Intersection;Coarse Asphalt;Coastal;Urban;30 - 35  MPH;Stop Sign;Clear;No;34.20403, -77.94136
421;422;Yes;20-24;20;No;With Traffic;O: No Injury;Travel Lane;White;Male;Durham;Durham;No;;2009-08-03;Bicyclist Failed to Yield - Signalized Intersection;21;Intersection;01-08-01;0001-01-01T16:53:58-04:56;Bicyclist Failed to Clear -;111159;2009;O: No Injury;Industrial;30-39;32;No;0-5 mph;O: No Injury;Black;Male;Passenger Car;No;No;Dark - Lighted Roadway;Urban (>70% Developed);4 lanes;2;Straight - Level;Local Street;Dry;Two-Way, Not Divided;None;T-Intersection;Smooth Asphalt;Piedmont;Urban;30 - 35  MPH;Stop And Go Signal;Clear;No;36.02246, -78.95358
432;433;Yes;15-Nov;14;No;With Traffic;A: Disabling Injury;Travel Lane;White;Female;None - Rural Crash;Currituck;No;01-01-04;2009-07-23;Crossing Paths - Other Circumstances;15;Intersection;01-07-01;0001-01-01T10:29:58-04:56;Sign-Controlled Intersection - Other /;111148;2009;A: Disabling Injury;Farms, Woods, Pastures;30-39;39;No;41-45 mph;O: No Injury;White;Female;Sport Utility;No;No;Daylight;Mixed (30% To 70% Developed);3 lanes;2;Straight - Level;State Secondary Route;Dry;Two-Way, Not Divided;None;T-Intersection;Smooth Asphalt;Coastal;Rural;50 - 55  MPH;Stop Sign;Clear;No;36.46901, -76.03442
434;435;Yes;40-49;43;No;Not Applicable;B: Evident Injury;Non-Roadway;White;Male;Goldsboro;Wayne;No;01-01-06;2009-08-08;Non-Roadway;10;Non-Roadway;01-08-01;0001-01-01T05:33:58-04:56;Non-Roadway;460910;2009;B: Evident Injury;Commercial;40-49;48;No;0-5 mph;O: No Injury;White;Male;Passenger Car;No;No;Daylight;Urban (>70% Developed);;2;Straight - Level;Public Vehicular Area;Dry;Two-Way, Not Divided;None;Driveway, Public;Coarse Asphalt;Coastal;Urban;;No Control Present;Clear;No;35.386784, -77.94591
439;440;No;30-39;32;No;With Traffic;C: Possible Injury;Travel Lane;White;Male;Lewisville;Forsyth;No;01-01-05;2009-08-21;Parallel Paths - Other Circumstances;19;Intersection;01-08-01;0001-01-01T14:32:58-04:56;Parallel Paths - Other /;111280;2009;C: Possible Injury;Farms, Woods, Pastures;25-29;25;No;31-35 mph;O: No Injury;Black;Male;Passenger Car;No;No;Dusk;Rural (<30% Developed);1 lane;2;Curve - Level;State Secondary Route;Dry;One-Way, Not Divided;None;Traffic Circle/Roundabout;Smooth Asphalt;Piedmont;Urban;30 - 35  MPH;Yield Sign;Clear;No;36.08964, -80.43091
441;442;Yes;15-Nov;15;No;With Traffic;B: Evident Injury;Travel Lane;Black;Male;None - Rural Crash;Pender;No;01-01-06;2009-08-01;Motorist Overtaking Bicyclist;11;Non-Intersection;01-08-01;0001-01-01T06:53:58-04:56;Motorist Overtaking - Misjudged Space;311232;2009;B: Evident Injury;Farms, Woods, Pastures;30-39;37;No;41-45 mph;O: No Injury;White;Female;Passenger Car;No;No;Daylight;Rural (<30% Developed);2 lanes;2;Straight - Level;NC Route;Dry;Two-Way, Not Divided;None;No Special Feature;Smooth Asphalt;Coastal;Rural;50 - 55  MPH;Double Yellow Line, No Passing Zone;Clear;No;34.44483, -78.03757
445;446;Yes;20-24;20;No;With Traffic;B: Evident Injury;Travel Lane;White;Male;Asheboro;Randolph;No;01-01-04;2009-07-30;Motorist Overtaking Bicyclist;21;Non-Intersection;01-07-01;0001-01-01T16:24:58-04:56;Motorist Overtaking - Other /;311239;2009;B: Evident Injury;Commercial;0-19;19;No;6-10 mph;O: No Injury;White;Male;;No;Yes;Dark - Lighted Roadway;Urban (>70% Developed);3 lanes;2;Straight - Level;NC Route;Dry;Two-Way, Not Divided;None;No Special Feature;Smooth Asphalt;Piedmont;Urban;30 - 35  MPH;No Control Present;Cloudy;No;35.70865, -79.82003
466;467;Yes;40-49;48;No;With Traffic;B: Evident Injury;Travel Lane;Black;Male;Pineville;Mecklenburg;No;01-01-06;2009-08-01;Motorist Left Turn / Merge;8;Non-Intersection;01-08-01;0001-01-01T03:58:58-04:56;Motorist Left Turn - Same Direction;311211;2009;B: Evident Injury;Commercial;40-49;43;No;31-35 mph;O: No Injury;White;Male;Sport Utility;No;No;Daylight;Urban (>70% Developed);2 lanes;2;Straight - Level;US Route;Dry;Two-Way, Not Divided;None;No Special Feature;Smooth Asphalt;Piedmont;Rural;40 - 45  MPH;No Control Present;Cloudy;No;35.071495, -80.87872
467;468;No;16-19;16;No;Facing Traffic;O: No Injury;Travel Lane;Black;Male;None - Rural Crash;Cumberland;No;01-01-07;2009-08-16;Bicyclist Right Turn / Merge;17;Intersection;01-08-01;0001-01-01T12:25:58-04:56;Bicyclist Right Turn - Same Direction;112223;2009;O: No Injury;Farms, Woods, Pastures;50-59;51;No;46-50 mph;O: No Injury;White;Male;Pickup;No;No;Daylight;Rural (<30% Developed);3 lanes;2;Straight - Level;State Secondary Route;Dry;Two-Way, Not Divided;None;T-Intersection;Smooth Asphalt;Coastal;Rural;40 - 45  MPH;No Control Present;Clear;No;35.157238, -78.88112
469;470;No;25-29;25;No;Not Applicable;B: Evident Injury;;Black;Male;Durham;Durham;No;01-01-02;2009-09-01;Bicyclist Failed to Yield - Midblock;18;Non-Intersection;01-09-01;0001-01-01T13:40:58-04:56;Multiple Threat - Midblock;393357;2009;B: Evident Injury;Commercial;25-29;29;No;11-15 mph;O: No Injury;Black;Female;Passenger Car;No;No;Daylight;Urban (>70% Developed);3 lanes;2;Straight - Level;Local Street;Dry;Two-Way, Not Divided;None;No Special Feature;Smooth Asphalt;Piedmont;Urban;30 - 35  MPH;Stop And Go Signal;Clear;No;35.963963, -78.90704
486;487;No;16-19;17;No;With Traffic;B: Evident Injury;Travel Lane;White;Male;Huntersville;Mecklenburg;No;01-01-02;2009-08-25;Crossing Paths - Other Circumstances;17;Intersection;01-08-01;0001-01-01T13:02:58-04:56;Crossing Paths - Intersection - Other /;111180;2009;B: Evident Injury;Residential;;;Missing;6-10 mph;Injury;/Missing;;;No;Yes;Daylight;Urban (>70% Developed);2 lanes;2;Straight - Level;Local Street;Dry;Two-Way, Not Divided;None;No Special Feature;Smooth Asphalt;Piedmont;Urban;20 - 25  MPH;Double Yellow Line, No Passing Zone;Clear;No;35.410957, -80.84065
493;494;Yes;10-Jun;9;No;With Traffic;C: Possible Injury;Sidewalk / Crosswalk / Driveway Crossing;White;Male;Chapel Hill;Orange;No;01-01-03;2009-09-02;Motorist Right Turn / Merge;7;Intersection;01-09-01;0001-01-01T02:38:58-04:56;Motorist Right Turn - Same Direction;131213;2009;C: Possible Injury;Residential;40-49;43;No;0-5 mph;O: No Injury;Asian;Female;Light Truck (Mini-Van, Panel);No;No;Daylight;Urban (>70% Developed);2 lanes;2;Straight - Level;Local Street;Dry;Two-Way, Not Divided;None;Y-Intersection;Smooth Asphalt;Piedmont;Urban;20 - 25  MPH;Stop Sign;Clear;No;35.883, -79.069824
511;512;Yes;15-Nov;15;No;With Traffic;B: Evident Injury;Travel Lane;Black;Male;Charlotte;Mecklenburg;No;01-01-07;2009-08-30;Bicyclist Failed to Yield - Sign-Controlled Intersection;11;Intersection;01-08-01;0001-01-01T06:39:58-04:56;Bicyclist Ride Through - Sign-Controlled Intersection;111144;2009;B: Evident Injury;Residential;60-69;62;No;11-15 mph;O: No Injury;Black;Male;Passenger Car;No;No;Daylight;Urban (>70% Developed);4 lanes;2;Straight - Level;Local Street;Dry;Two-Way, Not Divided;None;T-Intersection;Smooth Asphalt;Piedmont;Urban;20 - 25  MPH;Stop Sign;Clear;No;35.206905, -80.899
516;517;No;30-39;35;No;With Traffic;B: Evident Injury;Travel Lane;White;Female;None - Rural Crash;Durham;No;01-01-07;2009-08-30;Bicyclist Failed to Yield - Sign-Controlled Intersection;18;Intersection;01-08-01;0001-01-01T13:35:58-04:56;Bicyclist Ride Through - Sign-Controlled Intersection;111144;2009;B: Evident Injury;Farms, Woods, Pastures;50-59;54;No;6-10 mph;O: No Injury;White;Male;Sport Utility;No;No;Daylight;Rural (<30% Developed);2 lanes;2;Straight - Level;State Secondary Route;Dry;Two-Way, Not Divided;None;Four-Way Intersection;Smooth Asphalt;Piedmont;Rural;40 - 45  MPH;Stop Sign;Clear;No;35.95418, -78.73124
522;523;Yes;15-Nov;12;No;With Traffic;C: Possible Injury;Travel Lane;White;Female;None - Rural Crash;Cleveland;No;;2009-09-21;Bicyclist Failed to Yield - Sign-Controlled Intersection;19;Intersection;01-09-01;0001-01-01T14:51:58-04:56;Bicyclist Ride Through - Sign-Controlled Intersection;111144;2009;C: Possible Injury;Residential;20-24;22;No;21-25 mph;O: No Injury;Black;Male;Passenger Car;No;No;Dark - Roadway Not Lighted;Mixed (30% To 70% Developed);2 lanes;2;Straight - Level;State Secondary Route;Dry;Two-Way, Not Divided;None;Four-Way Intersection;Coarse Asphalt;Mountains;Rural;20 - 25  MPH;Stop Sign;Cloudy;No;35.326443, -81.502174
527;528;Yes;50-59;52;No;With Traffic;B: Evident Injury;Travel Lane;White;Male;Nags Head;Dare;No;01-01-02;2009-03-03;Loss of Control / Turning Error;8;Intersection;01-03-01;0001-01-01T03:25:58-04:56;Motorist Turning Error - Left Turn;111111;2009;B: Evident Injury;Commercial;25-29;29;No;6-10 mph;O: No Injury;White;Female;Van;No;No;Daylight;Urban (>70% Developed);3 lanes;2;Straight - Level;Local Street;Dry;Two-Way, Not Divided;None;Four-Way Intersection;Coarse Asphalt;Coastal;Rural;20 - 25  MPH;Stop And Go Signal;Clear;No;35.97756, -75.64069
528;529;Yes;30-39;30;No;With Traffic;B: Evident Injury;Travel Lane;White;Male;Marvin;Union;No;01-01-06;2009-09-19;Motorist Failed to Yield - Sign-Controlled Intersection;15;Intersection;01-09-01;0001-01-01T10:23:58-04:56;Motorist Drive Out - Sign-Controlled Intersection;111141;2009;B: Evident Injury;Residential;30-39;35;No;0-5 mph;O: No Injury;White;Female;Van;No;No;Daylight;Urban (>70% Developed);2 lanes;2;Straight - Level;State Secondary Route;Dry;Two-Way, Not Divided;None;Four-Way Intersection;Smooth Asphalt;Piedmont;Rural;30 - 35  MPH;Stop Sign;Clear;No;35.009598, -80.81499
532;533;Yes;20-24;22;No;;B: Evident Injury;Other;White;Male;Nags Head;Dare;No;01-01-03;2009-06-10;Motorist Overtaking Bicyclist;0;Non-Intersection;01-06-01;0000-12-31T19:03:58-04:56;Motorist Overtaking - Bicyclist Swerved;389235;2009;B: Evident Injury;Residential;70+;;No;46-50 mph;O: No Injury;White;Female;Sport Utility;No;No;Dark - Roadway Not Lighted;Mixed (30% To 70% Developed);5 lanes;2;Straight - Level;US Route;Wet;Two-Way, Divided, Unprotected Median;None;No Special Feature;Smooth Asphalt;Coastal;Rural;50 - 55  MPH;No Control Present;Cloudy;No;35.92227, -75.60642
537;538;Yes;50-59;54;No;With Traffic;B: Evident Injury;Travel Lane;White;Male;Chapel Hill;Orange;No;01-01-04;2009-09-10;Motorist Overtaking Bicyclist;7;Non-Intersection;01-09-01;0001-01-01T02:49:58-04:56;Motorist Overtaking - Misjudged Space;311232;2009;B: Evident Injury;Institutional;60-69;67;No;0-5 mph;O: No Injury;Black;Male;Commercial Bus;No;No;Daylight;Urban (>70% Developed);4 lanes;2;Straight - Grade;Local Street;Dry;Two-Way, Not Divided;None;No Special Feature;Coarse Asphalt;Piedmont;Urban;20 - 25  MPH;Stop And Go Signal;Cloudy;No;35.912994, -79.04783
480;481;Yes;15-Nov;12;No;With Traffic;B: Evident Injury;Travel Lane;Black;Male;Charlotte;Mecklenburg;No;01-01-02;2011-07-19;Bicyclist Left Turn / Merge;13;Non-Intersection;01-07-01;0001-01-01T08:07:58-04:56;Bicyclist Left Turn - Opposite Direction;311222;2011;B: Evident Injury;Commercial;70+;;No;11-15 mph;O: No Injury;White;Male;Passenger Car;No;No;Daylight;Urban (>70% Developed);2 lanes;2;Curve - Bottom;Local Street;Dry;Two-Way, Divided, Unprotected Median;None;No Special Feature;Smooth Asphalt;Piedmont;Urban;30 - 35  MPH;No Control Present;Clear;No;35.20113, -80.7314
487;488;Yes;40-49;46;No;With Traffic;C: Possible Injury;Travel Lane;Black;Female;Charlotte;Mecklenburg;No;01-01-06;2011-07-23;Motorist Overtaking Bicyclist;3;Intersection;01-07-01;0000-12-31T22:55:58-04:56;Motorist Overtaking - Misjudged Space;111232;2011;C: Possible Injury;Residential;;;Missing;41-45 mph;Injury;/Missing;;;No;Yes;Dark - Lighted Roadway;Mixed (30% To 70% Developed);2 lanes;2;Straight - Level;Local Street;Dry;Two-Way, Not Divided;None;T-Intersection;Smooth Asphalt;Piedmont;Urban;40 - 45  MPH;No Control Present;Clear;No;35.29455, -80.839
490;491;Yes;60-69;61;No;Not Applicable;C: Possible Injury;Non-Roadway;Black;Male;High Point;Guilford;No;01-01-06;2011-07-23;Bicyclist Failed to Yield - Midblock;16;Non-Intersection;01-07-01;0001-01-01T11:36:58-04:56;Bicyclist Ride Out - Commercial Driveway / Alley;363312;2011;C: Possible Injury;Commercial;30-39;37;No;6-10 mph;O: No Injury;White;Female;Sport Utility;No;No;Daylight;Urban (>70% Developed);4 lanes;2;Straight - Level;Local Street;Dry;Two-Way, Not Divided;None;No Special Feature;Coarse Asphalt;Piedmont;Urban;30 - 35  MPH;No Control Present;Cloudy;No;35.98016, -79.98
491;492;Yes;50-59;55;Yes;With Traffic;C: Possible Injury;Sidewalk / Crosswalk / Driveway Crossing;Black;Male;Edenton;Chowan;Yes;01-01-06;2011-07-23;Bicyclist Failed to Yield - Sign-Controlled Intersection;2;Intersection;01-07-01;0000-12-31T21:54:58-04:56;Bicyclist Ride Through - Sign-Controlled Intersection;131144;2011;C: Possible Injury;Residential;50-59;54;No;31-35 mph;O: No Injury;White;Female;Sport Utility;No;No;Daylight;Urban (>70% Developed);2 lanes;2;Straight - Level;Local Street;Dry;Two-Way, Divided, Unprotected Median;None;Four-Way Intersection;Coarse Asphalt;Coastal;Urban;30 - 35  MPH;Flashing Signal With Stop Sign;Clear;No;36.06349, -76.6104