FID;OBJECTID;AmbulanceR;BikeAge_Gr;Bike_Age;Bike_Alc_D;Bike_Dir;Bike_Injur;Bike_Pos;Bike_Race;Bike_Sex;City;County;CrashAlcoh;CrashDay;Crash_Date;Crash_Grp;Crash_Hour;Crash_Loc;Crash_Mont;Crash_Time;Crash_Type;Crash_Ty_1;Crash_Year;Crsh_Sevri;Developmen;DrvrAge_Gr;Drvr_Age;Drvr_Alc_D;Drvr_EstSp;Drvr_Injur;Drvr_Race;Drvr_Sex;Drvr_VehTy;ExcsSpdInd;Hit_Run;Light_Cond;Locality;Num_Lanes;Num_Units;Rd_Charact;Rd_Class;Rd_Conditi;Rd_Config;Rd_Defects;Rd_Feature;Rd_Surface;Region;Rural_Urba;Speed_Limi;Traff_Cntr;Weather;Workzone_I;Location
191;192;No;15-Nov;14;No;With Traffic;C: Possible Injury;Travel Lane;Black;Male;None - Rural Crash;Guilford;No;01-01-03;2010-04-28;Bicyclist Left Turn / Merge;20;Non-Intersection;01-04-01;0001-01-01T15:03:58-04:56;Bicyclist Left Turn - Same Direction;0;2010;C: Possible Injury;Farms, Woods, Pastures;;;No;0-5 mph;Injury;/Missing;;Passenger Car;No;Yes;Dusk;Rural (<30% Developed);2 lanes;2;Straight - Level;State Secondary Route;Dry;Two-Way, Not Divided;None;No Special Feature;Smooth Asphalt;Piedmont;Rural;50 - 55  MPH;Double Yellow Line, No Passing Zone;Clear;No;36.10839, -79.632545
211;212;No;;;Missing;Facing Traffic;Injury;Travel Lane;/Missing;;Raleigh;Wake;No;01-01-05;2010-04-16;Crossing Paths - Other Circumstances;19;Intersection;01-04-01;0001-01-01T14:45:58-04:56;Crossing Paths - Intersection - Other /;0;2010;O: No Injury;Residential;40-49;43;No;41-45 mph;O: No Injury;White;Female;Van;No;No;Dusk;Urban (>70% Developed);4 lanes;2;Straight - Hillcrest;Local Street;Dry;Two-Way, Divided, Unprotected Median;None;No Special Feature;Smooth Asphalt;Piedmont;Urban;40 - 45  MPH;No Control Present;Clear;No;35.944714, -78.55581
215;216;No;20-24;22;No;With Traffic;B: Evident Injury;Travel Lane;White;Male;Raleigh;Wake;No;01-01-02;2010-04-06;Motorist Failed to Yield - Sign-Controlled Intersection;9;Intersection;01-04-01;0001-01-01T04:32:58-04:56;Motorist Drive Through - Sign-Controlled Intersection;0;2010;B: Evident Injury;Commercial;;;Missing;16-20 mph;Injury;/Missing;;;No;Yes;Daylight;Urban (>70% Developed);4 lanes;2;Straight - Hillcrest;Local Street;Dry;Two-Way, Divided, Unprotected Median;None;T-Intersection;Coarse Asphalt;Piedmont;Urban;30 - 35  MPH;Stop Sign;Clear;No;35.79091, -78.68005
216;217;Yes;16-19;16;No;With Traffic;B: Evident Injury;Sidewalk / Crosswalk / Driveway Crossing;White;Male;Raleigh;Wake;No;01-01-03;2010-04-14;Parallel Paths - Other Circumstances;15;Intersection-Related;01-04-01;0001-01-01T10:03:58-04:56;Bicyclist Ride Out - Parallel Path;0;2010;B: Evident Injury;Residential;60-69;62;No;21-25 mph;O: No Injury;White;Male;Passenger Car;No;No;Daylight;Urban (>70% Developed);2 lanes;2;Straight - Level;Local Street;Dry;Two-Way, Not Divided;None;No Special Feature;Concrete;Piedmont;Urban;30 - 35  MPH;No Control Present;Cloudy;No;35.8515, -78.575485
228;229;Yes;20-24;22;No;With Traffic;C: Possible Injury;Travel Lane;White;Male;None - Rural Crash;Orange;No;01-01-04;2010-04-29;Motorist Overtaking Bicyclist;16;Intersection;01-04-01;0001-01-01T11:41:58-04:56;Motorist Overtaking - Other /;0;2010;C: Possible Injury;Farms, Woods, Pastures;;;No;41-45 mph;Injury;/Missing;;;No;Yes;Daylight;Rural (<30% Developed);2 lanes;2;Straight - Level;State Secondary Route;Dry;Two-Way, Divided, Unprotected Median;None;Four-Way Intersection;Smooth Asphalt;Piedmont;Rural;40 - 45  MPH;Double Yellow Line, No Passing Zone;Clear;No;35.97213, -79.163185
229;230;Yes;20-24;22;No;With Traffic;O: No Injury;Travel Lane;White;Male;Roxboro;Person;No;01-01-07;2010-04-18;Head-On;19;Intersection-Related;01-04-01;0001-01-01T14:33:58-04:56;Head-On - Motorist;0;2010;O: No Injury;Commercial;;;Missing;;Injury;/Missing;;;No;Yes;Dark - Lighted Roadway;Urban (>70% Developed);5 lanes;2;Straight - Level;US Route;Dry;Two-Way, Not Divided;None;No Special Feature;Smooth Asphalt;Piedmont;Urban;;No Control Present;Clear;No;36.392788, -78.98794
232;233;Yes;15-Nov;15;No;With Traffic;B: Evident Injury;Travel Lane;White;Male;None - Rural Crash;Scotland;No;01-01-04;2010-05-13;Motorist Overtaking Bicyclist;14;Non-Intersection;01-05-01;0001-01-01T09:50:58-04:56;Motorist Overtaking - Other /;0;2010;B: Evident Injury;Farms, Woods, Pastures;25-29;26;No;51-55 mph;O: No Injury;White;Female;Passenger Car;No;No;Daylight;Rural (<30% Developed);2 lanes;2;Straight - Level;NC Route;Dry;Two-Way, Not Divided;None;No Special Feature;Smooth Asphalt;Coastal;Rural;50 - 55  MPH;No Control Present;Clear;No;34.7769, -79.50063
236;237;Yes;15-Nov;14;No;Not Applicable;B: Evident Injury;Sidewalk / Crosswalk / Driveway Crossing;White;Male;Charlotte;Mecklenburg;No;01-01-04;2010-05-06;Bicyclist Failed to Yield - Sign-Controlled Intersection;7;Intersection;01-05-01;0001-01-01T02:40:58-04:56;Bicyclist Ride Out - Sign-Controlled Intersection;0;2010;B: Evident Injury;Commercial;50-59;50;No;21-25 mph;O: No Injury;White;Female;Sport Utility;No;No;Daylight;Mixed (30% To 70% Developed);6 lanes;2;Straight - Level;Local Street;Dry;Two-Way, Not Divided;None;Four-Way Intersection;Smooth Asphalt;Piedmont;Urban;30 - 35  MPH;Stop And Go Signal;Clear;No;35.064114, -80.77425
239;240;No;15-Nov;14;No;Not Applicable;O: No Injury;Travel Lane;White;Female;Pittsboro;Chatham;No;01-01-06;2010-04-03;Bicyclist Failed to Yield - Midblock;15;Non-Intersection;01-04-01;0001-01-01T10:15:58-04:56;Bicyclist Ride Out - Other Midblock;0;2010;C: Possible Injury;Commercial;50-59;57;No;21-25 mph;C: Possible Injury;White;Male;Motorcycle;No;No;Daylight;Urban (>70% Developed);2 lanes;2;Straight - Level;Local Street;Dry;Two-Way, Not Divided;None;No Special Feature;Smooth Asphalt;Piedmont;Rural;40 - 45  MPH;No Control Present;Clear;Yes;35.722057, -79.1868
244;245;Yes;0-5;4;No;With Traffic;O: No Injury;Travel Lane;Black;Female;Gastonia;Gaston;No;01-01-03;2010-05-05;Head-On;15;Non-Intersection;01-05-01;0001-01-01T10:52:58-04:56;Head-On - Bicyclist;0;2010;B: Evident Injury;Residential;0-19;18;No;16-20 mph;B: Evident Injury;Hispanic;Female;Passenger Car;No;No;Daylight;Urban (>70% Developed);2 lanes;2;Straight - Level;Local Street;Dry;Two-Way, Not Divided;None;Driveway, Public;Smooth Asphalt;Piedmont;Urban;20 - 25  MPH;No Control Present;Clear;No;35.236496, -81.21694
245;246;Yes;30-39;37;No;With Traffic;B: Evident Injury;Travel Lane;White;Male;High Point;Guilford;No;;2010-04-26;Motorist Left Turn / Merge;17;Intersection;01-04-01;0001-01-01T12:20:58-04:56;Motorist Left Turn - Opposite Direction;0;2010;B: Evident Injury;Residential;60-69;60;No;6-10 mph;O: No Injury;White;Male;Pickup;No;No;Daylight;Mixed (30% To 70% Developed);2 lanes;2;Straight - Level;Local Street;Dry;Two-Way, Not Divided;None;Four-Way Intersection;Coarse Asphalt;Piedmont;Urban;40 - 45  MPH;Stop Sign;Cloudy;No;35.95659, -79.92972
253;254;No;10-Jun;7;No;Facing Traffic;B: Evident Injury;Travel Lane;Hispanic;Female;Burlington;Alamance;No;01-01-05;2010-05-07;Bicyclist Right Turn / Merge;18;Non-Intersection;01-05-01;0001-01-01T13:18:58-04:56;Bicyclist Right Turn - Same Direction;0;2010;B: Evident Injury;Residential;0-19;17;No;16-20 mph;O: No Injury;Black;Female;Passenger Car;No;No;Daylight;Urban (>70% Developed);1 lane;2;Straight - Level;Local Street;Dry;Two-Way, Not Divided;None;No Special Feature;Smooth Asphalt;Piedmont;Urban;30 - 35  MPH;No Control Present;Clear;No;36.0948, -79.42722
254;255;Yes;25-29;25;No;With Traffic;B: Evident Injury;Travel Lane;Black;Male;Greensboro;Guilford;No;01-01-06;2010-05-08;Bicyclist Overtaking Motorist;3;Intersection-Related;01-05-01;0000-12-31T22:46:58-04:56;Bicyclist Overtaking - Parked Vehicle;0;2010;B: Evident Injury;Residential;;;Missing;;Injury;/Missing;;Passenger Car;No;No;Dark - Lighted Roadway;Urban (>70% Developed);2 lanes;2;Straight - Grade;Local Street;Dry;Two-Way, Not Divided;None;No Special Feature;Coarse Asphalt;Piedmont;Urban;30 - 35  MPH;No Control Present;Clear;No;36.061066, -79.80934
270;271;Yes;16-19;16;No;With Traffic;B: Evident Injury;Travel Lane;Black;Male;Whiteville;Columbus;No;01-01-04;2010-05-13;Bicyclist Failed to Yield - Sign-Controlled Intersection;16;Intersection;01-05-01;0001-01-01T11:29:58-04:56;Bicyclist Ride Through - Sign-Controlled Intersection;0;2010;B: Evident Injury;Residential;40-49;41;No;11-15 mph;O: No Injury;Black;Male;Passenger Car;No;No;Daylight;Urban (>70% Developed);8 lanes;3;Straight - Grade;Local Street;Dry;Two-Way, Not Divided;None;Four-Way Intersection;Smooth Asphalt;Coastal;Urban;30 - 35  MPH;Stop Sign;Clear;No;34.331463, -78.71004
273;274;No;10-Jun;7;No;Not Applicable;C: Possible Injury;Driveway / Alley;White;Male;Shelby;Cleveland;No;01-01-05;2010-05-14;Non-Roadway;16;Non-Roadway;01-05-01;0001-01-01T11:21:58-04:56;Non-Roadway;0;2010;C: Possible Injury;Residential;25-29;26;No;0-5 mph;O: No Injury;White;Female;Van;No;No;Daylight;Urban (>70% Developed);;2;Straight - Level;Private Road, Driveway;Dry;;None;No Special Feature;Other;Mountains;Urban;5 - 15 MPH;No Control Present;Clear;No;35.287033, -81.55044
278;279;Yes;15-Nov;14;No;Not Applicable;C: Possible Injury;Non-Roadway;White;Male;Morehead City;Carteret;No;01-01-03;2010-05-19;Non-Roadway;18;Non-Roadway;01-05-01;0001-01-01T13:05:58-04:56;Non-Roadway;0;2010;C: Possible Injury;Commercial;70+;;No;;O: No Injury;White;Female;Passenger Car;No;No;Daylight;Urban (>70% Developed);;2;Straight - Level;Public Vehicular Area;Dry;Two-Way, Not Divided;None;No Special Feature;Smooth Asphalt;Coastal;Urban;;No Control Present;Cloudy;No;34.72278, -76.72608
279;280;No;0-5;3;No;Not Applicable;B: Evident Injury;Non-Roadway;White;Male;Andrews;Cherokee;No;01-01-06;2010-05-01;Non-Roadway;17;Non-Roadway;01-05-01;0001-01-01T12:51:58-04:56;Non-Roadway;0;2010;B: Evident Injury;Residential;0-19;13;No;6-10 mph;O: No Injury;White;Male;Motorcycle;No;No;Daylight;Rural (<30% Developed);;2;Straight - Level;Public Vehicular Area;Dry;One-Way, Not Divided;None;No Special Feature;Smooth Asphalt;Mountains;Rural;;No Control Present;Clear;No;35.194786, -83.83569
280;281;No;30-39;31;No;With Traffic;C: Possible Injury;Travel Lane;White;Male;None - Rural Crash;Burke;No;01-01-03;2010-05-19;Motorist Overtaking Bicyclist;18;Non-Intersection;01-05-01;0001-01-01T13:38:58-04:56;Motorist Overtaking - Other /;0;2010;C: Possible Injury;Residential;70+;;No;36-40 mph;O: No Injury;White;Female;Van;No;No;Daylight;Rural (<30% Developed);2 lanes;2;Straight - Grade;State Secondary Route;Dry;Two-Way, Not Divided;None;Driveway, Private;Smooth Asphalt;Mountains;Rural;40 - 45  MPH;Double Yellow Line, No Passing Zone;Clear;No;35.761864, -81.45438
281;282;No;10-Jun;7;No;With Traffic;O: No Injury;Travel Lane;Black;Male;Rocky Mount;Nash;No;01-01-06;2010-04-03;Bicyclist Failed to Yield - Sign-Controlled Intersection;19;Intersection;01-04-01;0001-01-01T14:03:58-04:56;Bicyclist Ride Out - Sign-Controlled Intersection;0;2010;O: No Injury;Residential;50-59;57;No;26-30 mph;O: No Injury;Black;Female;Passenger Car;No;No;Daylight;Urban (>70% Developed);2 lanes;2;Straight - Level;Local Street;Dry;One-Way, Not Divided;None;No Special Feature;Grooved Concrete;Coastal;Urban;30 - 35  MPH;Stop Sign;Clear;No;35.944653, -77.80405
284;285;Yes;16-19;17;No;With Traffic;O: No Injury;Travel Lane;White;Male;Mount Airy;Surry;No;;2010-05-17;Motorist Overtaking Bicyclist;23;Non-Intersection;01-05-01;0001-01-01T18:13:58-04:56;Motorist Overtaking - Other /;0;2010;O: No Injury;Residential;;;Missing;31-35 mph;Injury;/Missing;;;No;Yes;Dark - Lighted Roadway;Urban (>70% Developed);2 lanes;2;Straight - Level;Local Street;Dry;Two-Way, Not Divided;None;No Special Feature;Smooth Asphalt;Mountains;Urban;30 - 35  MPH;No Control Present;Cloudy;No;36.497803, -80.60603
287;288;No;30-39;33;No;With Traffic;B: Evident Injury;Travel Lane;White;Female;None - Rural Crash;Wake;No;01-01-05;2010-05-28;Motorist Overtaking Bicyclist;10;Non-Intersection;01-05-01;0001-01-01T05:23:58-04:56;Motorist Overtaking - Misjudged Space;0;2010;B: Evident Injury;Farms, Woods, Pastures;25-29;27;No;51-55 mph;O: No Injury;Black;Male;Passenger Car;No;Yes;Daylight;Rural (<30% Developed);2 lanes;2;Straight - Level;State Secondary Route;Dry;Two-Way, Not Divided;None;No Special Feature;Coarse Asphalt;Piedmont;Rural;50 - 55  MPH;No Control Present;Clear;No;35.830883, -78.428795
292;293;Yes;16-19;19;No;With Traffic;B: Evident Injury;Travel Lane;Black;Male;Southern Pines;Moore;No;01-01-05;2010-05-21;Bicyclist Failed to Yield - Sign-Controlled Intersection;11;Intersection;01-05-01;0001-01-01T06:05:58-04:56;Bicyclist Ride Through - Sign-Controlled Intersection;0;2010;B: Evident Injury;Residential;30-39;35;No;31-35 mph;O: No Injury;Black;Female;Passenger Car;No;No;Daylight;Urban (>70% Developed);2 lanes;2;Straight - Grade;Local Street;Dry;Two-Way, Not Divided;None;Four-Way Intersection;Coarse Asphalt;Piedmont;Urban;30 - 35  MPH;Stop Sign;Clear;No;35.177338, -79.40533
293;294;Yes;50-59;54;No;Facing Traffic;B: Evident Injury;Travel Lane;Hispanic;Male;Durham;Durham;No;01-01-02;2010-05-25;Crossing Paths - Other Circumstances;14;Non-Intersection;01-05-01;0001-01-01T09:53:58-04:56;Crossing Paths - Midblock - Other /;0;2010;B: Evident Injury;Commercial;30-39;35;No;0-5 mph;O: No Injury;Black;Female;Passenger Car;No;No;Daylight;Urban (>70% Developed);4 lanes;2;Straight - Level;Local Street;Dry;Two-Way, Not Divided;None;Driveway, Public;Smooth Asphalt;Piedmont;Urban;20 - 25  MPH;No Control Present;Cloudy;No;36.00625, -78.92051
295;296;Yes;70+;;No;With Traffic;B: Evident Injury;Travel Lane;White;Male;None - Rural Crash;Randolph;No;01-01-05;2010-06-04;Bicyclist Failed to Yield - Sign-Controlled Intersection;10;Intersection;01-06-01;0001-01-01T05:17:58-04:56;Bicyclist Ride Out - Sign-Controlled Intersection;0;2010;B: Evident Injury;Farms, Woods, Pastures;30-39;33;No;31-35 mph;O: No Injury;White;Female;Passenger Car;No;No;Daylight;Rural (<30% Developed);2 lanes;2;Straight - Level;State Secondary Route;Dry;Two-Way, Not Divided;None;T-Intersection;Smooth Asphalt;Piedmont;Rural;50 - 55  MPH;Double Yellow Line, No Passing Zone;Clear;No;35.62321, -79.86047
296;297;Yes;40-49;48;No;With Traffic;B: Evident Injury;Travel Lane;White;Male;None - Rural Crash;Rutherford;No;01-01-06;2010-06-05;Motorist Failed to Yield - Midblock;8;Non-Intersection;01-06-01;0001-01-01T04:00:58-04:56;Motorist Drive Out - Residential Driveway;0;2010;B: Evident Injury;Residential;0-19;17;No;0-5 mph;O: No Injury;White;Male;Passenger Car;No;No;Daylight;Mixed (30% To 70% Developed);2 lanes;2;Straight - Grade;State Secondary Route;Dry;Two-Way, Not Divided;None;Driveway, Private;Smooth Asphalt;Mountains;Rural;50 - 55  MPH;No Control Present;Clear;No;35.399876, -82.003944
308;309;Yes;40-49;48;Yes;With Traffic;C: Possible Injury;Travel Lane;White;Male;Kannapolis;Cabarrus;Yes;01-01-04;2010-05-20;Motorist Left Turn / Merge;21;Intersection;01-05-01;0001-01-01T16:07:58-04:56;Motorist Left Turn - Opposite Direction;0;2010;C: Possible Injury;Residential;40-49;45;No;31-35 mph;O: No Injury;White;Male;Pickup;No;No;Dark - Lighted Roadway;Rural (<30% Developed);2 lanes;2;Straight - Grade;Local Street;Dry;Two-Way, Not Divided;None;T-Intersection;Smooth Asphalt;Piedmont;Urban;30 - 35  MPH;No Control Present;Clear;No;35.486984, -80.63374
312;313;No;40-49;42;No;Facing Traffic;O: No Injury;Sidewalk / Crosswalk / Driveway Crossing;White;Female;Lumberton;Robeson;No;01-01-05;2010-05-07;Motorist Failed to Yield - Sign-Controlled Intersection;11;Intersection;01-05-01;0001-01-01T06:06:58-04:56;Motorist Drive Out - Sign-Controlled Intersection;0;2010;O: No Injury;Commercial;60-69;60;No;0-5 mph;O: No Injury;White;Male;Passenger Car;No;No;Daylight;Urban (>70% Developed);4 lanes;2;Straight - Level;Local Street;Dry;Two-Way, Not Divided;None;No Special Feature;Coarse Asphalt;Coastal;Urban;30 - 35  MPH;No Control Present;Clear;No;34.6225, -79.05118
323;324;Yes;10-Jun;9;No;Facing Traffic;B: Evident Injury;Travel Lane;Hispanic;Male;Hope Mills;Cumberland;No;01-01-05;2010-05-28;Loss of Control / Turning Error;17;Intersection;01-05-01;0001-01-01T12:40:58-04:56;Bicyclist Turning Error - Right Turn;0;2010;B: Evident Injury;Residential;20-24;21;No;21-25 mph;O: No Injury;Black;Female;Passenger Car;No;No;Daylight;Urban (>70% Developed);2 lanes;2;Straight - Level;Local Street;Dry;Two-Way, Not Divided;None;T-Intersection;Coarse Asphalt;Coastal;Urban;20 - 25  MPH;No Control Present;Clear;No;34.97562, -78.95325
324;325;Yes;50-59;50;No;With Traffic;B: Evident Injury;Travel Lane;White;Female;None - Rural Crash;Cherokee;No;01-01-06;2010-06-05;Motorist Overtaking Bicyclist;9;Non-Intersection;01-06-01;0001-01-01T04:34:58-04:56;Motorist Overtaking - Misjudged Space;0;2010;B: Evident Injury;Farms, Woods, Pastures;70+;;No;46-50 mph;O: No Injury;White;Female;Pickup;No;No;Daylight;Rural (<30% Developed);4 lanes;2;Straight - Hillcrest;US Route;Dry;Two-Way, Divided, Unprotected Median;None;No Special Feature;Smooth Asphalt;Mountains;Rural;60 - 75 MPH;No Control Present;Clear;No;35.176212, -83.9219
350;351;Yes;10-Jun;8;No;Not Applicable;C: Possible Injury;Non-Roadway;White;Female;None - Rural Crash;Dare;No;;2010-06-21;Bicyclist Failed to Yield - Midblock;14;Non-Intersection;01-06-01;0001-01-01T09:48:58-04:56;Bicyclist Ride Out - Commercial Driveway / Alley;0;2010;C: Possible Injury;Commercial;60-69;64;No;31-35 mph;O: No Injury;White;Male;Sport Utility;No;No;Daylight;Urban (>70% Developed);2 lanes;2;Straight - Level;NC Route;Dry;Two-Way, Not Divided;None;Driveway, Public;Smooth Asphalt;Coastal;Rural;30 - 35  MPH;Double Yellow Line, No Passing Zone;Clear;No;35.579735, -75.46716
352;353;Yes;40-49;43;No;With Traffic;B: Evident Injury;Travel Lane;White;Female;Charlotte;Mecklenburg;No;01-01-04;2010-06-03;Bicyclist Overtaking Motorist;16;Non-Intersection;01-06-01;0001-01-01T12:01:58-04:56;Bicyclist Overtaking - Parked Vehicle;0;2010;B: Evident Injury;Residential;;;Missing;;Injury;/Missing;;Passenger Car;No;No;Daylight;Urban (>70% Developed);1 lane;2;Straight - Level;Local Street;Dry;One-Way, Not Divided;None;No Special Feature;Smooth Asphalt;Piedmont;Urban;;No Control Present;Clear;No;35.12171, -80.970604
359;360;Yes;16-19;18;No;;C: Possible Injury;Sidewalk / Crosswalk / Driveway Crossing;White;Female;Charlotte;Mecklenburg;No;01-01-02;2010-06-15;Crossing Paths - Other Circumstances;13;Intersection;01-06-01;0001-01-01T08:26:58-04:56;Signalized Intersection - Other /;0;2010;C: Possible Injury;Commercial;30-39;30;No;0-5 mph;O: No Injury;White;Female;Sport Utility;No;No;Daylight;Urban (>70% Developed);5 lanes;2;Straight - Level;Local Street;Dry;Two-Way, Not Divided;None;No Special Feature;Smooth Asphalt;Piedmont;Urban;5 - 15 MPH;Stop And Go Signal;Clear;No;35.172005, -80.85127
385;386;No;40-49;48;No;With Traffic;B: Evident Injury;Travel Lane;Black;Male;Fayetteville;Cumberland;No;01-01-02;2010-06-15;Parallel Paths - Other Circumstances;6;Intersection-Related;01-06-01;0001-01-01T01:33:58-04:56;Parallel Paths - Other /;0;2010;B: Evident Injury;Commercial;;;Missing;;Injury;/Missing;;;No;Yes;Dawn;Rural (<30% Developed);7 lanes;2;Straight - Level;Local Street;Dry;Two-Way, Not Divided;None;Driveway, Public;Coarse Asphalt;Coastal;Urban;;No Control Present;Clear;No;35.107906, -78.878975
388;389;Yes;15-Nov;14;No;With Traffic;B: Evident Injury;Bike Lane / Paved Shoulder;White;Male;None - Rural Crash;Brunswick;No;01-01-03;2010-06-30;Motorist Overtaking Bicyclist;21;Non-Intersection;01-06-01;0001-01-01T16:12:58-04:56;Motorist Overtaking - Bicyclist Swerved;0;2010;B: Evident Injury;Farms, Woods, Pastures;25-29;27;No;46-50 mph;O: No Injury;White;Male;Police;No;No;Dark - Roadway Not Lighted;Rural (<30% Developed);2 lanes;2;Straight - Level;State Secondary Route;Wet;Two-Way, Not Divided;None;Driveway, Private;Smooth Asphalt;Coastal;Rural;50 - 55  MPH;No Control Present;Cloudy;No;34.090347, -78.12835
395;396;Yes;50-59;57;Yes;With Traffic;B: Evident Injury;Travel Lane;Black;Male;None - Rural Crash;Sampson;Yes;01-01-05;2010-07-02;Motorist Overtaking Bicyclist;16;Non-Intersection;01-07-01;0001-01-01T11:40:58-04:56;Motorist Overtaking - Bicyclist Swerved;0;2010;B: Evident Injury;Farms, Woods, Pastures;30-39;34;No;41-45 mph;O: No Injury;Black;Male;Passenger Car;No;No;Daylight;Rural (<30% Developed);2 lanes;2;Straight - Level;State Secondary Route;Dry;Two-Way, Not Divided;None;No Special Feature;Coarse Asphalt;Coastal;Rural;40 - 45  MPH;Double Yellow Line, No Passing Zone;Clear;No;35.033287, -78.31886
399;400;No;50-59;52;No;With Traffic;C: Possible Injury;Travel Lane;White;Female;Durham;Durham;No;01-01-07;2010-07-04;Motorist Overtaking Bicyclist;18;Non-Intersection;01-07-01;0001-01-01T13:46:58-04:56;Motorist Overtaking - Misjudged Space;0;2010;C: Possible Injury;Residential;50-59;55;No;21-25 mph;O: No Injury;Black;Female;Passenger Car;No;No;Daylight;Urban (>70% Developed);2 lanes;2;Straight - Level;Local Street;Dry;Two-Way, Not Divided;None;No Special Feature;Smooth Asphalt;Piedmont;Urban;30 - 35  MPH;No Control Present;Clear;No;36.07806, -78.92284
403;404;No;50-59;54;No;With Traffic;O: No Injury;Bike Lane / Paved Shoulder;Black;Male;Raleigh;Wake;No;01-01-03;2010-06-02;Motorist Failed to Yield - Midblock;13;Non-Intersection;01-06-01;0001-01-01T08:27:58-04:56;Motorist Drive Out - Commercial Driveway / Alley;0;2010;O: No Injury;Commercial;25-29;29;No;16-20 mph;O: No Injury;White;Female;Passenger Car;No;No;Daylight;Urban (>70% Developed);4 lanes;2;Straight - Level;Local Street;Dry;Two-Way, Not Divided;None;No Special Feature;Smooth Asphalt;Piedmont;Urban;20 - 25  MPH;No Control Present;Clear;No;35.788628, -78.64675
405;406;No;30-39;36;No;With Traffic;B: Evident Injury;Travel Lane;White;Male;Raleigh;Wake;No;01-01-02;2010-06-08;Motorist Overtaking Bicyclist;18;Intersection-Related;01-06-01;0001-01-01T13:54:58-04:56;Motorist Overtaking - Misjudged Space;0;2010;B: Evident Injury;Commercial;;;Missing;26-30 mph;Injury;/Missing;;;No;Yes;Daylight;Urban (>70% Developed);3 lanes;2;Straight - Level;Local Street;Dry;Two-Way, Not Divided;None;No Special Feature;Smooth Asphalt;Piedmont;Urban;40 - 45  MPH;Stop And Go Signal;Clear;No;35.826138, -78.70492
347;348;No;15-Nov;15;No;Facing Traffic;C: Possible Injury;Sidewalk / Crosswalk / Driveway Crossing;Asian;Male;Raleigh;Wake;No;;2008-05-19;Motorist Failed to Yield - Sign-Controlled Intersection;14;Intersection;01-05-01;0001-01-01T09:43:58-04:56;Motorist Drive Out - Sign-Controlled Intersection;132141;2008;C: Possible Injury;Institutional;0-19;16;No;0-5 mph;O: No Injury;White;Male;Sport Utility;No;No;Daylight;Urban (>70% Developed);2 lanes;2;Straight - Level;Public Vehicular Area;Dry;Two-Way, Not Divided;None;Driveway, Public;Coarse Asphalt;Piedmont;Urban;30 - 35  MPH;Stop Sign;Clear;No;0.0, 0.0
351;352;Yes;15-Nov;15;Yes;Facing Traffic;B: Evident Injury;Multi-use Path;White;Male;Kitty Hawk;Dare;Yes;01-01-03;2008-05-21;Bicyclist Failed to Yield - Signalized Intersection;12;Intersection;01-05-01;0001-01-01T08:02:58-04:56;Bicyclist Ride Through - Signalized Intersection;142155;2008;B: Evident Injury;Commercial;60-69;64;No;0-5 mph;O: No Injury;White;Female;Passenger Car;No;No;Daylight;Mixed (30% To 70% Developed);3 lanes;2;Straight - Level;Local Street;Dry;Two-Way, Not Divided;None;Four-Way Intersection;Coarse Asphalt;Coastal;Rural;30 - 35  MPH;Stop And Go Signal;Clear;No;0.0, 0.0
367;368;Yes;10-Jun;6;No;Not Applicable;C: Possible Injury;Driveway / Alley;Black;Male;Rocky Mount;Nash;No;01-01-07;2008-05-25;Bicyclist Failed to Yield - Midblock;21;Non-Intersection;01-05-01;0001-01-01T16:14:58-04:56;Bicyclist Ride Out - Residential Driveway;353311;2008;C: Possible Injury;Residential;30-39;33;No;26-30 mph;O: No Injury;Black;Female;Passenger Car;No;No;Daylight;Urban (>70% Developed);2 lanes;2;Straight - Level;Local Street;Dry;Two-Way, Not Divided;None;No Special Feature;Coarse Asphalt;Coastal;Urban;30 - 35  MPH;No Control Present;Clear;No;0.0, 0.0
372;373;No;16-19;16;No;With Traffic;A: Disabling Injury;Travel Lane;Black;Male;Fuquay-Varina;Wake;No;01-01-04;2008-05-29;Bicyclist Failed to Yield - Sign-Controlled Intersection;20;Intersection;01-05-01;0001-01-01T15:31:58-04:56;Bicyclist Ride Through - Sign-Controlled Intersection;111144;2008;A: Disabling Injury;Residential;50-59;50;No;41-45 mph;O: No Injury;White;Male;Passenger Car;No;No;Daylight;Rural (<30% Developed);2 lanes;2;Straight - Level;Local Street;Dry;Two-Way, Not Divided;None;No Special Feature;Smooth Asphalt;Piedmont;Urban;40 - 45  MPH;Stop Sign;Clear;No;0.0, 0.0
381;382;No;40-49;45;No;With Traffic;B: Evident Injury;Travel Lane;White;Male;Smithfield;Johnston;No;01-01-06;2008-05-31;Motorist Overtaking Bicyclist;14;Non-Intersection;01-05-01;0001-01-01T09:59:58-04:56;Motorist Overtaking - Other /;311239;2008;B: Evident Injury;Residential;;;Missing;16-20 mph;Injury;/Missing;;Pickup;No;Yes;Daylight;Rural (<30% Developed);2 lanes;2;Straight - Level;NC Route;Dry;Two-Way, Not Divided;None;No Special Feature;Coarse Asphalt;Coastal;Urban;40 - 45  MPH;Missing;Clear;No;0.0, 0.0
391;392;Yes;50-59;59;No;With Traffic;K: Killed;Travel Lane;White;Male;None - Rural Crash;Orange;No;01-01-02;2008-06-03;Loss of Control / Turning Error;8;Non-Intersection;01-06-01;0001-01-01T03:05:58-04:56;Motorist Lost Control - Other /;311139;2008;K: Killed;Farms, Woods, Pastures;25-29;26;No;51-55 mph;C: Possible Injury;White;Male;Sport Utility;No;No;Daylight;Rural (<30% Developed);2 lanes;3;Curve - Level;State Secondary Route;Dry;Two-Way, Not Divided;None;No Special Feature;Smooth Asphalt;Piedmont;Rural;50 - 55  MPH;Double Yellow Line, No Passing Zone;Clear;No;0.0, 0.0