FID;OBJECTID;AmbulanceR;BikeAge_Gr;Bike_Age;Bike_Alc_D;Bike_Dir;Bike_Injur;Bike_Pos;Bike_Race;Bike_Sex;City;County;CrashAlcoh;CrashDay;Crash_Date;Crash_Grp;Crash_Hour;Crash_Loc;Crash_Mont;Crash_Time;Crash_Type;Crash_Ty_1;Crash_Year;Crsh_Sevri;Developmen;DrvrAge_Gr;Drvr_Age;Drvr_Alc_D;Drvr_EstSp;Drvr_Injur;Drvr_Race;Drvr_Sex;Drvr_VehTy;ExcsSpdInd;Hit_Run;Light_Cond;Locality;Num_Lanes;Num_Units;Rd_Charact;Rd_Class;Rd_Conditi;Rd_Config;Rd_Defects;Rd_Feature;Rd_Surface;Region;Rural_Urba;Speed_Limi;Traff_Cntr;Weather;Workzone_I;Location
398;399;No;16-19;16;No;;B: Evident Injury;;White;Male;Belmont;Gaston;No;01-01-03;2008-06-04;Bicyclist Failed to Yield - Midblock;7;Non-Intersection;01-06-01;0001-01-01T03:01:58-04:56;Bicyclist Ride Out - Midblock -;399319;2008;B: Evident Injury;Residential;40-49;42;No;21-25 mph;O: No Injury;White;Male;Pickup;No;No;Daylight;Mixed (30% To 70% Developed);2 lanes;2;Straight - Grade;Local Street;Dry;Two-Way, Not Divided;None;No Special Feature;Coarse Asphalt;Piedmont;Urban;20 - 25  MPH;No Control Present;Clear;No;0.0, 0.0
411;412;Yes;10-Jun;8;No;With Traffic;C: Possible Injury;Travel Lane;Black;Male;Mount Olive;Wayne;No;01-01-06;2008-05-31;Motorist Overtaking Bicyclist;17;Non-Intersection;01-05-01;0001-01-01T12:03:58-04:56;Motorist Overtaking - Other /;311239;2008;C: Possible Injury;Commercial;;;Missing;;Injury;/Missing;;Sport Utility;No;Yes;Daylight;Urban (>70% Developed);2 lanes;2;Straight - Level;Local Street;Dry;Two-Way, Not Divided;None;No Special Feature;Coarse Asphalt;Coastal;Rural;20 - 25  MPH;No Control Present;Clear;No;0.0, 0.0
418;419;No;20-24;20;No;With Traffic;C: Possible Injury;Travel Lane;Black;Male;Raleigh;Wake;No;01-01-03;2008-06-04;Motorist Right Turn / Merge;16;Intersection;01-06-01;0001-01-01T11:11:58-04:56;Motorist Right Turn - Same Direction;111213;2008;C: Possible Injury;Commercial;;;Missing;31-35 mph;Injury;/Missing;;;No;Yes;Daylight;Urban (>70% Developed);2 lanes;2;Straight - Level;Local Street;Dry;Two-Way, Not Divided;None;Four-Way Intersection;Smooth Asphalt;Piedmont;Urban;30 - 35  MPH;Stop And Go Signal;Clear;No;0.0, 0.0
427;428;Yes;30-39;33;No;With Traffic;B: Evident Injury;Travel Lane;Hispanic;Male;Durham;Durham;No;01-01-02;2008-07-15;Bicyclist Left Turn / Merge;15;Non-Intersection;01-07-01;0001-01-01T10:21:58-04:56;Bicyclist Left Turn - Same Direction;311221;2008;B: Evident Injury;Commercial;50-59;58;No;31-35 mph;O: No Injury;White;Male;Pickup;No;No;Daylight;Urban (>70% Developed);2 lanes;2;Straight - Level;Local Street;Dry;Two-Way, Not Divided;None;No Special Feature;Coarse Asphalt;Piedmont;Urban;30 - 35  MPH;No Control Present;Clear;No;0.0, 0.0
441;442;No;50-59;54;No;With Traffic;C: Possible Injury;Travel Lane;Black;Male;None - Rural Crash;Guilford;No;;2008-06-30;Motorist Failed to Yield - Sign-Controlled Intersection;20;Intersection;01-06-01;0001-01-01T15:57:58-04:56;Motorist Drive Out - Sign-Controlled Intersection;111141;2008;C: Possible Injury;Farms, Woods, Pastures;40-49;40;No;0-5 mph;O: No Injury;White;Male;Passenger Car;No;No;Dusk;Rural (<30% Developed);2 lanes;2;Straight - Grade;State Secondary Route;Dry;Two-Way, Not Divided;None;Y-Intersection;Smooth Asphalt;Piedmont;Rural;30 - 35  MPH;Stop Sign;Clear;No;0.0, 0.0
452;453;Yes;40-49;40;Yes;With Traffic;C: Possible Injury;Bike Lane / Paved Shoulder;Black;Male;None - Rural Crash;Wake;Yes;01-01-07;2008-06-22;Bicyclist Left Turn / Merge;10;Non-Intersection;01-06-01;0001-01-01T05:33:58-04:56;Bicyclist Left Turn - Same Direction;321221;2008;C: Possible Injury;Residential;70+;;No;41-45 mph;O: No Injury;White;Male;Passenger Car;No;No;Daylight;Rural (<30% Developed);2 lanes;2;Straight - Level;State Secondary Route;Dry;Two-Way, Not Divided;None;No Special Feature;Smooth Asphalt;Piedmont;Rural;40 - 45  MPH;No Control Present;Clear;No;0.0, 0.0
456;457;No;40-49;46;No;With Traffic;B: Evident Injury;Travel Lane;White;Female;Asheville;Buncombe;No;01-01-02;2008-06-24;Loss of Control / Turning Error;16;Intersection;01-06-01;0001-01-01T11:12:58-04:56;Bicyclist Turning Error - Right Turn;111115;2008;B: Evident Injury;Commercial;40-49;47;No;0-5 mph;O: No Injury;White;Male;Passenger Car;No;No;Daylight;Urban (>70% Developed);2 lanes;2;Straight - Grade;Local Street;Dry;Two-Way, Not Divided;None;T-Intersection;Coarse Asphalt;Mountains;Urban;30 - 35  MPH;Stop And Go Signal;Clear;No;0.0, 0.0
463;464;Yes;15-Nov;12;No;Facing Traffic;C: Possible Injury;Travel Lane;Black;Female;High Point;Guilford;No;01-01-06;2008-06-28;Motorist Left Turn / Merge;16;Non-Intersection;01-06-01;0001-01-01T11:12:58-04:56;Motorist Left Turn - Same Direction;312211;2008;C: Possible Injury;Residential;20-24;21;No;11-15 mph;O: No Injury;Black;Female;Pickup;No;No;Daylight;Urban (>70% Developed);2 lanes;2;Straight - Level;Local Street;Dry;Two-Way, Not Divided;None;No Special Feature;Coarse Asphalt;Piedmont;Urban;30 - 35  MPH;No Control Present;Clear;No;0.0, 0.0
471;472;Yes;40-49;42;No;Not Applicable;Injury;Non-Roadway;Black;Male;Enfield;Halifax;No;01-01-03;2008-07-02;Non-Roadway;2;Non-Roadway;01-07-01;0000-12-31T21:23:58-04:56;Non-Roadway;460910;2008;O: No Injury;Residential;30-39;31;No;11-15 mph;O: No Injury;Black;Male;Passenger Car;No;No;Dark -  Lighting;Rural (<30% Developed);;2;;Private Road, Driveway;Wet;;None;No Special Feature;Soil;Coastal;Rural;;Missing;Clear;No;0.0, 0.0
475;476;No;16-19;18;No;With Traffic;B: Evident Injury;Travel Lane;White;Male;Weaverville;Buncombe;No;01-01-06;2008-05-31;Motorist Overtaking Bicyclist;14;Non-Intersection;01-05-01;0001-01-01T09:50:58-04:56;Motorist Overtaking - Bicyclist Swerved;311235;2008;B: Evident Injury;Commercial;30-39;35;No;41-45 mph;O: No Injury;White;Female;Passenger Car;No;No;Daylight;Urban (>70% Developed);2 lanes;2;Straight - Level;Local Street;Dry;Two-Way, Not Divided;None;No Special Feature;Smooth Asphalt;Mountains;Rural;40 - 45  MPH;No Control Present;Clear;No;0.0, 0.0
480;481;Yes;50-59;53;Yes;With Traffic;B: Evident Injury;Travel Lane;Black;Male;Asheboro;Randolph;Yes;01-01-04;2008-07-03;Crossing Paths - Other Circumstances;20;Intersection;01-07-01;0001-01-01T16:00:58-04:56;Signalized Intersection - Other /;111158;2008;B: Evident Injury;Commercial;40-49;43;No;11-15 mph;O: No Injury;Black;Female;Sport Utility;No;No;Dark - Lighted Roadway;Urban (>70% Developed);6 lanes;2;Straight - Level;US Route;Dry;Two-Way, Divided, Unprotected Median;None;Four-Way Intersection;Smooth Asphalt;Piedmont;Urban;30 - 35  MPH;Stop And Go Signal;Clear;No;0.0, 0.0
482;483;Yes;40-49;45;No;With Traffic;C: Possible Injury;Travel Lane;White;Male;Huntersville;Mecklenburg;No;01-01-04;2008-07-03;Motorist Left Turn / Merge;15;Intersection;01-07-01;0001-01-01T10:55:58-04:56;Motorist Left Turn - Opposite Direction;111212;2008;C: Possible Injury;Commercial;30-39;37;No;0-5 mph;O: No Injury;White;Female;Passenger Car;No;No;Daylight;Urban (>70% Developed);2 lanes;2;Straight - Grade;Local Street;Dry;Two-Way, Not Divided;None;T-Intersection;Smooth Asphalt;Piedmont;Urban;40 - 45  MPH;Stop Sign;Clear;No;0.0, 0.0
483;484;Yes;50-59;56;No;With Traffic;B: Evident Injury;Travel Lane;White;Male;Durham;Durham;No;01-01-05;2008-08-01;Motorist Left Turn / Merge;6;Non-Intersection;01-08-01;0001-01-01T01:35:58-04:56;Motorist Left Turn - Opposite Direction;311212;2008;B: Evident Injury;Commercial;25-29;26;No;6-10 mph;O: No Injury;White;Male;Pickup;No;No;Daylight;Urban (>70% Developed);3 lanes;2;Straight - Level;Local Street;Dry;Two-Way, Not Divided;None;No Special Feature;Smooth Asphalt;Piedmont;Urban;30 - 35  MPH;No Control Present;Clear;No;0.0, 0.0
486;487;Yes;16-19;17;No;With Traffic;C: Possible Injury;Travel Lane;White;Male;None - Rural Crash;Cleveland;No;01-01-06;2008-08-02;Motorist Overtaking Bicyclist;15;Non-Intersection;01-08-01;0001-01-01T10:22:58-04:56;Motorist Overtaking - Other /;311239;2008;C: Possible Injury;Residential;50-59;53;No;16-20 mph;O: No Injury;Black;Female;Passenger Car;No;No;Daylight;Mixed (30% To 70% Developed);2 lanes;2;Straight - Level;State Secondary Route;Dry;Two-Way, Not Divided;None;No Special Feature;Smooth Asphalt;Mountains;Rural;40 - 45  MPH;Double Yellow Line, No Passing Zone;Clear;No;0.0, 0.0
489;490;Yes;50-59;53;No;Not Applicable;C: Possible Injury;Non-Roadway;Black;Male;Goldsboro;Wayne;No;01-01-06;2008-07-05;Non-Roadway;20;Non-Roadway;01-07-01;0001-01-01T15:33:58-04:56;Non-Roadway;460910;2008;C: Possible Injury;Commercial;;;Missing;6-10 mph;Injury;/Missing;;;No;Yes;Daylight;Urban (>70% Developed);;2;Straight - Level;Public Vehicular Area;Wet;One-Way, Not Divided;None;No Special Feature;Coarse Asphalt;Coastal;Urban;;Missing;Rain;No;0.0, 0.0
491;492;No;40-49;49;No;With Traffic;C: Possible Injury;Travel Lane;White;Male;None - Rural Crash;Rowan;No;;2008-07-07;Motorist Overtaking Bicyclist;9;Non-Intersection;01-07-01;0001-01-01T05:01:58-04:56;Motorist Overtaking - Undetected Bicyclist;311231;2008;C: Possible Injury;Residential;40-49;41;No;51-55 mph;O: No Injury;White;Male;Pickup;No;No;Daylight;Mixed (30% To 70% Developed);2 lanes;2;Straight - Grade;State Secondary Route;Dry;Two-Way, Not Divided;None;No Special Feature;Smooth Asphalt;Piedmont;Rural;50 - 55  MPH;Double Yellow Line, No Passing Zone;Cloudy;No;0.0, 0.0
492;493;Yes;25-29;25;No;With Traffic;B: Evident Injury;Travel Lane;White;Male;Indian Trail;Union;No;;2008-07-07;Motorist Right Turn / Merge;0;Intersection;01-07-01;0000-12-31T19:51:58-04:56;Motorist Right Turn - Same Direction;111213;2008;B: Evident Injury;Residential;25-29;27;No;41-45 mph;O: No Injury;White;Female;Passenger Car;No;No;Daylight;Urban (>70% Developed);2 lanes;2;Straight - Level;State Secondary Route;Dry;Two-Way, Not Divided;None;Four-Way Intersection;Smooth Asphalt;Piedmont;Urban;40 - 45  MPH;Double Yellow Line, No Passing Zone;Clear;No;0.0, 0.0
505;506;Yes;70+;;No;With Traffic;K: Killed;Travel Lane;Black;Male;None - Rural Crash;Gates;No;01-01-04;2008-07-10;Bicyclist Failed to Yield - Sign-Controlled Intersection;17;Intersection;01-07-01;0001-01-01T12:28:58-04:56;Bicyclist Ride Out - Sign-Controlled Intersection;111142;2008;K: Killed;Residential;25-29;27;No;51-55 mph;O: No Injury;White;Male;Pickup;No;No;Daylight;Mixed (30% To 70% Developed);2 lanes;2;Straight - Level;State Secondary Route;Dry;Two-Way, Not Divided;None;T-Intersection;Coarse Asphalt;Coastal;Rural;50 - 55  MPH;Stop Sign;Clear;No;0.0, 0.0
506;507;No;50-59;53;No;With Traffic;B: Evident Injury;Travel Lane;White;Male;Wrightsville Beach;New Hanover;No;01-01-04;2008-07-10;Bicyclist Failed to Yield - Sign-Controlled Intersection;11;Intersection;01-07-01;0001-01-01T06:45:58-04:56;Bicyclist Ride Through - Sign-Controlled Intersection;111144;2008;B: Evident Injury;Commercial;25-29;27;No;6-10 mph;O: No Injury;White;Male;Police;No;No;Daylight;Urban (>70% Developed);2 lanes;2;Straight - Level;State Secondary Route;Dry;Two-Way, Not Divided;None;Four-Way Intersection;Smooth Asphalt;Coastal;Rural;20 - 25  MPH;Stop Sign;Cloudy;No;0.0, 0.0
508;509;Yes;15-Nov;13;No;With Traffic;A: Disabling Injury;Travel Lane;Black;Male;Smithfield;Johnston;No;01-01-05;2008-07-11;Bicyclist Failed to Yield - Sign-Controlled Intersection;14;Intersection;01-07-01;0001-01-01T09:41:58-04:56;Bicyclist Ride Through - Sign-Controlled Intersection;111144;2008;A: Disabling Injury;Residential;;;Missing;21-25 mph;Injury;/Missing;;Passenger Car;No;Yes;Daylight;Urban (>70% Developed);2 lanes;2;Curve - Grade;Local Street;Wet;Two-Way, Not Divided;None;T-Intersection;Coarse Asphalt;Coastal;Urban;20 - 25  MPH;Stop Sign;Clear;No;0.0, 0.0
518;519;Yes;40-49;46;No;With Traffic;O: No Injury;Travel Lane;Black;Male;Durham;Durham;No;;2008-08-11;Bicyclist Left Turn / Merge;19;Non-Intersection;01-08-01;0001-01-01T14:09:58-04:56;Bicyclist Left Turn - Same Direction;311221;2008;O: No Injury;Commercial;60-69;64;No;26-30 mph;O: No Injury;Black;Female;Passenger Car;No;No;Daylight;Urban (>70% Developed);2 lanes;2;Straight - Level;Local Street;Dry;Two-Way, Not Divided;None;No Special Feature;Smooth Asphalt;Piedmont;Urban;30 - 35  MPH;No Control Present;Clear;No;0.0, 0.0
520;521;Yes;15-Nov;13;No;Not Applicable;A: Disabling Injury;Driveway / Alley;White;Male;None - Rural Crash;Madison;No;01-01-03;2008-07-16;Bicyclist Failed to Yield - Midblock;19;Non-Intersection;01-07-01;0001-01-01T14:33:58-04:56;Bicyclist Ride Out - Residential Driveway;353311;2008;A: Disabling Injury;Farms, Woods, Pastures;30-39;35;No;36-40 mph;O: No Injury;White;Female;Passenger Car;No;No;Daylight;Rural (<30% Developed);2 lanes;2;Curve - Level;NC Route;Dry;Two-Way, Not Divided;None;Y-Intersection;Smooth Asphalt;Mountains;Rural;40 - 45  MPH;Double Yellow Line, No Passing Zone;Clear;No;0.0, 0.0
526;527;Yes;40-49;44;No;With Traffic;A: Disabling Injury;Travel Lane;White;Male;Charlotte;Mecklenburg;No;01-01-05;2008-08-15;Crossing Paths - Other Circumstances;19;Intersection;01-08-01;0001-01-01T14:37:58-04:56;Signalized Intersection - Other /;111158;2008;A: Disabling Injury;Commercial;0-19;19;No;31-35 mph;O: No Injury;Black;Female;Passenger Car;Yes;No;Daylight;Urban (>70% Developed);4 lanes;2;Straight - Level;Local Street;Wet;Two-Way, Divided, Unprotected Median;None;No Special Feature;Smooth Asphalt;Piedmont;Urban;30 - 35  MPH;Stop And Go Signal;Cloudy;No;0.0, 0.0
532;533;Yes;20-24;20;No;With Traffic;C: Possible Injury;Travel Lane;White;Male;None - Rural Crash;Pasquotank;No;01-01-03;2008-08-06;Motorist Overtaking Bicyclist;0;Non-Intersection;01-08-01;0000-12-31T19:20:58-04:56;Motorist Overtaking - Other /;311239;2008;C: Possible Injury;Farms, Woods, Pastures;;;Missing;;Injury;/Missing;;Pickup;No;Yes;Dark - Roadway Not Lighted;Rural (<30% Developed);2 lanes;2;Straight - Level;State Secondary Route;Dry;Two-Way, Not Divided;None;No Special Feature;Coarse Asphalt;Coastal;Rural;;Double Yellow Line, No Passing Zone;Clear;No;0.0, 0.0
534;535;No;;;Missing;With Traffic;Injury;Bike Lane / Paved Shoulder;/Missing;;None - Rural Crash;Durham;No;01-01-05;2008-07-18;Motorist Failed to Yield - Sign-Controlled Intersection;15;Intersection;01-07-01;0001-01-01T10:48:58-04:56;Motorist Drive Out - Sign-Controlled Intersection;121141;2008;Injury;Commercial;40-49;43;No;;Injury;/Missing;;Pedalcycle;No;Yes;Daylight;Rural (<30% Developed);2 lanes;2;Curve - Bottom;State Secondary Route;Dry;Two-Way, Divided, Unprotected Median;None;T-Intersection;Smooth Asphalt;Piedmont;Rural;;Stop Sign;Cloudy;No;0.0, 0.0
537;538;No;40-49;43;No;With Traffic;O: No Injury;Bike Lane / Paved Shoulder;White;Female;Emerald Isle;Carteret;No;01-01-06;2008-07-19;Motorist Right Turn / Merge;10;Non-Intersection;01-07-01;0001-01-01T05:03:58-04:56;Motorist Right Turn - Same Direction;321213;2008;O: No Injury;Commercial;40-49;40;No;0-5 mph;O: No Injury;White;Male;Light Truck (Mini-Van, Panel);No;No;Daylight;Urban (>70% Developed);3 lanes;2;Straight - Level;NC Route;Dry;Two-Way, Divided, Unprotected Median;None;Driveway, Public;Coarse Asphalt;Coastal;Rural;30 - 35  MPH;No Control Present;Clear;No;0.0, 0.0
542;543;Yes;50-59;57;Yes;Facing Traffic;B: Evident Injury;Sidewalk / Crosswalk / Driveway Crossing;White;Male;Charlotte;Mecklenburg;Yes;;2008-08-18;Crossing Paths - Other Circumstances;23;Intersection;01-08-01;0001-01-01T18:58:58-04:56;Signalized Intersection - Other /;132158;2008;B: Evident Injury;Commercial;20-24;24;No;0-5 mph;O: No Injury;White;Male;Passenger Car;No;No;Dark - Lighted Roadway;Urban (>70% Developed);7 lanes;2;Straight - Level;NC Route;Dry;Two-Way, Divided, Unprotected Median;None;Four-Way Intersection;Smooth Asphalt;Piedmont;Urban;40 - 45  MPH;Stop And Go Signal;Clear;No;0.0, 0.0
553;554;No;16-19;17;No;With Traffic;B: Evident Injury;Sidewalk / Crosswalk / Driveway Crossing;White;Male;Charlotte;Mecklenburg;No;;2008-08-04;Motorist Failed to Yield - Midblock;15;Non-Intersection;01-08-01;0001-01-01T10:32:58-04:56;Motorist Drive Out - Commercial Driveway / Alley;331322;2008;B: Evident Injury;Commercial;25-29;28;No;0-5 mph;O: No Injury;White;Male;Van;No;No;Daylight;Urban (>70% Developed);;2;Straight - Level;Local Street;Dry;One-Way, Not Divided;None;No Special Feature;Concrete;Piedmont;Urban;5 - 15 MPH;Missing;Clear;No;0.0, 0.0
557;558;Yes;20-24;22;No;With Traffic;B: Evident Injury;Travel Lane;White;Female;Asheville;Buncombe;No;01-01-04;2008-07-24;Motorist Overtaking Bicyclist;6;Non-Intersection;01-07-01;0001-01-01T01:58:58-04:56;Motorist Overtaking - Undetected Bicyclist;311231;2008;B: Evident Injury;Commercial;25-29;25;No;41-45 mph;O: No Injury;White;Male;Passenger Car;No;No;Daylight;Urban (>70% Developed);5 lanes;2;Straight - Grade;US Route;Dry;Two-Way, Not Divided;None;No Special Feature;Smooth Asphalt;Mountains;Urban;40 - 45  MPH;No Control Present;Clear;No;0.0, 0.0
561;562;No;15-Nov;11;No;With Traffic;C: Possible Injury;Travel Lane;Black;Male;New Bern;Craven;No;01-01-05;2008-07-25;Bicyclist Overtaking Motorist;19;Non-Intersection;01-07-01;0001-01-01T14:09:58-04:56;Bicyclist Overtaking - Other /;311249;2008;C: Possible Injury;Residential;30-39;33;No;6-10 mph;O: No Injury;White;Female;Passenger Car;No;No;Daylight;Urban (>70% Developed);2 lanes;2;Straight - Level;Local Street;Dry;Two-Way, Not Divided;None;No Special Feature;Smooth Asphalt;Coastal;Urban;5 - 15 MPH;Missing;Clear;No;0.0, 0.0
562;563;Yes;30-39;32;Yes;With Traffic;B: Evident Injury;Travel Lane;Hispanic;Male;None - Rural Crash;Brunswick;Yes;01-01-06;2008-07-26;Head-On;1;Non-Intersection;01-07-01;0000-12-31T20:32:58-04:56;Head-On -;311259;2008;B: Evident Injury;Commercial;;;Missing;41-45 mph;Injury;/Missing;;;No;Yes;Dark - Roadway Not Lighted;Mixed (30% To 70% Developed);3 lanes;2;Straight - Level;NC Route;Dry;Two-Way, Not Divided;None;No Special Feature;Smooth Asphalt;Coastal;Rural;40 - 45  MPH;Double Yellow Line, No Passing Zone;Cloudy;No;0.0, 0.0
565;566;No;40-49;42;No;With Traffic;C: Possible Injury;Travel Lane;White;Male;Charlotte;Mecklenburg;No;01-01-05;2008-08-22;Crossing Paths - Other Circumstances;10;Intersection;01-08-01;0001-01-01T05:30:58-04:56;Sign-Controlled Intersection - Other /;111148;2008;C: Possible Injury;Residential;40-49;45;No;0-5 mph;O: No Injury;Black;Female;Sport Utility;No;No;Daylight;Urban (>70% Developed);3 lanes;2;Straight - Level;Local Street;Dry;Two-Way, Not Divided;None;T-Intersection;Smooth Asphalt;Piedmont;Urban;30 - 35  MPH;Stop Sign;Cloudy;No;0.0, 0.0
571;572;No;15-Nov;14;No;With Traffic;Injury;Travel Lane;White;Male;Carolina Beach;New Hanover;No;01-01-02;2008-07-29;Motorist Failed to Yield - Sign-Controlled Intersection;2;Intersection;01-07-01;0000-12-31T21:28:58-04:56;Motorist Drive Out - Sign-Controlled Intersection;111141;2008;Injury;Residential;;;Missing;0-5 mph;Injury;/Missing;;;No;Yes;Daylight;Urban (>70% Developed);4 lanes;2;Straight - Level;Local Street;Dry;Two-Way, Not Divided;None;No Special Feature;Smooth Asphalt;Coastal;Urban;20 - 25  MPH;Stop Sign;Clear;No;0.0, 0.0
574;575;Yes;50-59;53;Yes;With Traffic;A: Disabling Injury;Sidewalk / Crosswalk / Driveway Crossing;Black;Male;Wilmington;New Hanover;Yes;01-01-03;2008-07-30;Motorist Failed to Yield - Sign-Controlled Intersection;17;Intersection;01-07-01;0001-01-01T12:22:58-04:56;Motorist Drive Out - Sign-Controlled Intersection;131141;2008;A: Disabling Injury;Residential;40-49;44;No;0-5 mph;O: No Injury;Black;Male;Sport Utility;No;No;Daylight;Urban (>70% Developed);4 lanes;2;Straight - Level;Local Street;Dry;One-Way, Not Divided;None;Four-Way Intersection;Smooth Asphalt;Coastal;Urban;30 - 35  MPH;Stop Sign;Clear;No;0.0, 0.0
580;581;Yes;40-49;47;No;Facing Traffic;B: Evident Injury;Sidewalk / Crosswalk / Driveway Crossing;White;Female;High Point;Guilford;No;01-01-05;2008-08-01;Crossing Paths - Other Circumstances;6;Intersection;01-08-01;0001-01-01T01:51:58-04:56;Signalized Intersection - Other /;132158;2008;B: Evident Injury;Commercial;25-29;28;No;16-20 mph;O: No Injury;Black;Female;Passenger Car;No;No;Daylight;Urban (>70% Developed);7 lanes;2;Straight - Level;Local Street;Dry;Two-Way, Not Divided;None;Four-Way Intersection;Coarse Asphalt;Piedmont;Urban;30 - 35  MPH;Stop And Go Signal;Clear;No;0.0, 0.0
583;584;Yes;50-59;58;No;With Traffic;B: Evident Injury;Travel Lane;White;Male;None - Rural Crash;Pitt;No;01-01-03;2008-07-30;Motorist Overtaking Bicyclist;8;Non-Intersection;01-07-01;0001-01-01T03:23:58-04:56;Motorist Overtaking - Other /;311239;2008;B: Evident Injury;Residential;70+;;No;21-25 mph;O: No Injury;White;Male;Pickup;No;No;Daylight;Mixed (30% To 70% Developed);2 lanes;2;Straight - Hillcrest;State Secondary Route;Dry;Two-Way, Not Divided;None;No Special Feature;Coarse Asphalt;Coastal;Rural;40 - 45  MPH;Double Yellow Line, No Passing Zone;Cloudy;No;0.0, 0.0
586;587;No;50-59;57;No;With Traffic;O: No Injury;Travel Lane;Black;Male;Durham;Durham;No;01-01-07;2008-08-17;Loss of Control / Turning Error;17;Intersection;01-08-01;0001-01-01T12:15:58-04:56;Bicyclist Lost Control - Oversteering, Improper Braking, Speed;111122;2008;O: No Injury;Residential;50-59;58;No;16-20 mph;O: No Injury;Black;Male;Passenger Car;No;No;Daylight;Urban (>70% Developed);2 lanes;2;Straight - Grade;Local Street;Dry;Two-Way, Not Divided;None;No Special Feature;Smooth Asphalt;Piedmont;Urban;30 - 35  MPH;No Control Present;Clear;No;0.0, 0.0
591;592;Yes;40-49;43;No;With Traffic;C: Possible Injury;Travel Lane;White;Male;Greensboro;Guilford;No;01-01-06;2008-08-02;Loss of Control / Turning Error;9;Intersection;01-08-01;0001-01-01T04:06:58-04:56;Bicyclist Lost Control - Mechanical Problems;111121;2008;C: Possible Injury;Residential;0-19;16;No;;O: No Injury;Black;Female;Passenger Car;No;No;Daylight;Urban (>70% Developed);2 lanes;2;Straight - Level;Local Street;Dry;Two-Way, Not Divided;None;Related To Intersection;Smooth Asphalt;Piedmont;Urban;30 - 35  MPH;Stop Sign;Clear;No;0.0, 0.0
593;594;Yes;15-Nov;15;No;With Traffic;B: Evident Injury;Travel Lane;White;Male;None - Rural Crash;Iredell;No;;2008-08-04;Bicyclist Left Turn / Merge;14;Non-Intersection;01-08-01;0001-01-01T09:52:58-04:56;Bicyclist Left Turn - Opposite Direction;311222;2008;B: Evident Injury;Residential;25-29;25;No;51-55 mph;O: No Injury;White;Male;Pickup;No;No;Daylight;Mixed (30% To 70% Developed);2 lanes;2;Straight - Level;State Secondary Route;Dry;Two-Way, Not Divided;None;No Special Feature;Smooth Asphalt;Piedmont;Rural;50 - 55  MPH;Double Yellow Line, No Passing Zone;Clear;No;0.0, 0.0
595;596;Yes;60-69;61;No;Not Applicable;B: Evident Injury;Non-Roadway;Black;Male;Monroe;Union;No;;2008-08-04;Crossing Paths - Other Circumstances;20;Intersection-Related;01-08-01;0001-01-01T15:13:58-04:56;Crossing Paths - Uncontrolled Intersection;263160;2008;B: Evident Injury;Commercial;60-69;63;No;0-5 mph;O: No Injury;Hispanic;Male;Pickup;No;No;Dusk;Urban (>70% Developed);3 lanes;2;Straight - Level;Local Street;Dry;Two-Way, Not Divided;None;Four-Way Intersection;Coarse Asphalt;Piedmont;Urban;30 - 35  MPH;Stop And Go Signal;Clear;No;0.0, 0.0
600;601;Yes;40-49;46;No;With Traffic;A: Disabling Injury;Travel Lane;Black;Male;Raleigh;Wake;No;01-01-06;2008-08-09;Motorist Overtaking Bicyclist;4;Non-Intersection;01-08-01;0000-12-31T23:32:58-04:56;Motorist Overtaking - Bicyclist Swerved;311235;2008;A: Disabling Injury;Commercial;20-24;24;No;41-45 mph;O: No Injury;Black;Male;Passenger Car;No;No;Dark - Lighted Roadway;Urban (>70% Developed);6 lanes;2;Straight - Level;Local Street;Dry;Two-Way, Divided, Positive Median Barrier;None;No Special Feature;Smooth Asphalt;Piedmont;Urban;40 - 45  MPH;No Control Present;Clear;No;0.0, 0.0
604;605;No;40-49;42;No;With Traffic;B: Evident Injury;Travel Lane;White;Male;Cary;Wake;No;01-01-03;2008-09-03;Motorist Left Turn / Merge;18;Intersection;01-09-01;0001-01-01T13:03:58-04:56;Motorist Left Turn - Opposite Direction;111212;2008;B: Evident Injury;Commercial;;;No;;Injury;/Missing;;Passenger Car;No;Yes;Daylight;Mixed (30% To 70% Developed);2 lanes;2;Straight - Level;State Secondary Route;Dry;Two-Way, Not Divided;None;Four-Way Intersection;Smooth Asphalt;Piedmont;Urban;40 - 45  MPH;Stop Sign;Clear;No;0.0, 0.0
606;607;Yes;20-24;24;No;With Traffic;B: Evident Injury;Travel Lane;White;Female;Wilmington;New Hanover;Yes;01-01-06;2008-08-09;Bicyclist Left Turn / Merge;1;Non-Intersection;01-08-01;0000-12-31T20:03:58-04:56;Bicyclist Left Turn - Same Direction;311221;2008;B: Evident Injury;Commercial;30-39;38;Yes;41-45 mph;O: No Injury;White;Male;;No;Yes;Dark - Lighted Roadway;Urban (>70% Developed);6 lanes;2;Straight - Level;Local Street;Dry;Two-Way, Divided, Unprotected Median;None;No Special Feature;Coarse Asphalt;Coastal;Urban;40 - 45  MPH;No Control Present;Clear;No;0.0, 0.0
619;620;No;40-49;40;No;With Traffic;O: No Injury;Sidewalk / Crosswalk / Driveway Crossing;Black;Male;Charlotte;Mecklenburg;No;01-01-06;2008-09-06;Motorist Failed to Yield - Midblock;21;Non-Intersection;01-09-01;0001-01-01T16:50:58-04:56;Motorist Drive Out - Commercial Driveway / Alley;331322;2008;O: No Injury;Commercial;30-39;33;No;6-10 mph;O: No Injury;White;Female;Passenger Car;No;No;Dark - Lighted Roadway;Urban (>70% Developed);6 lanes;2;Straight - Level;Local Street;Dry;Two-Way, Divided, Positive Median Barrier;None;No Special Feature;Smooth Asphalt;Piedmont;Urban;40 - 45  MPH;Stop Sign;Clear;No;0.0, 0.0