FID;OBJECTID;AmbulanceR;BikeAge_Gr;Bike_Age;Bike_Alc_D;Bike_Dir;Bike_Injur;Bike_Pos;Bike_Race;Bike_Sex;City;County;CrashAlcoh;CrashDay;Crash_Date;Crash_Grp;Crash_Hour;Crash_Loc;Crash_Mont;Crash_Time;Crash_Type;Crash_Ty_1;Crash_Year;Crsh_Sevri;Developmen;DrvrAge_Gr;Drvr_Age;Drvr_Alc_D;Drvr_EstSp;Drvr_Injur;Drvr_Race;Drvr_Sex;Drvr_VehTy;ExcsSpdInd;Hit_Run;Light_Cond;Locality;Num_Lanes;Num_Units;Rd_Charact;Rd_Class;Rd_Conditi;Rd_Config;Rd_Defects;Rd_Feature;Rd_Surface;Region;Rural_Urba;Speed_Limi;Traff_Cntr;Weather;Workzone_I;Location
728;729;No;25-29;29;No;With Traffic;C: Possible Injury;Travel Lane;White;Male;Raleigh;Wake;No;01-01-03;2009-12-02;Motorist Overtaking Bicyclist;12;Non-Intersection;01-12-01;0001-01-01T07:55:58-04:56;Motorist Overtaking - Other /;311239;2009;C: Possible Injury;Commercial;;;Missing;16-20 mph;Injury;/Missing;;;No;Yes;Daylight;Urban (>70% Developed);5 lanes;2;Straight - Level;Local Street;Wet;Two-Way, Divided, Unprotected Median;None;No Special Feature;Smooth Asphalt;Piedmont;Urban;40 - 45  MPH;No Control Present;Rain;No;35.918587, -78.79975
734;735;Yes;25-29;25;No;Not Applicable;B: Evident Injury;Non-Roadway;Black;Male;Smithfield;Johnston;No;01-01-05;2009-11-27;Non-Roadway;10;Non-Roadway;01-11-01;0001-01-01T05:24:58-04:56;Non-Roadway;460910;2009;B: Evident Injury;Commercial;;;Missing;16-20 mph;Injury;/Missing;;;No;Yes;Daylight;Urban (>70% Developed);;2;Straight - Level;Public Vehicular Area;Dry;Two-Way, Not Divided;None;No Special Feature;Coarse Asphalt;Coastal;Urban;;No Control Present;Clear;No;35.520653, -78.31332
738;739;Yes;15-Nov;15;No;With Traffic;B: Evident Injury;Travel Lane;White;Male;None - Rural Crash;Wake;No;01-01-02;2009-12-01;Motorist Overtaking Bicyclist;16;Non-Intersection;01-12-01;0001-01-01T11:29:58-04:56;Motorist Overtaking - Misjudged Space;311232;2009;B: Evident Injury;Residential;;;Missing;31-35 mph;Injury;/Missing;;;No;Yes;Daylight;Mixed (30% To 70% Developed);2 lanes;2;Straight - Grade;State Secondary Route;Dry;Two-Way, Divided, Unprotected Median;None;No Special Feature;Smooth Asphalt;Piedmont;Rural;40 - 45  MPH;Double Yellow Line, No Passing Zone;Clear;No;35.890747, -78.698586
739;740;Yes;15-Nov;13;No;With Traffic;B: Evident Injury;Travel Lane;Black;Male;Kannapolis;Cabarrus;No;01-01-02;2009-12-01;Motorist Failed to Yield - Signalized Intersection;17;Intersection;01-12-01;0001-01-01T12:55:58-04:56;Motorist Drive Out - Signalized Intersection;111152;2009;B: Evident Injury;Commercial;50-59;50;No;11-15 mph;O: No Injury;White;Female;Light Truck (Mini-Van, Panel);No;No;Dark - Lighted Roadway;Urban (>70% Developed);4 lanes;2;Straight - Level;NC Route;Dry;Two-Way, Not Divided;None;No Special Feature;Smooth Asphalt;Piedmont;Urban;30 - 35  MPH;Stop And Go Signal;Clear;No;35.488716, -80.62653
751;752;No;40-49;47;Yes;With Traffic;B: Evident Injury;Travel Lane;White;Male;None - Rural Crash;Onslow;Yes;;2009-12-21;Bicyclist Left Turn / Merge;17;Non-Intersection;01-12-01;0001-01-01T12:38:58-04:56;Bicyclist Left Turn - Same Direction;311221;2009;B: Evident Injury;Commercial;0-19;18;No;51-55 mph;O: No Injury;White;Male;Sport Utility;No;No;Dusk;Mixed (30% To 70% Developed);5 lanes;2;Straight - Level;US Route;Dry;Two-Way, Not Divided;None;No Special Feature;Smooth Asphalt;Coastal;Rural;50 - 55  MPH;No Control Present;Clear;No;34.776688, -77.4931
756;757;Yes;25-29;25;No;With Traffic;C: Possible Injury;Travel Lane;White;Male;None - Rural Crash;Burke;No;01-01-04;2009-12-24;Motorist Overtaking Bicyclist;20;Non-Intersection;01-12-01;0001-01-01T15:41:58-04:56;Motorist Overtaking - Other /;311239;2009;C: Possible Injury;Residential;;;No;41-45 mph;Injury;/Missing;;;No;Yes;Dark - Roadway Not Lighted;Rural (<30% Developed);2 lanes;2;Straight - Level;US Route;Wet;Two-Way, Not Divided;None;No Special Feature;Smooth Asphalt;Mountains;Rural;40 - 45  MPH;Double Yellow Line, No Passing Zone;Rain;No;35.75268, -81.644196
762;763;No;50-59;53;No;Facing Traffic;C: Possible Injury;Travel Lane;White;Male;Kill Devil Hills;Dare;No;01-01-05;2009-12-18;Motorist Left Turn / Merge;21;Non-Intersection;01-12-01;0001-01-01T16:52:58-04:56;Motorist Left Turn - Same Direction;312211;2009;C: Possible Injury;Residential;20-24;23;No;11-15 mph;O: No Injury;White;Male;Sport Utility;No;No;Dark - Roadway Not Lighted;Urban (>70% Developed);2 lanes;2;Straight - Level;Local Street;Wet;Two-Way, Not Divided;None;Alley Intersection;Coarse Asphalt;Coastal;Urban;20 - 25  MPH;No Control Present;Rain;No;35.99762, -75.653244
767;768;Yes;60-69;65;No;With Traffic;C: Possible Injury;Travel Lane;White;Male;Ayden;Pitt;No;01-01-05;2009-12-18;Bicyclist Failed to Yield - Sign-Controlled Intersection;17;Intersection;01-12-01;0001-01-01T12:34:58-04:56;Bicyclist Ride Out - Sign-Controlled Intersection;111142;2009;C: Possible Injury;Residential;20-24;22;No;56-60 mph;O: No Injury;Black;Female;Passenger Car;No;No;Dark - Roadway Not Lighted;Mixed (30% To 70% Developed);4 lanes;2;Straight - Level;NC Route;Wet;Two-Way, Divided, Unprotected Median;None;No Special Feature;Smooth Asphalt;Coastal;Rural;60 - 75 MPH;No Control Present;Rain;No;35.491932, -77.42849
768;769;Yes;40-49;49;No;Facing Traffic;A: Disabling Injury;Travel Lane;White;Male;Wilson;Wilson;No;01-01-02;2009-12-08;Motorist Overtaking Bicyclist;19;Non-Intersection;01-12-01;0001-01-01T14:20:58-04:56;Motorist Overtaking - Other /;312239;2009;A: Disabling Injury;Industrial;70+;;No;26-30 mph;O: No Injury;Black;Male;Pickup;No;No;Dark - Lighted Roadway;Urban (>70% Developed);4 lanes;2;Straight - Grade;Local Street;Wet;Two-Way, Not Divided;No Shoulders;Bridge;Smooth Asphalt;Coastal;Urban;40 - 45  MPH;No Control Present;Rain;No;35.70949, -77.92689
772;773;No;10-Jun;7;No;Not Applicable;C: Possible Injury;Sidewalk / Crosswalk / Driveway Crossing;Black;Male;Wilson;Wilson;No;01-01-04;2009-05-21;Parallel Paths - Other Circumstances;18;Non-Intersection;01-05-01;0001-01-01T13:36:58-04:56;Bicyclist Ride Out - Parallel Path;333225;2009;C: Possible Injury;Residential;25-29;25;No;16-20 mph;O: No Injury;Black;Female;Passenger Car;No;No;Daylight;Urban (>70% Developed);2 lanes;2;Straight - Level;Local Street;Dry;Two-Way, Not Divided;None;No Special Feature;Coarse Asphalt;Coastal;Urban;30 - 35  MPH;No Control Present;Clear;No;35.727806, -77.91781
775;776;Yes;60-69;61;No;Facing Traffic;C: Possible Injury;Travel Lane;Black;Male;Wilson;Wilson;No;01-01-05;2009-06-26;Head-On;14;Intersection-Related;01-06-01;0001-01-01T09:08:58-04:56;Head-On - Bicyclist;212250;2009;C: Possible Injury;Commercial;30-39;30;No;;O: No Injury;Black;Female;Passenger Car;No;No;Daylight;Urban (>70% Developed);3 lanes;2;Straight - Grade;Local Street;Dry;Two-Way, Not Divided;None;No Special Feature;Coarse Asphalt;Coastal;Urban;30 - 35  MPH;Stop And Go Signal;Clear;No;35.71335, -77.93196
781;782;Yes;30-39;30;No;Facing Traffic;C: Possible Injury;Sidewalk / Crosswalk / Driveway Crossing;Hispanic;Male;Charlotte;Mecklenburg;No;01-01-07;2009-10-04;Motorist Failed to Yield - Sign-Controlled Intersection;12;Intersection;01-10-01;0001-01-01T07:32:58-04:56;Motorist Drive Out - Sign-Controlled Intersection;132141;2009;C: Possible Injury;Residential;30-39;37;No;0-5 mph;O: No Injury;Hispanic;Female;Sport Utility;No;No;Daylight;Urban (>70% Developed);2 lanes;2;Straight - Bottom;Local Street;Dry;Two-Way, Not Divided;None;Four-Way Intersection;Smooth Asphalt;Piedmont;Urban;30 - 35  MPH;Stop Sign;Cloudy;No;35.136948, -80.886024
784;785;No;60-69;69;No;With Traffic;B: Evident Injury;Travel Lane;White;Male;Charlotte;Mecklenburg;No;01-01-07;2009-09-27;Motorist Failed to Yield - Sign-Controlled Intersection;14;Intersection;01-09-01;0001-01-01T09:28:58-04:56;Motorist Drive Out - Sign-Controlled Intersection;111141;2009;B: Evident Injury;Residential;50-59;57;No;11-15 mph;O: No Injury;White;Male;Passenger Car;No;No;Daylight;Urban (>70% Developed);4 lanes;2;Straight - Level;Local Street;Dry;Two-Way, Not Divided;None;Four-Way Intersection;Smooth Asphalt;Piedmont;Urban;30 - 35  MPH;Stop Sign;Clear;No;35.179424, -80.837006
785;786;No;40-49;49;No;Facing Traffic;C: Possible Injury;Sidewalk / Crosswalk / Driveway Crossing;Hispanic;Male;Charlotte;Mecklenburg;No;01-01-02;2009-09-22;Motorist Failed to Yield - Signalized Intersection;18;Intersection;01-09-01;0001-01-01T13:48:58-04:56;Motorist Drive Out - Signalized Intersection;132152;2009;C: Possible Injury;Commercial;30-39;39;No;0-5 mph;O: No Injury;Black;Male;Passenger Car;No;No;Daylight;Urban (>70% Developed);3 lanes;2;Straight - Level;Local Street;Dry;Two-Way, Not Divided;None;Four-Way Intersection;Smooth Asphalt;Piedmont;Urban;20 - 25  MPH;Stop And Go Signal;Cloudy;No;35.13771, -80.879234
788;789;Yes;50-59;51;No;With Traffic;B: Evident Injury;Travel Lane;Black;Male;Elizabeth City;Pasquotank;No;01-01-03;2009-09-09;Bicyclist Failed to Yield - Signalized Intersection;17;Intersection;01-09-01;0001-01-01T12:58:58-04:56;Bicyclist Ride Out - Signalized  Intersection;111153;2009;B: Evident Injury;Residential;30-39;37;No;31-35 mph;O: No Injury;/Missing;;Passenger Car;No;No;Daylight;Rural (<30% Developed);4 lanes;2;Straight - Level;Local Street;Dry;Two-Way, Divided, Unprotected Median;None;Four-Way Intersection;Grooved Concrete;Coastal;Urban;30 - 35  MPH;Stop And Go Signal;Clear;No;36.29647, -76.22368
793;794;No;30-39;36;No;With Traffic;O: No Injury;Travel Lane;/Missing;Male;Charlotte;Mecklenburg;No;01-01-03;2009-08-05;Motorist Overtaking Bicyclist;14;Intersection-Related;01-08-01;0001-01-01T09:37:58-04:56;Motorist Overtaking - Other /;211239;2009;O: No Injury;Residential;;;Missing;0-5 mph;Injury;/Missing;;;No;Yes;Daylight;Urban (>70% Developed);2 lanes;2;Straight - Level;Local Street;Dry;Two-Way, Not Divided;None;No Special Feature;Smooth Asphalt;Piedmont;Urban;30 - 35  MPH;Stop And Go Signal;Clear;No;35.221214, -80.81859
794;795;Yes;20-24;21;No;Facing Traffic;B: Evident Injury;Travel Lane;Hispanic;Male;Charlotte;Mecklenburg;No;01-01-04;2009-07-02;Motorist Failed to Yield - Signalized Intersection;22;Intersection;01-07-01;0001-01-01T17:17:58-04:56;Motorist Drive Out - Signalized Intersection;112152;2009;B: Evident Injury;Commercial;40-49;47;No;0-5 mph;O: No Injury;White;Male;Pickup;No;No;Dark - Lighted Roadway;Urban (>70% Developed);5 lanes;2;Straight - Level;Local Street;Wet;Two-Way, Divided, Unprotected Median;None;T-Intersection;Smooth Asphalt;Piedmont;Urban;30 - 35  MPH;Stop And Go Signal;Clear;No;35.1469, -80.72436
797;798;Yes;10-Jun;10;No;Not Applicable;C: Possible Injury;;Black;Male;Charlotte;Mecklenburg;No;01-01-05;2009-06-19;Other /  - Insufficient Details;21;Intersection-Related;01-06-01;0001-01-01T16:28:58-04:56;Approach Paths;293970;2009;C: Possible Injury;Residential;30-39;39;No;6-10 mph;O: No Injury;Black;Male;Van;No;No;Dark - Roadway Not Lighted;Urban (>70% Developed);4 lanes;2;Straight - Level;Local Street;Dry;Two-Way, Not Divided;None;Traffic Circle/Roundabout;Smooth Asphalt;Piedmont;Urban;30 - 35  MPH;No Control Present;Clear;No;35.185867, -80.74691
804;805;Yes;10-Jun;8;No;;C: Possible Injury;;Black;Male;Charlotte;Mecklenburg;No;01-01-05;2009-04-03;Bicyclist Failed to Yield - Midblock;19;Non-Intersection;01-04-01;0001-01-01T14:36:58-04:56;Bicyclist Ride Out - Midblock -;399319;2009;C: Possible Injury;Residential;60-69;68;No;11-15 mph;O: No Injury;Black;Male;Pickup;No;No;Daylight;Urban (>70% Developed);2 lanes;2;Straight - Level;Local Street;Dry;Two-Way, Not Divided;None;Driveway, Public;Smooth Asphalt;Piedmont;Urban;20 - 25  MPH;No Control Present;Clear;No;35.135017, -80.94292
9;10;Yes;30-39;39;No;Facing Traffic;C: Possible Injury;Sidewalk / Crosswalk / Driveway Crossing;Hispanic;Female;Cary;Wake;No;01-01-04;2010-01-21;Motorist Left Turn / Merge;20;Intersection;;0001-01-01T15:10:58-04:56;Motorist Left Turn - Opposite Direction;0;2010;C: Possible Injury;Residential;40-49;47;No;0-5 mph;O: No Injury;White;Female;Passenger Car;No;No;Dark - Roadway Not Lighted;Urban (>70% Developed);2 lanes;2;Straight - Level;Local Street;Wet;Two-Way, Not Divided;None;Four-Way Intersection;Smooth Asphalt;Piedmont;Urban;30 - 35  MPH;Stop And Go Signal;Rain;No;35.783123, -78.78329
16;17;Yes;15-Nov;14;No;With Traffic;B: Evident Injury;Travel Lane;Hispanic;Male;Statesville;Iredell;No;01-01-03;2010-01-13;Crossing Paths - Other Circumstances;16;Intersection;;0001-01-01T11:03:58-04:56;Crossing Paths - Intersection - Other /;0;2010;B: Evident Injury;Residential;50-59;58;No;26-30 mph;O: No Injury;White;Male;Pickup;No;No;Daylight;Urban (>70% Developed);2 lanes;2;Curve - Level;Local Street;Dry;Two-Way, Divided, Unprotected Median;None;No Special Feature;Smooth Asphalt;Piedmont;Urban;30 - 35  MPH;No Control Present;Clear;No;35.804813, -80.881996
18;19;Yes;30-39;36;No;With Traffic;B: Evident Injury;Bike Lane / Paved Shoulder;White;Male;Charlotte;Mecklenburg;No;01-01-05;2010-01-15;Crossing Paths - Other Circumstances;16;Intersection;;0001-01-01T11:07:58-04:56;Crossing Paths - Intersection - Other /;0;2010;B: Evident Injury;Residential;40-49;46;No;21-25 mph;O: No Injury;White;Female;Passenger Car;No;No;Daylight;Urban (>70% Developed);5 lanes;2;Straight - Level;Local Street;Dry;Two-Way, Divided, Unprotected Median;None;No Special Feature;Coarse Asphalt;Piedmont;Urban;30 - 35  MPH;No Control Present;Clear;No;35.351997, -80.778595
19;20;Yes;15-Nov;14;No;With Traffic;C: Possible Injury;Travel Lane;White;Male;Eden;Rockingham;No;;2010-01-25;Head-On;12;Non-Intersection;;0001-01-01T07:39:58-04:56;Head-On - Bicyclist;0;2010;C: Possible Injury;Residential;25-29;27;No;0-5 mph;O: No Injury;White;Female;Passenger Car;No;No;Daylight;Urban (>70% Developed);2 lanes;2;Straight - Level;Local Street;Dry;Two-Way, Not Divided;None;No Special Feature;Smooth Asphalt;Piedmont;Urban;20 - 25  MPH;No Control Present;Clear;No;36.48855, -79.75311
23;24;No;15-Nov;15;No;With Traffic;O: No Injury;Travel Lane;Black;Male;Raleigh;Wake;No;;2010-01-18;Bicyclist Failed to Yield - Signalized Intersection;14;Intersection;;0001-01-01T09:33:58-04:56;Bicyclist Failed to Clear - Trapped;0;2010;O: No Injury;Commercial;50-59;55;No;0-5 mph;O: No Injury;Black;Female;Passenger Car;No;No;Daylight;Mixed (30% To 70% Developed);5 lanes;2;Straight - Level;Local Street;Dry;Two-Way, Not Divided;None;No Special Feature;Smooth Asphalt;Piedmont;Urban;30 - 35  MPH;Stop And Go Signal;Clear;No;35.834713, -78.60203
29;30;Yes;16-19;19;No;With Traffic;B: Evident Injury;Travel Lane;Black;Male;Goldsboro;Wayne;No;01-01-05;2010-01-29;Motorist Overtaking Bicyclist;21;Intersection;;0001-01-01T16:43:58-04:56;Motorist Overtaking - Other /;0;2010;B: Evident Injury;Residential;;;Missing;;Injury;/Missing;;;No;Yes;Dark - Roadway Not Lighted;Urban (>70% Developed);2 lanes;2;Straight - Level;Local Street;Dry;Two-Way, Not Divided;None;Four-Way Intersection;Smooth Asphalt;Coastal;Urban;20 - 25  MPH;Stop Sign;Cloudy;No;35.387653, -77.98242
32;33;No;30-39;30;No;Facing Traffic;O: No Injury;;White;Male;Greenville;Pitt;No;01-01-05;2010-01-22;Crossing Paths - Other Circumstances;13;Non-Intersection;;0001-01-01T08:48:58-04:56;Crossing Paths - Midblock - Other /;0;2010;O: No Injury;Institutional;50-59;58;No;0-5 mph;O: No Injury;White;Male;Truck/Trailer;No;No;Daylight;Urban (>70% Developed);;2;Straight - Level;Public Vehicular Area;Wet;Two-Way, Not Divided;None;No Special Feature;Smooth Asphalt;Coastal;Urban;;Stop Sign;Rain;No;35.590477, -77.36796
35;36;Yes;25-29;29;No;Facing Traffic;B: Evident Injury;Travel Lane;Black;Male;Enfield;Halifax;No;01-01-03;2010-01-27;Motorist Left Turn / Merge;0;Non-Intersection;;0000-12-31T19:14:58-04:56;Motorist Left Turn - Same Direction;0;2010;B: Evident Injury;Residential;;;Missing;6-10 mph;Injury;/Missing;;;No;Yes;Dark - Lighted Roadway;Urban (>70% Developed);2 lanes;2;Straight - Level;Local Street;Dry;Two-Way, Not Divided;None;No Special Feature;Smooth Asphalt;Coastal;Rural;20 - 25  MPH;Stop Sign;Clear;No;36.17794, -77.665695
46;47;Yes;50-59;53;No;With Traffic;B: Evident Injury;Travel Lane;White;Male;None - Rural Crash;Alexander;No;01-01-05;2010-02-26;Motorist Overtaking Bicyclist;18;Non-Intersection;01-02-01;0001-01-01T13:47:58-04:56;Motorist Overtaking - Other /;0;2010;B: Evident Injury;Residential;70+;;No;31-35 mph;O: No Injury;White;Female;Sport Utility;No;No;Dusk;Mixed (30% To 70% Developed);2 lanes;2;Straight - Grade;State Secondary Route;Dry;Two-Way, Not Divided;None;Driveway, Private;Coarse Asphalt;Piedmont;Rural;40 - 45  MPH;Double Yellow Line, No Passing Zone;Clear;No;35.932907, -81.1366
57;58;Yes;40-49;40;No;With Traffic;C: Possible Injury;Travel Lane;White;Male;None - Rural Crash;Pitt;No;01-01-06;2010-03-06;Motorist Overtaking Bicyclist;15;Non-Intersection;01-03-01;0001-01-01T10:29:58-04:56;Motorist Overtaking - Undetected Bicyclist;0;2010;C: Possible Injury;Farms, Woods, Pastures;70+;;No;16-20 mph;O: No Injury;White;Male;Pickup;No;No;Daylight;Rural (<30% Developed);2 lanes;2;Straight - Grade;State Secondary Route;Dry;Two-Way, Not Divided;None;No Special Feature;Coarse Asphalt;Coastal;Rural;50 - 55  MPH;Double Yellow Line, No Passing Zone;Clear;No;35.5682, -77.24802
61;62;Yes;15-Nov;11;No;With Traffic;B: Evident Injury;Sidewalk / Crosswalk / Driveway Crossing;Black;Male;High Point;Guilford;No;01-01-02;2010-02-23;Motorist Right Turn / Merge;19;Intersection;01-02-01;0001-01-01T14:15:58-04:56;Motorist Right Turn - Same Direction;0;2010;B: Evident Injury;Commercial;;;Missing;;Injury;/Missing;;;No;Yes;Dark - Lighted Roadway;Urban (>70% Developed);2 lanes;2;Straight - Level;Local Street;Wet;Two-Way, Not Divided;None;Four-Way Intersection;Smooth Asphalt;Piedmont;Urban;;Stop And Go Signal;Clear;No;35.95613, -80.00018
62;63;Yes;60-69;61;No;Facing Traffic;C: Possible Injury;Sidewalk / Crosswalk / Driveway Crossing;White;Male;Cary;Wake;No;01-01-03;2010-03-10;Motorist Failed to Yield - Sign-Controlled Intersection;11;Intersection;01-03-01;0001-01-01T06:54:58-04:56;Motorist Drive Out - Sign-Controlled Intersection;0;2010;C: Possible Injury;Residential;60-69;65;No;0-5 mph;O: No Injury;White;Male;Pickup;No;No;Daylight;Urban (>70% Developed);2 lanes;2;Straight - Level;Local Street;Dry;Two-Way, Not Divided;None;Four-Way Intersection;Smooth Asphalt;Piedmont;Urban;20 - 25  MPH;Stop Sign;Cloudy;No;35.733044, -78.77765
65;66;Yes;50-59;51;No;With Traffic;B: Evident Injury;Travel Lane;White;Female;Durham;Durham;No;01-01-03;2010-03-17;Motorist Overtaking Bicyclist;8;Non-Intersection;01-03-01;0001-01-01T03:19:58-04:56;Motorist Overtaking - Undetected Bicyclist;0;2010;B: Evident Injury;Commercial;20-24;21;No;41-45 mph;O: No Injury;Hispanic;Male;Passenger Car;No;No;Daylight;Urban (>70% Developed);2 lanes;2;Straight - Level;Local Street;Dry;Two-Way, Not Divided;None;No Special Feature;Smooth Asphalt;Piedmont;Urban;40 - 45  MPH;No Control Present;Clear;No;35.943623, -78.87088
69;70;Yes;40-49;47;No;With Traffic;C: Possible Injury;Travel Lane;Black;Male;Winterville;Pitt;No;01-01-02;2010-02-02;Crossing Paths - Other Circumstances;18;Intersection;01-02-01;0001-01-01T13:45:58-04:56;Sign-Controlled Intersection - Other /;0;2010;C: Possible Injury;Residential;0-19;16;No;0-5 mph;O: No Injury;Black;Male;Passenger Car;No;No;Dark - Lighted Roadway;Urban (>70% Developed);2 lanes;3;Straight - Level;Local Street;Wet;Two-Way, Divided, Positive Median Barrier;None;Four-Way Intersection;Smooth Asphalt;Coastal;Urban;5 - 15 MPH;Stop Sign;Snow, Sleet, Hail, Freezing Rain/Drizzle;No;35.533905, -77.40009
75;76;Yes;16-19;18;No;With Traffic;B: Evident Injury;Travel Lane;Black;Male;None - Rural Crash;Durham;No;01-01-03;2010-03-17;Motorist Overtaking Bicyclist;23;Non-Intersection;01-03-01;0001-01-01T18:05:58-04:56;Motorist Overtaking - Other /;0;2010;B: Evident Injury;Residential;;;No;46-50 mph;Injury;/Missing;;Sport Utility;No;Yes;Dark - Roadway Not Lighted;Mixed (30% To 70% Developed);3 lanes;2;Straight - Grade;State Secondary Route;Dry;Two-Way, Not Divided;None;No Special Feature;Coarse Asphalt;Piedmont;Rural;40 - 45  MPH;Stop Sign;Clear;No;36.05887, -78.8887
79;80;Yes;50-59;57;No;Not Applicable;C: Possible Injury;;Black;Male;Fayetteville;Cumberland;No;01-01-05;2010-03-05;Bicyclist Failed to Yield - Midblock;13;Non-Intersection;01-03-01;0001-01-01T08:09:58-04:56;Bicyclist Ride Out - Other Midblock;0;2010;C: Possible Injury;Commercial;60-69;62;No;21-25 mph;O: No Injury;Black;Female;Van;No;No;Daylight;Mixed (30% To 70% Developed);5 lanes;2;Straight - Level;Local Street;Dry;Two-Way, Divided, Unprotected Median;None;No Special Feature;Smooth Asphalt;Coastal;Urban;30 - 35  MPH;No Control Present;Clear;No;35.048695, -78.86713
84;85;Yes;16-19;18;No;Not Applicable;B: Evident Injury;Driveway / Alley;White;Male;High Point;Guilford;No;;2010-03-08;Bicyclist Failed to Yield - Midblock;8;Non-Intersection;01-03-01;0001-01-01T03:28:58-04:56;Multiple Threat - Midblock;0;2010;B: Evident Injury;Institutional;20-24;23;No;26-30 mph;O: No Injury;White;Female;Sport Utility;No;No;Daylight;Urban (>70% Developed);5 lanes;2;Straight - Level;US Route;Dry;Two-Way, Not Divided;None;Driveway, Public;Smooth Asphalt;Piedmont;Urban;30 - 35  MPH;No Control Present;Clear;No;35.946873, -80.00345
85;86;No;20-24;20;No;;B: Evident Injury;Sidewalk / Crosswalk / Driveway Crossing;White;Male;Burlington;Alamance;No;01-01-03;2010-03-10;Backing Vehicle;13;Non-Intersection;01-03-01;0001-01-01T08:22:58-04:56;Backing Vehicle;0;2010;B: Evident Injury;Residential;;;Missing;0-5 mph;Injury;/Missing;;;No;Yes;Daylight;Urban (>70% Developed);4 lanes;2;Straight - Grade;NC Route;Dry;Two-Way, Not Divided;None;Driveway, Private;Coarse Asphalt;Piedmont;Urban;30 - 35  MPH;No Control Present;Clear;No;36.107502, -79.43422
87;88;No;40-49;44;No;With Traffic;A: Disabling Injury;Travel Lane;White;Male;Charlotte;Mecklenburg;No;01-01-04;2010-03-11;Motorist Overtaking Bicyclist;6;Non-Intersection;01-03-01;0001-01-01T01:23:58-04:56;Motorist Overtaking - Undetected Bicyclist;0;2010;A: Disabling Injury;Farms, Woods, Pastures;;;Missing;41-45 mph;Injury;/Missing;;;No;Yes;Dawn;Rural (<30% Developed);4 lanes;2;Curve - Grade;NC Route;Wet;Two-Way, Not Divided;None;No Special Feature;Coarse Asphalt;Piedmont;Urban;40 - 45  MPH;Other;Fog, Smog, Smoke;No;35.099102, -81.0393
89;90;Yes;40-49;49;No;With Traffic;B: Evident Injury;Travel Lane;Black;Male;None - Rural Crash;Bertie;No;01-01-03;2010-03-24;Motorist Overtaking Bicyclist;20;Non-Intersection;01-03-01;0001-01-01T15:07:58-04:56;Motorist Overtaking - Misjudged Space;0;2010;B: Evident Injury;Farms, Woods, Pastures;60-69;66;No;46-50 mph;O: No Injury;Black;Male;Pickup;No;No;Dark - Roadway Not Lighted;Rural (<30% Developed);2 lanes;2;Straight - Level;NC Route;Dry;Two-Way, Not Divided;None;No Special Feature;Coarse Asphalt;Coastal;Rural;50 - 55  MPH;No Control Present;Clear;No;35.991413, -76.76967
90;91;Yes;16-19;16;No;With Traffic;K: Killed;Travel Lane;White;Male;Lenoir;Caldwell;No;01-01-02;2010-03-23;Bicyclist Failed to Yield - Sign-Controlled Intersection;18;Intersection;01-03-01;0001-01-01T13:28:58-04:56;Bicyclist Ride Through - Sign-Controlled Intersection;0;2010;K: Killed;Residential;30-39;36;No;21-25 mph;O: No Injury;White;Male;Pickup;No;No;Daylight;Urban (>70% Developed);2 lanes;2;Straight - Level;Local Street;Dry;Two-Way, Not Divided;None;T-Intersection;Coarse Asphalt;Mountains;Urban;30 - 35  MPH;Stop Sign;Clear;No;35.92288, -81.552086
103;104;No;16-19;17;No;With Traffic;O: No Injury;Travel Lane;White;Male;None - Rural Crash;New Hanover;No;01-01-05;2010-04-02;Bicyclist Left Turn / Merge;10;Non-Intersection;01-04-01;0001-01-01T05:51:58-04:56;Bicyclist Left Turn - Same Direction;0;2010;O: No Injury;Commercial;0-19;19;No;31-35 mph;O: No Injury;White;Female;Pickup;No;No;Daylight;Mixed (30% To 70% Developed);2 lanes;2;Straight - Level;NC Route;Dry;Two-Way, Not Divided;None;No Special Feature;Coarse Asphalt;Coastal;Rural;40 - 45  MPH;No Control Present;Clear;No;34.295372, -77.921326
106;107;No;30-39;38;No;With Traffic;C: Possible Injury;Travel Lane;Black;Male;Wilmington;New Hanover;No;01-01-02;2010-03-16;Motorist Right Turn / Merge;19;Intersection;01-03-01;0001-01-01T15:01:58-04:56;Motorist Right Turn - Same Direction;0;2010;C: Possible Injury;Commercial;40-49;41;No;6-10 mph;O: No Injury;White;Male;Pickup;No;No;Dark - Lighted Roadway;Urban (>70% Developed);;2;Straight - Level;Local Street;Dry;Two-Way, Divided, Unprotected Median;None;Four-Way Intersection;Smooth Asphalt;Coastal;Urban;30 - 35  MPH;Stop And Go Signal;Clear;No;34.23916, -77.943855
107;108;Yes;25-29;25;Yes;Not Applicable;C: Possible Injury;Sidewalk / Crosswalk / Driveway Crossing;Hispanic;Male;Charlotte;Mecklenburg;Yes;01-01-02;2010-03-23;Motorist Failed to Yield - Midblock;18;Non-Intersection;01-03-01;0001-01-01T14:00:58-04:56;Motorist Drive Out - Commercial Driveway / Alley;0;2010;C: Possible Injury;Residential;20-24;21;No;0-5 mph;O: No Injury;Black;Male;Passenger Car;No;No;Daylight;Urban (>70% Developed);6 lanes;2;Straight - Level;Private Road, Driveway;Dry;Two-Way, Divided, Positive Median Barrier;None;Driveway, Private;Smooth Asphalt;Piedmont;Urban;5 - 15 MPH;No Control Present;Clear;No;35.229122, -80.77459