FID;OBJECTID;AmbulanceR;BikeAge_Gr;Bike_Age;Bike_Alc_D;Bike_Dir;Bike_Injur;Bike_Pos;Bike_Race;Bike_Sex;City;County;CrashAlcoh;CrashDay;Crash_Date;Crash_Grp;Crash_Hour;Crash_Loc;Crash_Mont;Crash_Time;Crash_Type;Crash_Ty_1;Crash_Year;Crsh_Sevri;Developmen;DrvrAge_Gr;Drvr_Age;Drvr_Alc_D;Drvr_EstSp;Drvr_Injur;Drvr_Race;Drvr_Sex;Drvr_VehTy;ExcsSpdInd;Hit_Run;Light_Cond;Locality;Num_Lanes;Num_Units;Rd_Charact;Rd_Class;Rd_Conditi;Rd_Config;Rd_Defects;Rd_Feature;Rd_Surface;Region;Rural_Urba;Speed_Limi;Traff_Cntr;Weather;Workzone_I;Location
108;109;Yes;30-39;35;No;With Traffic;B: Evident Injury;Travel Lane;White;Female;Charlotte;Mecklenburg;No;01-01-03;2010-03-24;Motorist Left Turn / Merge;17;Intersection;01-03-01;0001-01-01T12:37:58-04:56;Motorist Left Turn - Opposite Direction;0;2010;B: Evident Injury;Commercial;0-19;19;No;6-10 mph;O: No Injury;White;Female;Passenger Car;No;No;Daylight;Urban (>70% Developed);2 lanes;2;Straight - Level;Local Street;Dry;Two-Way, Not Divided;None;Four-Way Intersection;Smooth Asphalt;Piedmont;Urban;30 - 35  MPH;Stop Sign;Clear;No;35.186993, -80.83309
110;111;No;50-59;52;No;With Traffic;C: Possible Injury;Travel Lane;Black;Male;Greensboro;Guilford;No;01-01-04;2010-03-18;Motorist Left Turn / Merge;20;Intersection;01-03-01;0001-01-01T15:14:58-04:56;Motorist Left Turn - Opposite Direction;0;2010;C: Possible Injury;Commercial;25-29;29;No;16-20 mph;O: No Injury;White;Female;Passenger Car;No;No;Dark - Lighted Roadway;Urban (>70% Developed);2 lanes;2;Curve - Bottom;Local Street;Dry;Two-Way, Not Divided;None;Four-Way Intersection;Coarse Asphalt;Piedmont;Urban;20 - 25  MPH;Stop Sign;Clear;No;36.068108, -79.79002
118;119;No;70+;;No;With Traffic;B: Evident Injury;Travel Lane;White;Male;None - Rural Crash;Beaufort;No;01-01-07;2010-04-11;Bicyclist Left Turn / Merge;15;Non-Intersection;01-04-01;0001-01-01T10:41:58-04:56;Bicyclist Left Turn - Same Direction;0;2010;B: Evident Injury;Residential;60-69;60;No;51-55 mph;O: No Injury;Black;Male;Van;No;No;Daylight;Rural (<30% Developed);2 lanes;2;Straight - Level;US Route;Dry;Two-Way, Not Divided;None;No Special Feature;Smooth Asphalt;Coastal;Rural;50 - 55  MPH;No Control Present;Clear;No;35.522594, -76.83873
144;145;Yes;25-29;25;No;With Traffic;B: Evident Injury;Travel Lane;White;Male;Wilmington;New Hanover;No;01-01-02;2010-04-13;Motorist Overtaking Bicyclist;6;Non-Intersection;01-04-01;0001-01-01T01:31:58-04:56;Motorist Overtaking - Other /;0;2010;B: Evident Injury;Commercial;50-59;59;No;31-35 mph;O: No Injury;White;Male;Passenger Car;No;No;Daylight;Urban (>70% Developed);2 lanes;2;Straight - Grade;Local Street;Dry;Two-Way, Not Divided;None;No Special Feature;Smooth Asphalt;Coastal;Urban;30 - 35  MPH;Stop And Go Signal;Clear;No;34.209137, -77.88041
145;146;No;20-24;21;No;With Traffic;B: Evident Injury;Sidewalk / Crosswalk / Driveway Crossing;White;Male;Raleigh;Wake;No;;2010-04-12;Motorist Left Turn / Merge;18;Intersection;01-04-01;0001-01-01T13:51:58-04:56;Motorist Left Turn - Opposite Direction;0;2010;B: Evident Injury;Institutional;0-19;19;No;16-20 mph;O: No Injury;White;Female;Passenger Car;No;No;Daylight;Urban (>70% Developed);3 lanes;2;Straight - Level;Local Street;Dry;Two-Way, Not Divided;None;T-Intersection;Coarse Asphalt;Piedmont;Urban;5 - 15 MPH;Yield Sign;Clear;No;35.783783, -78.66842
154;155;Yes;30-39;33;No;With Traffic;B: Evident Injury;Travel Lane;White;Female;Southern Pines;Moore;No;01-01-02;2010-04-06;Motorist Failed to Yield - Sign-Controlled Intersection;14;Intersection;01-04-01;0001-01-01T09:33:58-04:56;Motorist Drive Out - Sign-Controlled Intersection;0;2010;B: Evident Injury;Residential;0-19;16;No;0-5 mph;O: No Injury;White;Male;Pickup;No;No;Daylight;Urban (>70% Developed);4 lanes;2;Straight - Grade;NC Route;Dry;Two-Way, Divided, Unprotected Median;None;T-Intersection;Coarse Asphalt;Piedmont;Urban;40 - 45  MPH;Stop Sign;Clear;No;35.1927, -79.38724
163;164;Yes;50-59;57;No;With Traffic;C: Possible Injury;Travel Lane;Black;Male;None - Rural Crash;Halifax;No;01-01-03;2010-04-21;Motorist Overtaking Bicyclist;19;Non-Intersection;01-04-01;0001-01-01T14:25:58-04:56;Motorist Overtaking - Other /;0;2010;C: Possible Injury;Farms, Woods, Pastures;30-39;33;No;51-55 mph;O: No Injury;Black;Male;Sport Utility;No;No;Dusk;Rural (<30% Developed);2 lanes;2;Straight - Level;NC Route;Dry;Two-Way, Not Divided;None;No Special Feature;Smooth Asphalt;Coastal;Rural;50 - 55  MPH;No Control Present;Clear;No;36.018814, -77.41089
172;173;Yes;60-69;61;No;Facing Traffic;C: Possible Injury;Travel Lane;White;Male;None - Rural Crash;New Hanover;No;;2010-04-26;Head-On;11;Non-Intersection;01-04-01;0001-01-01T06:03:58-04:56;Head-On - Bicyclist;0;2010;C: Possible Injury;Commercial;30-39;30;No;0-5 mph;O: No Injury;White;Female;Passenger Car;No;No;Daylight;Urban (>70% Developed);3 lanes;2;Straight - Level;State Secondary Route;Dry;Two-Way, Not Divided;None;T-Intersection;Coarse Asphalt;Coastal;Rural;40 - 45  MPH;No Control Present;Clear;No;34.264072, -77.83248
240;241;No;15-Nov;12;No;With Traffic;O: No Injury;Travel Lane;Black;Male;None - Rural Crash;Halifax;No;01-01-03;2011-05-18;Motorist Overtaking Bicyclist;19;Non-Intersection;01-05-01;0001-01-01T14:48:58-04:56;Motorist Overtaking - Bicyclist Swerved;311235;2011;O: No Injury;Farms, Woods, Pastures;60-69;64;No;46-50 mph;O: No Injury;Black;Male;Passenger Car;No;No;Daylight;Rural (<30% Developed);2 lanes;2;Straight - Level;State Secondary Route;Dry;Two-Way, Not Divided;None;No Special Feature;Coarse Asphalt;Coastal;Rural;50 - 55  MPH;Double Yellow Line, No Passing Zone;Clear;No;36.31147, -77.6848
248;249;No;0-5;4;No;Not Applicable;O: No Injury;Driveway / Alley;Hispanic;Male;Durham;Durham;No;01-01-02;2011-05-24;Bicyclist Failed to Yield - Midblock;19;Non-Intersection;01-05-01;0001-01-01T14:12:58-04:56;Bicyclist Ride Out - Residential Driveway;353311;2011;O: No Injury;Residential;30-39;38;No;21-25 mph;O: No Injury;Black;Female;Passenger Car;No;No;Daylight;Urban (>70% Developed);2 lanes;2;Straight - Level;Local Street;Dry;Two-Way, Not Divided;None;Driveway, Private;Coarse Asphalt;Piedmont;Urban;20 - 25  MPH;No Control Present;Clear;No;35.96102, -78.9087
270;271;Yes;40-49;44;No;With Traffic;C: Possible Injury;Travel Lane;White;Male;Wesley Chapel;Union;No;01-01-06;2011-06-04;Motorist Overtaking Bicyclist;17;Non-Intersection;01-06-01;0001-01-01T12:37:58-04:56;Motorist Overtaking - Other /;311239;2011;C: Possible Injury;Farms, Woods, Pastures;50-59;53;No;31-35 mph;O: No Injury;White;Male;Light Truck (Mini-Van, Panel);No;No;Daylight;Rural (<30% Developed);2 lanes;2;Straight - Level;State Secondary Route;Dry;Two-Way, Not Divided;None;No Special Feature;Coarse Asphalt;Piedmont;Rural;40 - 45  MPH;Double Yellow Line, No Passing Zone;Clear;No;34.99691, -80.6991
273;274;Yes;10-Jun;9;No;Facing Traffic;B: Evident Injury;Sidewalk / Crosswalk / Driveway Crossing;White;Male;Apex;Wake;No;01-01-04;2011-06-02;Parallel Paths - Other Circumstances;18;Non-Intersection;01-06-01;0001-01-01T13:12:58-04:56;Bicyclist Ride Out - Parallel Path;332225;2011;B: Evident Injury;Commercial;30-39;34;No;0-5 mph;O: No Injury;White;Male;Passenger Car;No;No;Daylight;Urban (>70% Developed);2 lanes;2;Straight - Level;Local Street;Dry;Two-Way, Not Divided;None;No Special Feature;Coarse Asphalt;Piedmont;Urban;20 - 25  MPH;Double Yellow Line, No Passing Zone;Clear;No;35.74644, -78.8773
277;278;Yes;50-59;50;No;With Traffic;B: Evident Injury;Travel Lane;White;Male;Statesville;Iredell;No;01-01-06;2011-05-14;Crossing Paths - Other Circumstances;8;Intersection-Related;01-05-01;0001-01-01T03:16:58-04:56;Crossing Paths - Intersection - Other /;211180;2011;B: Evident Injury;Residential;70+;;No;26-30 mph;O: No Injury;White;Male;Pickup;No;No;Daylight;Urban (>70% Developed);2 lanes;2;Curve - Level;Local Street;Dry;Two-Way, Not Divided;None;No Special Feature;Smooth Asphalt;Piedmont;Urban;30 - 35  MPH;No Control Present;Cloudy;No;35.80485, -80.8821
294;295;No;30-39;34;No;With Traffic;B: Evident Injury;Travel Lane;White;Male;Charlotte;Mecklenburg;No;01-01-05;2011-05-20;Motorist Failed to Yield - Sign-Controlled Intersection;18;Intersection;01-05-01;0001-01-01T13:09:58-04:56;Motorist Drive Out - Sign-Controlled Intersection;111141;2011;B: Evident Injury;Residential;30-39;36;No;0-5 mph;O: No Injury;Black;Female;Passenger Car;No;No;Daylight;Urban (>70% Developed);2 lanes;2;Straight - Level;Local Street;Dry;Two-Way, Divided, Unprotected Median;None;No Special Feature;Smooth Asphalt;Piedmont;Urban;30 - 35  MPH;Stop Sign;Clear;No;35.19896, -80.8406
304;305;Yes;20-24;23;No;Facing Traffic;C: Possible Injury;Sidewalk / Crosswalk / Driveway Crossing;White;Male;Chapel Hill;Orange;No;01-01-05;2011-05-27;Motorist Failed to Yield - Sign-Controlled Intersection;10;Intersection;01-05-01;0001-01-01T05:10:58-04:56;Motorist Drive Out - Sign-Controlled Intersection;132141;2011;C: Possible Injury;Commercial;25-29;28;No;;O: No Injury;White;Female;Sport Utility;No;No;Daylight;Urban (>70% Developed);5 lanes;2;Straight - Grade;Private Road, Driveway;Dry;Two-Way, Not Divided;None;Driveway, Public;Smooth Asphalt;Piedmont;Urban;5 - 15 MPH;Stop Sign;Clear;No;35.93046, -79.0549
321;322;No;30-39;37;No;Facing Traffic;O: No Injury;Sidewalk / Crosswalk / Driveway Crossing;Black;Male;Roanoke Rapids;Halifax;No;;2011-05-30;Motorist Failed to Yield - Signalized Intersection;10;Intersection;01-05-01;0001-01-01T05:29:58-04:56;Motorist Drive Out - Right Turn on Red;132151;2011;O: No Injury;Residential;60-69;63;No;0-5 mph;O: No Injury;White;Male;Pickup;No;No;Daylight;Mixed (30% To 70% Developed);2 lanes;2;Straight - Level;Local Street;Dry;Two-Way, Not Divided;None;Four-Way Intersection;Coarse Asphalt;Coastal;Urban;20 - 25  MPH;Stop And Go Signal;Clear;No;36.46449, -77.6528
324;325;Yes;15-Nov;15;No;Facing Traffic;B: Evident Injury;Travel Lane;Black;Male;Garner;Wake;No;01-01-04;2011-06-16;Motorist Failed to Yield - Midblock;16;Non-Intersection;01-06-01;0001-01-01T11:46:58-04:56;Motorist Drive Out - Commercial Driveway / Alley;312322;2011;B: Evident Injury;Commercial;40-49;47;No;0-5 mph;O: No Injury;White;Female;Pickup;No;No;Daylight;Urban (>70% Developed);6 lanes;2;Straight - Level;US Route;Dry;Two-Way, Divided, Unprotected Median;None;T-Intersection;Smooth Asphalt;Piedmont;Urban;5 - 15 MPH;Stop Sign;Clear;No;35.72255, -78.6527
382;383;Yes;50-59;53;No;With Traffic;C: Possible Injury;Travel Lane;Black;Male;Southern Pines;Moore;No;01-01-02;2011-06-14;Loss of Control / Turning Error;12;Intersection;01-06-01;0001-01-01T07:34:58-04:56;Motorist Turning Error - Left Turn;111111;2011;C: Possible Injury;Residential;60-69;68;No;6-10 mph;O: No Injury;Black;Female;Passenger Car;No;No;Daylight;Urban (>70% Developed);2 lanes;2;Straight - Grade;Local Street;Dry;Two-Way, Not Divided;None;Four-Way Intersection;Coarse Asphalt;Piedmont;Urban;20 - 25  MPH;Stop Sign;Clear;No;35.18126, -79.4048
386;387;No;15-Nov;12;No;Not Applicable;B: Evident Injury;Non-Roadway;Black;Male;High Point;Guilford;No;01-01-03;2011-06-15;Bicyclist Failed to Yield - Midblock;19;Non-Intersection;01-06-01;0001-01-01T14:33:58-04:56;Bicyclist Ride Out - Commercial Driveway / Alley;363312;2011;B: Evident Injury;Residential;;;Missing;;Injury;/Missing;;;No;Yes;Daylight;Urban (>70% Developed);2 lanes;2;Straight - Bottom;Local Street;Dry;Two-Way, Not Divided;None;No Special Feature;Smooth Asphalt;Piedmont;Urban;;No Control Present;Clear;No;35.99917, -80.0371
389;390;Yes;50-59;51;Yes;Not Applicable;B: Evident Injury;Non-Roadway;Black;Male;Charlotte;Mecklenburg;Yes;01-01-04;2011-06-16;Non-Roadway;19;Non-Roadway;01-06-01;0001-01-01T14:47:58-04:56;Non-Roadway;460910;2011;B: Evident Injury;Commercial;40-49;48;No;0-5 mph;O: No Injury;Black;Male;Sport Utility;No;No;Daylight;Urban (>70% Developed);;2;Other;Public Vehicular Area;Dry;;None;Driveway, Private;Concrete;Piedmont;Urban;5 - 15 MPH;No Control Present;Clear;No;35.2704, -80.8375
393;394;No;16-19;16;No;With Traffic;C: Possible Injury;Travel Lane;Black;Male;Whiteville;Columbus;No;;2011-06-20;Motorist Overtaking Bicyclist;17;Non-Intersection;01-06-01;0001-01-01T12:04:58-04:56;Motorist Overtaking - Bicyclist Swerved;311235;2011;C: Possible Injury;Residential;25-29;26;No;11-15 mph;O: No Injury;Black;Female;Passenger Car;No;No;Daylight;Urban (>70% Developed);2 lanes;2;Straight - Level;Local Street;Dry;Two-Way, Not Divided;None;No Special Feature;Smooth Asphalt;Coastal;Urban;30 - 35  MPH;No Control Present;Clear;No;34.33087, -78.6868
223;224;Yes;15-Nov;15;No;With Traffic;B: Evident Injury;Sidewalk / Crosswalk / Driveway Crossing;/Missing;Male;Greensboro;Guilford;No;01-01-06;2012-04-21;Loss of Control / Turning Error;19;Intersection;01-04-01;0001-01-01T15:00:58-04:56;Bicyclist Lost Control - Mechanical Problems;;2012;B: Evident Injury;Residential;40-49;49;No;31-35 mph;O: No Injury;Black;Female;Passenger Car;No;No;Dark - Lighted Roadway;Urban (>70% Developed);2 lanes;2;Straight - Grade;Local Street;Wet;Two-Way, Not Divided;None;Four-Way Intersection;Coarse Asphalt;Piedmont;Urban;30 - 35  MPH;Stop And Go Signal;Rain;No;36.04885, -79.7915
232;233;No;;0;No;With Traffic;Injury;Travel Lane;/Missing;;None - Rural Crash;Jones;No;01-01-04;2012-05-03;Motorist Overtaking Bicyclist;17;Non-Intersection;01-05-01;0001-01-01T12:10:58-04:56;Motorist Overtaking - Bicyclist Swerved;;2012;O: No Injury;Residential;30-39;38;No;41-45 mph;O: No Injury;White;Female;Van;No;No;Daylight;Rural (<30% Developed);2 lanes;2;Straight - Level;NC Route;Dry;Two-Way, Not Divided;None;No Special Feature;Coarse Asphalt;Coastal;Rural;40 - 45  MPH;No Control Present;Clear;No;35.09679, -77.3432
246;247;No;15-Nov;14;No;With Traffic;B: Evident Injury;Travel Lane;Black;Female;Charlotte;Mecklenburg;No;01-01-02;2012-04-10;Loss of Control / Turning Error;18;Intersection;01-04-01;0001-01-01T13:22:58-04:56;Bicyclist Lost Control - Mechanical Problems;;2012;B: Evident Injury;Residential;50-59;51;No;36-40 mph;O: No Injury;White;Female;Sport Utility;No;No;Daylight;Urban (>70% Developed);2 lanes;2;Straight - Level;Local Street;Dry;;None;No Special Feature;Smooth Asphalt;Piedmont;Urban;40 - 45  MPH;No Control Present;Clear;No;35.07876, -80.8303
255;256;No;40-49;46;Missing;With Traffic;C: Possible Injury;Travel Lane;White;Male;Charlotte;Mecklenburg;No;01-01-06;2012-05-05;Motorist Failed to Yield - Sign-Controlled Intersection;13;Intersection;01-05-01;0001-01-01T08:09:58-04:56;Motorist Drive Out - Sign-Controlled Intersection;;2012;C: Possible Injury;Residential;20-24;23;No;;O: No Injury;White;Female;Passenger Car;No;No;Daylight;Urban (>70% Developed);4 lanes;2;Straight - Grade;Local Street;Dry;Two-Way, Divided, Unprotected Median;None;Four-Way Intersection;Smooth Asphalt;Piedmont;Urban;30 - 35  MPH;Stop Sign;Clear;No;35.18625, -80.8402
260;261;No;30-39;32;No;With Traffic;B: Evident Injury;Travel Lane;White;Male;Fayetteville;Cumberland;No;01-01-05;2012-04-27;Motorist Right Turn / Merge;12;Intersection;01-04-01;0001-01-01T07:10:58-04:56;Motorist Right Turn - Same Direction;;2012;B: Evident Injury;Commercial;20-24;21;No;16-20 mph;O: No Injury;White;Female;Passenger Car;No;No;Daylight;Urban (>70% Developed);4 lanes;2;Straight - Level;State Secondary Route;Dry;Two-Way, Not Divided;None;T-Intersection;Coarse Asphalt;Coastal;Urban;30 - 35  MPH;Stop Sign;Clear;No;35.07206, -78.952
262;263;No;10-Jun;10;No;Not Applicable;O: No Injury;Non-Roadway;Black;Male;Cary;Wake;No;01-01-06;2012-04-28;Non-Roadway;14;Non-Roadway;01-04-01;0001-01-01T09:53:58-04:56;Non-Roadway;;2012;O: No Injury;Residential;;;Missing;0-5 mph;Injury;/Missing;;Pickup;No;No;Daylight;Urban (>70% Developed);;2;Straight - Grade;Public Vehicular Area;Dry;Two-Way, Not Divided;None;Driveway, Public;Smooth Asphalt;Piedmont;Urban;;No Control Present;Cloudy;No;35.80093, -78.7741
293;294;Yes;16-19;16;No;With Traffic;B: Evident Injury;Travel Lane;White;Male;None - Rural Crash;Wake;No;01-01-06;2012-05-19;Bicyclist Overtaking Motorist;9;Non-Intersection;01-05-01;0001-01-01T05:01:58-04:56;Bicyclist Overtaking - Other /;;2012;B: Evident Injury;Farms, Woods, Pastures;60-69;61;No;41-45 mph;O: No Injury;White;Female;Passenger Car;No;No;Daylight;Rural (<30% Developed);2 lanes;2;Straight - Level;NC Route;Dry;Two-Way, Not Divided;None;Driveway, Private;Smooth Asphalt;Piedmont;Rural;50 - 55  MPH;No Control Present;Clear;No;35.5682, -78.848
296;297;No;;0;Missing;With Traffic;Injury;Travel Lane;/Missing;;Sanford;Lee;No;01-01-07;2012-05-06;Bicyclist Left Turn / Merge;20;Non-Intersection;01-05-01;0001-01-01T16:00:58-04:56;Bicyclist Left Turn - Same Direction;;2012;O: No Injury;Commercial;30-39;31;No;31-35 mph;O: No Injury;Black;Male;Passenger Car;No;No;Dark - Roadway Not Lighted;Mixed (30% To 70% Developed);2 lanes;2;Straight - Level;Local Street;Dry;Two-Way, Not Divided;None;No Special Feature;Coarse Asphalt;Piedmont;Urban;40 - 45  MPH;No Control Present;Clear;No;35.44672, -79.1722
173;174;Yes;30-39;37;No;With Traffic;B: Evident Injury;Travel Lane;White;Male;Wilmington;New Hanover;No;01-01-05;2010-04-09;Motorist Right Turn / Merge;14;Intersection;01-04-01;0001-01-01T09:12:58-04:56;Motorist Right Turn - Same Direction;0;2010;B: Evident Injury;Commercial;30-39;32;No;41-45 mph;O: No Injury;White;Female;Passenger Car;No;No;Daylight;Urban (>70% Developed);5 lanes;2;Straight - Level;Local Street;Dry;Two-Way, Not Divided;None;Related To Intersection;Coarse Asphalt;Coastal;Urban;40 - 45  MPH;Stop Sign;Clear;No;34.22186, -77.81973
176;177;No;25-29;27;No;With Traffic;Injury;Travel Lane;Black;Male;Fayetteville;Cumberland;No;;2010-04-19;Loss of Control / Turning Error;19;Intersection-Related;01-04-01;0001-01-01T14:13:58-04:56;Motorist Turning Error - Other;0;2010;Injury;Commercial;;;Missing;6-10 mph;Injury;/Missing;;Passenger Car;No;Yes;Daylight;Urban (>70% Developed);2 lanes;2;Straight - Level;Local Street;Dry;Two-Way, Divided, Unprotected Median;None;No Special Feature;Coarse Asphalt;Coastal;Urban;40 - 45  MPH;No Control Present;Clear;No;35.097523, -78.91591
177;178;Yes;20-24;24;No;With Traffic;B: Evident Injury;Sidewalk / Crosswalk / Driveway Crossing;White;Male;Charlotte;Mecklenburg;No;;2010-04-19;Crossing Paths - Other Circumstances;17;Intersection;01-04-01;0001-01-01T12:03:58-04:56;Signalized Intersection - Other /;0;2010;B: Evident Injury;Institutional;30-39;36;No;26-30 mph;O: No Injury;Hispanic;Male;Pickup;No;No;Daylight;Urban (>70% Developed);4 lanes;2;Straight - Level;Local Street;Dry;Two-Way, Divided, Positive Median Barrier;None;No Special Feature;Smooth Asphalt;Piedmont;Urban;50 - 55  MPH;Stop And Go Signal;Clear;No;35.30119, -80.73129
181;182;Yes;40-49;41;No;With Traffic;A: Disabling Injury;Travel Lane;White;Male;Huntersville;Mecklenburg;No;01-01-07;2010-04-18;Motorist Failed to Yield - Sign-Controlled Intersection;19;Intersection;01-04-01;0001-01-01T14:33:58-04:56;Motorist Drive Out - Sign-Controlled Intersection;0;2010;A: Disabling Injury;Residential;30-39;33;No;0-5 mph;O: No Injury;White;Male;Sport Utility;No;No;Dusk;Mixed (30% To 70% Developed);2 lanes;2;Straight - Grade;Local Street;Dry;Two-Way, Not Divided;None;No Special Feature;Smooth Asphalt;Piedmont;Urban;20 - 25  MPH;Stop Sign;Clear;No;35.425896, -80.84695
186;187;Yes;60-69;61;No;With Traffic;B: Evident Injury;Travel Lane;White;Female;None - Rural Crash;Pasquotank;No;01-01-07;2010-04-11;Motorist Overtaking Bicyclist;9;Non-Intersection;01-04-01;0001-01-01T04:43:58-04:56;Motorist Overtaking - Other /;0;2010;B: Evident Injury;Farms, Woods, Pastures;70+;;No;46-50 mph;O: No Injury;White;Male;Van;No;No;Daylight;Rural (<30% Developed);2 lanes;2;Straight - Level;State Secondary Route;Dry;Two-Way, Not Divided;None;No Special Feature;Smooth Asphalt;Coastal;Rural;50 - 55  MPH;No Control Present;Clear;No;36.268047, -76.243935
187;188;Yes;16-19;17;No;With Traffic;B: Evident Injury;Travel Lane;Hispanic;Male;Kannapolis;Cabarrus;No;01-01-06;2010-04-24;Bicyclist Failed to Yield - Sign-Controlled Intersection;12;Intersection;01-04-01;0001-01-01T07:28:58-04:56;Bicyclist Ride Out - Sign-Controlled Intersection;0;2010;B: Evident Injury;Residential;60-69;63;No;16-20 mph;O: No Injury;White;Female;Passenger Car;No;No;Daylight;Urban (>70% Developed);2 lanes;2;Straight - Bottom;Local Street;Dry;Two-Way, Not Divided;None;Four-Way Intersection;Smooth Asphalt;Piedmont;Urban;30 - 35  MPH;No Control Present;Clear;No;35.502026, -80.63825
193;194;Yes;60-69;65;No;With Traffic;B: Evident Injury;Travel Lane;White;Male;Charlotte;Mecklenburg;No;01-01-07;2010-04-25;Motorist Right Turn / Merge;18;Intersection;01-04-01;0001-01-01T13:30:58-04:56;Motorist Right Turn - Same Direction;0;2010;B: Evident Injury;Residential;50-59;52;No;21-25 mph;O: No Injury;White;Female;Passenger Car;No;No;Daylight;Urban (>70% Developed);3 lanes;2;Straight - Level;Local Street;Dry;Two-Way, Divided, Unprotected Median;None;Four-Way Intersection;Smooth Asphalt;Piedmont;Urban;30 - 35  MPH;Stop And Go Signal;Clear;No;35.132595, -80.80899
199;200;Yes;40-49;46;No;Facing Traffic;C: Possible Injury;Sidewalk / Crosswalk / Driveway Crossing;Black;Male;Cary;Wake;No;01-01-05;2010-04-30;Motorist Failed to Yield - Sign-Controlled Intersection;16;Intersection;01-04-01;0001-01-01T11:27:58-04:56;Motorist Drive Out - Sign-Controlled Intersection;0;2010;C: Possible Injury;Commercial;30-39;36;No;0-5 mph;O: No Injury;White;Female;Sport Utility;No;No;Daylight;Urban (>70% Developed);2 lanes;2;Straight - Level;Local Street;Dry;Two-Way, Not Divided;None;No Special Feature;Smooth Asphalt;Piedmont;Urban;30 - 35  MPH;Stop Sign;Clear;No;35.784924, -78.76434
201;202;Yes;15-Nov;12;No;Facing Traffic;C: Possible Injury;Travel Lane;White;Male;None - Rural Crash;Pender;No;01-01-03;2010-05-05;Bicyclist Right Turn / Merge;17;Non-Intersection;01-05-01;0001-01-01T12:13:58-04:56;Bicyclist Right Turn - Same Direction;0;2010;C: Possible Injury;Residential;30-39;31;No;31-35 mph;O: No Injury;White;Male;Passenger Car;No;No;Daylight;Mixed (30% To 70% Developed);3 lanes;2;Straight - Level;State Secondary Route;Dry;Two-Way, Not Divided;None;No Special Feature;Coarse Asphalt;Coastal;Rural;40 - 45  MPH;Double Yellow Line, No Passing Zone;Clear;No;34.383553, -77.67035
206;207;Yes;60-69;66;No;With Traffic;B: Evident Injury;Bike Lane / Paved Shoulder;Black;Male;None - Rural Crash;Sampson;No;01-01-05;2010-05-07;Motorist Overtaking Bicyclist;5;Non-Intersection;01-05-01;0001-01-01T00:51:58-04:56;Motorist Overtaking - Misjudged Space;0;2010;B: Evident Injury;Farms, Woods, Pastures;;;No;41-45 mph;Injury;/Missing;;;No;Yes;Dark - Roadway Not Lighted;Rural (<30% Developed);2 lanes;2;Straight - Level;NC Route;Dry;Two-Way, Not Divided;None;No Special Feature;Coarse Asphalt;Coastal;Rural;50 - 55  MPH;No Control Present;Clear;No;35.010113, -78.30045
214;215;Yes;10-Jun;10;No;With Traffic;C: Possible Injury;Travel Lane;Asian;Male;Raleigh;Wake;No;01-01-02;2010-04-20;Bicyclist Failed to Yield - Sign-Controlled Intersection;17;Intersection;01-04-01;0001-01-01T13:00:58-04:56;Bicyclist Ride Through - Sign-Controlled Intersection;0;2010;C: Possible Injury;Residential;40-49;43;No;26-30 mph;O: No Injury;Black;Male;Passenger Car;No;No;Daylight;Urban (>70% Developed);2 lanes;2;Straight - Hillcrest;Local Street;Dry;Two-Way, Divided, Unprotected Median;None;Four-Way Intersection;Coarse Asphalt;Piedmont;Urban;30 - 35  MPH;Stop Sign;Clear;No;35.74792, -78.68071
217;218;Yes;25-29;28;Yes;With Traffic;B: Evident Injury;Travel Lane;White;Male;Raleigh;Wake;Yes;01-01-06;2010-04-03;Bicyclist Left Turn / Merge;15;Intersection-Related;01-04-01;0001-01-01T10:27:58-04:56;Bicyclist Left Turn - Same Direction;0;2010;B: Evident Injury;Commercial;40-49;40;No;16-20 mph;C: Possible Injury;White;Male;Sport Utility;No;No;Daylight;Urban (>70% Developed);4 lanes;2;Straight - Level;Local Street;Dry;Two-Way, Divided, Unprotected Median;None;No Special Feature;Smooth Asphalt;Piedmont;Urban;40 - 45  MPH;No Control Present;Clear;No;35.79382, -78.705925
218;219;Yes;10-Jun;8;No;Not Applicable;C: Possible Injury;Driveway / Alley;Black;Male;Greensboro;Guilford;No;01-01-04;2010-04-29;Bicyclist Failed to Yield - Midblock;16;Non-Intersection;01-04-01;0001-01-01T11:12:58-04:56;Bicyclist Ride Out - Residential Driveway;0;2010;C: Possible Injury;Residential;50-59;51;No;16-20 mph;O: No Injury;Black;Female;Passenger Car;No;No;Daylight;Urban (>70% Developed);2 lanes;2;Straight - Level;Local Street;Dry;Two-Way, Not Divided;None;No Special Feature;Smooth Asphalt;Piedmont;Urban;30 - 35  MPH;No Control Present;Clear;No;36.014256, -79.806114
220;221;Yes;20-24;22;No;With Traffic;Injury;Bike Lane / Paved Shoulder;White;Male;Carolina Beach;New Hanover;No;01-01-04;2010-04-22;Motorist Left Turn / Merge;5;Intersection;01-04-01;0001-01-01T00:35:58-04:56;Motorist Left Turn - Opposite Direction;0;2010;Injury;Residential;70+;;No;21-25 mph;Injury;White;Female;Passenger Car;No;No;Daylight;Urban (>70% Developed);2 lanes;2;Straight - Level;State Secondary Route;Dry;Two-Way, Divided, Unprotected Median;None;No Special Feature;Smooth Asphalt;Coastal;Urban;20 - 25  MPH;No Control Present;Clear;No;34.031982, -77.89496