FID;OBJECTID;AmbulanceR;BikeAge_Gr;Bike_Age;Bike_Alc_D;Bike_Dir;Bike_Injur;Bike_Pos;Bike_Race;Bike_Sex;City;County;CrashAlcoh;CrashDay;Crash_Date;Crash_Grp;Crash_Hour;Crash_Loc;Crash_Mont;Crash_Time;Crash_Type;Crash_Ty_1;Crash_Year;Crsh_Sevri;Developmen;DrvrAge_Gr;Drvr_Age;Drvr_Alc_D;Drvr_EstSp;Drvr_Injur;Drvr_Race;Drvr_Sex;Drvr_VehTy;ExcsSpdInd;Hit_Run;Light_Cond;Locality;Num_Lanes;Num_Units;Rd_Charact;Rd_Class;Rd_Conditi;Rd_Config;Rd_Defects;Rd_Feature;Rd_Surface;Region;Rural_Urba;Speed_Limi;Traff_Cntr;Weather;Workzone_I;Location
222;223;Yes;40-49;43;No;Facing Traffic;C: Possible Injury;Sidewalk / Crosswalk / Driveway Crossing;Black;Male;Charlotte;Mecklenburg;No;01-01-03;2010-04-28;Motorist Failed to Yield - Midblock;13;Non-Intersection;01-04-01;0001-01-01T08:27:58-04:56;Motorist Drive Out - Commercial Driveway / Alley;0;2010;C: Possible Injury;Commercial;25-29;27;No;6-10 mph;O: No Injury;Hispanic;Male;Passenger Car;No;No;Daylight;Urban (>70% Developed);2 lanes;2;Straight - Level;Public Vehicular Area;Dry;Two-Way, Not Divided;None;Driveway, Private;Smooth Asphalt;Piedmont;Urban;;No Control Present;Clear;No;35.210953, -80.75901
225;226;No;;;No;;Injury;Travel Lane;/Missing;;Cary;Wake;No;01-01-03;2010-05-12;Bicyclist Failed to Yield - Signalized Intersection;15;Intersection;01-05-01;0001-01-01T10:37:58-04:56;Bicyclist Ride Through - Signalized Intersection;0;2010;O: No Injury;Commercial;30-39;32;No;0-5 mph;O: No Injury;White;Female;Passenger Car;No;No;Daylight;Urban (>70% Developed);4 lanes;2;Straight - Level;State Secondary Route;Dry;Two-Way, Divided, Unprotected Median;None;Four-Way Intersection;Coarse Asphalt;Piedmont;Urban;40 - 45  MPH;Stop And Go Signal;Clear;No;35.829407, -78.773
226;227;Yes;16-19;17;No;With Traffic;C: Possible Injury;Travel Lane;Black;Male;Laurinburg;Scotland;No;01-01-05;2010-04-30;Bicyclist Left Turn / Merge;18;Non-Intersection;01-04-01;0001-01-01T13:12:58-04:56;Bicyclist Left Turn - Same Direction;0;2010;C: Possible Injury;Residential;40-49;40;No;26-30 mph;O: No Injury;White;Male;Van;No;No;Daylight;Urban (>70% Developed);2 lanes;2;Straight - Level;Local Street;Water (Standing, Moving);Two-Way, Not Divided;None;No Special Feature;Coarse Asphalt;Coastal;Urban;30 - 35  MPH;No Control Present;Clear;No;34.75955, -79.459175
230;231;Yes;40-49;40;No;With Traffic;B: Evident Injury;Travel Lane;White;Male;None - Rural Crash;Davidson;No;01-01-05;2010-05-14;Motorist Failed to Yield - Sign-Controlled Intersection;13;Intersection;01-05-01;0001-01-01T08:19:58-04:56;Motorist Drive Out - Sign-Controlled Intersection;0;2010;B: Evident Injury;Residential;20-24;21;No;0-5 mph;O: No Injury;White;Female;Passenger Car;No;No;Daylight;Rural (<30% Developed);2 lanes;2;Straight - Grade;State Secondary Route;Dry;Two-Way, Not Divided;None;Four-Way Intersection;Smooth Asphalt;Piedmont;Rural;50 - 55  MPH;Stop Sign;Clear;No;35.81228, -80.2015
231;232;Yes;10-Jun;8;No;With Traffic;C: Possible Injury;Travel Lane;Black;Female;Durham;Durham;No;01-01-06;2010-05-15;Crossing Paths - Other Circumstances;19;Intersection;01-05-01;0001-01-01T14:10:58-04:56;Sign-Controlled Intersection - Other /;0;2010;C: Possible Injury;Residential;30-39;31;No;21-25 mph;O: No Injury;White;Female;Sport Utility;No;No;Daylight;Urban (>70% Developed);2 lanes;2;Straight - Level;Local Street;Dry;Two-Way, Not Divided;None;Four-Way Intersection;Coarse Asphalt;Piedmont;Urban;20 - 25  MPH;Stop Sign;Clear;No;36.01519, -78.915634
233;234;Yes;40-49;43;No;Facing Traffic;B: Evident Injury;Sidewalk / Crosswalk / Driveway Crossing;White;Male;Charlotte;Mecklenburg;No;01-01-02;2010-05-04;Motorist Failed to Yield - Sign-Controlled Intersection;18;Intersection;01-05-01;0001-01-01T13:33:58-04:56;Motorist Drive Through - Sign-Controlled Intersection;0;2010;B: Evident Injury;Residential;0-19;19;No;6-10 mph;O: No Injury;White;Male;Sport Utility;No;No;Daylight;Urban (>70% Developed);4 lanes;2;Straight - Level;Local Street;Dry;Two-Way, Divided, Unprotected Median;None;No Special Feature;Smooth Asphalt;Piedmont;Urban;20 - 25  MPH;Stop Sign;Clear;No;35.313316, -80.70392
238;239;Yes;40-49;42;No;Facing Traffic;C: Possible Injury;Sidewalk / Crosswalk / Driveway Crossing;Black;Male;Monroe;Union;No;01-01-05;2010-05-07;Motorist Left Turn / Merge;14;Non-Intersection;01-05-01;0001-01-01T09:43:58-04:56;Motorist Left Turn - Same Direction;0;2010;C: Possible Injury;Residential;30-39;30;No;;O: No Injury;White;Female;Passenger Car;No;No;Daylight;Urban (>70% Developed);2 lanes;2;Straight - Grade;Local Street;Dry;Two-Way, Not Divided;None;T-Intersection;Smooth Asphalt;Piedmont;Urban;30 - 35  MPH;No Control Present;Clear;No;34.971016, -80.53433
241;242;Yes;10-Jun;9;No;Not Applicable;B: Evident Injury;Driveway / Alley;Black;Female;Charlotte;Mecklenburg;No;01-01-04;2010-05-06;Loss of Control / Turning Error;15;Non-Intersection;01-05-01;0001-01-01T10:35:58-04:56;Bicyclist Lost Control - Other /;0;2010;B: Evident Injury;Institutional;20-24;24;No;21-25 mph;O: No Injury;White;Male;Passenger Car;No;No;Daylight;Mixed (30% To 70% Developed);2 lanes;2;Straight - Grade;Local Street;Dry;Two-Way, Not Divided;None;No Special Feature;Smooth Asphalt;Piedmont;Urban;20 - 25  MPH;No Control Present;Clear;No;35.243065, -80.84165
243;244;Yes;10-Jun;10;No;Not Applicable;B: Evident Injury;Travel Lane;Black;Male;Hope Mills;Cumberland;No;01-01-03;2010-03-10;Bicyclist Failed to Yield - Midblock;17;Non-Intersection;01-03-01;0001-01-01T12:53:58-04:56;Multiple Threat - Midblock;0;2010;B: Evident Injury;Commercial;0-19;19;No;11-15 mph;O: No Injury;Hispanic;Male;Passenger Car;No;No;Dusk;Urban (>70% Developed);7 lanes;2;Straight - Level;Local Street;Wet;Two-Way, Divided, Unprotected Median;None;No Special Feature;Coarse Asphalt;Coastal;Urban;30 - 35  MPH;No Control Present;Cloudy;No;35.005283, -78.96676
256;257;No;15-Nov;13;No;With Traffic;B: Evident Injury;Travel Lane;Black;Male;Charlotte;Mecklenburg;No;01-01-04;2010-05-06;Bicyclist Failed to Yield - Sign-Controlled Intersection;18;Intersection;01-05-01;0001-01-01T13:08:58-04:56;Bicyclist Ride Through - Sign-Controlled Intersection;0;2010;B: Evident Injury;Residential;60-69;61;No;21-25 mph;O: No Injury;Black;Male;Sport Utility;No;No;Daylight;Urban (>70% Developed);2 lanes;2;Curve - Grade;Local Street;Dry;Two-Way, Not Divided;None;No Special Feature;Smooth Asphalt;Piedmont;Urban;20 - 25  MPH;No Control Present;Clear;No;35.252823, -80.87826
265;266;Yes;15-Nov;14;No;With Traffic;C: Possible Injury;Travel Lane;Native American;Male;None - Rural Crash;Robeson;No;01-01-04;2010-05-13;Motorist Overtaking Bicyclist;19;Non-Intersection;01-05-01;0001-01-01T14:55:58-04:56;Motorist Overtaking - Other /;0;2010;C: Possible Injury;Farms, Woods, Pastures;;;No;11-15 mph;Injury;/Missing;;;No;Yes;Dawn;Rural (<30% Developed);2 lanes;2;Straight - Level;State Secondary Route;Dry;Two-Way, Not Divided;None;No Special Feature;Coarse Asphalt;Coastal;Rural;50 - 55  MPH;No Control Present;Clear;No;34.72006, -79.21164
269;270;Yes;50-59;50;No;Facing Traffic;C: Possible Injury;Travel Lane;Black;Male;Tarboro;Edgecombe;No;01-01-03;2010-05-12;Motorist Failed to Yield - Sign-Controlled Intersection;20;Intersection;01-05-01;0001-01-01T15:43:58-04:56;Motorist Drive Out - Sign-Controlled Intersection;0;2010;C: Possible Injury;Residential;40-49;40;No;0-5 mph;O: No Injury;White;Female;Passenger Car;No;No;Dark - Lighted Roadway;Urban (>70% Developed);2 lanes;2;Straight - Level;Local Street;Dry;Two-Way, Not Divided;None;Four-Way Intersection;Smooth Asphalt;Coastal;Urban;20 - 25  MPH;Stop Sign;Clear;No;35.91742, -77.545296
276;277;Yes;30-39;31;No;With Traffic;C: Possible Injury;Travel Lane;White;Male;Charlotte;Mecklenburg;No;01-01-05;2010-05-14;Motorist Overtaking Bicyclist;16;Non-Intersection;01-05-01;0001-01-01T11:19:58-04:56;Motorist Overtaking - Misjudged Space;0;2010;C: Possible Injury;Commercial;;;Missing;;Injury;/Missing;;;No;No;Daylight;Urban (>70% Developed);4 lanes;2;Straight - Level;Local Street;Dry;Two-Way, Divided, Unprotected Median;None;No Special Feature;Smooth Asphalt;Piedmont;Urban;;No Control Present;Clear;No;35.224773, -80.84032
290;291;No;20-24;21;No;Not Applicable;C: Possible Injury;Non-Roadway;White;Male;Wilmington;New Hanover;No;01-01-04;2010-05-20;Non-Roadway;14;Non-Roadway;01-05-01;0001-01-01T09:20:58-04:56;Non-Roadway;0;2010;C: Possible Injury;Commercial;70+;;No;11-15 mph;O: No Injury;White;Male;Passenger Car;No;No;Daylight;Urban (>70% Developed);2 lanes;2;Straight - Level;Public Vehicular Area;Dry;Two-Way, Not Divided;None;Driveway, Public;Smooth Asphalt;Coastal;Urban;;No Control Present;Clear;No;34.235115, -77.87595
297;298;Yes;15-Nov;11;No;Facing Traffic;B: Evident Injury;Travel Lane;Black;Male;Raleigh;Wake;No;01-01-07;2010-04-25;Bicyclist Failed to Yield - Sign-Controlled Intersection;18;Intersection;01-04-01;0001-01-01T13:52:58-04:56;Bicyclist Ride Out - Sign-Controlled Intersection;0;2010;B: Evident Injury;Residential;20-24;20;No;31-35 mph;O: No Injury;Black;Female;Passenger Car;No;No;Daylight;Mixed (30% To 70% Developed);2 lanes;2;Straight - Level;Local Street;Dry;Two-Way, Divided, Unprotected Median;None;Four-Way Intersection;Smooth Asphalt;Piedmont;Urban;40 - 45  MPH;Stop Sign;Clear;No;35.75846, -78.56114
300;301;Yes;15-Nov;12;No;Not Applicable;B: Evident Injury;Non-Roadway;White;Male;Raleigh;Wake;No;01-01-02;2010-05-04;Non-Roadway;18;Non-Roadway;01-05-01;0001-01-01T13:42:58-04:56;Non-Roadway;0;2010;B: Evident Injury;Residential;40-49;43;No;0-5 mph;O: No Injury;White;Female;Sport Utility;No;No;Daylight;Urban (>70% Developed);2 lanes;2;Straight - Level;Public Vehicular Area;Dry;Two-Way, Not Divided;None;No Special Feature;Smooth Asphalt;Piedmont;Urban;20 - 25  MPH;No Control Present;Clear;No;35.895878, -78.80038
305;306;Yes;25-29;26;No;Facing Traffic;B: Evident Injury;Bike Lane / Paved Shoulder;White;Male;None - Rural Crash;Wilkes;No;01-01-02;2010-06-08;Head-On;18;Non-Intersection;01-06-01;0001-01-01T13:26:58-04:56;Head-On - Bicyclist;0;2010;B: Evident Injury;Farms, Woods, Pastures;;;Missing;51-55 mph;Injury;/Missing;;Passenger Car;No;Yes;Daylight;Rural (<30% Developed);2 lanes;2;Straight - Grade;NC Route;Dry;Two-Way, Not Divided;None;No Special Feature;Smooth Asphalt;Mountains;Rural;50 - 55  MPH;Double Yellow Line, No Passing Zone;Clear;No;36.100285, -81.27523
314;315;Yes;40-49;47;No;With Traffic;B: Evident Injury;Sidewalk / Crosswalk / Driveway Crossing;White;Male;Wilmington;New Hanover;No;;2010-05-10;Bicyclist Failed to Yield - Sign-Controlled Intersection;13;Intersection;01-05-01;0001-01-01T08:34:58-04:56;Bicyclist Ride Out - Sign-Controlled Intersection;0;2010;B: Evident Injury;Commercial;60-69;63;No;16-20 mph;O: No Injury;White;Female;Van;No;No;Daylight;Urban (>70% Developed);2 lanes;2;Straight - Level;Local Street;Dry;Two-Way, Not Divided;None;No Special Feature;Smooth Asphalt;Coastal;Urban;30 - 35  MPH;Stop Sign;Clear;No;34.19374, -77.935486
320;321;No;30-39;38;Yes;With Traffic;O: No Injury;Travel Lane;White;Male;Siler City;Chatham;Yes;01-01-05;2010-05-28;Motorist Overtaking Bicyclist;22;Non-Intersection;01-05-01;0001-01-01T17:38:58-04:56;Motorist Overtaking - Other /;0;2010;O: No Injury;Residential;0-19;19;No;41-45 mph;O: No Injury;White;Male;Sport Utility;No;No;Dark - Lighted Roadway;Urban (>70% Developed);4 lanes;2;Straight - Level;Local Street;Dry;Two-Way, Not Divided;None;No Special Feature;Smooth Asphalt;Piedmont;Urban;40 - 45  MPH;No Control Present;Clear;No;35.708046, -79.45275
321;322;No;20-24;20;No;With Traffic;C: Possible Injury;Travel Lane;Black;Male;Wilmington;New Hanover;No;01-01-05;2010-05-28;Bicyclist Failed to Yield - Sign-Controlled Intersection;14;Intersection;01-05-01;0001-01-01T09:08:58-04:56;Bicyclist Ride Out - Sign-Controlled Intersection;0;2010;C: Possible Injury;Residential;30-39;34;No;21-25 mph;O: No Injury;Black;Male;Sport Utility;No;No;Daylight;Urban (>70% Developed);4 lanes;2;Straight - Level;Local Street;Dry;Two-Way, Divided, Unprotected Median;None;Four-Way Intersection;Coarse Asphalt;Coastal;Urban;20 - 25  MPH;Stop Sign;Clear;No;34.242527, -77.94402
328;329;No;20-24;20;No;Facing Traffic;C: Possible Injury;Sidewalk / Crosswalk / Driveway Crossing;Black;Male;Fayetteville;Cumberland;No;;2010-06-14;Motorist Right Turn / Merge;14;Non-Intersection;01-06-01;0001-01-01T09:19:58-04:56;Motorist Right Turn - Opposite Direction;0;2010;C: Possible Injury;Commercial;30-39;32;No;6-10 mph;O: No Injury;White;Male;Pickup;No;No;Daylight;Urban (>70% Developed);;2;Straight - Level;Public Vehicular Area;Dry;Two-Way, Not Divided;None;Driveway, Public;Coarse Asphalt;Coastal;Urban;30 - 35  MPH;No Control Present;Clear;No;35.077953, -78.954994
329;330;No;25-29;25;No;With Traffic;C: Possible Injury;Travel Lane;White;Male;Charlotte;Mecklenburg;No;01-01-02;2010-05-25;Bicyclist Overtaking Motorist;18;Non-Intersection;01-05-01;0001-01-01T13:55:58-04:56;Bicyclist Overtaking - Other /;0;2010;C: Possible Injury;Commercial;20-24;20;No;11-15 mph;O: No Injury;Black;Female;Passenger Car;No;No;Daylight;Urban (>70% Developed);4 lanes;2;Straight - Level;Local Street;Dry;Two-Way, Not Divided;None;No Special Feature;Smooth Asphalt;Piedmont;Urban;30 - 35  MPH;No Control Present;Clear;No;35.201756, -80.84449
330;331;Yes;50-59;55;No;Facing Traffic;C: Possible Injury;Travel Lane;Hispanic;Male;Garner;Wake;No;01-01-03;2010-05-26;Crossing Paths - Other Circumstances;7;Non-Intersection;01-05-01;0001-01-01T02:24:58-04:56;Crossing Paths - Midblock - Other /;0;2010;C: Possible Injury;Commercial;50-59;59;No;41-45 mph;O: No Injury;Black;Female;Sport Utility;No;No;Daylight;Urban (>70% Developed);4 lanes;2;Straight - Level;Local Street;Dry;Two-Way, Divided, Unprotected Median;None;T-Intersection;Coarse Asphalt;Piedmont;Urban;40 - 45  MPH;No Control Present;Clear;No;35.72011, -78.6539
331;332;Yes;40-49;44;Yes;With Traffic;A: Disabling Injury;Travel Lane;White;Male;None - Rural Crash;Bladen;Yes;01-01-04;2010-05-27;Motorist Overtaking Bicyclist;5;Non-Intersection;01-05-01;0001-01-01T00:13:58-04:56;Motorist Overtaking - Undetected Bicyclist;0;2010;A: Disabling Injury;Farms, Woods, Pastures;40-49;47;No;51-55 mph;O: No Injury;White;Male;Pickup;No;No;Dark - Roadway Not Lighted;Rural (<30% Developed);2 lanes;2;Straight - Level;NC Route;Dry;Two-Way, Not Divided;None;No Special Feature;Coarse Asphalt;Coastal;Rural;50 - 55  MPH;Double Yellow Line, No Passing Zone;Clear;No;34.66026, -78.4578
333;334;Yes;10-Jun;10;No;With Traffic;B: Evident Injury;Travel Lane;White;Male;Apex;Wake;No;01-01-02;2010-06-15;Bicyclist Failed to Yield - Sign-Controlled Intersection;7;Intersection;01-06-01;0001-01-01T03:00:58-04:56;Bicyclist Ride Through - Sign-Controlled Intersection;0;2010;B: Evident Injury;Residential;40-49;40;No;16-20 mph;O: No Injury;White;Female;Police;No;No;Daylight;Mixed (30% To 70% Developed);2 lanes;2;Straight - Level;Local Street;Dry;Two-Way, Not Divided;None;T-Intersection;Smooth Asphalt;Piedmont;Urban;20 - 25  MPH;Stop Sign;Clear;No;35.733128, -78.85528
344;345;Yes;30-39;35;No;With Traffic;B: Evident Injury;Travel Lane;White;Male;None - Rural Crash;Brunswick;No;01-01-05;2010-06-18;Motorist Overtaking Bicyclist;7;Non-Intersection;01-06-01;0001-01-01T02:37:58-04:56;Motorist Overtaking - Misjudged Space;0;2010;B: Evident Injury;Farms, Woods, Pastures;60-69;65;No;51-55 mph;O: No Injury;White;Male;Pickup;No;No;Daylight;Rural (<30% Developed);2 lanes;2;Straight - Level;NC Route;Dry;Two-Way, Not Divided;None;No Special Feature;Coarse Asphalt;Coastal;Rural;50 - 55  MPH;Double Yellow Line, No Passing Zone;Clear;No;33.957832, -78.07104
346;347;Yes;50-59;52;No;With Traffic;B: Evident Injury;Travel Lane;White;Female;None - Rural Crash;Durham;No;01-01-07;2010-06-20;Motorist Overtaking Bicyclist;15;Non-Intersection;01-06-01;0001-01-01T10:25:58-04:56;Motorist Overtaking - Other /;0;2010;B: Evident Injury;Farms, Woods, Pastures;50-59;51;No;51-55 mph;O: No Injury;Black;Female;Passenger Car;No;No;Daylight;Rural (<30% Developed);2 lanes;2;Straight - Level;US Route;Dry;Two-Way, Divided, Unprotected Median;None;No Special Feature;Smooth Asphalt;Piedmont;Rural;50 - 55  MPH;No Control Present;Clear;No;36.150227, -78.90515
360;361;No;16-19;18;No;.;B: Evident Injury;.;Black;Male;Henderson;Vance;No;01-01-02;2010-04-06;.;8;.;01-04-01;0001-01-01T03:53:58-04:56;.;0;2010;B: Evident Injury;Commercial;60-69;65;No;31-35 mph;O: No Injury;White;Male;Pickup;No;No;Daylight;Mixed (30% To 70% Developed);3 lanes;2;Straight - Level;Local Street;Dry;Two-Way, Not Divided;None;No Special Feature;Coarse Asphalt;Piedmont;Urban;30 - 35  MPH;Flashing Signal With Stop Sign;Clear;No;36.32962, -78.39917
361;362;Yes;50-59;54;Yes;With Traffic;K: Killed;Travel Lane;Black;Male;None - Rural Crash;Alamance;Yes;01-01-06;2010-05-22;Motorist Overtaking Bicyclist;23;Non-Intersection;01-05-01;0001-01-01T18:33:58-04:56;Motorist Overtaking - Other /;0;2010;K: Killed;Farms, Woods, Pastures;40-49;43;Yes;41-45 mph;O: No Injury;White;Male;Pickup;No;No;Dark - Roadway Not Lighted;Rural (<30% Developed);2 lanes;2;Straight - Level;State Secondary Route;Dry;Two-Way, Not Divided;None;No Special Feature;Smooth Asphalt;Piedmont;Rural;50 - 55  MPH;No Control Present;Fog, Smog, Smoke;No;36.229095, -79.29632
363;364;No;15-Nov;13;No;With Traffic;C: Possible Injury;Travel Lane;Black;Female;Charlotte;Mecklenburg;No;01-01-05;2010-06-04;Bicyclist Right Turn / Merge;18;Non-Intersection;01-06-01;0001-01-01T13:11:58-04:56;Bicyclist Right Turn - Same Direction;0;2010;C: Possible Injury;Residential;30-39;33;No;21-25 mph;O: No Injury;White;Female;Passenger Car;No;No;Daylight;Urban (>70% Developed);2 lanes;2;Straight - Level;Local Street;Dry;Two-Way, Not Divided;None;No Special Feature;Smooth Asphalt;Piedmont;Urban;20 - 25  MPH;No Control Present;Clear;No;35.27225, -80.95017
367;368;Yes;60-69;69;No;With Traffic;B: Evident Injury;Travel Lane;White;Male;Charlotte;Mecklenburg;No;;2010-06-07;Bicyclist Left Turn / Merge;18;Non-Intersection;01-06-01;0001-01-01T13:26:58-04:56;Bicyclist Left Turn - Same Direction;0;2010;B: Evident Injury;Residential;20-24;21;No;31-35 mph;O: No Injury;Black;Male;Passenger Car;No;No;Daylight;Urban (>70% Developed);4 lanes;2;Straight - Level;Local Street;Dry;Two-Way, Divided, Unprotected Median;None;No Special Feature;Smooth Asphalt;Piedmont;Urban;30 - 35  MPH;Stop And Go Signal;Clear;No;35.195244, -80.85143
375;376;No;20-24;20;No;Facing Traffic;C: Possible Injury;Travel Lane;Black;Male;Charlotte;Mecklenburg;No;;2010-06-07;Loss of Control / Turning Error;17;Intersection;01-06-01;0001-01-01T12:13:58-04:56;Bicyclist Lost Control - Mechanical Problems;0;2010;C: Possible Injury;Residential;70+;;No;0-5 mph;O: No Injury;White;Female;Passenger Car;No;No;Daylight;Urban (>70% Developed);2 lanes;2;Straight - Grade;Local Street;Dry;Two-Way, Not Divided;None;No Special Feature;Smooth Asphalt;Piedmont;Urban;30 - 35  MPH;No Control Present;Clear;No;35.233227, -80.82132
376;377;Yes;20-24;22;No;Facing Traffic;B: Evident Injury;Sidewalk / Crosswalk / Driveway Crossing;White;Female;Charlotte;Mecklenburg;No;;2010-06-07;Motorist Failed to Yield - Midblock;10;Non-Intersection;01-06-01;0001-01-01T05:12:58-04:56;Motorist Drive Out - Residential Driveway;0;2010;B: Evident Injury;Residential;40-49;41;No;0-5 mph;O: No Injury;White;Female;Sport Utility;No;No;Daylight;Urban (>70% Developed);;2;Straight - Level;;Dry;Two-Way, Not Divided;Non-Highway Work;Other;Concrete;Piedmont;Urban;;No Control Present;Clear;No;35.16642, -80.80339
379;380;Yes;50-59;54;No;With Traffic;B: Evident Injury;Travel Lane;White;Male;Greensboro;Guilford;No;01-01-07;2010-06-13;Motorist Failed to Yield - Sign-Controlled Intersection;12;Intersection;01-06-01;0001-01-01T07:49:58-04:56;Motorist Drive Out - Sign-Controlled Intersection;0;2010;B: Evident Injury;Residential;25-29;27;No;16-20 mph;O: No Injury;Black;Male;Passenger Car;No;No;Daylight;Urban (>70% Developed);2 lanes;2;Straight - Level;Local Street;Dry;Two-Way, Not Divided;None;T-Intersection;Smooth Asphalt;Piedmont;Urban;30 - 35  MPH;Stop Sign;Clear;No;36.13604, -79.82103
381;382;Yes;70+;;No;Facing Traffic;C: Possible Injury;Sidewalk / Crosswalk / Driveway Crossing;Black;Male;Fayetteville;Cumberland;No;01-01-04;2010-05-13;Motorist Failed to Yield - Sign-Controlled Intersection;12;Intersection;01-05-01;0001-01-01T07:19:58-04:56;Motorist Drive Out - Sign-Controlled Intersection;0;2010;C: Possible Injury;Residential;30-39;31;No;0-5 mph;O: No Injury;White;Female;Passenger Car;No;No;Daylight;Urban (>70% Developed);2 lanes;2;Straight - Level;Local Street;Dry;Two-Way, Not Divided;None;No Special Feature;Coarse Asphalt;Coastal;Urban;5 - 15 MPH;Stop Sign;Clear;No;35.059597, -78.91029
389;390;Yes;15-Nov;12;No;Not Applicable;B: Evident Injury;Sidewalk / Crosswalk / Driveway Crossing;Hispanic;Male;Charlotte;Mecklenburg;No;;2010-06-21;Bicyclist Failed to Yield - Signalized Intersection;16;Intersection;01-06-01;0001-01-01T11:03:58-04:56;Bicyclist Failed to Clear -;0;2010;B: Evident Injury;Residential;0-19;19;No;0-5 mph;O: No Injury;White;Female;Passenger Car;No;No;Daylight;Urban (>70% Developed);5 lanes;2;Straight - Level;Local Street;Dry;Two-Way, Not Divided;None;No Special Feature;Smooth Asphalt;Piedmont;Urban;30 - 35  MPH;Stop And Go Signal;Clear;No;35.15461, -80.7949
396;397;No;25-29;28;No;With Traffic;B: Evident Injury;Travel Lane;White;Male;Summerfield;Guilford;No;01-01-05;2010-07-02;Motorist Failed to Yield - Sign-Controlled Intersection;9;Intersection;01-07-01;0001-01-01T04:38:58-04:56;Motorist Drive Out - Sign-Controlled Intersection;0;2010;B: Evident Injury;Farms, Woods, Pastures;60-69;68;No;6-10 mph;O: No Injury;White;Male;Passenger Car;No;No;Daylight;Rural (<30% Developed);2 lanes;2;Straight - Grade;State Secondary Route;Dry;Two-Way, Not Divided;None;T-Intersection;Smooth Asphalt;Piedmont;Urban;40 - 45  MPH;Stop Sign;Clear;No;36.168312, -79.945465
402;403;Yes;30-39;39;No;With Traffic;B: Evident Injury;Travel Lane;White;Male;Raleigh;Wake;No;01-01-05;2010-06-04;Bicyclist Overtaking Motorist;20;Non-Intersection;01-06-01;0001-01-01T15:33:58-04:56;Bicyclist Overtaking - Extended Door;0;2010;B: Evident Injury;Commercial;50-59;58;No;;O: No Injury;White;Male;Passenger Car;No;No;Dawn;Urban (>70% Developed);2 lanes;2;Straight - Level;Local Street;Dry;Two-Way, Not Divided;None;No Special Feature;Smooth Asphalt;Piedmont;Urban;30 - 35  MPH;No Control Present;Clear;No;35.777058, -78.644295
407;408;No;15-Nov;12;No;Facing Traffic;O: No Injury;Sidewalk / Crosswalk / Driveway Crossing;White;Male;Cary;Wake;No;01-01-04;2010-07-08;Motorist Failed to Yield - Sign-Controlled Intersection;14;Intersection;01-07-01;0001-01-01T09:18:58-04:56;Motorist Drive Out - Sign-Controlled Intersection;0;2010;O: No Injury;Commercial;;;Missing;0-5 mph;Injury;/Missing;;Passenger Car;No;Yes;Daylight;Urban (>70% Developed);4 lanes;2;Straight - Level;Local Street;Dry;Two-Way, Divided, Positive Median Barrier;None;No Special Feature;Smooth Asphalt;Piedmont;Urban;40 - 45  MPH;Stop Sign;Clear;No;35.788353, -78.82972
410;411;Yes;50-59;59;No;With Traffic;B: Evident Injury;Travel Lane;Black;Male;Kinston;Lenoir;No;01-01-07;2010-07-11;Motorist Failed to Yield - Sign-Controlled Intersection;21;Intersection;01-07-01;0001-01-01T16:13:58-04:56;Motorist Drive Out - Sign-Controlled Intersection;0;2010;B: Evident Injury;Residential;60-69;64;No;0-5 mph;O: No Injury;Black;Female;Passenger Car;No;No;Dark - Roadway Not Lighted;Urban (>70% Developed);4 lanes;2;Straight - Level;Local Street;Dry;Two-Way, Not Divided;None;T-Intersection;Smooth Asphalt;Coastal;Urban;30 - 35  MPH;Stop Sign;Clear;No;35.257275, -77.57022
411;412;Yes;16-19;16;No;With Traffic;K: Killed;Travel Lane;Black;Male;None - Rural Crash;Pitt;No;;2010-06-21;Bicyclist Left Turn / Merge;13;Non-Intersection;01-06-01;0001-01-01T08:42:58-04:56;Bicyclist Left Turn - Same Direction;0;2010;K: Killed;Farms, Woods, Pastures;20-24;23;No;46-50 mph;O: No Injury;White;Male;Passenger Car;No;No;Daylight;Mixed (30% To 70% Developed);2 lanes;2;Straight - Level;NC Route;Dry;Two-Way, Not Divided;None;No Special Feature;Smooth Asphalt;Coastal;Rural;50 - 55  MPH;No Control Present;Clear;No;35.692104, -77.44913
414;415;Yes;30-39;33;No;Facing Traffic;B: Evident Injury;Sidewalk / Crosswalk / Driveway Crossing;White;Male;Smithfield;Johnston;No;01-01-05;2010-06-25;Motorist Failed to Yield - Midblock;16;Non-Intersection;01-06-01;0001-01-01T11:47:58-04:56;Motorist Drive Out - Midblock -;0;2010;B: Evident Injury;Commercial;40-49;46;No;;O: No Injury;White;Male;Passenger Car;No;No;Daylight;Urban (>70% Developed);;2;Straight - Level;Public Vehicular Area;Dry;One-Way, Not Divided;None;No Special Feature;Coarse Asphalt;Coastal;Urban;;No Control Present;Clear;No;35.518574, -78.316826
418;419;Yes;20-24;24;Yes;With Traffic;B: Evident Injury;Travel Lane;White;Male;Greensboro;Guilford;Yes;01-01-06;2010-06-26;Bicyclist Overtaking Motorist;2;Non-Intersection;01-06-01;0000-12-31T21:16:58-04:56;Bicyclist Overtaking - Parked Vehicle;0;2010;B: Evident Injury;Commercial;;;Missing;;Injury;/Missing;;Sport Utility;No;No;Dark - Lighted Roadway;Urban (>70% Developed);2 lanes;2;Straight - Level;Local Street;Dry;Two-Way, Divided, Unprotected Median;None;No Special Feature;Smooth Asphalt;Piedmont;Urban;20 - 25  MPH;No Control Present;Clear;No;36.069656, -79.79169