FID;OBJECTID;AmbulanceR;BikeAge_Gr;Bike_Age;Bike_Alc_D;Bike_Dir;Bike_Injur;Bike_Pos;Bike_Race;Bike_Sex;City;County;CrashAlcoh;CrashDay;Crash_Date;Crash_Grp;Crash_Hour;Crash_Loc;Crash_Mont;Crash_Time;Crash_Type;Crash_Ty_1;Crash_Year;Crsh_Sevri;Developmen;DrvrAge_Gr;Drvr_Age;Drvr_Alc_D;Drvr_EstSp;Drvr_Injur;Drvr_Race;Drvr_Sex;Drvr_VehTy;ExcsSpdInd;Hit_Run;Light_Cond;Locality;Num_Lanes;Num_Units;Rd_Charact;Rd_Class;Rd_Conditi;Rd_Config;Rd_Defects;Rd_Feature;Rd_Surface;Region;Rural_Urba;Speed_Limi;Traff_Cntr;Weather;Workzone_I;Location
419;420;Yes;30-39;35;No;With Traffic;B: Evident Injury;Travel Lane;White;Male;Greensboro;Guilford;No;01-01-07;2010-07-04;Bicyclist Failed to Yield - Signalized Intersection;23;Intersection;01-07-01;0001-01-01T18:42:58-04:56;Bicyclist Ride Out - Signalized  Intersection;0;2010;B: Evident Injury;Commercial;40-49;43;No;31-35 mph;O: No Injury;Black;Female;Passenger Car;No;No;Dark - Lighted Roadway;Urban (>70% Developed);3 lanes;2;Straight - Level;Local Street;Dry;Two-Way, Not Divided;None;Four-Way Intersection;Smooth Asphalt;Piedmont;Urban;30 - 35  MPH;Stop And Go Signal;Clear;No;36.102783, -79.78786
420;421;No;16-19;17;No;With Traffic;B: Evident Injury;Travel Lane;White;Female;Concord;Cabarrus;No;01-01-02;2010-06-29;Bicyclist Left Turn / Merge;12;Non-Intersection;01-06-01;0001-01-01T07:56:58-04:56;Bicyclist Left Turn - Same Direction;0;2010;B: Evident Injury;Residential;;;Missing;31-35 mph;Injury;/Missing;;;No;Yes;Daylight;Urban (>70% Developed);2 lanes;2;Straight - Bottom;Local Street;Dry;Two-Way, Not Divided;;T-Intersection;Coarse Asphalt;Piedmont;Urban;30 - 35  MPH;Stop Sign;Clear;No;35.391403, -80.59365
424;425;Yes;25-29;29;No;Facing Traffic;C: Possible Injury;Sidewalk / Crosswalk / Driveway Crossing;Black;Male;Fayetteville;Cumberland;No;01-01-03;2010-07-14;Motorist Failed to Yield - Midblock;15;Non-Intersection;01-07-01;0001-01-01T10:17:58-04:56;Motorist Drive Out - Commercial Driveway / Alley;0;2010;C: Possible Injury;Commercial;25-29;29;No;0-5 mph;O: No Injury;White;Female;Passenger Car;No;No;Daylight;Urban (>70% Developed);6 lanes;2;Straight - Level;Local Street;Dry;Two-Way, Divided, Unprotected Median;None;Driveway, Public;Smooth Asphalt;Coastal;Urban;30 - 35  MPH;No Control Present;Clear;No;35.071472, -78.96524
427;428;Yes;60-69;63;No;Facing Traffic;B: Evident Injury;Sidewalk / Crosswalk / Driveway Crossing;White;Male;Weddington;Union;No;01-01-03;2010-07-14;Motorist Failed to Yield - Sign-Controlled Intersection;16;Intersection;01-07-01;0001-01-01T11:22:58-04:56;Motorist Drive Out - Sign-Controlled Intersection;0;2010;B: Evident Injury;Commercial;0-19;18;No;0-5 mph;O: No Injury;White;Female;Passenger Car;No;No;Daylight;Urban (>70% Developed);1 lane;2;Straight - Hillcrest;Public Vehicular Area;Dry;Two-Way, Not Divided;None;T-Intersection;Coarse Asphalt;Piedmont;Urban;;Stop Sign;Clear;No;35.026142, -80.76285
434;435;Yes;40-49;47;No;;B: Evident Injury;Travel Lane;Black;Male;Charlotte;Mecklenburg;No;01-01-06;2010-07-10;Other /  - Insufficient Details;23;Non-Intersection;01-07-01;0001-01-01T18:11:58-04:56;Approach Paths;0;2010;B: Evident Injury;Residential;;;Missing;31-35 mph;Injury;/Missing;;;No;Yes;Dark - Lighted Roadway;Urban (>70% Developed);5 lanes;2;Straight - Level;Local Street;Dry;Two-Way, Divided, Positive Median Barrier;None;Related To Intersection;Smooth Asphalt;Piedmont;Urban;30 - 35  MPH;No Control Present;Clear;No;35.24649, -80.75239
435;436;Yes;15-Nov;14;No;Facing Traffic;C: Possible Injury;Travel Lane;Black;Male;Monroe;Union;No;01-01-06;2010-07-10;Head-On;14;Intersection;01-07-01;0001-01-01T09:58:58-04:56;Head-On - Bicyclist;0;2010;C: Possible Injury;Residential;;;Missing;;Injury;/Missing;;;No;Yes;Daylight;Urban (>70% Developed);2 lanes;2;Straight - Level;Local Street;Dry;Two-Way, Not Divided;None;No Special Feature;Smooth Asphalt;Piedmont;Urban;;Stop Sign;Clear;No;34.97497, -80.540085
444;445;Yes;50-59;52;Yes;With Traffic;B: Evident Injury;Travel Lane;Black;Male;Charlotte;Mecklenburg;Yes;01-01-07;2010-07-11;Motorist Overtaking Bicyclist;8;Non-Intersection;01-07-01;0001-01-01T03:23:58-04:56;Motorist Overtaking - Misjudged Space;0;2010;B: Evident Injury;Commercial;;;Missing;11-15 mph;Injury;/Missing;;;No;Yes;Daylight;Rural (<30% Developed);2 lanes;2;Straight - Level;Local Street;Dry;Two-Way, Not Divided;None;No Special Feature;Smooth Asphalt;Piedmont;Urban;30 - 35  MPH;No Control Present;Clear;No;35.26539, -80.88387
455;456;Yes;40-49;40;Yes;With Traffic;B: Evident Injury;Travel Lane;White;Male;Kitty Hawk;Dare;Yes;01-01-06;2010-06-19;Bicyclist Left Turn / Merge;21;Non-Intersection;01-06-01;0001-01-01T16:58:58-04:56;Bicyclist Left Turn - Opposite Direction;0;2010;B: Evident Injury;Commercial;0-19;18;No;46-50 mph;O: No Injury;White;Male;Sport Utility;No;No;Dark - Roadway Not Lighted;Urban (>70% Developed);5 lanes;2;Straight - Level;US Route;Dry;Two-Way, Not Divided;None;No Special Feature;Coarse Asphalt;Coastal;Rural;50 - 55  MPH;No Control Present;Clear;No;36.07345, -75.6981
456;457;No;10-Jun;7;No;Not Applicable;B: Evident Injury;Driveway / Alley;White;Male;Kitty Hawk;Dare;No;01-01-07;2010-06-20;Bicyclist Failed to Yield - Midblock;18;Non-Intersection;01-06-01;0001-01-01T13:08:58-04:56;Bicyclist Ride Out - Residential Driveway;0;2010;B: Evident Injury;Residential;20-24;21;No;>100 mph;O: No Injury;White;Female;Pickup;Yes;No;Daylight;Urban (>70% Developed);2 lanes;2;Straight - Level;Local Street;Dry;Two-Way, Not Divided;None;No Special Feature;Coarse Asphalt;Coastal;Rural;20 - 25  MPH;No Control Present;Clear;No;36.05924, -75.730896
459;460;Yes;40-49;49;No;With Traffic;B: Evident Injury;Travel Lane;White;Male;None - Rural Crash;Stokes;No;01-01-05;2010-07-23;Motorist Overtaking Bicyclist;7;Non-Intersection;01-07-01;0001-01-01T02:45:58-04:56;Motorist Overtaking - Other /;0;2010;K: Killed;Farms, Woods, Pastures;50-59;51;No;41-45 mph;O: No Injury;White;Female;Sport Utility;No;No;Daylight;Rural (<30% Developed);2 lanes;3;Curve - Grade;State Secondary Route;Dry;Two-Way, Not Divided;None;No Special Feature;Smooth Asphalt;Piedmont;Rural;40 - 45  MPH;Double Yellow Line, No Passing Zone;Clear;No;36.28436, -80.39064
462;463;Yes;10-Jun;8;No;With Traffic;B: Evident Injury;Travel Lane;Black;Male;Troutman;Iredell;No;01-01-04;2010-06-03;Bicyclist Failed to Yield - Sign-Controlled Intersection;20;Intersection;01-06-01;0001-01-01T15:39:58-04:56;Bicyclist Ride Out - Sign-Controlled Intersection;0;2010;B: Evident Injury;Residential;;;Missing;21-25 mph;Injury;/Missing;;;No;Yes;Dark - Lighted Roadway;Urban (>70% Developed);2 lanes;2;Straight - Level;Local Street;Dry;Two-Way, Not Divided;None;T-Intersection;Smooth Asphalt;Piedmont;Rural;20 - 25  MPH;Stop Sign;Clear;No;35.696854, -80.90066
471;472;No;10-Jun;9;No;Not Applicable;O: No Injury;Driveway / Alley;White;Male;None - Rural Crash;Wake;No;01-01-07;2010-08-01;Bicyclist Failed to Yield - Midblock;15;Non-Intersection;01-08-01;0001-01-01T10:42:58-04:56;Bicyclist Ride Out - Residential Driveway;0;2010;O: No Injury;Residential;0-19;16;No;21-25 mph;O: No Injury;White;Male;Pickup;No;No;Daylight;Rural (<30% Developed);2 lanes;2;Straight - Hillcrest;State Secondary Route;Dry;Two-Way, Not Divided;None;No Special Feature;Smooth Asphalt;Piedmont;Rural;20 - 25  MPH;No Control Present;Cloudy;No;35.92532, -78.62633
478;479;Yes;30-39;34;No;With Traffic;B: Evident Injury;Travel Lane;White;Male;None - Rural Crash;Wake;No;01-01-04;2010-07-29;Motorist Left Turn / Merge;22;Intersection;01-07-01;0001-01-01T17:16:58-04:56;Motorist Left Turn - Opposite Direction;0;2010;B: Evident Injury;Farms, Woods, Pastures;30-39;35;No;41-45 mph;O: No Injury;White;Male;Pickup;No;No;Dark - Roadway Not Lighted;Rural (<30% Developed);2 lanes;2;Straight - Level;State Secondary Route;Dry;Two-Way, Not Divided;None;T-Intersection;Coarse Asphalt;Piedmont;Rural;40 - 45  MPH;Double Yellow Line, No Passing Zone;Cloudy;No;35.555542, -78.72128
479;480;Yes;40-49;43;No;With Traffic;B: Evident Injury;Travel Lane;Black;Male;Greensboro;Guilford;No;01-01-02;2010-07-20;Motorist Overtaking Bicyclist;3;Non-Intersection;01-07-01;0000-12-31T22:27:58-04:56;Motorist Overtaking - Other /;0;2010;B: Evident Injury;Commercial;;;Missing;;Injury;/Missing;;;No;Yes;Dark - Lighted Roadway;Urban (>70% Developed);5 lanes;2;Straight - Level;Local Street;Dry;Two-Way, Divided, Unprotected Median;None;No Special Feature;Smooth Asphalt;Piedmont;Urban;30 - 35  MPH;No Control Present;Clear;No;36.048058, -79.83613
480;481;Yes;10-Jun;7;No;With Traffic;B: Evident Injury;Travel Lane;Black;Male;None - Rural Crash;Richmond;No;01-01-03;2010-07-14;Bicyclist Failed to Yield - Sign-Controlled Intersection;19;Intersection;01-07-01;0001-01-01T14:03:58-04:56;Bicyclist Ride Through - Sign-Controlled Intersection;0;2010;B: Evident Injury;Residential;50-59;51;No;21-25 mph;O: No Injury;Black;Male;Passenger Car;No;No;Daylight;Rural (<30% Developed);2 lanes;2;Straight - Level;State Secondary Route;Dry;Two-Way, Not Divided;None;Four-Way Intersection;Coarse Asphalt;Piedmont;Rural;30 - 35  MPH;Stop Sign;Clear;No;34.95564, -79.72918
486;487;No;20-24;24;No;Facing Traffic;O: No Injury;Travel Lane;White;Male;Wilson;Wilson;No;;2010-07-19;Motorist Failed to Yield - Midblock;16;Non-Intersection;01-07-01;0001-01-01T11:51:58-04:56;Motorist Drive Out - Other Midblock;0;2010;O: No Injury;Commercial;50-59;55;No;6-10 mph;O: No Injury;White;Female;Passenger Car;No;No;Daylight;Urban (>70% Developed);5 lanes;2;Straight - Level;Local Street;Dry;Two-Way, Not Divided;None;No Special Feature;Coarse Asphalt;Coastal;Urban;40 - 45  MPH;No Control Present;Clear;No;35.767166, -77.94485
490;491;Yes;50-59;51;No;Facing Traffic;C: Possible Injury;Travel Lane;Black;Male;Goldsboro;Wayne;No;01-01-05;2010-07-23;Motorist Left Turn / Merge;16;Non-Intersection;01-07-01;0001-01-01T11:48:58-04:56;Motorist Left Turn - Same Direction;0;2010;C: Possible Injury;Commercial;20-24;21;No;6-10 mph;O: No Injury;White;Male;;No;Yes;Daylight;Urban (>70% Developed);2 lanes;2;Straight - Level;Local Street;Wet;Two-Way, Not Divided;None;No Special Feature;Coarse Asphalt;Coastal;Urban;30 - 35  MPH;No Control Present;Cloudy;No;35.39925, -77.99448
491;492;Yes;15-Nov;14;No;Facing Traffic;C: Possible Injury;Sidewalk / Crosswalk / Driveway Crossing;Black;Male;High Point;Guilford;No;01-01-04;2010-07-22;Motorist Failed to Yield - Midblock;11;Non-Intersection;01-07-01;0001-01-01T06:34:58-04:56;Motorist Drive Out - Commercial Driveway / Alley;0;2010;C: Possible Injury;Commercial;30-39;33;No;0-5 mph;O: No Injury;White;Male;;No;Yes;Daylight;Urban (>70% Developed);5 lanes;2;Straight - Level;US Route;Dry;Two-Way, Not Divided;None;No Special Feature;Coarse Asphalt;Piedmont;Urban;30 - 35  MPH;No Control Present;Clear;No;35.933033, -79.98963
492;493;Yes;30-39;36;No;With Traffic;B: Evident Injury;Bike Lane / Paved Shoulder;White;Male;Greensboro;Guilford;No;01-01-07;2010-07-18;Motorist Left Turn / Merge;0;Non-Intersection;01-07-01;0000-12-31T20:02:58-04:56;Motorist Left Turn - Opposite Direction;0;2010;B: Evident Injury;Commercial;25-29;29;No;11-15 mph;O: No Injury;White;Female;Passenger Car;No;No;Dark - Lighted Roadway;Urban (>70% Developed);2 lanes;2;Straight - Level;Local Street;Wet;Two-Way, Not Divided;None;No Special Feature;Concrete;Piedmont;Urban;30 - 35  MPH;No Control Present;Clear;No;36.063526, -79.84012
497;498;Yes;40-49;47;No;With Traffic;C: Possible Injury;Travel Lane;Black;Male;Gastonia;Gaston;No;01-01-02;2010-07-27;Crossing Paths - Other Circumstances;15;Intersection;01-07-01;0001-01-01T11:00:58-04:56;Signalized Intersection - Other /;0;2010;C: Possible Injury;Commercial;70+;;No;;O: No Injury;White;Male;Passenger Car;No;No;Daylight;Urban (>70% Developed);2 lanes;2;Straight - Level;Local Street;Dry;Two-Way, Not Divided;None;Four-Way Intersection;Smooth Asphalt;Piedmont;Urban;30 - 35  MPH;Stop And Go Signal;Clear;No;35.262318, -81.1539
500;501;No;60-69;68;No;Facing Traffic;O: No Injury;Sidewalk / Crosswalk / Driveway Crossing;/Missing;;Rocky Mount;Nash;No;01-01-03;2010-07-07;Motorist Right Turn / Merge;10;Non-Intersection;01-07-01;0001-01-01T05:34:58-04:56;Motorist Right Turn - Opposite Direction;0;2010;O: No Injury;Commercial;;;Missing;6-10 mph;Injury;/Missing;;;No;Yes;Daylight;Urban (>70% Developed);5 lanes;2;Straight - Level;Local Street;Dry;Two-Way, Not Divided;None;Driveway, Public;Smooth Asphalt;Coastal;Urban;5 - 15 MPH;No Control Present;Clear;No;35.932713, -77.81098
502;503;Yes;30-39;31;No;With Traffic;B: Evident Injury;Travel Lane;White;Male;None - Rural Crash;Davie;No;01-01-04;2010-07-29;Motorist Right Turn / Merge;8;Intersection-Related;01-07-01;0001-01-01T03:08:58-04:56;Motorist Right Turn - Same Direction;0;2010;B: Evident Injury;Farms, Woods, Pastures;;;No;41-45 mph;B: Evident Injury;White;Male;Sport Utility;No;No;Daylight;Rural (<30% Developed);2 lanes;2;Straight - Grade;NC Route;Dry;Two-Way, Not Divided;None;T-Intersection;Coarse Asphalt;Piedmont;Rural;40 - 45  MPH;No Control Present;Clear;No;35.972794, -80.425644
507;508;Yes;30-39;34;No;With Traffic;A: Disabling Injury;Travel Lane;White;Male;Clemmons;Forsyth;No;01-01-05;2010-07-16;Loss of Control / Turning Error;10;Intersection-Related;01-07-01;0001-01-01T05:33:58-04:56;Motorist Turning Error - Right Turn;0;2010;A: Disabling Injury;Residential;30-39;32;No;41-45 mph;O: No Injury;White;Female;Passenger Car;No;Yes;Daylight;Mixed (30% To 70% Developed);2 lanes;2;Straight - Level;Local Street;Dry;Two-Way, Not Divided;None;T-Intersection;Coarse Asphalt;Piedmont;Urban;40 - 45  MPH;Stop Sign;Clear;No;36.06965, -80.41537
509;510;Yes;50-59;53;No;Facing Traffic;C: Possible Injury;Sidewalk / Crosswalk / Driveway Crossing;Black;Male;Charlotte;Mecklenburg;No;01-01-05;2010-07-30;Motorist Failed to Yield - Midblock;19;Non-Intersection;01-07-01;0001-01-01T14:03:58-04:56;Motorist Drive Out - Commercial Driveway / Alley;0;2010;C: Possible Injury;Commercial;40-49;48;No;0-5 mph;O: No Injury;Black;Male;Van;No;No;Daylight;Urban (>70% Developed);;2;Straight - Level;Public Vehicular Area;Dry;Two-Way, Not Divided;None;No Special Feature;Concrete;Piedmont;Urban;30 - 35  MPH;No Control Present;Clear;No;35.2997, -80.801025
511;512;Yes;40-49;43;No;With Traffic;O: No Injury;Sidewalk / Crosswalk / Driveway Crossing;White;Male;Raleigh;Wake;No;01-01-02;2010-07-20;Motorist Failed to Yield - Midblock;13;Non-Intersection;01-07-01;0001-01-01T08:19:58-04:56;Motorist Drive Out - Commercial Driveway / Alley;0;2010;O: No Injury;Commercial;20-24;20;No;0-5 mph;O: No Injury;White;Male;Light Truck (Mini-Van, Panel);No;No;Daylight;Urban (>70% Developed);;2;Straight - Level;Public Vehicular Area;Dry;Two-Way, Not Divided;None;No Special Feature;Smooth Asphalt;Piedmont;Urban;5 - 15 MPH;No Control Present;Clear;No;35.784973, -78.65992
512;513;No;30-39;34;No;With Traffic;C: Possible Injury;Travel Lane;Asian;Male;None - Rural Crash;Rowan;No;01-01-06;2010-07-17;Motorist Right Turn / Merge;8;Intersection;01-07-01;0001-01-01T03:38:58-04:56;Motorist Right Turn - Same Direction;0;2010;C: Possible Injury;Residential;25-29;29;No;6-10 mph;O: No Injury;White;Male;Passenger Car;No;No;Daylight;Mixed (30% To 70% Developed);2 lanes;2;Straight - Level;State Secondary Route;Dry;Two-Way, Not Divided;None;T-Intersection;Coarse Asphalt;Piedmont;Rural;40 - 45  MPH;Double Yellow Line, No Passing Zone;Clear;No;35.547226, -80.701805
514;515;No;15-Nov;12;No;Facing Traffic;C: Possible Injury;Sidewalk / Crosswalk / Driveway Crossing;Black;Male;Fuquay-Varina;Wake;No;01-01-05;2010-07-16;Motorist Failed to Yield - Midblock;15;Non-Intersection;01-07-01;0001-01-01T10:03:58-04:56;Motorist Drive Out - Commercial Driveway / Alley;0;2010;C: Possible Injury;Commercial;;;Missing;0-5 mph;Injury;/Missing;;;No;Yes;Daylight;Urban (>70% Developed);2 lanes;2;Straight - Level;Public Vehicular Area;Dry;Two-Way, Divided, Unprotected Median;None;Driveway, Public;Smooth Asphalt;Piedmont;Urban;30 - 35  MPH;No Control Present;Clear;No;35.586124, -78.7821
519;520;Yes;40-49;48;No;Facing Traffic;K: Killed;Travel Lane;Black;Male;None - Rural Crash;Vance;No;01-01-02;2010-08-10;Head-On;21;Non-Intersection;01-08-01;0001-01-01T16:08:58-04:56;Head-On - Bicyclist;0;2010;K: Killed;Residential;40-49;42;No;36-40 mph;O: No Injury;Black;Female;Passenger Car;No;No;Dark - Roadway Not Lighted;Rural (<30% Developed);2 lanes;2;Straight - Level;State Secondary Route;Dry;Two-Way, Not Divided;None;No Special Feature;Smooth Asphalt;Piedmont;Rural;40 - 45  MPH;No Control Present;Clear;No;36.428864, -78.43482
527;528;Yes;20-24;22;No;Facing Traffic;B: Evident Injury;Travel Lane;Black;Male;Charlotte;Mecklenburg;No;01-01-05;2010-07-30;Motorist Failed to Yield - Sign-Controlled Intersection;2;Intersection;01-07-01;0000-12-31T21:33:58-04:56;Motorist Drive Through - Sign-Controlled Intersection;0;2010;B: Evident Injury;Residential;50-59;55;No;16-20 mph;O: No Injury;White;Female;Passenger Car;No;No;Daylight;Urban (>70% Developed);2 lanes;2;Straight - Level;Local Street;Dry;Two-Way, Divided, Unprotected Median;None;Four-Way Intersection;Smooth Asphalt;Piedmont;Urban;30 - 35  MPH;Stop Sign;Clear;No;35.23411, -80.822235
528;529;No;30-39;31;No;With Traffic;B: Evident Injury;Travel Lane;Black;Male;Farmville;Pitt;No;01-01-03;2010-08-04;Bicyclist Left Turn / Merge;16;Intersection;01-08-01;0001-01-01T11:31:58-04:56;Bicyclist Left Turn - Same Direction;0;2010;B: Evident Injury;Residential;60-69;68;No;21-25 mph;O: No Injury;Black;Female;Van;No;No;Daylight;Urban (>70% Developed);2 lanes;2;Straight - Level;Local Street;Dry;Two-Way, Not Divided;None;Four-Way Intersection;Smooth Asphalt;Coastal;Rural;30 - 35  MPH;Yield Sign;Clear;No;35.591537, -77.59017
531;532;No;50-59;57;No;Not Applicable;O: No Injury;Other;White;Male;Raleigh;Wake;No;01-01-06;2010-07-31;Crossing Paths - Other Circumstances;2;Intersection;01-07-01;0000-12-31T21:18:58-04:56;Crossing Paths - Intersection - Other /;0;2010;O: No Injury;Commercial;;;Missing;16-20 mph;Injury;/Missing;;;No;Yes;Dark - Lighted Roadway;Urban (>70% Developed);7 lanes;2;Straight - Level;Local Street;Dry;Two-Way, Not Divided;None;T-Intersection;Smooth Asphalt;Piedmont;Urban;40 - 45  MPH;No Control Present;Clear;No;35.837788, -78.612976
534;535;Yes;10-Jun;6;No;;C: Possible Injury;;White;Male;None - Rural Crash;Rowan;No;01-01-04;2010-08-12;Backing Vehicle;19;Non-Intersection;01-08-01;0001-01-01T14:55:58-04:56;Backing Vehicle;0;2010;C: Possible Injury;Residential;50-59;53;No;0-5 mph;O: No Injury;White;Female;Passenger Car;No;No;Dusk;Rural (<30% Developed);2 lanes;2;Straight - Grade;Local Street;Dry;Two-Way, Not Divided;None;Driveway, Private;Smooth Asphalt;Piedmont;Rural;20 - 25  MPH;No Control Present;Clear;No;35.55527, -80.48653
557;558;Yes;20-24;23;No;Not Applicable;B: Evident Injury;Non-Roadway;White;Male;Raleigh;Wake;No;01-01-05;2010-07-30;Non-Roadway;12;Non-Roadway;01-07-01;0001-01-01T07:19:58-04:56;Non-Roadway;0;2010;B: Evident Injury;Institutional;40-49;42;No;0-5 mph;O: No Injury;White;Female;Sport Utility;No;No;Daylight;Urban (>70% Developed);2 lanes;2;Straight - Level;Local Street;Dry;Two-Way, Divided, Unprotected Median;None;No Special Feature;Smooth Asphalt;Piedmont;Urban;20 - 25  MPH;No Control Present;Clear;No;35.785778, -78.67215
563;564;Yes;10-Jun;9;No;With Traffic;B: Evident Injury;Travel Lane;White;Male;Oak Island;Brunswick;No;;2010-07-19;Crossing Paths - Other Circumstances;20;Intersection;01-07-01;0001-01-01T15:03:58-04:56;Crossing Paths - Intersection - Other /;0;2010;B: Evident Injury;Residential;0-19;16;No;21-25 mph;O: No Injury;White;Female;Passenger Car;No;No;Dusk;Urban (>70% Developed);2 lanes;2;Straight - Level;Local Street;Dry;Two-Way, Not Divided;None;Four-Way Intersection;Grooved Concrete;Coastal;Urban;30 - 35  MPH;No Control Present;Clear;No;33.912365, -78.13294
566;567;Yes;40-49;46;No;Facing Traffic;C: Possible Injury;Sidewalk / Crosswalk / Driveway Crossing;Hispanic;Male;Raleigh;Wake;No;01-01-02;2010-08-03;Motorist Failed to Yield - Signalized Intersection;14;Intersection;01-08-01;0001-01-01T09:13:58-04:56;Motorist Drive Out - Signalized Intersection;0;2010;C: Possible Injury;Commercial;25-29;26;No;;O: No Injury;White;Female;Passenger Car;No;No;Daylight;Urban (>70% Developed);2 lanes;2;Straight - Level;Local Street;Dry;Two-Way, Divided, Unprotected Median;None;T-Intersection;Coarse Asphalt;Piedmont;Urban;40 - 45  MPH;Stop And Go Signal;Clear;No;35.854973, -78.585915
307;308;No;40-49;44;No;With Traffic;B: Evident Injury;Sidewalk / Crosswalk / Driveway Crossing;White;Male;Forest City;Rutherford;No;01-01-05;2009-06-19;Motorist Right Turn / Merge;11;Intersection;01-06-01;0001-01-01T06:23:58-04:56;Motorist Right Turn - Same Direction;131213;2009;B: Evident Injury;Commercial;20-24;24;No;31-35 mph;O: No Injury;White;Male;Pickup;No;No;Daylight;Urban (>70% Developed);3 lanes;2;Straight - Level;Local Street;Dry;Two-Way, Not Divided;None;Four-Way Intersection;Smooth Asphalt;Mountains;Urban;30 - 35  MPH;Stop And Go Signal;Cloudy;No;35.31749, -81.85754
312;313;Yes;16-19;17;No;Not Applicable;C: Possible Injury;Non-Roadway;White;Female;Carolina Beach;New Hanover;No;01-01-04;2009-06-18;Bicyclist Failed to Yield - Midblock;12;Non-Intersection;01-06-01;0001-01-01T07:41:58-04:56;Bicyclist Ride Out - Midblock -;363319;2009;C: Possible Injury;Commercial;60-69;67;No;31-35 mph;O: No Injury;White;Male;Passenger Car;No;No;Daylight;Urban (>70% Developed);4 lanes;2;Straight - Level;Local Street;Dry;Two-Way, Not Divided;None;No Special Feature;Coarse Asphalt;Coastal;Urban;30 - 35  MPH;No Control Present;Clear;No;34.04082, -77.8958
313;314;Yes;40-49;49;No;Facing Traffic;C: Possible Injury;Sidewalk / Crosswalk / Driveway Crossing;White;Male;Wilmington;New Hanover;No;01-01-03;2009-06-17;Motorist Failed to Yield - Sign-Controlled Intersection;14;Intersection;01-06-01;0001-01-01T09:27:58-04:56;Motorist Drive Out - Sign-Controlled Intersection;132141;2009;C: Possible Injury;Commercial;40-49;45;No;;O: No Injury;White;Male;Passenger Car;No;No;Daylight;Urban (>70% Developed);5 lanes;2;Straight - Level;Local Street;Dry;Two-Way, Divided, Unprotected Median;None;T-Intersection;Smooth Asphalt;Coastal;Urban;5 - 15 MPH;Stop And Go Signal;Cloudy;No;34.242218, -77.89212
320;321;No;16-19;19;No;With Traffic;B: Evident Injury;Bike Lane / Paved Shoulder;White;Male;None - Rural Crash;New Hanover;No;01-01-04;2009-06-25;Bicyclist Left Turn / Merge;17;Non-Intersection;01-06-01;0001-01-01T12:48:58-04:56;Bicyclist Left Turn - Same Direction;321221;2009;B: Evident Injury;Residential;40-49;41;No;36-40 mph;O: No Injury;White;Female;Passenger Car;No;No;Daylight;Urban (>70% Developed);2 lanes;2;Straight - Level;NC Route;Dry;Two-Way, Not Divided;None;No Special Feature;Coarse Asphalt;Coastal;Rural;40 - 45  MPH;Double Yellow Line, No Passing Zone;Clear;No;34.281406, -77.92305
321;322;No;15-Nov;15;No;With Traffic;C: Possible Injury;Travel Lane;White;Male;None - Rural Crash;New Hanover;No;01-01-02;2009-06-30;Crossing Paths - Other Circumstances;22;Intersection;01-06-01;0001-01-01T18:01:58-04:56;Signalized Intersection - Other /;111158;2009;C: Possible Injury;Residential;30-39;36;No;41-45 mph;O: No Injury;White;Male;Police;No;No;Dark - Roadway Not Lighted;Urban (>70% Developed);6 lanes;2;Straight - Level;US Route;Dry;Two-Way, Not Divided;None;Four-Way Intersection;Smooth Asphalt;Coastal;Rural;40 - 45  MPH;Stop And Go Signal;Clear;No;34.280052, -77.8123
325;326;No;10-Jun;10;No;With Traffic;B: Evident Injury;Travel Lane;/Missing;Male;Fayetteville;Cumberland;No;01-01-03;2009-06-24;Bicyclist Failed to Yield - Sign-Controlled Intersection;16;Intersection;01-06-01;0001-01-01T11:33:58-04:56;Bicyclist Ride Through - Sign-Controlled Intersection;111144;2009;B: Evident Injury;Residential;30-39;39;No;21-25 mph;O: No Injury;Black;Female;Sport Utility;No;No;Daylight;Urban (>70% Developed);2 lanes;2;Straight - Level;State Secondary Route;Dry;Two-Way, Not Divided;None;T-Intersection;Coarse Asphalt;Coastal;Urban;30 - 35  MPH;No Control Present;Clear;No;34.993725, -78.93183
328;329;Yes;50-59;53;No;With Traffic;A: Disabling Injury;Travel Lane;Black;Male;Statesville;Iredell;No;01-01-02;2009-06-30;Motorist Overtaking Bicyclist;5;Non-Intersection;01-06-01;0001-01-01T00:25:58-04:56;Motorist Overtaking - Other /;311239;2009;A: Disabling Injury;Residential;;;Missing;41-45 mph;Injury;/Missing;;;No;Yes;Dark - Roadway Not Lighted;Urban (>70% Developed);2 lanes;2;Straight - Level;Local Street;Dry;Two-Way, Not Divided;None;No Special Feature;Smooth Asphalt;Piedmont;Urban;30 - 35  MPH;No Control Present;Clear;No;35.779186, -80.91696
336;337;Yes;40-49;49;No;With Traffic;O: No Injury;Bike Lane / Paved Shoulder;Hispanic;Male;Emerald Isle;Carteret;No;01-01-03;2009-07-01;Motorist Right Turn / Merge;9;Intersection;01-07-01;0001-01-01T05:00:58-04:56;Motorist Right Turn - Same Direction;121213;2009;O: No Injury;Residential;40-49;49;No;6-10 mph;O: No Injury;Black;Male;Passenger Car;No;No;Daylight;Mixed (30% To 70% Developed);2 lanes;2;Straight - Level;State Secondary Route;Dry;Two-Way, Not Divided;None;T-Intersection;Coarse Asphalt;Coastal;Rural;40 - 45  MPH;No Control Present;Clear;No;34.68076, -76.93053