FID;OBJECTID;AmbulanceR;BikeAge_Gr;Bike_Age;Bike_Alc_D;Bike_Dir;Bike_Injur;Bike_Pos;Bike_Race;Bike_Sex;City;County;CrashAlcoh;CrashDay;Crash_Date;Crash_Grp;Crash_Hour;Crash_Loc;Crash_Mont;Crash_Time;Crash_Type;Crash_Ty_1;Crash_Year;Crsh_Sevri;Developmen;DrvrAge_Gr;Drvr_Age;Drvr_Alc_D;Drvr_EstSp;Drvr_Injur;Drvr_Race;Drvr_Sex;Drvr_VehTy;ExcsSpdInd;Hit_Run;Light_Cond;Locality;Num_Lanes;Num_Units;Rd_Charact;Rd_Class;Rd_Conditi;Rd_Config;Rd_Defects;Rd_Feature;Rd_Surface;Region;Rural_Urba;Speed_Limi;Traff_Cntr;Weather;Workzone_I;Location
337;338;No;20-24;21;No;Not Applicable;B: Evident Injury;Sidewalk / Crosswalk / Driveway Crossing;White;Female;Wilmington;New Hanover;No;01-01-04;2009-07-02;Parallel Paths - Other Circumstances;16;Non-Intersection;01-07-01;0001-01-01T11:23:58-04:56;Bicyclist Ride Out - Parallel Path;333225;2009;B: Evident Injury;Institutional;40-49;42;No;11-15 mph;O: No Injury;White;Male;Sport Utility;No;No;Daylight;Urban (>70% Developed);2 lanes;2;Straight - Level;State Secondary Route;Dry;Two-Way, Not Divided;None;No Special Feature;Smooth Asphalt;Coastal;Urban;20 - 25  MPH;No Control Present;Clear;No;34.223083, -77.86643
345;346;No;40-49;46;No;With Traffic;C: Possible Injury;Travel Lane;White;Female;None - Rural Crash;Cherokee;No;01-01-07;2009-06-21;Motorist Left Turn / Merge;20;Intersection;01-06-01;0001-01-01T15:38:58-04:56;Motorist Left Turn - Opposite Direction;111212;2009;C: Possible Injury;Farms, Woods, Pastures;70+;;No;21-25 mph;O: No Injury;White;Female;Passenger Car;No;No;Daylight;Rural (<30% Developed);2 lanes;2;Curve - Grade;State Secondary Route;Dry;Two-Way, Not Divided;None;T-Intersection;Smooth Asphalt;Mountains;Rural;20 - 25  MPH;Double Yellow Line, No Passing Zone;Clear;No;35.03531, -83.96542
349;350;No;30-39;37;No;With Traffic;C: Possible Injury;Travel Lane;White;Male;None - Rural Crash;Gaston;No;01-01-02;2009-07-14;Motorist Overtaking Bicyclist;20;Non-Intersection;01-07-01;0001-01-01T15:33:58-04:56;Motorist Overtaking - Other /;311239;2009;C: Possible Injury;Residential;;;No;31-35 mph;Injury;/Missing;;Passenger Car;No;Yes;Daylight;Mixed (30% To 70% Developed);2 lanes;2;Straight - Level;State Secondary Route;Dry;Two-Way, Not Divided;None;No Special Feature;Smooth Asphalt;Piedmont;Rural;30 - 35  MPH;Double Yellow Line, No Passing Zone;Clear;No;35.35748, -81.1086
356;357;Yes;30-39;37;No;Facing Traffic;C: Possible Injury;Sidewalk / Crosswalk / Driveway Crossing;Black;Male;Raleigh;Wake;No;01-01-03;2009-07-08;Motorist Failed to Yield - Midblock;13;Non-Intersection;01-07-01;0001-01-01T09:00:58-04:56;Motorist Drive Out - Commercial Driveway / Alley;332322;2009;C: Possible Injury;Commercial;25-29;29;No;0-5 mph;O: No Injury;Black;Male;Passenger Car;No;No;Daylight;Urban (>70% Developed);3 lanes;2;Straight - Level;Local Street;Dry;One-Way, Not Divided;None;Driveway, Public;Other;Piedmont;Urban;5 - 15 MPH;No Control Present;Clear;No;35.77504, -78.6383
357;358;Yes;40-49;42;No;With Traffic;B: Evident Injury;Travel Lane;White;Male;None - Rural Crash;Harnett;No;01-01-05;2009-07-03;Motorist Overtaking Bicyclist;20;Non-Intersection;01-07-01;0001-01-01T15:03:58-04:56;Motorist Overtaking - Other /;311239;2009;B: Evident Injury;Farms, Woods, Pastures;0-19;19;No;51-55 mph;O: No Injury;Black;Male;Passenger Car;No;No;Daylight;Rural (<30% Developed);2 lanes;2;Straight - Grade;State Secondary Route;Dry;Two-Way, Not Divided;None;No Special Feature;Smooth Asphalt;Coastal;Rural;50 - 55  MPH;No Control Present;Clear;No;35.236553, -79.15141
358;359;Yes;25-29;25;No;;B: Evident Injury;;Black;Male;Gastonia;Gaston;No;01-01-06;2009-07-04;Motorist Overtaking Bicyclist;23;Non-Intersection;01-07-01;0001-01-01T18:29:58-04:56;Motorist Overtaking - Other /;399239;2009;B: Evident Injury;Commercial;;;Missing;;Injury;/Missing;;;No;Yes;Dark - Lighted Roadway;Urban (>70% Developed);2 lanes;2;Straight - Level;Local Street;Dry;Two-Way, Not Divided;Road Surface Condition;No Special Feature;Coarse Asphalt;Piedmont;Urban;30 - 35  MPH;No Control Present;Clear;No;35.27059, -81.222084
375;376;Yes;15-Nov;13;No;With Traffic;B: Evident Injury;Travel Lane;Black;Male;Knightdale;Wake;No;01-01-02;2009-07-28;Bicyclist Failed to Yield - Sign-Controlled Intersection;15;Intersection;01-07-01;0001-01-01T10:57:58-04:56;Bicyclist Ride Through - Sign-Controlled Intersection;111144;2009;B: Evident Injury;Residential;30-39;36;No;21-25 mph;O: No Injury;White;Male;Passenger Car;No;No;Daylight;Mixed (30% To 70% Developed);8 lanes;3;Straight - Level;Local Street;Dry;Two-Way, Not Divided;None;Four-Way Intersection;Coarse Asphalt;Piedmont;Urban;20 - 25  MPH;Stop Sign;Clear;No;35.78815, -78.48927
377;378;Yes;30-39;32;No;With Traffic;B: Evident Injury;Bike Lane / Paved Shoulder;White;Male;None - Rural Crash;Iredell;No;01-01-02;2009-07-21;Bicyclist Left Turn / Merge;17;Non-Intersection;01-07-01;0001-01-01T12:38:58-04:56;Bicyclist Left Turn - Same Direction;321221;2009;B: Evident Injury;Residential;25-29;25;No;41-45 mph;O: No Injury;White;Male;Pickup;No;No;Daylight;Mixed (30% To 70% Developed);2 lanes;2;Straight - Level;State Secondary Route;Dry;Two-Way, Not Divided;None;No Special Feature;Smooth Asphalt;Piedmont;Rural;40 - 45  MPH;No Control Present;Clear;No;35.617138, -80.837425
378;379;Yes;15-Nov;14;No;With Traffic;K: Killed;Travel Lane;White;Male;Winston-Salem;Forsyth;No;01-01-07;2009-07-12;Motorist Overtaking Bicyclist;7;Non-Intersection;01-07-01;0001-01-01T02:33:58-04:56;Motorist Overtaking - Other /;311239;2009;K: Killed;Commercial;0-19;18;No;56-60 mph;O: No Injury;Hispanic;Female;Passenger Car;No;No;Dark - Roadway Not Lighted;Urban (>70% Developed);2 lanes;2;Straight - Level;US Route;Dry;Two-Way, Divided, Unprotected Median;None;No Special Feature;Smooth Asphalt;Piedmont;Urban;60 - 75 MPH;No Control Present;Clear;No;36.050114, -80.13101
388;389;Yes;40-49;40;No;With Traffic;B: Evident Injury;Travel Lane;White;Female;Albemarle;Stanly;No;01-01-05;2009-07-24;Motorist Failed to Yield - Sign-Controlled Intersection;22;Intersection;01-07-01;0001-01-01T17:03:58-04:56;Motorist Drive Out - Sign-Controlled Intersection;111141;2009;B: Evident Injury;Residential;20-24;24;No;6-10 mph;O: No Injury;White;Female;Passenger Car;No;No;Dark - Lighted Roadway;Urban (>70% Developed);2 lanes;2;Curve - Level;Local Street;Dry;Two-Way, Not Divided;None;T-Intersection;Smooth Asphalt;Piedmont;Urban;30 - 35  MPH;Flashing Signal With Stop Sign;Clear;No;35.354176, -80.18499
391;392;No;25-29;26;No;With Traffic;B: Evident Injury;Travel Lane;White;Male;Huntersville;Mecklenburg;No;01-01-07;2009-07-26;Motorist Overtaking Bicyclist;8;Non-Intersection;01-07-01;0001-01-01T03:47:58-04:56;Motorist Overtaking - Other /;311239;2009;B: Evident Injury;Residential;30-39;37;No;31-35 mph;O: No Injury;White;Female;Pickup;No;No;Daylight;Mixed (30% To 70% Developed);2 lanes;2;Curve - Grade;State Secondary Route;Dry;Two-Way, Divided, Unprotected Median;None;No Special Feature;Smooth Asphalt;Piedmont;Urban;40 - 45  MPH;Double Yellow Line, No Passing Zone;Clear;No;35.407154, -80.90043
395;396;Yes;16-19;16;No;Facing Traffic;A: Disabling Injury;Bike Lane / Paved Shoulder;White;Female;None - Rural Crash;Carteret;No;;2009-08-03;Loss of Control / Turning Error;22;Non-Intersection;01-08-01;0001-01-01T17:06:58-04:56;Bicyclist Lost Control - Other /;322129;2009;A: Disabling Injury;Residential;0-19;18;No;51-55 mph;O: No Injury;White;Male;Van;No;Yes;Dark - Roadway Not Lighted;Mixed (30% To 70% Developed);5 lanes;2;Straight - Level;NC Route;Dry;Two-Way, Not Divided;None;No Special Feature;Smooth Asphalt;Coastal;Rural;50 - 55  MPH;No Control Present;Clear;No;34.726852, -76.92526
406;407;Yes;15-Nov;14;No;Not Applicable;C: Possible Injury;Non-Roadway;Black;Female;Charlotte;Mecklenburg;No;01-01-04;2009-07-30;Non-Roadway;11;Non-Roadway;01-07-01;0001-01-01T06:18:58-04:56;Non-Roadway;460910;2009;C: Possible Injury;Commercial;60-69;62;No;0-5 mph;O: No Injury;White;Male;Sport Utility;No;No;Daylight;Urban (>70% Developed);;2;Straight - Grade;Public Vehicular Area;Dry;One-Way, Not Divided;None;Driveway, Public;Smooth Asphalt;Piedmont;Urban;30 - 35  MPH;No Control Present;Clear;No;35.221127, -80.81812
410;411;Yes;50-59;51;No;With Traffic;K: Killed;Travel Lane;White;Male;Apex;Wake;No;01-01-06;2009-07-11;Bicyclist Left Turn / Merge;11;Intersection;01-07-01;0001-01-01T06:28:58-04:56;Bicyclist Left Turn - Opposite Direction;111222;2009;K: Killed;Residential;25-29;29;No;36-40 mph;O: No Injury;Black;Male;Passenger Car;No;No;Daylight;Urban (>70% Developed);3 lanes;2;Straight - Level;Local Street;Dry;Two-Way, Not Divided;None;T-Intersection;Grooved Concrete;Piedmont;Urban;40 - 45  MPH;No Control Present;Clear;No;35.721493, -78.86497
412;413;No;60-69;62;No;With Traffic;B: Evident Injury;Bike Lane / Paved Shoulder;Black;Male;Charlotte;Mecklenburg;No;;2009-08-03;Motorist Failed to Yield - Sign-Controlled Intersection;7;Intersection;01-08-01;0001-01-01T02:18:58-04:56;Motorist Drive Out - Sign-Controlled Intersection;121141;2009;B: Evident Injury;Residential;30-39;36;No;0-5 mph;O: No Injury;White;Female;Passenger Car;No;No;Daylight;Urban (>70% Developed);4 lanes;2;Straight - Level;Local Street;Dry;Two-Way, Divided, Unprotected Median;None;T-Intersection;Smooth Asphalt;Piedmont;Urban;30 - 35  MPH;Stop Sign;Clear;No;35.35427, -80.780914
414;415;Yes;50-59;50;No;With Traffic;C: Possible Injury;Travel Lane;Black;Male;Kinston;Lenoir;No;;2009-07-27;Motorist Failed to Yield - Midblock;8;Non-Intersection;01-07-01;0001-01-01T03:07:58-04:56;Motorist Drive Out - Commercial Driveway / Alley;311322;2009;C: Possible Injury;Commercial;30-39;31;No;;O: No Injury;White;Female;Passenger Car;No;No;Daylight;Urban (>70% Developed);4 lanes;2;Straight - Level;US Route;Dry;Two-Way, Not Divided;None;No Special Feature;Smooth Asphalt;Coastal;Urban;40 - 45  MPH;Stop Sign;Clear;No;35.28341, -77.646164
415;416;No;40-49;42;No;With Traffic;B: Evident Injury;Travel Lane;White;Male;None - Rural Crash;Halifax;No;01-01-04;2009-07-16;Motorist Right Turn / Merge;14;Non-Intersection;01-07-01;0001-01-01T09:29:58-04:56;Motorist Right Turn - Same Direction;311213;2009;B: Evident Injury;Residential;30-39;33;No;21-25 mph;O: No Injury;White;Female;Passenger Car;No;No;Daylight;Mixed (30% To 70% Developed);2 lanes;2;Straight - Level;NC Route;Dry;Two-Way, Not Divided;None;Driveway, Public;Smooth Asphalt;Coastal;Rural;40 - 45  MPH;No Control Present;Clear;No;36.395115, -77.63942
423;424;No;15-Nov;11;No;Facing Traffic;B: Evident Injury;Travel Lane;Black;Male;Greensboro;Guilford;No;;2009-08-03;Crossing Paths - Other Circumstances;18;Intersection;01-08-01;0001-01-01T13:04:58-04:56;Sign-Controlled Intersection - Other /;112148;2009;B: Evident Injury;Residential;;;Missing;;Injury;/Missing;;;No;Yes;Daylight;Urban (>70% Developed);2 lanes;2;Straight - Level;Local Street;Dry;Two-Way, Not Divided;None;No Special Feature;Smooth Asphalt;Piedmont;Urban;20 - 25  MPH;Stop Sign;Clear;No;36.048996, -79.76308
428;429;Yes;60-69;64;No;With Traffic;B: Evident Injury;Travel Lane;White;Male;None - Rural Crash;Burke;No;01-01-06;2009-08-01;Motorist Overtaking Bicyclist;10;Non-Intersection;01-08-01;0001-01-01T05:52:58-04:56;Motorist Overtaking - Other /;311239;2009;B: Evident Injury;Farms, Woods, Pastures;60-69;66;No;26-30 mph;O: No Injury;White;Male;Pickup;No;No;Daylight;Rural (<30% Developed);2 lanes;2;Straight - Grade;State Secondary Route;Dry;Two-Way, Not Divided;None;No Special Feature;Smooth Asphalt;Mountains;Rural;50 - 55  MPH;Double Yellow Line, No Passing Zone;Clear;No;35.83495, -81.73262
430;431;Yes;50-59;58;No;With Traffic;B: Evident Injury;Travel Lane;Black;Male;None - Rural Crash;Durham;No;01-01-03;2009-07-22;Motorist Overtaking Bicyclist;14;Non-Intersection;01-07-01;0001-01-01T09:13:58-04:56;Motorist Overtaking - Other /;311239;2009;B: Evident Injury;Residential;70+;;No;36-40 mph;O: No Injury;White;Female;Sport Utility;No;Yes;Daylight;Mixed (30% To 70% Developed);2 lanes;2;Straight - Level;State Secondary Route;Dry;Two-Way, Not Divided;None;No Special Feature;Smooth Asphalt;Piedmont;Rural;40 - 45  MPH;Double Yellow Line, No Passing Zone;Clear;No;36.045498, -78.81108
431;432;Yes;70+;;No;Not Applicable;C: Possible Injury;;White;Female;Winston-Salem;Forsyth;No;01-01-02;2009-08-04;Crossing Paths - Other Circumstances;0;Intersection;01-08-01;0000-12-31T19:12:58-04:56;Sign-Controlled Intersection - Other /;193148;2009;C: Possible Injury;Residential;70+;;No;0-5 mph;O: No Injury;White;Female;Passenger Car;No;No;Daylight;Urban (>70% Developed);2 lanes;2;Straight - Level;Local Street;Dry;Two-Way, Not Divided;None;No Special Feature;Smooth Asphalt;Piedmont;Urban;20 - 25  MPH;Stop Sign;Clear;No;36.10506, -80.27939
435;436;No;40-49;44;No;With Traffic;C: Possible Injury;Travel Lane;White;Male;Havelock;Craven;No;01-01-05;2009-07-31;Loss of Control / Turning Error;13;Non-Intersection;01-07-01;0001-01-01T08:13:58-04:56;Bicyclist Lost Control - Other /;311129;2009;C: Possible Injury;Commercial;60-69;65;No;36-40 mph;O: No Injury;White;Male;Pickup;No;No;Daylight;Urban (>70% Developed);2 lanes;2;Straight - Level;US Route;Dry;Two-Way, Divided, Positive Median Barrier;None;Bridge;Smooth Asphalt;Coastal;Urban;40 - 45  MPH;No Control Present;Clear;No;34.89102, -76.92265
440;441;Yes;50-59;59;No;With Traffic;B: Evident Injury;Travel Lane;White;Male;None - Rural Crash;Burke;No;01-01-04;2009-07-30;Motorist Overtaking Bicyclist;10;Non-Intersection;01-07-01;0001-01-01T05:53:58-04:56;Motorist Overtaking - Misjudged Space;311232;2009;B: Evident Injury;Farms, Woods, Pastures;70+;;No;41-45 mph;O: No Injury;White;Male;Passenger Car;No;No;Daylight;Rural (<30% Developed);2 lanes;2;Straight - Level;State Secondary Route;Dry;Two-Way, Not Divided;None;No Special Feature;Smooth Asphalt;Mountains;Rural;40 - 45  MPH;Double Yellow Line, No Passing Zone;Clear;No;35.742096, -81.448906
444;445;Yes;16-19;16;No;With Traffic;C: Possible Injury;Travel Lane;Black;Male;Shelby;Cleveland;No;01-01-02;2009-08-11;Crossing Paths - Other Circumstances;0;Intersection;01-08-01;0000-12-31T19:11:58-04:56;Sign-Controlled Intersection - Other /;111148;2009;C: Possible Injury;Residential;25-29;29;No;26-30 mph;O: No Injury;White;Female;Passenger Car;No;No;Dark - Roadway Not Lighted;Mixed (30% To 70% Developed);2 lanes;2;Straight - Grade;NC Route;Dry;Two-Way, Not Divided;None;No Special Feature;Coarse Asphalt;Mountains;Urban;30 - 35  MPH;No Control Present;Clear;No;35.29311, -81.53009
453;454;No;30-39;38;No;With Traffic;C: Possible Injury;Travel Lane;White;Male;None - Rural Crash;Wake;No;01-01-05;2009-05-15;Motorist Right Turn / Merge;19;Intersection-Related;01-05-01;0001-01-01T14:03:58-04:56;Motorist Right Turn - Same Direction;211213;2009;C: Possible Injury;Farms, Woods, Pastures;0-19;17;No;41-45 mph;O: No Injury;White;Female;Passenger Car;No;No;Daylight;Rural (<30% Developed);2 lanes;2;Straight - Level;State Secondary Route;Dry;Two-Way, Not Divided;None;No Special Feature;Smooth Asphalt;Piedmont;Rural;40 - 45  MPH;Double Yellow Line, No Passing Zone;Clear;No;36.035152, -78.66405
456;457;No;15-Nov;12;No;With Traffic;C: Possible Injury;Sidewalk / Crosswalk / Driveway Crossing;Black;Male;Concord;Cabarrus;No;01-01-06;2009-08-22;Motorist Right Turn / Merge;19;Non-Intersection;01-08-01;0001-01-01T14:33:58-04:56;Motorist Right Turn - Same Direction;331213;2009;C: Possible Injury;Residential;30-39;34;No;0-5 mph;O: No Injury;White;Female;Sport Utility;No;No;Daylight;Mixed (30% To 70% Developed);1 lane;2;Straight - Level;Private Road, Driveway;Dry;One-Way, Not Divided;None;No Special Feature;Coarse Asphalt;Piedmont;Urban;5 - 15 MPH;No Control Present;Clear;No;35.44016, -80.62723
457;458;Yes;40-49;46;No;With Traffic;K: Killed;Travel Lane;Black;Male;Charlotte;Mecklenburg;No;01-01-03;2009-07-29;Bicyclist Failed to Yield - Sign-Controlled Intersection;12;Intersection;01-07-01;0001-01-01T07:49:58-04:56;Bicyclist Ride Through - Sign-Controlled Intersection;111144;2009;K: Killed;Residential;20-24;20;No;21-25 mph;O: No Injury;Black;Female;Passenger Car;No;No;Daylight;Urban (>70% Developed);2 lanes;2;Straight - Grade;Local Street;Dry;Two-Way, Not Divided;None;Four-Way Intersection;Smooth Asphalt;Piedmont;Urban;20 - 25  MPH;Stop Sign;Clear;No;35.244118, -80.87589
463;464;Yes;40-49;49;Yes;Facing Traffic;A: Disabling Injury;Travel Lane;Black;Male;Lumberton;Robeson;Yes;01-01-05;2009-08-21;Head-On;22;Non-Intersection;01-08-01;0001-01-01T17:18:58-04:56;Head-On - Bicyclist;312250;2009;A: Disabling Injury;Commercial;20-24;21;No;51-55 mph;O: No Injury;Black;Male;Passenger Car;No;No;Dark - Lighted Roadway;Urban (>70% Developed);5 lanes;2;Straight - Level;NC Route;Dry;Two-Way, Not Divided;None;No Special Feature;Coarse Asphalt;Coastal;Urban;40 - 45  MPH;No Control Present;Clear;No;34.62064, -78.98119
465;466;Yes;50-59;53;No;With Traffic;B: Evident Injury;Travel Lane;White;Male;None - Rural Crash;Durham;No;01-01-03;2009-08-26;Other / Unusual Circumstances;17;Non-Intersection;01-08-01;0001-01-01T12:44:58-04:56;Motorist Intentionally Caused;311510;2009;B: Evident Injury;Residential;20-24;22;No;41-45 mph;O: No Injury;Black;Male;Passenger Car;No;Yes;Daylight;Mixed (30% To 70% Developed);2 lanes;2;Straight - Level;State Secondary Route;Dry;Two-Way, Not Divided;None;No Special Feature;Smooth Asphalt;Piedmont;Rural;40 - 45  MPH;Double Yellow Line, No Passing Zone;Clear;No;35.880215, -78.99664
470;471;No;50-59;51;No;With Traffic;C: Possible Injury;Travel Lane;White;Male;Greensboro;Guilford;No;01-01-07;2009-08-23;Motorist Overtaking Bicyclist;17;Non-Intersection;01-08-01;0001-01-01T12:33:58-04:56;Motorist Overtaking - Other /;311239;2009;C: Possible Injury;Residential;40-49;43;No;;Injury;White;Female;;No;Yes;Daylight;Urban (>70% Developed);5 lanes;2;Straight - Level;Local Street;Dry;Two-Way, Divided, Unprotected Median;None;No Special Feature;Smooth Asphalt;Piedmont;Urban;40 - 45  MPH;No Control Present;Clear;No;36.131153, -79.79857
471;472;Yes;15-Nov;15;No;With Traffic;C: Possible Injury;Travel Lane;White;Male;Durham;Durham;No;01-01-03;2009-09-02;Bicyclist Overtaking Motorist;20;Intersection-Related;01-09-01;0001-01-01T15:28:58-04:56;Bicyclist Overtaking - Other /;211249;2009;C: Possible Injury;Commercial;40-49;42;No;0-5 mph;O: No Injury;Black;Male;Passenger Car;No;No;Dusk;Urban (>70% Developed);4 lanes;2;Straight - Grade;Local Street;Dry;One-Way, Not Divided;None;No Special Feature;Smooth Asphalt;Piedmont;Urban;20 - 25  MPH;No Control Present;Clear;No;35.99383, -78.90153
473;474;No;20-24;20;No;Facing Traffic;C: Possible Injury;Sidewalk / Crosswalk / Driveway Crossing;White;Male;Greensboro;Guilford;No;01-01-03;2009-08-12;Motorist Failed to Yield - Midblock;20;Non-Intersection;01-08-01;0001-01-01T15:45:58-04:56;Motorist Drive Out - Other Midblock;332328;2009;C: Possible Injury;Commercial;;;Missing;6-10 mph;Injury;/Missing;;;No;Yes;Dusk;Urban (>70% Developed);5 lanes;2;Straight - Level;Local Street;Dry;Two-Way, Not Divided;None;Driveway, Public;Coarse Asphalt;Piedmont;Urban;30 - 35  MPH;No Control Present;Clear;No;36.07359, -79.88696
477;478;Yes;10-Jun;6;No;With Traffic;C: Possible Injury;Travel Lane;Black;Female;Oriental;Pamlico;No;01-01-06;2009-09-05;Crossing Paths - Other Circumstances;17;Intersection;01-09-01;0001-01-01T12:43:58-04:56;Crossing Paths - Intersection - Other /;111180;2009;C: Possible Injury;Residential;40-49;47;No;21-25 mph;O: No Injury;White;Male;Sport Utility;No;No;Daylight;Mixed (30% To 70% Developed);2 lanes;2;Straight - Level;Local Street;Dry;Two-Way, Not Divided;None;T-Intersection;Coarse Asphalt;Coastal;Rural;20 - 25  MPH;Double Yellow Line, No Passing Zone;Clear;No;35.032227, -76.693954
479;480;No;10-Jun;7;No;Not Applicable;C: Possible Injury;;Black;Male;Spring Lake;Cumberland;No;01-01-07;2009-09-06;Bicyclist Failed to Yield - Midblock;13;Non-Intersection;01-09-01;0001-01-01T08:17:58-04:56;Bicyclist Ride Out - Midblock -;393319;2009;C: Possible Injury;Commercial;20-24;23;No;41-45 mph;O: No Injury;White;Male;Pickup;No;No;Daylight;Mixed (30% To 70% Developed);5 lanes;2;Straight - Level;NC Route;Dry;Two-Way, Not Divided;None;No Special Feature;Coarse Asphalt;Coastal;Urban;40 - 45  MPH;No Control Present;Clear;No;35.199688, -78.989975
480;481;Yes;60-69;64;No;Facing Traffic;C: Possible Injury;Sidewalk / Crosswalk / Driveway Crossing;White;Female;Charlotte;Mecklenburg;No;01-01-07;2009-08-23;Motorist Failed to Yield - Signalized Intersection;10;Intersection;01-08-01;0001-01-01T05:14:58-04:56;Motorist Drive Out - Right Turn on Red;132151;2009;C: Possible Injury;Residential;50-59;54;No;0-5 mph;O: No Injury;White;Male;Tractor/Semi-Trailer;No;No;Daylight;Urban (>70% Developed);2 lanes;2;Straight - Level;Local Street;Dry;Two-Way, Not Divided;None;Four-Way Intersection;Smooth Asphalt;Piedmont;Urban;20 - 25  MPH;Stop And Go Signal;Cloudy;No;35.17801, -80.80095
482;483;Yes;50-59;53;No;With Traffic;B: Evident Injury;Travel Lane;White;Female;High Point;Guilford;No;01-01-03;2009-08-12;Crossing Paths - Other Circumstances;17;Intersection;01-08-01;0001-01-01T12:16:58-04:56;Sign-Controlled Intersection - Other /;111148;2009;B: Evident Injury;Commercial;20-24;22;No;41-45 mph;O: No Injury;White;Male;Pickup;No;No;Daylight;Urban (>70% Developed);5 lanes;2;Straight - Grade;NC Route;Dry;Two-Way, Not Divided;None;Four-Way Intersection;Smooth Asphalt;Piedmont;Urban;40 - 45  MPH;Stop Sign;Clear;No;35.984833, -80.006874
178;179;No;30-39;31;No;;C: Possible Injury;;Black;Male;Kinston;Lenoir;No;01-01-02;2010-04-27;Other /  - Insufficient Details;13;Non-Intersection;01-04-01;0001-01-01T08:07:58-04:56;Approach Paths;0;2010;C: Possible Injury;Residential;70+;;No;31-35 mph;O: No Injury;White;Male;Van;No;No;Daylight;Urban (>70% Developed);2 lanes;2;Straight - Level;Local Street;Dry;Two-Way, Not Divided;;No Special Feature;Smooth Asphalt;Coastal;Urban;30 - 35  MPH;No Control Present;Clear;No;35.269512, -77.57767
183;184;Yes;30-39;39;No;With Traffic;B: Evident Injury;Travel Lane;White;Male;Greensboro;Guilford;No;01-01-05;2010-04-16;Motorist Left Turn / Merge;18;Intersection;01-04-01;0001-01-01T13:03:58-04:56;Motorist Left Turn - Opposite Direction;0;2010;B: Evident Injury;Residential;70+;;No;16-20 mph;O: No Injury;White;Male;Passenger Car;No;No;Daylight;Urban (>70% Developed);2 lanes;2;Straight - Grade;Local Street;Dry;Two-Way, Not Divided;None;T-Intersection;Smooth Asphalt;Piedmont;Urban;30 - 35  MPH;No Control Present;Clear;No;36.096333, -79.82243
184;185;No;25-29;29;No;With Traffic;O: No Injury;Travel Lane;Hispanic;Male;Charlotte;Mecklenburg;No;01-01-03;2010-04-21;Parallel Paths - Other Circumstances;17;Non-Intersection;01-04-01;0001-01-01T12:59:58-04:56;Parallel Paths - Other /;0;2010;O: No Injury;Commercial;50-59;55;No;31-35 mph;O: No Injury;Black;Female;Commercial Bus;No;No;Daylight;Urban (>70% Developed);2 lanes;2;Straight - Level;Local Street;Dry;One-Way, Not Divided;None;No Special Feature;Smooth Asphalt;Piedmont;Urban;30 - 35  MPH;No Control Present;Cloudy;Yes;35.235203, -80.82073
192;193;No;40-49;45;No;Facing Traffic;B: Evident Injury;Travel Lane;Black;Male;Burlington;Alamance;No;01-01-05;2010-04-23;Bicyclist Failed to Yield - Sign-Controlled Intersection;20;Intersection;01-04-01;0001-01-01T16:01:58-04:56;Bicyclist Ride Out - Sign-Controlled Intersection;0;2010;B: Evident Injury;Residential;50-59;50;No;;O: No Injury;Black;Male;Van;No;No;Dark - Lighted Roadway;Urban (>70% Developed);3 lanes;2;Straight - Level;US Route;Dry;One-Way, Not Divided;None;Four-Way Intersection;Smooth Asphalt;Piedmont;Urban;30 - 35  MPH;Stop Sign;Clear;No;36.102898, -79.42776
196;197;Yes;16-19;18;No;With Traffic;B: Evident Injury;Sidewalk / Crosswalk / Driveway Crossing;Black;Male;Greensboro;Guilford;No;01-01-04;2010-04-01;Motorist Right Turn / Merge;14;Intersection;01-04-01;0001-01-01T09:27:58-04:56;Motorist Right Turn - Same Direction;0;2010;B: Evident Injury;Commercial;30-39;39;No;26-30 mph;O: No Injury;Black;Female;Passenger Car;No;No;Daylight;Urban (>70% Developed);3 lanes;2;Straight - Hillcrest;Local Street;Dry;One-Way, Not Divided;None;No Special Feature;Smooth Asphalt;Piedmont;Urban;30 - 35  MPH;Stop And Go Signal;Clear;No;36.07316, -79.78318
197;198;No;20-24;23;No;With Traffic;C: Possible Injury;Travel Lane;White;Male;Asheville;Buncombe;No;;2010-04-12;Motorist Failed to Yield - Sign-Controlled Intersection;18;Intersection;01-04-01;0001-01-01T13:51:58-04:56;Motorist Drive Out - Sign-Controlled Intersection;0;2010;C: Possible Injury;Residential;60-69;64;No;6-10 mph;O: No Injury;White;Female;Sport Utility;No;No;Daylight;Urban (>70% Developed);2 lanes;2;Straight - Bottom;Local Street;Dry;Two-Way, Not Divided;None;Four-Way Intersection;Smooth Asphalt;Mountains;Urban;30 - 35  MPH;Stop Sign;Clear;No;35.58277, -82.62882
200;201;Yes;30-39;30;No;Facing Traffic;B: Evident Injury;Sidewalk / Crosswalk / Driveway Crossing;Black;Female;Chapel Hill;Orange;No;01-01-05;2010-04-30;Motorist Failed to Yield - Signalized Intersection;18;Intersection;01-04-01;0001-01-01T13:36:58-04:56;Motorist Drive Out - Signalized Intersection;0;2010;B: Evident Injury;Residential;30-39;35;No;6-10 mph;O: No Injury;White;Male;Passenger Car;No;No;Daylight;Urban (>70% Developed);9 or more lanes;2;Straight - Grade;NC Route;Dry;Two-Way, Divided, Unprotected Median;None;Four-Way Intersection;Smooth Asphalt;Piedmont;Urban;20 - 25  MPH;Stop And Go Signal;Clear;No;35.905, -79.01642