FID;OBJECTID;AmbulanceR;BikeAge_Gr;Bike_Age;Bike_Alc_D;Bike_Dir;Bike_Injur;Bike_Pos;Bike_Race;Bike_Sex;City;County;CrashAlcoh;CrashDay;Crash_Date;Crash_Grp;Crash_Hour;Crash_Loc;Crash_Mont;Crash_Time;Crash_Type;Crash_Ty_1;Crash_Year;Crsh_Sevri;Developmen;DrvrAge_Gr;Drvr_Age;Drvr_Alc_D;Drvr_EstSp;Drvr_Injur;Drvr_Race;Drvr_Sex;Drvr_VehTy;ExcsSpdInd;Hit_Run;Light_Cond;Locality;Num_Lanes;Num_Units;Rd_Charact;Rd_Class;Rd_Conditi;Rd_Config;Rd_Defects;Rd_Feature;Rd_Surface;Region;Rural_Urba;Speed_Limi;Traff_Cntr;Weather;Workzone_I;Location
209;210;Yes;40-49;47;Yes;Facing Traffic;B: Evident Injury;Travel Lane;Black;Male;Maxton;Robeson;Yes;01-01-03;2010-05-05;Bicyclist Right Turn / Merge;17;Non-Intersection;01-05-01;0001-01-01T12:45:58-04:56;Bicyclist Right Turn - Same Direction;0;2010;B: Evident Injury;Commercial;30-39;37;No;31-35 mph;O: No Injury;Native American;Male;Pickup;No;No;Daylight;Urban (>70% Developed);2 lanes;2;Straight - Level;Local Street;Dry;Two-Way, Not Divided;None;No Special Feature;Coarse Asphalt;Coastal;Rural;30 - 35  MPH;Double Yellow Line, No Passing Zone;Clear;No;34.73867, -79.35743
210;211;Yes;25-29;28;No;Facing Traffic;C: Possible Injury;Travel Lane;White;Male;Raleigh;Wake;No;;2010-04-05;Bicyclist Failed to Yield - Signalized Intersection;15;Intersection-Related;01-04-01;0001-01-01T10:54:58-04:56;Bicyclist Ride Out - Signalized  Intersection;0;2010;C: Possible Injury;Commercial;50-59;55;No;16-20 mph;O: No Injury;White;Female;Van;No;No;Dark - Lighted Roadway;Urban (>70% Developed);4 lanes;2;Straight - Level;Local Street;Dry;Two-Way, Not Divided;None;No Special Feature;Smooth Asphalt;Piedmont;Urban;40 - 45  MPH;Stop And Go Signal;Clear;No;35.835114, -78.59924
213;214;Yes;50-59;53;No;With Traffic;B: Evident Injury;Travel Lane;White;Male;Raleigh;Wake;No;01-01-05;2010-04-16;Motorist Left Turn / Merge;16;Intersection;01-04-01;0001-01-01T11:37:58-04:56;Motorist Left Turn - Opposite Direction;0;2010;B: Evident Injury;Residential;20-24;21;No;11-15 mph;O: No Injury;Black;Female;Passenger Car;No;No;Daylight;Urban (>70% Developed);4 lanes;2;Straight - Grade;Local Street;Dry;Two-Way, Not Divided;None;No Special Feature;Smooth Asphalt;Piedmont;Urban;40 - 45  MPH;Stop And Go Signal;Clear;No;35.76903, -78.69131
221;222;No;15-Nov;15;No;Facing Traffic;B: Evident Injury;Bike Lane / Paved Shoulder;Black;Male;Charlotte;Mecklenburg;No;01-01-04;2010-04-29;Motorist Failed to Yield - Sign-Controlled Intersection;8;Intersection;01-04-01;0001-01-01T03:32:58-04:56;Motorist Drive Out - Sign-Controlled Intersection;0;2010;B: Evident Injury;Residential;50-59;50;No;0-5 mph;O: No Injury;Black;Female;Passenger Car;No;No;Daylight;Urban (>70% Developed);4 lanes;2;Straight - Level;Local Street;Dry;Two-Way, Divided, Positive Median Barrier;None;Four-Way Intersection;Smooth Asphalt;Piedmont;Urban;30 - 35  MPH;Stop Sign;Clear;No;35.096416, -80.85963
224;225;Yes;30-39;39;No;With Traffic;B: Evident Injury;Travel Lane;White;Male;Durham;Durham;No;;2010-05-10;Bicyclist Left Turn / Merge;21;Intersection-Related;01-05-01;0001-01-01T16:47:58-04:56;Bicyclist Left Turn - Same Direction;0;2010;B: Evident Injury;Residential;25-29;26;No;31-35 mph;O: No Injury;White;Female;Passenger Car;No;No;Dark - Lighted Roadway;Urban (>70% Developed);2 lanes;2;Straight - Level;Local Street;Dry;Two-Way, Not Divided;None;No Special Feature;Smooth Asphalt;Piedmont;Urban;30 - 35  MPH;No Control Present;Clear;No;35.936108, -78.946625
235;236;Yes;25-29;29;No;With Traffic;B: Evident Injury;Sidewalk / Crosswalk / Driveway Crossing;White;Male;Charlotte;Mecklenburg;No;01-01-06;2010-05-08;Crossing Paths - Other Circumstances;0;Intersection;01-05-01;0000-12-31T19:30:58-04:56;Signalized Intersection - Other /;0;2010;B: Evident Injury;Commercial;30-39;34;No;36-40 mph;O: No Injury;Black;Female;Passenger Car;No;No;Dark - Lighted Roadway;Urban (>70% Developed);4 lanes;2;Straight - Level;Local Street;Dry;Two-Way, Divided, Unprotected Median;None;No Special Feature;Smooth Asphalt;Piedmont;Urban;30 - 35  MPH;Stop And Go Signal;Clear;No;35.21358, -80.855606
237;238;Yes;10-Jun;8;No;With Traffic;B: Evident Injury;Travel Lane;Black;Male;Winston-Salem;Forsyth;No;01-01-07;2010-05-02;Loss of Control / Turning Error;19;Intersection;01-05-01;0001-01-01T14:19:58-04:56;Bicyclist Lost Control - Mechanical Problems;0;2010;B: Evident Injury;Residential;25-29;25;No;21-25 mph;O: No Injury;Black;Male;Passenger Car;No;No;Daylight;Urban (>70% Developed);2 lanes;2;Straight - Level;Local Street;Dry;Two-Way, Divided, Unprotected Median;None;No Special Feature;Smooth Asphalt;Piedmont;Urban;30 - 35  MPH;No Control Present;Clear;No;36.110798, -80.24725
242;243;Yes;30-39;35;No;Facing Traffic;C: Possible Injury;Travel Lane;White;Male;Lumberton;Robeson;No;01-01-05;2010-04-23;Crossing Paths - Other Circumstances;13;Intersection-Related;01-04-01;0001-01-01T08:42:58-04:56;Crossing Paths - Intersection - Other /;0;2010;C: Possible Injury;Commercial;30-39;39;No;11-15 mph;O: No Injury;White;Male;Tractor/Semi-Trailer;No;No;Daylight;Urban (>70% Developed);5 lanes;2;Straight - Level;Local Street;Dry;Two-Way, Divided, Unprotected Median;None;No Special Feature;Coarse Asphalt;Coastal;Urban;30 - 35  MPH;Stop And Go Signal;Cloudy;No;34.63263, -78.99252
246;247;Yes;40-49;44;No;With Traffic;B: Evident Injury;Travel Lane;Black;Male;High Point;Guilford;No;01-01-03;2010-05-05;Motorist Left Turn / Merge;22;Intersection;01-05-01;0001-01-01T17:25:58-04:56;Motorist Left Turn - Opposite Direction;0;2010;B: Evident Injury;Residential;60-69;64;No;11-15 mph;O: No Injury;Black;Male;Van;No;No;Dark - Lighted Roadway;Urban (>70% Developed);4 lanes;2;Straight - Grade;Local Street;Dry;Two-Way, Not Divided;None;T-Intersection;Coarse Asphalt;Piedmont;Urban;30 - 35  MPH;No Control Present;Clear;No;35.95511, -79.969574
247;248;No;30-39;37;No;With Traffic;B: Evident Injury;Travel Lane;White;Male;Charlotte;Mecklenburg;No;01-01-07;2010-05-09;Motorist Overtaking Bicyclist;11;Non-Intersection;01-05-01;0001-01-01T06:49:58-04:56;Motorist Overtaking - Undetected Bicyclist;0;2010;B: Evident Injury;Residential;50-59;53;No;21-25 mph;O: No Injury;White;Male;Passenger Car;No;No;Daylight;Urban (>70% Developed);2 lanes;2;Straight - Level;Local Street;Dry;Two-Way, Divided, Unprotected Median;None;No Special Feature;Smooth Asphalt;Piedmont;Urban;40 - 45  MPH;Stop And Go Signal;Clear;No;35.36954, -80.84102
252;253;Yes;25-29;25;No;With Traffic;B: Evident Injury;Travel Lane;Asian;Male;Lumberton;Robeson;No;01-01-06;2010-04-24;Motorist Overtaking Bicyclist;21;Non-Intersection;01-04-01;0001-01-01T16:15:58-04:56;Motorist Overtaking - Other /;0;2010;K: Killed;Residential;50-59;57;No;51-55 mph;Injury;White;Female;Passenger Car;No;No;Dark - Roadway Not Lighted;Mixed (30% To 70% Developed);2 lanes;3;Straight - Level;Local Street;Wet;Two-Way, Not Divided;None;No Special Feature;Coarse Asphalt;Coastal;Urban;50 - 55  MPH;No Control Present;Rain;No;34.579826, -78.937874
261;262;Yes;40-49;41;No;With Traffic;C: Possible Injury;Travel Lane;Black;Male;None - Rural Crash;Pitt;No;01-01-05;2010-05-21;Bicyclist Left Turn / Merge;17;Non-Intersection;01-05-01;0001-01-01T12:32:58-04:56;Bicyclist Left Turn - Same Direction;0;2010;C: Possible Injury;Farms, Woods, Pastures;50-59;51;No;46-50 mph;O: No Injury;White;Female;Passenger Car;No;No;Daylight;Rural (<30% Developed);2 lanes;2;Straight - Grade;NC Route;Dry;Two-Way, Not Divided;None;Related To Intersection;Coarse Asphalt;Coastal;Rural;50 - 55  MPH;Double Yellow Line, No Passing Zone;Clear;No;35.719986, -77.24229
263;264;No;30-39;32;No;With Traffic;C: Possible Injury;Travel Lane;White;Female;Asheville;Buncombe;No;01-01-02;2010-05-11;Motorist Failed to Yield - Midblock;10;Non-Intersection;01-05-01;0001-01-01T05:58:58-04:56;Motorist Drive Out - Commercial Driveway / Alley;0;2010;C: Possible Injury;Commercial;;;Missing;6-10 mph;Injury;/Missing;;;No;Yes;Daylight;Urban (>70% Developed);2 lanes;2;Straight - Grade;Local Street;Wet;Two-Way, Not Divided;None;Driveway, Public;Smooth Asphalt;Mountains;Urban;30 - 35  MPH;Double Yellow Line, No Passing Zone;Cloudy;No;35.57878, -82.56321
285;286;Yes;10-Jun;9;No;Not Applicable;C: Possible Injury;Non-Roadway;White;Female;None - Rural Crash;Dare;No;01-01-05;2010-05-28;Non-Roadway;16;Non-Roadway;01-05-01;0001-01-01T11:48:58-04:56;Non-Roadway;0;2010;C: Possible Injury;Residential;50-59;53;No;0-5 mph;O: No Injury;White;Male;Pickup;No;No;Daylight;Mixed (30% To 70% Developed);2 lanes;2;Straight - Level;Private Road, Driveway;Dry;Two-Way, Not Divided;None;T-Intersection;Coarse Asphalt;Coastal;Rural;5 - 15 MPH;No Control Present;Clear;No;35.578133, -75.46698
288;289;Yes;40-49;48;No;With Traffic;B: Evident Injury;Travel Lane;Black;Male;Greensboro;Guilford;No;01-01-04;2010-05-20;Bicyclist Failed to Yield - Sign-Controlled Intersection;18;Intersection;01-05-01;0001-01-01T13:03:58-04:56;Bicyclist Ride Through - Sign-Controlled Intersection;0;2010;B: Evident Injury;Industrial;25-29;29;No;16-20 mph;O: No Injury;White;Female;Sport Utility;No;No;Daylight;Urban (>70% Developed);2 lanes;2;Straight - Bottom;Local Street;Dry;Two-Way, Not Divided;None;Four-Way Intersection;Smooth Asphalt;Piedmont;Urban;20 - 25  MPH;Stop Sign;Clear;No;36.0588, -79.789734
303;304;Yes;16-19;18;No;Facing Traffic;C: Possible Injury;Sidewalk / Crosswalk / Driveway Crossing;White;Male;Raleigh;Wake;No;01-01-02;2010-05-18;Motorist Failed to Yield - Sign-Controlled Intersection;13;Intersection;01-05-01;0001-01-01T08:26:58-04:56;Motorist Drive Out - Sign-Controlled Intersection;0;2010;C: Possible Injury;Commercial;50-59;55;No;21-25 mph;O: No Injury;White;Female;Passenger Car;No;No;Daylight;Urban (>70% Developed);2 lanes;2;Straight - Level;Public Vehicular Area;Dry;Two-Way, Divided, Positive Median Barrier;None;Driveway, Public;Smooth Asphalt;Piedmont;Urban;20 - 25  MPH;Stop Sign;Cloudy;No;35.894592, -78.64947
309;310;Yes;50-59;50;No;With Traffic;C: Possible Injury;Travel Lane;White;Male;None - Rural Crash;Rowan;No;01-01-02;2010-06-08;Motorist Failed to Yield - Sign-Controlled Intersection;8;Intersection;01-06-01;0001-01-01T03:30:58-04:56;Motorist Drive Out - Sign-Controlled Intersection;0;2010;C: Possible Injury;Residential;30-39;36;No;0-5 mph;O: No Injury;White;Male;Passenger Car;No;No;Daylight;Rural (<30% Developed);4 lanes;2;Curve - Level;State Secondary Route;Dry;Two-Way, Not Divided;None;T-Intersection;Smooth Asphalt;Piedmont;Rural;30 - 35  MPH;Stop Sign;Clear;No;35.58773, -80.537544
310;311;No;40-49;41;No;;C: Possible Injury;Travel Lane;White;Male;Gastonia;Gaston;No;;2010-05-24;Other /  - Insufficient Details;21;Intersection-Related;01-05-01;0001-01-01T16:09:58-04:56;Approach Paths;0;2010;C: Possible Injury;Residential;;;Missing;6-10 mph;Injury;/Missing;;;No;Yes;Dark - Lighted Roadway;Urban (>70% Developed);2 lanes;2;Straight - Level;NC Route;Wet;Two-Way, Not Divided;None;T-Intersection;Smooth Asphalt;Piedmont;Urban;30 - 35  MPH;Stop Sign;Rain;No;35.245586, -81.18399
315;316;Yes;50-59;53;No;With Traffic;B: Evident Injury;Travel Lane;White;Male;Salisbury;Rowan;No;01-01-04;2010-06-10;Motorist Left Turn / Merge;17;Intersection;01-06-01;0001-01-01T12:48:58-04:56;Motorist Left Turn - Opposite Direction;0;2010;B: Evident Injury;Commercial;50-59;53;No;0-5 mph;O: No Injury;White;Male;Passenger Car;No;No;Daylight;Urban (>70% Developed);4 lanes;2;Straight - Level;US Route;Wet;Two-Way, Not Divided;None;T-Intersection;Coarse Asphalt;Piedmont;Urban;40 - 45  MPH;Stop And Go Signal;Cloudy;No;35.652447, -80.49773
319;320;No;;;No;With Traffic;Injury;Travel Lane;/Missing;;None - Rural Crash;Cumberland;No;01-01-05;2010-05-28;Motorist Overtaking Bicyclist;3;Non-Intersection;01-05-01;0000-12-31T22:59:58-04:56;Motorist Overtaking - Undetected Bicyclist;0;2010;O: No Injury;Residential;30-39;38;No;41-45 mph;O: No Injury;White;Male;Truck/Trailer;No;No;Dark - Roadway Not Lighted;Rural (<30% Developed);2 lanes;2;Straight - Level;State Secondary Route;Dry;Two-Way, Not Divided;None;No Special Feature;Smooth Asphalt;Coastal;Rural;40 - 45  MPH;Double Yellow Line, No Passing Zone;Clear;No;34.99889, -78.9318
325;326;No;40-49;44;No;With Traffic;B: Evident Injury;Travel Lane;White;Female;None - Rural Crash;Wake;No;01-01-02;2010-06-15;Motorist Left Turn / Merge;15;Intersection;01-06-01;0001-01-01T10:55:58-04:56;Motorist Left Turn - Opposite Direction;0;2010;B: Evident Injury;Farms, Woods, Pastures;40-49;43;No;6-10 mph;O: No Injury;White;Female;Passenger Car;No;No;Daylight;Mixed (30% To 70% Developed);2 lanes;2;Straight - Level;State Secondary Route;Dry;Two-Way, Not Divided;None;Four-Way Intersection;Smooth Asphalt;Piedmont;Rural;40 - 45  MPH;Stop And Go Signal;Clear;No;35.82333, -78.87417
326;327;Yes;20-24;21;No;Not Applicable;B: Evident Injury;Non-Roadway;White;Male;Chapel Hill;Orange;No;01-01-06;2010-06-05;Non-Roadway;22;Non-Roadway;01-06-01;0001-01-01T17:57:58-04:56;Non-Roadway;0;2010;B: Evident Injury;Commercial;50-59;55;No;;Injury;White;Male;Passenger Car;No;No;Dark - Lighted Roadway;Urban (>70% Developed);;2;Straight - Level;Public Vehicular Area;Dry;Two-Way, Not Divided;None;Driveway, Public;Smooth Asphalt;Piedmont;Urban;20 - 25  MPH;Stop Sign;Clear;No;35.927143, -79.027405
334;335;No;15-Nov;13;Yes;Facing Traffic;O: No Injury;Travel Lane;White;Female;Rocky Mount;Nash;Yes;;2010-04-26;Bicyclist Failed to Yield - Signalized Intersection;16;Intersection;01-04-01;0001-01-01T11:25:58-04:56;Bicyclist Ride Out - Signalized  Intersection;0;2010;O: No Injury;Commercial;25-29;27;No;0-5 mph;O: No Injury;Black;Female;Passenger Car;No;No;Daylight;Urban (>70% Developed);4 lanes;2;Straight - Level;Local Street;Dry;Two-Way, Divided, Unprotected Median;None;Four-Way Intersection;Coarse Asphalt;Coastal;Urban;30 - 35  MPH;Stop And Go Signal;Cloudy;No;35.94264, -77.802086
338;339;Yes;60-69;61;Yes;Not Applicable;B: Evident Injury;Travel Lane;Black;Male;Fayetteville;Cumberland;Yes;01-01-05;2010-05-28;Crossing Paths - Other Circumstances;19;Non-Intersection;01-05-01;0001-01-01T14:48:58-04:56;Crossing Paths - Midblock - Other /;0;2010;B: Evident Injury;Commercial;0-19;18;No;41-45 mph;O: No Injury;Black;Female;Passenger Car;No;No;Daylight;Urban (>70% Developed);6 lanes;2;Curve - Level;US Route;Wet;Two-Way, Not Divided;None;No Special Feature;Coarse Asphalt;Coastal;Urban;40 - 45  MPH;No Control Present;Cloudy;No;35.088898, -78.87864
341;342;Yes;10-Jun;10;No;Not Applicable;B: Evident Injury;Driveway / Alley;Black;Male;None - Rural Crash;Bertie;No;;2010-06-14;Bicyclist Failed to Yield - Midblock;12;Non-Intersection;01-06-01;0001-01-01T07:10:58-04:56;Bicyclist Ride Out - Residential Driveway;0;2010;B: Evident Injury;Farms, Woods, Pastures;70+;;No;51-55 mph;O: No Injury;Black;Male;Passenger Car;No;No;Daylight;Rural (<30% Developed);2 lanes;2;Curve - Level;State Secondary Route;Dry;Two-Way, Not Divided;None;Driveway, Private;Coarse Asphalt;Coastal;Rural;50 - 55  MPH;Double Yellow Line, No Passing Zone;Clear;No;36.2178, -76.85744
342;343;No;15-Nov;11;Yes;With Traffic;B: Evident Injury;Travel Lane;White;Male;Havelock;Craven;Yes;01-01-03;2010-05-05;Bicyclist Failed to Yield - Sign-Controlled Intersection;7;Intersection;01-05-01;0001-01-01T02:15:58-04:56;Bicyclist Ride Out - Sign-Controlled Intersection;0;2010;B: Evident Injury;Residential;50-59;55;No;21-25 mph;O: No Injury;White;Female;Van;No;No;Daylight;Urban (>70% Developed);2 lanes;2;Straight - Level;Local Street;Dry;Two-Way, Not Divided;None;No Special Feature;Smooth Asphalt;Coastal;Urban;20 - 25  MPH;No Control Present;Clear;No;34.89826, -76.92142
343;344;Yes;15-Nov;12;No;Facing Traffic;B: Evident Injury;Travel Lane;White;Female;Emerald Isle;Carteret;No;;2010-05-31;Bicyclist Failed to Yield - Sign-Controlled Intersection;18;Intersection;01-05-01;0001-01-01T13:18:58-04:56;Bicyclist Ride Out - Sign-Controlled Intersection;0;2010;B: Evident Injury;Residential;20-24;23;No;21-25 mph;O: No Injury;/Missing;Female;Passenger Car;No;No;Daylight;Urban (>70% Developed);4 lanes;2;Straight - Hillcrest;Local Street;Dry;Two-Way, Not Divided;None;T-Intersection;Smooth Asphalt;Coastal;Rural;20 - 25  MPH;Stop Sign;Clear;No;34.66507, -77.01756
348;349;Yes;16-19;18;No;Facing Traffic;B: Evident Injury;Travel Lane;White;Male;High Point;Guilford;No;01-01-02;2010-06-01;Bicyclist Right Turn / Merge;16;Intersection;01-06-01;0001-01-01T11:37:58-04:56;Bicyclist Right Turn - Same Direction;0;2010;B: Evident Injury;Commercial;30-39;34;No;21-25 mph;O: No Injury;White;Male;Passenger Car;No;No;Daylight;Urban (>70% Developed);4 lanes;2;Straight - Bottom;Local Street;Dry;Two-Way, Not Divided;None;No Special Feature;Coarse Asphalt;Piedmont;Urban;30 - 35  MPH;No Control Present;Clear;No;35.94536, -80.01401
351;352;No;15-Nov;12;No;Not Applicable;C: Possible Injury;Travel Lane;Black;Male;Statesville;Iredell;No;01-01-02;2010-06-15;Crossing Paths - Other Circumstances;19;Non-Intersection;01-06-01;0001-01-01T14:33:58-04:56;Crossing Paths - Midblock - Other /;0;2010;C: Possible Injury;Residential;;;Missing;11-15 mph;Injury;/Missing;;;No;Yes;Daylight;Urban (>70% Developed);2 lanes;2;Straight - Level;Local Street;Wet;Two-Way, Not Divided;None;No Special Feature;Smooth Asphalt;Piedmont;Urban;20 - 25  MPH;No Control Present;Cloudy;No;35.763912, -80.8824
354;355;Yes;16-19;17;No;With Traffic;B: Evident Injury;Travel Lane;Black;Male;Wilmington;New Hanover;No;01-01-05;2010-06-11;Bicyclist Failed to Yield - Sign-Controlled Intersection;12;Intersection;01-06-01;0001-01-01T07:56:58-04:56;Bicyclist Ride Through - Sign-Controlled Intersection;0;2010;B: Evident Injury;Residential;30-39;39;No;31-35 mph;O: No Injury;White;Male;Sport Utility;No;No;Daylight;Urban (>70% Developed);3 lanes;2;Straight - Level;Local Street;Dry;One-Way, Not Divided;None;Four-Way Intersection;Smooth Asphalt;Coastal;Urban;30 - 35  MPH;Stop Sign;Clear;No;34.22666, -77.93029
355;356;Yes;20-24;22;No;Facing Traffic;C: Possible Injury;Sidewalk / Crosswalk / Driveway Crossing;Black;Male;Fayetteville;Cumberland;No;;2010-06-21;Motorist Failed to Yield - Midblock;16;Non-Intersection;01-06-01;0001-01-01T12:01:58-04:56;Motorist Drive Out - Midblock -;0;2010;C: Possible Injury;Commercial;25-29;25;No;0-5 mph;O: No Injury;White;Female;Sport Utility;No;No;Daylight;Urban (>70% Developed);;2;Straight - Level;Public Vehicular Area;Dry;Two-Way, Not Divided;None;Driveway, Public;Smooth Asphalt;Coastal;Urban;20 - 25  MPH;No Control Present;Clear;No;35.06693, -78.9488
357;358;Yes;40-49;49;No;With Traffic;C: Possible Injury;Travel Lane;Black;Male;None - Rural Crash;Granville;No;01-01-07;2010-06-20;Motorist Overtaking Bicyclist;14;Non-Intersection;01-06-01;0001-01-01T09:30:58-04:56;Motorist Overtaking - Other /;0;2010;C: Possible Injury;Residential;0-19;17;No;41-45 mph;O: No Injury;Black;Male;Sport Utility;No;No;Daylight;Mixed (30% To 70% Developed);2 lanes;2;Curve - Level;State Secondary Route;Dry;Two-Way, Not Divided;None;No Special Feature;Coarse Asphalt;Piedmont;Rural;40 - 45  MPH;Double Yellow Line, No Passing Zone;Clear;No;36.311058, -78.55274
366;367;No;15-Nov;13;No;With Traffic;C: Possible Injury;Sidewalk / Crosswalk / Driveway Crossing;Black;Male;Greensboro;Guilford;No;;2010-06-07;Crossing Paths - Other Circumstances;21;Intersection;01-06-01;0001-01-01T16:21:58-04:56;Signalized Intersection - Other /;0;2010;C: Possible Injury;Residential;60-69;63;No;6-10 mph;O: No Injury;Black;Male;Passenger Car;No;No;Dark - Lighted Roadway;Urban (>70% Developed);4 lanes;2;Straight - Level;Local Street;Dry;Two-Way, Divided, Unprotected Median;None;No Special Feature;Smooth Asphalt;Piedmont;Urban;30 - 35  MPH;Stop And Go Signal;Clear;No;36.033146, -79.85014
369;370;Yes;10-Jun;8;No;With Traffic;A: Disabling Injury;Travel Lane;Hispanic;Female;Charlotte;Mecklenburg;No;01-01-03;2010-06-16;Bicyclist Failed to Yield - Sign-Controlled Intersection;14;Intersection;01-06-01;0001-01-01T09:10:58-04:56;Bicyclist Ride Through - Sign-Controlled Intersection;0;2010;A: Disabling Injury;Residential;25-29;27;No;21-25 mph;O: No Injury;White;Male;Single Unit Truck (2-Axle, 6-Tire);No;No;Daylight;Urban (>70% Developed);2 lanes;2;Straight - Grade;Local Street;Dry;Two-Way, Not Divided;None;T-Intersection;Smooth Asphalt;Piedmont;Urban;30 - 35  MPH;Stop Sign;Clear;No;35.17051, -80.90014
371;372;Yes;20-24;22;No;With Traffic;Injury;Travel Lane;Asian;Male;Holly Springs;Wake;No;01-01-06;2010-06-26;Motorist Left Turn / Merge;10;Intersection;01-06-01;0001-01-01T05:31:58-04:56;Motorist Left Turn - Opposite Direction;0;2010;O: No Injury;Residential;0-19;18;No;31-35 mph;O: No Injury;White;Male;Passenger Car;No;No;Daylight;Urban (>70% Developed);2 lanes;2;Straight - Level;Local Street;Dry;Two-Way, Not Divided;None;T-Intersection;Coarse Asphalt;Piedmont;Urban;20 - 25  MPH;No Control Present;Clear;No;35.654903, -78.83032
378;379;Yes;50-59;51;No;With Traffic;B: Evident Injury;Travel Lane;White;Male;Cary;Wake;No;;2010-06-28;Loss of Control / Turning Error;12;Non-Intersection;01-06-01;0001-01-01T07:45:58-04:56;Motorist Turning Error - Left Turn;0;2010;B: Evident Injury;Residential;40-49;44;No;11-15 mph;O: No Injury;White;Male;Passenger Car;No;No;Daylight;Urban (>70% Developed);3 lanes;2;Straight - Level;NC Route;Dry;Two-Way, Not Divided;None;Related To Intersection;Smooth Asphalt;Piedmont;Urban;30 - 35  MPH;Stop Sign;Clear;No;35.784527, -78.85623
380;381;No;40-49;41;No;With Traffic;C: Possible Injury;Travel Lane;White;Male;Midway;Davidson;No;;2010-06-28;Motorist Failed to Yield - Sign-Controlled Intersection;13;Intersection;01-06-01;0001-01-01T08:50:58-04:56;Motorist Drive Out - Sign-Controlled Intersection;0;2010;C: Possible Injury;Farms, Woods, Pastures;60-69;66;No;11-15 mph;O: No Injury;White;Female;Passenger Car;No;No;Daylight;Rural (<30% Developed);2 lanes;2;Straight - Level;State Secondary Route;Dry;Two-Way, Not Divided;None;T-Intersection;Smooth Asphalt;Piedmont;Rural;40 - 45  MPH;Stop Sign;Clear;No;35.975605, -80.24884
384;385;Yes;60-69;62;No;With Traffic;B: Evident Injury;Travel Lane;Native American;Male;Lumberton;Robeson;No;01-01-05;2010-06-18;Motorist Failed to Yield - Sign-Controlled Intersection;8;Intersection;01-06-01;0001-01-01T03:51:58-04:56;Motorist Drive Out - Sign-Controlled Intersection;0;2010;B: Evident Injury;Commercial;40-49;49;No;26-30 mph;O: No Injury;White;Male;Pickup;No;No;Daylight;Mixed (30% To 70% Developed);2 lanes;2;Straight - Level;NC Route;Dry;Two-Way, Not Divided;None;No Special Feature;Coarse Asphalt;Coastal;Urban;40 - 45  MPH;No Control Present;Clear;No;34.660053, -79.02712
387;388;Yes;50-59;53;No;Facing Traffic;B: Evident Injury;Travel Lane;Black;Male;Durham;Durham;No;;2010-06-28;Bicyclist Failed to Yield - Sign-Controlled Intersection;17;Intersection;01-06-01;0001-01-01T12:52:58-04:56;Bicyclist Ride Out - Sign-Controlled Intersection;0;2010;B: Evident Injury;Commercial;50-59;55;No;6-10 mph;O: No Injury;White;Male;Passenger Car;No;No;Daylight;Urban (>70% Developed);2 lanes;2;Straight - Grade;Local Street;Dry;Two-Way, Not Divided;None;T-Intersection;Coarse Asphalt;Piedmont;Urban;30 - 35  MPH;Stop Sign;Clear;No;35.99054, -78.89605
390;391;Yes;40-49;44;No;Facing Traffic;B: Evident Injury;Travel Lane;White;Female;Emerald Isle;Carteret;No;01-01-05;2010-06-18;Motorist Left Turn / Merge;9;Intersection;01-06-01;0001-01-01T04:43:58-04:56;Motorist Left Turn - Opposite Direction;0;2010;B: Evident Injury;Commercial;25-29;25;No;41-45 mph;O: No Injury;White;Male;Passenger Car;No;No;Daylight;Urban (>70% Developed);9 or more lanes;2;Straight - Level;NC Route;Dry;Two-Way, Not Divided;None;Four-Way Intersection;Coarse Asphalt;Coastal;Rural;20 - 25  MPH;No Control Present;Clear;No;34.66111, -77.05265
392;393;Yes;0-5;2;No;Not Applicable;B: Evident Injury;Driveway / Alley;Black;Male;Durham;Durham;No;01-01-04;2010-07-01;Bicyclist Failed to Yield - Midblock;17;Non-Intersection;01-07-01;0001-01-01T12:21:58-04:56;Bicyclist Ride Out - Residential Driveway;0;2010;B: Evident Injury;Residential;40-49;44;No;26-30 mph;O: No Injury;Black;Male;Van;No;No;Daylight;Urban (>70% Developed);2 lanes;3;Straight - Hillcrest;Local Street;Dry;One-Way, Not Divided;None;Driveway, Private;Smooth Asphalt;Piedmont;Urban;30 - 35  MPH;No Control Present;Clear;No;36.009052, -78.905655
393;394;Yes;15-Nov;12;No;With Traffic;B: Evident Injury;Travel Lane;White;Male;None - Rural Crash;Iredell;No;01-01-05;2010-07-02;Bicyclist Left Turn / Merge;15;Non-Intersection;01-07-01;0001-01-01T10:22:58-04:56;Bicyclist Left Turn - Same Direction;0;2010;B: Evident Injury;Farms, Woods, Pastures;70+;;No;0-5 mph;O: No Injury;White;Female;Passenger Car;No;No;Daylight;Rural (<30% Developed);2 lanes;2;Straight - Grade;State Secondary Route;Dry;Two-Way, Not Divided;None;No Special Feature;Coarse Asphalt;Piedmont;Rural;50 - 55  MPH;Double Yellow Line, No Passing Zone;Clear;No;36.011597, -80.96157