FID;OBJECTID;AmbulanceR;BikeAge_Gr;Bike_Age;Bike_Alc_D;Bike_Dir;Bike_Injur;Bike_Pos;Bike_Race;Bike_Sex;City;County;CrashAlcoh;CrashDay;Crash_Date;Crash_Grp;Crash_Hour;Crash_Loc;Crash_Mont;Crash_Time;Crash_Type;Crash_Ty_1;Crash_Year;Crsh_Sevri;Developmen;DrvrAge_Gr;Drvr_Age;Drvr_Alc_D;Drvr_EstSp;Drvr_Injur;Drvr_Race;Drvr_Sex;Drvr_VehTy;ExcsSpdInd;Hit_Run;Light_Cond;Locality;Num_Lanes;Num_Units;Rd_Charact;Rd_Class;Rd_Conditi;Rd_Config;Rd_Defects;Rd_Feature;Rd_Surface;Region;Rural_Urba;Speed_Limi;Traff_Cntr;Weather;Workzone_I;Location
394;395;Yes;40-49;45;No;With Traffic;B: Evident Injury;Travel Lane;White;Male;None - Rural Crash;Dare;Yes;01-01-04;2010-07-01;Motorist Right Turn / Merge;16;Non-Intersection;01-07-01;0001-01-01T11:13:58-04:56;Motorist Right Turn - Same Direction;0;2010;B: Evident Injury;Farms, Woods, Pastures;40-49;49;Yes;41-45 mph;O: No Injury;White;Male;Sport Utility;No;No;Daylight;Rural (<30% Developed);2 lanes;2;Straight - Level;NC Route;Dry;Two-Way, Not Divided;None;No Special Feature;Smooth Asphalt;Coastal;Rural;50 - 55  MPH;No Control Present;Clear;No;35.16909, -75.8157
398;399;Yes;30-39;38;No;With Traffic;B: Evident Injury;Travel Lane;Black;Male;Durham;Durham;No;01-01-06;2010-07-03;Bicyclist Overtaking Motorist;16;Non-Intersection;01-07-01;0001-01-01T11:03:58-04:56;Bicyclist Overtaking - Other /;0;2010;B: Evident Injury;Commercial;40-49;47;No;0-5 mph;O: No Injury;White;Male;Passenger Car;No;No;Daylight;Urban (>70% Developed);2 lanes;2;Straight - Level;Local Street;Dry;Two-Way, Not Divided;None;No Special Feature;Coarse Asphalt;Piedmont;Urban;30 - 35  MPH;No Control Present;Clear;No;35.992947, -78.87036
400;401;Yes;30-39;39;No;With Traffic;B: Evident Injury;Travel Lane;White;Male;None - Rural Crash;Wake;No;;2010-07-05;Motorist Overtaking Bicyclist;19;Non-Intersection;01-07-01;0001-01-01T14:48:58-04:56;Motorist Overtaking - Undetected Bicyclist;0;2010;B: Evident Injury;Farms, Woods, Pastures;25-29;27;No;41-45 mph;O: No Injury;White;Male;Van;No;No;Daylight;Rural (<30% Developed);2 lanes;2;Straight - Grade;State Secondary Route;Dry;Two-Way, Not Divided;None;No Special Feature;Coarse Asphalt;Piedmont;Rural;40 - 45  MPH;No Control Present;Clear;No;35.652107, -78.65876
415;416;No;16-19;17;No;Not Applicable;C: Possible Injury;Travel Lane;Black;Male;Charlotte;Mecklenburg;No;01-01-05;2010-06-25;Bicyclist Failed to Yield - Midblock;11;Non-Intersection;01-06-01;0001-01-01T06:41:58-04:56;Bicyclist Ride Out - Commercial Driveway / Alley;0;2010;C: Possible Injury;Commercial;70+;;No;26-30 mph;O: No Injury;Black;Male;Van;No;No;Daylight;Urban (>70% Developed);4 lanes;2;Straight - Level;Local Street;Dry;Two-Way, Divided, Unprotected Median;None;No Special Feature;Coarse Asphalt;Piedmont;Urban;30 - 35  MPH;No Control Present;Clear;No;35.250088, -80.77882
425;426;No;16-19;19;No;With Traffic;O: No Injury;Travel Lane;White;Male;Kill Devil Hills;Dare;No;01-01-05;2010-06-18;Bicyclist Right Turn / Merge;21;Non-Intersection;01-06-01;0001-01-01T16:54:58-04:56;Bicyclist Right Turn - Same Direction;0;2010;O: No Injury;Commercial;20-24;23;No;46-50 mph;O: No Injury;White;Female;Sport Utility;No;No;Dark - Lighted Roadway;Urban (>70% Developed);5 lanes;2;Straight - Level;US Route;Dry;Two-Way, Not Divided;None;No Special Feature;Coarse Asphalt;Coastal;Urban;50 - 55  MPH;No Control Present;Clear;No;36.000805, -75.653076
431;432;Yes;20-24;21;No;Not Applicable;B: Evident Injury;Sidewalk / Crosswalk / Driveway Crossing;White;Male;Charlotte;Mecklenburg;No;01-01-02;2010-06-29;Bicyclist Failed to Yield - Sign-Controlled Intersection;9;Intersection;01-06-01;0001-01-01T04:57:58-04:56;Bicyclist Ride Out - Sign-Controlled Intersection;0;2010;B: Evident Injury;Commercial;50-59;53;No;31-35 mph;O: No Injury;Hispanic;Male;Van;No;No;Daylight;Urban (>70% Developed);4 lanes;2;Straight - Level;Local Street;Dry;Two-Way, Divided, Unprotected Median;None;T-Intersection;Coarse Asphalt;Piedmont;Urban;40 - 45  MPH;Stop And Go Signal;Clear;No;35.119724, -80.88117
445;446;Yes;;;No;Facing Traffic;B: Evident Injury;Travel Lane;White;Male;Statesville;Iredell;No;01-01-02;2010-07-06;Bicyclist Right Turn / Merge;22;Non-Intersection;01-07-01;0001-01-01T17:48:58-04:56;Bicyclist Right Turn - Opposite Direction;0;2010;B: Evident Injury;Residential;0-19;19;No;;O: No Injury;White;Male;Passenger Car;No;No;Dark - Roadway Not Lighted;Urban (>70% Developed);2 lanes;2;Straight - Level;Local Street;Dry;Two-Way, Not Divided;None;No Special Feature;Smooth Asphalt;Piedmont;Urban;;No Control Present;Clear;No;35.798187, -80.83235
406;407;No;16-19;16;No;Facing Traffic;O: No Injury;Sidewalk / Crosswalk / Driveway Crossing;White;Male;Raleigh;Wake;No;01-01-03;2010-06-09;Bicyclist Failed to Yield - Sign-Controlled Intersection;5;Intersection;01-06-01;0001-01-01T00:12:58-04:56;Bicyclist Ride Through - Sign-Controlled Intersection;0;2010;O: No Injury;Commercial;25-29;29;No;6-10 mph;O: No Injury;White;Male;Passenger Car;No;No;Dark - Roadway Not Lighted;Urban (>70% Developed);3 lanes;2;Straight - Level;Local Street;Dry;Two-Way, Divided, Unprotected Median;None;No Special Feature;Coarse Asphalt;Piedmont;Urban;40 - 45  MPH;Stop And Go Signal;Clear;No;35.793705, -78.5488
409;410;No;15-Nov;15;No;Not Applicable;B: Evident Injury;Non-Roadway;White;Male;Charlotte;Mecklenburg;No;01-01-02;2010-06-22;Non-Roadway;19;Non-Roadway;01-06-01;0001-01-01T14:57:58-04:56;Non-Roadway;0;2010;B: Evident Injury;Residential;;;Missing;16-20 mph;Injury;/Missing;;Passenger Car;No;Yes;Dusk;Urban (>70% Developed);2 lanes;2;Straight - Level;Public Vehicular Area;Dry;Two-Way, Not Divided;None;No Special Feature;Smooth Asphalt;Piedmont;Urban;5 - 15 MPH;No Control Present;Clear;No;35.138103, -80.739395
416;417;Yes;40-49;44;No;With Traffic;B: Evident Injury;Travel Lane;White;Male;None - Rural Crash;Pitt;No;01-01-04;2010-07-08;Motorist Overtaking Bicyclist;12;Non-Intersection;01-07-01;0001-01-01T08:00:58-04:56;Motorist Overtaking - Misjudged Space;0;2010;B: Evident Injury;Farms, Woods, Pastures;70+;;No;51-55 mph;O: No Injury;Black;Male;Pickup;No;No;Daylight;Mixed (30% To 70% Developed);2 lanes;2;Straight - Level;NC Route;Dry;Two-Way, Not Divided;None;No Special Feature;Smooth Asphalt;Coastal;Rural;50 - 55  MPH;Double Yellow Line, No Passing Zone;Clear;No;35.54249, -77.54495
421;422;Yes;70+;;No;With Traffic;C: Possible Injury;Travel Lane;White;Male;None - Rural Crash;Avery;No;01-01-05;2010-07-09;Motorist Overtaking Bicyclist;13;Non-Intersection;01-07-01;0001-01-01T08:41:58-04:56;Motorist Overtaking - Misjudged Space;0;2010;C: Possible Injury;Farms, Woods, Pastures;25-29;25;No;41-45 mph;O: No Injury;White;Female;Sport Utility;No;No;Daylight;Rural (<30% Developed);2 lanes;2;Straight - Hillcrest;NC Route;Dry;Two-Way, Not Divided;None;No Special Feature;Smooth Asphalt;Mountains;Rural;50 - 55  MPH;Double Yellow Line, No Passing Zone;Clear;No;36.009773, -81.894
429;430;No;50-59;51;No;With Traffic;C: Possible Injury;Travel Lane;White;Female;None - Rural Crash;Orange;No;01-01-02;2010-06-22;Motorist Failed to Yield - Sign-Controlled Intersection;10;Intersection;01-06-01;0001-01-01T06:00:58-04:56;Motorist Drive Out - Sign-Controlled Intersection;0;2010;C: Possible Injury;Farms, Woods, Pastures;70+;;No;;O: No Injury;White;Male;Passenger Car;No;No;Daylight;Rural (<30% Developed);2 lanes;2;Straight - Level;US Route;Dry;Two-Way, Not Divided;None;Four-Way Intersection;Smooth Asphalt;Piedmont;Rural;50 - 55  MPH;Stop Sign;Clear;No;36.05636, -79.04973
433;434;Yes;20-24;20;No;Facing Traffic;B: Evident Injury;Sidewalk / Crosswalk / Driveway Crossing;White;Female;Kill Devil Hills;Dare;No;01-01-04;2010-07-01;Motorist Failed to Yield - Midblock;15;Non-Intersection;01-07-01;0001-01-01T10:08:58-04:56;Motorist Drive Out - Commercial Driveway / Alley;0;2010;B: Evident Injury;Commercial;70+;;No;0-5 mph;O: No Injury;White;Male;Sport Utility;No;No;Daylight;Urban (>70% Developed);2 lanes;2;Straight - Level;Private Road, Driveway;Dry;Two-Way, Not Divided;None;Driveway, Public;Coarse Asphalt;Coastal;Urban;;No Control Present;Clear;No;36.03828, -75.675705
439;440;Yes;40-49;49;No;With Traffic;B: Evident Injury;Travel Lane;White;Female;None - Rural Crash;Buncombe;No;01-01-03;2010-07-07;Motorist Overtaking Bicyclist;6;Non-Intersection;01-07-01;0001-01-01T01:50:58-04:56;Motorist Overtaking - Misjudged Space;0;2010;B: Evident Injury;Commercial;30-39;37;No;0-5 mph;O: No Injury;White;Female;Passenger Car;No;No;Daylight;Urban (>70% Developed);4 lanes;2;Straight - Grade;US Route;Dry;Two-Way, Not Divided;None;No Special Feature;Smooth Asphalt;Mountains;Rural;30 - 35  MPH;No Control Present;Clear;No;35.603424, -82.55311
440;441;Yes;25-29;28;No;Facing Traffic;C: Possible Injury;Sidewalk / Crosswalk / Driveway Crossing;White;Male;Wilmington;New Hanover;No;;2010-07-12;Motorist Failed to Yield - Sign-Controlled Intersection;16;Intersection;01-07-01;0001-01-01T11:37:58-04:56;Motorist Drive Out - Sign-Controlled Intersection;0;2010;C: Possible Injury;Commercial;25-29;28;No;0-5 mph;Injury;White;Male;Passenger Car;No;Yes;Daylight;Urban (>70% Developed);;2;Straight - Level;Local Street;Dry;Two-Way, Not Divided;None;No Special Feature;Coarse Asphalt;Coastal;Urban;20 - 25  MPH;No Control Present;Cloudy;No;34.23821, -77.89484
442;443;Yes;40-49;49;No;With Traffic;B: Evident Injury;Travel Lane;Black;Male;Selma;Johnston;No;01-01-04;2010-07-01;Motorist Overtaking Bicyclist;8;Non-Intersection;01-07-01;0001-01-01T03:45:58-04:56;Motorist Overtaking - Misjudged Space;0;2010;B: Evident Injury;Commercial;20-24;24;No;41-45 mph;O: No Injury;White;Female;Sport Utility;No;No;Daylight;Urban (>70% Developed);2 lanes;2;Straight - Level;State Secondary Route;Dry;Two-Way, Not Divided;None;Underpass;Smooth Asphalt;Coastal;Urban;40 - 45  MPH;No Control Present;Clear;No;35.516514, -78.29677
446;447;Yes;20-24;21;No;Not Applicable;C: Possible Injury;Travel Lane;White;Male;Durham;Durham;No;01-01-04;2010-07-22;Non-Roadway;17;Non-Roadway;01-07-01;0001-01-01T12:51:58-04:56;Non-Roadway;0;2010;C: Possible Injury;Institutional;40-49;49;No;11-15 mph;O: No Injury;Black;Female;Passenger Car;No;No;Daylight;Urban (>70% Developed);2 lanes;2;Straight - Level;Public Vehicular Area;Dry;Two-Way, Not Divided;None;No Special Feature;Smooth Asphalt;Piedmont;Urban;20 - 25  MPH;No Control Present;Clear;No;35.9521, -78.90091
449;450;Yes;50-59;50;No;With Traffic;B: Evident Injury;Travel Lane;White;Male;Raleigh;Wake;Yes;01-01-07;2010-07-04;Motorist Overtaking Bicyclist;9;Intersection-Related;01-07-01;0001-01-01T04:29:58-04:56;Motorist Overtaking - Misjudged Space;0;2010;B: Evident Injury;Residential;50-59;51;Yes;41-45 mph;O: No Injury;Black;Male;Passenger Car;No;Yes;Daylight;Urban (>70% Developed);6 lanes;2;Curve - Grade;Local Street;Dry;Two-Way, Divided, Unprotected Median;None;No Special Feature;Smooth Asphalt;Piedmont;Urban;40 - 45  MPH;No Control Present;Clear;No;35.83579, -78.569435
452;453;No;20-24;24;No;With Traffic;O: No Injury;Travel Lane;White;Male;Raleigh;Wake;No;01-01-03;2010-06-30;Motorist Left Turn / Merge;16;Intersection-Related;01-06-01;0001-01-01T11:52:58-04:56;Motorist Left Turn - Opposite Direction;0;2010;O: No Injury;Commercial;60-69;60;No;16-20 mph;O: No Injury;Black;Female;Passenger Car;No;No;Daylight;Urban (>70% Developed);3 lanes;2;Straight - Grade;Local Street;Dry;Two-Way, Not Divided;None;No Special Feature;Smooth Asphalt;Piedmont;Urban;30 - 35  MPH;No Control Present;Clear;No;35.789055, -78.66236
453;454;Yes;50-59;50;Yes;Facing Traffic;B: Evident Injury;Travel Lane;Black;Male;Salisbury;Rowan;Yes;01-01-04;2010-07-22;Motorist Failed to Yield - Sign-Controlled Intersection;17;Intersection;01-07-01;0001-01-01T12:50:58-04:56;Motorist Drive Out - Sign-Controlled Intersection;0;2010;B: Evident Injury;Residential;20-24;24;No;0-5 mph;O: No Injury;White;Female;Passenger Car;No;No;Daylight;Urban (>70% Developed);2 lanes;2;Straight - Level;Local Street;Dry;Two-Way, Not Divided;None;T-Intersection;Coarse Asphalt;Piedmont;Urban;30 - 35  MPH;Stop Sign;Clear;No;35.646885, -80.45821
457;458;Yes;16-19;19;No;Facing Traffic;B: Evident Injury;Travel Lane;White;Female;Kitty Hawk;Dare;No;;2010-06-14;Motorist Failed to Yield - Midblock;15;Non-Intersection;01-06-01;0001-01-01T10:30:58-04:56;Motorist Drive Out - Commercial Driveway / Alley;0;2010;B: Evident Injury;Commercial;0-19;18;No;0-5 mph;O: No Injury;White;Male;Sport Utility;No;No;Daylight;Mixed (30% To 70% Developed);5 lanes;2;Straight - Level;US Route;Dry;Two-Way, Not Divided;None;Driveway, Public;Coarse Asphalt;Coastal;Rural;50 - 55  MPH;No Control Present;Clear;No;36.088764, -75.70744
461;462;Yes;50-59;51;No;Not Applicable;B: Evident Injury;Travel Lane;White;Male;Charlotte;Mecklenburg;No;01-01-04;2010-07-15;Parallel Paths - Other Circumstances;18;Intersection;01-07-01;0001-01-01T13:46:58-04:56;Parallel Paths - Other /;0;2010;B: Evident Injury;Commercial;30-39;37;No;0-5 mph;O: No Injury;White;Female;Van;No;No;Daylight;Urban (>70% Developed);4 lanes;2;Straight - Level;Local Street;Dry;Two-Way, Divided, Positive Median Barrier;None;T-Intersection;Smooth Asphalt;Piedmont;Urban;40 - 45  MPH;No Control Present;Clear;No;35.097126, -80.777885
464;465;Yes;16-19;17;No;With Traffic;A: Disabling Injury;Travel Lane;Black;Male;Charlotte;Mecklenburg;No;01-01-02;2010-07-20;Bicyclist Left Turn / Merge;11;Non-Intersection;01-07-01;0001-01-01T06:44:58-04:56;Bicyclist Left Turn - Same Direction;0;2010;A: Disabling Injury;Commercial;30-39;35;No;41-45 mph;O: No Injury;Hispanic;Male;Passenger Car;No;No;Daylight;Urban (>70% Developed);4 lanes;2;Straight - Level;Local Street;Dry;Two-Way, Divided, Unprotected Median;None;No Special Feature;Smooth Asphalt;Piedmont;Urban;40 - 45  MPH;No Control Present;Clear;No;35.277397, -80.76615
465;466;Yes;25-29;25;No;;B: Evident Injury;Travel Lane;White;Female;Asheville;Buncombe;No;01-01-03;2010-07-21;Motorist Left Turn / Merge;15;Non-Intersection;01-07-01;0001-01-01T10:11:58-04:56;Motorist Left Turn - Opposite Direction;0;2010;B: Evident Injury;Commercial;;;No;;Injury;/Missing;;Passenger Car;No;Yes;;Urban (>70% Developed);2 lanes;2;Straight - Level;Local Street;;Two-Way, Not Divided;None;Four-Way Intersection;Smooth Asphalt;Mountains;Urban;20 - 25  MPH;Stop Sign;Other;No;35.601425, -82.55478
466;467;Yes;40-49;41;No;Facing Traffic;A: Disabling Injury;Sidewalk / Crosswalk / Driveway Crossing;Black;Male;Charlotte;Mecklenburg;No;01-01-03;2010-07-21;Motorist Failed to Yield - Midblock;11;Non-Intersection;01-07-01;0001-01-01T06:48:58-04:56;Motorist Drive Out - Commercial Driveway / Alley;0;2010;A: Disabling Injury;Commercial;25-29;28;No;0-5 mph;O: No Injury;White;Male;Pickup;No;No;Daylight;Urban (>70% Developed);;2;Straight - Level;;Dry;Two-Way, Not Divided;None;Other;Concrete;Piedmont;Urban;20 - 25  MPH;No Control Present;Clear;No;35.275154, -80.79361
468;469;Yes;40-49;40;No;With Traffic;B: Evident Injury;Travel Lane;White;Female;None - Rural Crash;Surry;No;01-01-05;2010-07-30;Motorist Left Turn / Merge;17;Intersection;01-07-01;0001-01-01T12:04:58-04:56;Motorist Left Turn - Opposite Direction;0;2010;B: Evident Injury;Residential;70+;;No;0-5 mph;O: No Injury;White;Female;Passenger Car;No;No;Daylight;Rural (<30% Developed);2 lanes;2;Straight - Level;State Secondary Route;Dry;Two-Way, Not Divided;None;T-Intersection;Smooth Asphalt;Mountains;Rural;30 - 35  MPH;Double Yellow Line, No Passing Zone;Clear;No;36.441277, -80.64224
475;476;Yes;50-59;59;No;With Traffic;B: Evident Injury;Travel Lane;White;Male;None - Rural Crash;Catawba;No;;2010-08-02;Loss of Control / Turning Error;9;Non-Intersection;01-08-01;0001-01-01T04:10:58-04:56;Motorist Lost Control - Other /;0;2010;B: Evident Injury;Farms, Woods, Pastures;30-39;37;No;36-40 mph;O: No Injury;White;Female;Van;No;No;Daylight;Rural (<30% Developed);2 lanes;2;Straight - Grade;State Secondary Route;Dry;Two-Way, Not Divided;None;No Special Feature;Smooth Asphalt;Piedmont;Rural;40 - 45  MPH;Double Yellow Line, No Passing Zone;Cloudy;No;35.737564, -81.161964
476;477;Yes;16-19;19;No;With Traffic;A: Disabling Injury;Travel Lane;White;Female;Asheville;Buncombe;No;01-01-05;2010-05-28;Motorist Left Turn / Merge;18;Intersection;01-05-01;0001-01-01T13:19:58-04:56;Motorist Left Turn - Opposite Direction;0;2010;A: Disabling Injury;Commercial;30-39;32;No;6-10 mph;O: No Injury;White;Male;Passenger Car;No;No;Other;Urban (>70% Developed);2 lanes;2;Straight - Grade;US Route;Water (Standing, Moving);Two-Way, Divided, Unprotected Median;None;No Special Feature;Smooth Asphalt;Mountains;Urban;30 - 35  MPH;Stop And Go Signal;Rain;No;35.620277, -82.554436
487;488;No;25-29;26;No;Not Applicable;B: Evident Injury;Non-Roadway;/Missing;Female;Wilmington;New Hanover;No;01-01-04;2010-07-22;Non-Roadway;17;Non-Roadway;01-07-01;0001-01-01T12:07:58-04:56;Non-Roadway;0;2010;B: Evident Injury;Institutional;25-29;25;No;;O: No Injury;/Missing;Male;Sport Utility;No;No;Daylight;Urban (>70% Developed);9 or more lanes;3;Straight - Level;Public Vehicular Area;Dry;Two-Way, Not Divided;None;No Special Feature;Coarse Asphalt;Coastal;Urban;5 - 15 MPH;No Control Present;Clear;No;34.225792, -77.87483
498;499;Yes;50-59;58;No;Facing Traffic;C: Possible Injury;Sidewalk / Crosswalk / Driveway Crossing;Black;Male;Greensboro;Guilford;No;01-01-02;2010-07-27;Bicyclist Failed to Yield - Sign-Controlled Intersection;12;Intersection;01-07-01;0001-01-01T07:35:58-04:56;Bicyclist Ride Through - Sign-Controlled Intersection;0;2010;C: Possible Injury;Commercial;20-24;21;No;16-20 mph;C: Possible Injury;Black;Male;Sport Utility;No;No;Daylight;Urban (>70% Developed);6 lanes;2;Curve - Hillcrest;Local Street;Dry;Two-Way, Divided, Unprotected Median;None;On or Off Ramp;Smooth Asphalt;Piedmont;Urban;30 - 35  MPH;Yield Sign;Clear;No;36.088585, -79.77418
503;504;Yes;50-59;54;No;With Traffic;C: Possible Injury;Travel Lane;Black;Male;None - Rural Crash;Duplin;No;01-01-04;2010-08-05;Motorist Overtaking Bicyclist;23;Non-Intersection;01-08-01;0001-01-01T18:10:58-04:56;Motorist Overtaking - Misjudged Space;0;2010;C: Possible Injury;Farms, Woods, Pastures;30-39;32;No;51-55 mph;O: No Injury;White;Male;Pickup;No;No;Dark - Roadway Not Lighted;Rural (<30% Developed);2 lanes;2;Straight - Level;US Route;Dry;Two-Way, Not Divided;None;No Special Feature;Coarse Asphalt;Coastal;Rural;50 - 55  MPH;Double Yellow Line, No Passing Zone;Cloudy;No;34.85127, -78.03153
504;505;No;16-19;17;No;Facing Traffic;B: Evident Injury;Travel Lane;Black;Male;Rocky Mount;Nash;No;01-01-02;2010-07-13;Motorist Failed to Yield - Midblock;17;Non-Intersection;01-07-01;0001-01-01T12:51:58-04:56;Motorist Drive Out - Commercial Driveway / Alley;0;2010;B: Evident Injury;Commercial;;;Missing;0-5 mph;Injury;/Missing;;Pickup;No;Yes;Daylight;Urban (>70% Developed);4 lanes;2;Straight - Level;NC Route;Dry;Two-Way, Not Divided;None;No Special Feature;Coarse Asphalt;Coastal;Urban;30 - 35  MPH;No Control Present;Clear;No;35.92954, -77.814865
513;514;No;30-39;33;No;With Traffic;O: No Injury;Travel Lane;White;Male;Davidson;Mecklenburg;No;01-01-05;2010-06-04;Motorist Right Turn / Merge;9;Non-Intersection;01-06-01;0001-01-01T04:33:58-04:56;Motorist Right Turn - Same Direction;0;2010;O: No Injury;Commercial;60-69;62;No;0-5 mph;O: No Injury;White;Female;Sport Utility;No;No;Daylight;Urban (>70% Developed);2 lanes;2;Straight - Level;US Route;Dry;Two-Way, Not Divided;None;No Special Feature;Smooth Asphalt;Piedmont;Urban;20 - 25  MPH;No Control Present;Clear;No;35.49818, -80.8489
515;516;Yes;40-49;42;No;With Traffic;C: Possible Injury;Bike Lane / Paved Shoulder;White;Male;Greenville;Pitt;No;01-01-04;2010-04-22;Motorist Left Turn / Merge;19;Non-Intersection;01-04-01;0001-01-01T14:25:58-04:56;Motorist Left Turn - Opposite Direction;0;2010;C: Possible Injury;Residential;20-24;24;No;6-10 mph;O: No Injury;White;Male;Sport Utility;No;No;Daylight;Urban (>70% Developed);2 lanes;2;Straight - Level;Local Street;Dry;Two-Way, Not Divided;None;Bridge;Coarse Asphalt;Coastal;Urban;20 - 25  MPH;No Control Present;Clear;No;35.609364, -77.36687
518;519;No;10-Jun;8;No;With Traffic;C: Possible Injury;Travel Lane;Black;Male;Clinton;Sampson;No;;2010-08-09;Bicyclist Failed to Yield - Sign-Controlled Intersection;18;Intersection;01-08-01;0001-01-01T13:22:58-04:56;Bicyclist Ride Through - Sign-Controlled Intersection;0;2010;C: Possible Injury;Residential;60-69;62;No;31-35 mph;O: No Injury;White;Female;Passenger Car;No;No;Daylight;Urban (>70% Developed);2 lanes;2;Straight - Level;Local Street;Dry;Two-Way, Not Divided;None;Four-Way Intersection;Coarse Asphalt;Coastal;Urban;30 - 35  MPH;Stop Sign;Clear;No;34.996532, -78.34166
533;534;No;15-Nov;11;No;With Traffic;C: Possible Injury;Travel Lane;White;Male;Bermuda Run;Davie;No;01-01-04;2010-07-01;Motorist Overtaking Bicyclist;13;Non-Intersection;01-07-01;0001-01-01T08:32:58-04:56;Motorist Overtaking - Other /;0;2010;C: Possible Injury;Residential;;;No;31-35 mph;Injury;/Missing;;Passenger Car;No;Yes;Daylight;Urban (>70% Developed);2 lanes;2;Straight - Level;Local Street;Dry;Two-Way, Not Divided;None;No Special Feature;Coarse Asphalt;Piedmont;Rural;30 - 35  MPH;No Control Present;Clear;No;36.01123, -80.42117
553;554;Yes;60-69;65;Yes;Not Applicable;B: Evident Injury;Travel Lane;White;Male;Wilmington;New Hanover;Yes;01-01-05;2010-08-06;Bicyclist Failed to Yield - Midblock;15;Non-Intersection;01-08-01;0001-01-01T10:23:58-04:56;Bicyclist Ride Out - Other Midblock;0;2010;B: Evident Injury;Commercial;25-29;25;No;36-40 mph;C: Possible Injury;Black;Male;Passenger Car;No;No;Daylight;Urban (>70% Developed);5 lanes;2;Straight - Level;US Route;Wet;Two-Way, Not Divided;None;No Special Feature;Coarse Asphalt;Coastal;Urban;40 - 45  MPH;No Control Present;Cloudy;No;34.200367, -77.939514
554;555;Yes;25-29;27;No;With Traffic;C: Possible Injury;Travel Lane;White;Male;Wilmington;New Hanover;No;01-01-05;2010-08-06;Motorist Left Turn / Merge;7;Intersection;01-08-01;0001-01-01T02:52:58-04:56;Motorist Left Turn - Opposite Direction;0;2010;C: Possible Injury;Commercial;25-29;27;No;21-25 mph;O: No Injury;White;Female;Passenger Car;No;No;Daylight;Mixed (30% To 70% Developed);5 lanes;2;Straight - Level;Local Street;Dry;Two-Way, Not Divided;None;No Special Feature;Coarse Asphalt;Coastal;Urban;40 - 45  MPH;Stop And Go Signal;Clear;No;34.194664, -77.93626
560;561;No;30-39;38;No;With Traffic;C: Possible Injury;Travel Lane;White;Male;Asheboro;Randolph;No;01-01-07;2010-08-08;Motorist Failed to Yield - Sign-Controlled Intersection;18;Intersection;01-08-01;0001-01-01T13:38:58-04:56;Motorist Drive Through - Sign-Controlled Intersection;0;2010;C: Possible Injury;Residential;70+;;No;16-20 mph;O: No Injury;White;Male;Passenger Car;No;No;Daylight;Urban (>70% Developed);2 lanes;2;Straight - Grade;Local Street;Dry;Two-Way, Not Divided;None;Four-Way Intersection;Smooth Asphalt;Piedmont;Urban;30 - 35  MPH;No Control Present;Clear;No;35.70487, -79.80411
572;573;Yes;25-29;26;No;Not Applicable;C: Possible Injury;Sidewalk / Crosswalk / Driveway Crossing;Black;Male;Wilmington;New Hanover;No;;2010-08-16;Motorist Failed to Yield - Midblock;19;Non-Intersection;01-08-01;0001-01-01T14:34:58-04:56;Motorist Drive Out - Commercial Driveway / Alley;0;2010;C: Possible Injury;Residential;25-29;25;No;0-5 mph;O: No Injury;White;Male;Passenger Car;No;No;Daylight;Urban (>70% Developed);2 lanes;2;Straight - Level;Local Street;Dry;Two-Way, Not Divided;None;T-Intersection;Smooth Asphalt;Coastal;Urban;30 - 35  MPH;No Control Present;Clear;No;34.2341, -77.86888
576;577;Yes;10-Jun;8;No;Not Applicable;C: Possible Injury;Driveway / Alley;White;Male;None - Rural Crash;Lincoln;No;;2010-08-23;Bicyclist Failed to Yield - Midblock;19;Non-Intersection;01-08-01;0001-01-01T14:23:58-04:56;Bicyclist Ride Out - Residential Driveway;0;2010;C: Possible Injury;Residential;25-29;25;No;46-50 mph;O: No Injury;White;Female;Passenger Car;No;No;Daylight;Rural (<30% Developed);2 lanes;2;Straight - Level;State Secondary Route;Dry;Two-Way, Not Divided;None;Driveway, Private;Coarse Asphalt;Piedmont;Rural;50 - 55  MPH;No Control Present;Clear;No;35.404907, -81.01264
581;582;Yes;60-69;61;No;Not Applicable;B: Evident Injury;Bike Lane / Paved Shoulder;White;Male;High Point;Guilford;No;;2010-08-16;Bicyclist Failed to Yield - Midblock;20;Non-Intersection;01-08-01;0001-01-01T15:53:58-04:56;Bicyclist Ride Out - Other Midblock;0;2010;B: Evident Injury;Commercial;20-24;23;No;31-35 mph;O: No Injury;Black;Male;Passenger Car;No;No;Dark - Lighted Roadway;Urban (>70% Developed);4 lanes;2;Straight - Level;Local Street;Dry;Two-Way, Divided, Unprotected Median;None;No Special Feature;Smooth Asphalt;Piedmont;Urban;30 - 35  MPH;No Control Present;Clear;No;35.985344, -80.02453
586;587;Yes;10-Jun;6;No;With Traffic;B: Evident Injury;Travel Lane;Black;Male;Hickory;Catawba;No;01-01-02;2010-08-17;Bicyclist Failed to Yield - Sign-Controlled Intersection;17;Intersection;01-08-01;0001-01-01T12:14:58-04:56;Bicyclist Ride Out - Sign-Controlled Intersection;0;2010;B: Evident Injury;Residential;20-24;24;No;26-30 mph;O: No Injury;Black;Female;Passenger Car;No;No;Daylight;Urban (>70% Developed);;2;Straight - Level;Local Street;Dry;Two-Way, Not Divided;None;Four-Way Intersection;Smooth Asphalt;Piedmont;Urban;30 - 35  MPH;Stop Sign;Cloudy;No;35.753746, -81.332115