FID;OBJECTID;AmbulanceR;BikeAge_Gr;Bike_Age;Bike_Alc_D;Bike_Dir;Bike_Injur;Bike_Pos;Bike_Race;Bike_Sex;City;County;CrashAlcoh;CrashDay;Crash_Date;Crash_Grp;Crash_Hour;Crash_Loc;Crash_Mont;Crash_Time;Crash_Type;Crash_Ty_1;Crash_Year;Crsh_Sevri;Developmen;DrvrAge_Gr;Drvr_Age;Drvr_Alc_D;Drvr_EstSp;Drvr_Injur;Drvr_Race;Drvr_Sex;Drvr_VehTy;ExcsSpdInd;Hit_Run;Light_Cond;Locality;Num_Lanes;Num_Units;Rd_Charact;Rd_Class;Rd_Conditi;Rd_Config;Rd_Defects;Rd_Feature;Rd_Surface;Region;Rural_Urba;Speed_Limi;Traff_Cntr;Weather;Workzone_I;Location
587;588;Yes;30-39;36;No;With Traffic;C: Possible Injury;Travel Lane;White;Male;Mooresville;Iredell;No;01-01-02;2010-08-03;Motorist Overtaking Bicyclist;6;Non-Intersection;01-08-01;0001-01-01T01:10:58-04:56;Motorist Overtaking - Undetected Bicyclist;0;2010;C: Possible Injury;Commercial;40-49;44;No;41-45 mph;O: No Injury;White;Male;Single Unit Truck (3 Or More Axles);No;No;Dark - Lighted Roadway;Urban (>70% Developed);2 lanes;2;Straight - Level;US Route;Dry;Two-Way, Not Divided;No Shoulders;No Special Feature;Smooth Asphalt;Piedmont;Urban;40 - 45  MPH;Double Yellow Line, No Passing Zone;Cloudy;No;35.584156, -80.83958
608;609;No;40-49;49;Missing;With Traffic;C: Possible Injury;Sidewalk / Crosswalk / Driveway Crossing;Black;Male;Greenville;Pitt;No;01-01-02;2010-05-04;Parallel Paths - Other Circumstances;12;Non-Intersection;01-05-01;0001-01-01T07:42:58-04:56;Bicyclist Ride Out - Parallel Path;0;2010;C: Possible Injury;Residential;40-49;49;No;31-35 mph;O: No Injury;Black;Female;Passenger Car;No;No;Daylight;Urban (>70% Developed);5 lanes;2;Straight - Level;State Secondary Route;Dry;Two-Way, Not Divided;None;No Special Feature;Smooth Asphalt;Coastal;Urban;30 - 35  MPH;No Control Present;Cloudy;No;35.59185, -77.392075
612;613;Yes;40-49;45;No;With Traffic;B: Evident Injury;Travel Lane;White;Female;Midland;Cabarrus;No;01-01-03;2010-09-01;Motorist Overtaking Bicyclist;10;Non-Intersection;01-09-01;0001-01-01T05:29:58-04:56;Motorist Overtaking - Misjudged Space;0;2010;B: Evident Injury;Commercial;20-24;22;No;51-55 mph;O: No Injury;White;Female;Passenger Car;No;No;Daylight;Mixed (30% To 70% Developed);4 lanes;2;Straight - Level;NC Route;Dry;Two-Way, Divided, Unprotected Median;None;No Special Feature;Smooth Asphalt;Piedmont;Rural;50 - 55  MPH;No Control Present;Clear;No;35.249287, -80.546295
616;617;No;50-59;52;No;Facing Traffic;C: Possible Injury;Sidewalk / Crosswalk / Driveway Crossing;Black;Male;Charlotte;Mecklenburg;No;01-01-02;2010-08-24;Motorist Failed to Yield - Sign-Controlled Intersection;17;Intersection;01-08-01;0001-01-01T12:35:58-04:56;Motorist Drive Out - Sign-Controlled Intersection;0;2010;C: Possible Injury;Residential;30-39;31;No;6-10 mph;O: No Injury;Black;Male;Passenger Car;No;No;Daylight;Urban (>70% Developed);2 lanes;2;Straight - Level;Local Street;Dry;Two-Way, Divided, Unprotected Median;None;T-Intersection;Smooth Asphalt;Piedmont;Urban;5 - 15 MPH;Stop Sign;Clear;No;35.118008, -80.955864
618;619;No;16-19;19;No;;C: Possible Injury;;Black;Male;Henderson;Vance;No;01-01-06;2010-08-28;Other /  - Insufficient Details;22;Intersection;01-08-01;0001-01-01T17:08:58-04:56;Approach Paths;0;2010;C: Possible Injury;Residential;;;Missing;;Injury;/Missing;;;No;Yes;Daylight;Mixed (30% To 70% Developed);2 lanes;2;Straight - Level;Local Street;Dry;Two-Way, Not Divided;None;No Special Feature;Smooth Asphalt;Piedmont;Urban;30 - 35  MPH;Stop Sign;Clear;No;36.32932, -78.41693
619;620;Yes;16-19;16;No;Facing Traffic;C: Possible Injury;Travel Lane;Hispanic;Male;Charlotte;Mecklenburg;No;01-01-07;2010-08-29;Crossing Paths - Other Circumstances;10;Intersection;01-08-01;0001-01-01T05:47:58-04:56;Sign-Controlled Intersection - Other /;0;2010;C: Possible Injury;Residential;25-29;25;No;16-20 mph;O: No Injury;White;Female;Passenger Car;No;No;Daylight;Urban (>70% Developed);2 lanes;2;Straight - Level;Local Street;Dry;Two-Way, Not Divided;None;No Special Feature;Smooth Asphalt;Piedmont;Urban;20 - 25  MPH;Stop Sign;Clear;No;35.226868, -80.77633
621;622;Yes;60-69;62;No;With Traffic;B: Evident Injury;Travel Lane;White;Male;Nags Head;Dare;No;;2010-08-09;Crossing Paths - Other Circumstances;6;Intersection;01-08-01;0001-01-01T01:49:58-04:56;Crossing Paths - Uncontrolled Intersection;0;2010;B: Evident Injury;Commercial;50-59;59;No;6-10 mph;O: No Injury;White;Male;Sport Utility;No;No;Daylight;Urban (>70% Developed);2 lanes;2;Straight - Level;NC Route;Dry;Two-Way, Not Divided;None;T-Intersection;Coarse Asphalt;Coastal;Rural;30 - 35  MPH;No Control Present;Clear;No;35.957275, -75.62414
628;629;Yes;16-19;18;No;With Traffic;O: No Injury;Travel Lane;White;Male;None - Rural Crash;Wayne;No;01-01-02;2010-09-07;Motorist Overtaking Bicyclist;12;Non-Intersection;01-09-01;0001-01-01T07:06:58-04:56;Motorist Overtaking - Other /;0;2010;O: No Injury;Farms, Woods, Pastures;30-39;35;No;51-55 mph;O: No Injury;White;Female;Sport Utility;No;No;Daylight;Rural (<30% Developed);2 lanes;2;Straight - Level;State Secondary Route;Dry;Two-Way, Not Divided;None;No Special Feature;Smooth Asphalt;Coastal;Rural;50 - 55  MPH;No Control Present;Clear;No;35.228325, -78.04185
633;634;No;16-19;18;No;Facing Traffic;A: Disabling Injury;Sidewalk / Crosswalk / Driveway Crossing;White;Female;Raleigh;Wake;No;01-01-02;2010-08-31;Motorist Failed to Yield - Sign-Controlled Intersection;22;Intersection;01-08-01;0001-01-01T17:10:58-04:56;Motorist Drive Out - Sign-Controlled Intersection;0;2010;A: Disabling Injury;Institutional;;;Missing;0-5 mph;Injury;/Missing;;;No;Yes;Daylight;Urban (>70% Developed);2 lanes;2;Straight - Grade;Local Street;Dry;Two-Way, Not Divided;None;Driveway, Public;Smooth Asphalt;Piedmont;Urban;20 - 25  MPH;Stop Sign;Clear;No;35.78194, -78.67158
640;641;Yes;16-19;19;No;With Traffic;B: Evident Injury;Travel Lane;White;Male;Thomasville;Davidson;No;01-01-03;2010-09-01;Loss of Control / Turning Error;18;Non-Intersection;01-09-01;0001-01-01T13:09:58-04:56;Bicyclist Lost Control - Other /;0;2010;B: Evident Injury;Residential;60-69;61;No;;C: Possible Injury;Black;Male;Passenger Car;No;No;Daylight;Urban (>70% Developed);2 lanes;2;Straight - Grade;Local Street;Dry;Two-Way, Not Divided;None;No Special Feature;Coarse Asphalt;Piedmont;Urban;30 - 35  MPH;School Zone Signs;Clear;No;35.891182, -80.0793
644;645;Yes;10-Jun;9;No;Not Applicable;C: Possible Injury;Travel Lane;Black;Male;Cary;Wake;No;01-01-02;2010-09-07;Non-Roadway;18;Non-Roadway;01-09-01;0001-01-01T13:56:58-04:56;Non-Roadway;0;2010;C: Possible Injury;Commercial;50-59;57;No;0-5 mph;O: No Injury;White;Male;Van;No;No;Daylight;Urban (>70% Developed);;2;Curve - Level;Public Vehicular Area;Dry;Two-Way, Not Divided;None;Driveway, Public;Smooth Asphalt;Piedmont;Urban;5 - 15 MPH;No Control Present;Clear;No;35.82911, -78.771416
649;650;Yes;20-24;24;No;With Traffic;C: Possible Injury;Travel Lane;Black;Male;Salisbury;Rowan;No;;2010-09-13;Motorist Overtaking Bicyclist;11;Non-Intersection;01-09-01;0001-01-01T06:20:58-04:56;Motorist Overtaking - Other /;0;2010;C: Possible Injury;Commercial;30-39;37;No;61-65 mph;O: No Injury;White;Male;Van;No;No;Daylight;Urban (>70% Developed);1 lane;2;Straight - Level;Interstate;Dry;One-Way, Not Divided;None;On or Off Ramp;Concrete;Piedmont;Urban;60 - 75 MPH;Yield Sign;Clear;No;35.65832, -80.45989
653;654;Yes;16-19;18;No;With Traffic;B: Evident Injury;Travel Lane;White;Female;Wilmington;New Hanover;No;;2010-08-30;Motorist Failed to Yield - Signalized Intersection;12;Intersection;01-08-01;0001-01-01T07:31:58-04:56;Motorist Drive Out - Signalized Intersection;0;2010;B: Evident Injury;Commercial;50-59;50;No;0-5 mph;O: No Injury;Black;Male;Passenger Car;No;No;Daylight;Urban (>70% Developed);2 lanes;2;Straight - Level;Local Street;Dry;Two-Way, Not Divided;None;Four-Way Intersection;Coarse Asphalt;Coastal;Urban;20 - 25  MPH;Stop And Go Signal;Clear;No;34.240044, -77.94671
665;666;Yes;10-Jun;8;No;With Traffic;C: Possible Injury;Travel Lane;White;Male;Huntersville;Mecklenburg;No;01-01-05;2010-09-03;Loss of Control / Turning Error;16;Intersection;01-09-01;0001-01-01T12:00:58-04:56;Bicyclist Lost Control - Mechanical Problems;0;2010;C: Possible Injury;Residential;70+;;No;26-30 mph;O: No Injury;White;Male;Passenger Car;No;No;Daylight;Urban (>70% Developed);2 lanes;2;Straight - Level;Local Street;Dry;Two-Way, Not Divided;None;Four-Way Intersection;Smooth Asphalt;Piedmont;Urban;30 - 35  MPH;Stop Sign;Clear;No;35.42128, -80.874374
667;668;Yes;25-29;26;No;Not Applicable;B: Evident Injury;Travel Lane;Asian;Female;Wilmington;New Hanover;No;;2010-09-13;Bicyclist Failed to Yield - Midblock;18;Non-Intersection;01-09-01;0001-01-01T13:52:58-04:56;Bicyclist Ride Out - Midblock -;0;2010;B: Evident Injury;Commercial;40-49;49;No;16-20 mph;O: No Injury;Black;Male;Passenger Car;No;No;Daylight;Urban (>70% Developed);1 lane;2;Straight - Level;Local Street;Dry;One-Way, Not Divided;None;No Special Feature;Smooth Asphalt;Coastal;Urban;30 - 35  MPH;No Control Present;Clear;No;34.24269, -77.89217
668;669;Yes;15-Nov;12;No;With Traffic;C: Possible Injury;Travel Lane;Black;Male;None - Rural Crash;Camden;No;01-01-06;2010-09-11;Loss of Control / Turning Error;18;Non-Intersection;01-09-01;0001-01-01T13:13:58-04:56;Bicyclist Lost Control - Other /;0;2010;C: Possible Injury;Farms, Woods, Pastures;50-59;58;No;31-35 mph;O: No Injury;Black;Female;Sport Utility;No;No;Daylight;Rural (<30% Developed);2 lanes;2;Straight - Level;State Secondary Route;Dry;Two-Way, Not Divided;None;No Special Feature;Smooth Asphalt;Coastal;Rural;50 - 55  MPH;No Control Present;Clear;No;36.338665, -76.130745
670;671;Yes;15-Nov;11;No;With Traffic;B: Evident Injury;;Other;Male;Durham;Durham;No;01-01-06;2010-09-18;Motorist Failed to Yield - Signalized Intersection;17;Intersection;01-09-01;0001-01-01T12:46:58-04:56;Motorist Drive Through - Signalized Intersection;0;2010;B: Evident Injury;Residential;40-49;44;No;0-5 mph;O: No Injury;White;Female;Sport Utility;No;No;Daylight;Urban (>70% Developed);2 lanes;2;Straight - Level;Local Street;Dry;One-Way, Not Divided;None;No Special Feature;Smooth Asphalt;Piedmont;Urban;30 - 35  MPH;Stop And Go Signal;Clear;No;36.009842, -78.90831
672;673;Yes;20-24;24;No;With Traffic;B: Evident Injury;Travel Lane;Black;Male;Chadbourn;Columbus;No;01-01-03;2010-08-18;Motorist Right Turn / Merge;10;Intersection;01-08-01;0001-01-01T05:29:58-04:56;Motorist Right Turn - Same Direction;0;2010;B: Evident Injury;Commercial;30-39;31;No;26-30 mph;O: No Injury;Black;Female;Passenger Car;No;No;Daylight;Urban (>70% Developed);4 lanes;2;Straight - Level;Local Street;Dry;Two-Way, Not Divided;None;T-Intersection;Smooth Asphalt;Coastal;Rural;30 - 35  MPH;No Control Present;Clear;No;34.330635, -78.825
673;674;Yes;50-59;52;No;With Traffic;B: Evident Injury;Travel Lane;Native American;Male;Lumberton;Robeson;No;;2010-09-20;Motorist Failed to Yield - Sign-Controlled Intersection;19;Intersection;01-09-01;0001-01-01T14:57:58-04:56;Motorist Drive Out - Sign-Controlled Intersection;0;2010;B: Evident Injury;Commercial;60-69;68;No;0-5 mph;O: No Injury;White;Male;Pickup;No;No;Dark - Lighted Roadway;Urban (>70% Developed);6 lanes;2;Straight - Level;Local Street;Dry;One-Way, Not Divided;None;Four-Way Intersection;Coarse Asphalt;Coastal;Urban;30 - 35  MPH;Other;Clear;No;34.623993, -79.00851
683;684;No;20-24;24;No;With Traffic;B: Evident Injury;Bike Lane / Paved Shoulder;White;Male;Boone;Watauga;No;01-01-05;2010-09-17;Motorist Left Turn / Merge;11;Non-Intersection;01-09-01;0001-01-01T06:51:58-04:56;Motorist Left Turn - Opposite Direction;0;2010;B: Evident Injury;Institutional;25-29;25;No;6-10 mph;O: No Injury;White;Female;Passenger Car;No;No;Daylight;Urban (>70% Developed);4 lanes;2;Straight - Level;Local Street;Dry;Two-Way, Not Divided;None;No Special Feature;Smooth Asphalt;Mountains;Urban;20 - 25  MPH;Double Yellow Line, No Passing Zone;Clear;No;36.212566, -81.68102
684;685;No;16-19;19;No;With Traffic;B: Evident Injury;Travel Lane;White;Female;Chapel Hill;Orange;No;01-01-06;2010-09-18;Motorist Right Turn / Merge;21;Intersection;01-09-01;0001-01-01T16:27:58-04:56;Motorist Right Turn - Same Direction;0;2010;B: Evident Injury;Residential;;;Missing;;Injury;/Missing;;Passenger Car;No;Yes;Dark - Lighted Roadway;Urban (>70% Developed);4 lanes;2;Straight - Level;Local Street;Dry;Two-Way, Not Divided;None;T-Intersection;Smooth Asphalt;Piedmont;Urban;;No Control Present;Clear;No;35.90886, -79.05933
688;689;Yes;40-49;48;No;With Traffic;B: Evident Injury;Travel Lane;White;Male;Concord;Cabarrus;No;01-01-02;2010-09-14;Bicyclist Failed to Yield - Signalized Intersection;16;Intersection;01-09-01;0001-01-01T11:36:58-04:56;Bicyclist Ride Out - Signalized  Intersection;0;2010;B: Evident Injury;Commercial;0-19;19;No;16-20 mph;O: No Injury;White;Female;Passenger Car;No;No;Daylight;Mixed (30% To 70% Developed);3 lanes;2;Straight - Level;Local Street;Dry;Two-Way, Divided, Positive Median Barrier;None;Four-Way Intersection;Smooth Asphalt;Piedmont;Urban;30 - 35  MPH;Stop And Go Signal;Clear;No;35.398193, -80.599754
689;690;Yes;40-49;46;No;With Traffic;B: Evident Injury;Travel Lane;White;Male;Asheville;Buncombe;No;01-01-02;2010-09-14;Motorist Left Turn / Merge;18;Intersection;01-09-01;0001-01-01T13:46:58-04:56;Motorist Left Turn - Opposite Direction;0;2010;B: Evident Injury;Residential;20-24;24;No;11-15 mph;O: No Injury;White;Female;Sport Utility;No;No;Daylight;Urban (>70% Developed);3 lanes;2;Straight - Level;State Secondary Route;Dry;Two-Way, Divided, Unprotected Median;None;T-Intersection;Concrete;Mountains;Urban;30 - 35  MPH;No Control Present;Clear;No;35.577663, -82.57628
703;704;No;40-49;48;No;With Traffic;B: Evident Injury;Travel Lane;White;Male;Charlotte;Mecklenburg;No;01-01-07;2010-09-19;Motorist Overtaking Bicyclist;7;Non-Intersection;01-09-01;0001-01-01T02:48:58-04:56;Motorist Overtaking - Undetected Bicyclist;0;2010;B: Evident Injury;Residential;30-39;36;No;36-40 mph;O: No Injury;Hispanic;Male;Pickup;No;No;Daylight;Mixed (30% To 70% Developed);2 lanes;3;Straight - Hillcrest;Local Street;Dry;Two-Way, Not Divided;Traffic Control Device Inoperative, Not Visible Or Missing;No Special Feature;Smooth Asphalt;Piedmont;Urban;40 - 45  MPH;No Control Present;Clear;No;35.24623, -80.659
711;712;No;50-59;59;No;With Traffic;O: No Injury;Travel Lane;White;Male;Charlotte;Mecklenburg;No;01-01-03;2010-09-22;Loss of Control / Turning Error;9;Non-Intersection;01-09-01;0001-01-01T04:16:58-04:56;Bicyclist Lost Control - Other /;0;2010;O: No Injury;Commercial;40-49;49;No;26-30 mph;O: No Injury;White;Male;Commercial Bus;No;No;Daylight;Mixed (30% To 70% Developed);2 lanes;2;Straight - Level;Local Street;Dry;Two-Way, Not Divided;Debris;No Special Feature;Smooth Asphalt;Piedmont;Urban;30 - 35  MPH;No Control Present;Clear;No;35.29613, -80.839584
726;727;No;20-24;24;No;Not Applicable;C: Possible Injury;Non-Roadway;Hispanic;Male;Pineville;Mecklenburg;Yes;01-01-04;2010-08-19;Non-Roadway;22;Non-Roadway;01-08-01;0001-01-01T17:39:58-04:56;Non-Roadway;0;2010;C: Possible Injury;Commercial;30-39;39;Yes;21-25 mph;O: No Injury;White;Male;Pickup;No;No;Dark - Lighted Roadway;Urban (>70% Developed);;2;Straight - Level;Public Vehicular Area;Wet;Two-Way, Not Divided;None;No Special Feature;Smooth Asphalt;Piedmont;Rural;5 - 15 MPH;No Control Present;Rain;No;35.09419, -80.86735
729;730;Yes;30-39;32;No;With Traffic;C: Possible Injury;Travel Lane;White;Male;Chapel Hill;Orange;No;01-01-02;2010-09-28;Motorist Overtaking Bicyclist;19;Intersection-Related;01-09-01;0001-01-01T14:06:58-04:56;Motorist Overtaking - Undetected Bicyclist;0;2010;C: Possible Injury;Residential;60-69;61;No;31-35 mph;O: No Injury;White;Female;Passenger Car;No;No;Daylight;Urban (>70% Developed);2 lanes;2;Straight - Level;Local Street;Dry;Two-Way, Not Divided;None;No Special Feature;Smooth Asphalt;Piedmont;Urban;30 - 35  MPH;No Control Present;Clear;No;35.939693, -79.05468
733;734;Yes;20-24;23;No;With Traffic;B: Evident Injury;Travel Lane;Black;Male;Wilmington;New Hanover;No;01-01-02;2010-09-21;Bicyclist Overtaking Motorist;16;Intersection-Related;01-09-01;0001-01-01T11:03:58-04:56;Bicyclist Overtaking - Passing on Right;0;2010;B: Evident Injury;Commercial;60-69;60;No;0-5 mph;O: No Injury;Black;Male;Van;No;No;Daylight;Urban (>70% Developed);2 lanes;2;Straight - Level;Local Street;Dry;Two-Way, Not Divided;None;No Special Feature;Smooth Asphalt;Coastal;Urban;20 - 25  MPH;No Control Present;Clear;No;34.23899, -77.93163
744;745;Yes;10-Jun;7;No;Not Applicable;B: Evident Injury;Non-Roadway;White;Male;None - Rural Crash;Gaston;No;01-01-06;2010-10-09;Non-Roadway;19;Non-Roadway;01-10-01;0001-01-01T14:16:58-04:56;Non-Roadway;0;2010;B: Evident Injury;Residential;40-49;45;No;0-5 mph;O: No Injury;White;Male;Van;No;No;Dusk;Urban (>70% Developed);;2;Straight - Level;Public Vehicular Area;Dry;Two-Way, Not Divided;None;Driveway, Public;Gravel;Piedmont;Rural;5 - 15 MPH;No Control Present;Clear;No;35.313408, -81.151085
745;746;Yes;15-Nov;12;No;Facing Traffic;B: Evident Injury;Sidewalk / Crosswalk / Driveway Crossing;Black;Male;Raleigh;Wake;No;01-01-04;2010-09-02;Motorist Right Turn / Merge;17;Intersection;01-09-01;0001-01-01T12:43:58-04:56;Motorist Right Turn - Opposite Direction;0;2010;B: Evident Injury;Commercial;20-24;22;No;;O: No Injury;Black;Female;Passenger Car;No;No;Daylight;Urban (>70% Developed);6 lanes;2;Straight - Level;Local Street;Dry;Two-Way, Not Divided;None;No Special Feature;Smooth Asphalt;Piedmont;Urban;40 - 45  MPH;Stop And Go Signal;Cloudy;No;35.842888, -78.573326
746;747;No;40-49;48;No;Facing Traffic;B: Evident Injury;Sidewalk / Crosswalk / Driveway Crossing;White;Male;Raleigh;Wake;No;01-01-04;2010-09-02;Motorist Failed to Yield - Sign-Controlled Intersection;18;Intersection;01-09-01;0001-01-01T13:23:58-04:56;Motorist Drive Out - Sign-Controlled Intersection;0;2010;B: Evident Injury;Residential;0-19;17;No;0-5 mph;O: No Injury;Black;Male;Passenger Car;No;No;Daylight;Urban (>70% Developed);2 lanes;2;Straight - Level;Local Street;Dry;Two-Way, Not Divided;None;T-Intersection;Smooth Asphalt;Piedmont;Urban;30 - 35  MPH;Stop Sign;Clear;No;35.894352, -78.635414
747;748;Yes;50-59;58;No;With Traffic;B: Evident Injury;Travel Lane;White;Female;None - Rural Crash;Robeson;No;01-01-05;2010-10-01;Motorist Overtaking Bicyclist;11;Non-Intersection;01-10-01;0001-01-01T06:50:58-04:56;Motorist Overtaking - Misjudged Space;0;2010;B: Evident Injury;Farms, Woods, Pastures;50-59;57;No;36-40 mph;O: No Injury;Native American;Female;Passenger Car;No;No;Daylight;Rural (<30% Developed);2 lanes;3;Curve - Level;State Secondary Route;Dry;Two-Way, Not Divided;None;No Special Feature;Smooth Asphalt;Coastal;Rural;50 - 55  MPH;Double Yellow Line, No Passing Zone;Clear;No;34.62066, -78.95474
749;750;Yes;50-59;51;No;Facing Traffic;C: Possible Injury;Travel Lane;Black;Male;Raleigh;Wake;No;01-01-03;2010-08-04;Head-On;17;Non-Intersection;01-08-01;0001-01-01T12:48:58-04:56;Head-On - Bicyclist;0;2010;C: Possible Injury;Commercial;25-29;25;No;0-5 mph;O: No Injury;White;Male;Passenger Car;No;No;Daylight;Urban (>70% Developed);2 lanes;2;Straight - Level;Local Street;Dry;One-Way, Not Divided;None;No Special Feature;Smooth Asphalt;Piedmont;Urban;30 - 35  MPH;No Control Present;Clear;No;35.743626, -78.64702
751;752;No;25-29;29;No;Facing Traffic;O: No Injury;Sidewalk / Crosswalk / Driveway Crossing;White;Male;Raleigh;Wake;No;01-01-03;2010-09-01;Crossing Paths - Other Circumstances;14;Intersection-Related;01-09-01;0001-01-01T09:47:58-04:56;Signalized Intersection - Other /;0;2010;O: No Injury;Commercial;50-59;51;No;0-5 mph;O: No Injury;White;Male;Light Truck (Mini-Van, Panel);No;No;Daylight;Urban (>70% Developed);5 lanes;2;Straight - Level;Local Street;Dry;Two-Way, Divided, Unprotected Median;None;No Special Feature;Smooth Asphalt;Piedmont;Urban;30 - 35  MPH;Stop And Go Signal;Clear;No;35.789207, -78.67437
763;764;Yes;50-59;55;Yes;With Traffic;C: Possible Injury;Bike Lane / Paved Shoulder;Hispanic;Male;None - Rural Crash;Granville;Yes;01-01-07;2010-10-10;Bicyclist Left Turn / Merge;18;Intersection;01-10-01;0001-01-01T13:53:58-04:56;Bicyclist Left Turn - Same Direction;0;2010;C: Possible Injury;Farms, Woods, Pastures;30-39;37;Yes;46-50 mph;O: No Injury;White;Male;Passenger Car;No;No;Dark - Roadway Not Lighted;Rural (<30% Developed);2 lanes;2;Straight - Grade;NC Route;Dry;Two-Way, Not Divided;None;No Special Feature;Smooth Asphalt;Piedmont;Rural;50 - 55  MPH;No Control Present;Clear;No;36.14223, -78.57919
765;766;Yes;30-39;31;No;With Traffic;C: Possible Injury;Travel Lane;White;Male;None - Rural Crash;Buncombe;No;01-01-04;2010-10-14;Motorist Overtaking Bicyclist;17;Intersection;01-10-01;0001-01-01T12:39:58-04:56;Motorist Overtaking - Misjudged Space;0;2010;C: Possible Injury;Residential;70+;;No;31-35 mph;O: No Injury;White;Male;Pickup;No;No;Daylight;Urban (>70% Developed);2 lanes;2;Straight - Grade;State Secondary Route;Dry;Two-Way, Not Divided;None;T-Intersection;Coarse Asphalt;Mountains;Rural;30 - 35  MPH;Double Yellow Line, No Passing Zone;Clear;No;35.56439, -82.67329
771;772;Yes;40-49;46;No;Facing Traffic;C: Possible Injury;Sidewalk / Crosswalk / Driveway Crossing;/Missing;Female;Charlotte;Mecklenburg;No;01-01-03;2010-10-06;Motorist Failed to Yield - Midblock;16;Non-Intersection;01-10-01;0001-01-01T11:55:58-04:56;Motorist Drive Out - Commercial Driveway / Alley;0;2010;C: Possible Injury;Residential;50-59;59;No;0-5 mph;O: No Injury;Hispanic;Male;Light Truck (Mini-Van, Panel);No;No;Daylight;Urban (>70% Developed);4 lanes;2;Straight - Grade;Local Street;Dry;Two-Way, Divided, Positive Median Barrier;None;No Special Feature;Smooth Asphalt;Piedmont;Urban;30 - 35  MPH;No Control Present;Clear;No;35.19785, -80.761475
775;776;No;40-49;45;No;With Traffic;C: Possible Injury;Bike Lane / Paved Shoulder;Black;Male;Greensboro;Guilford;No;01-01-04;2010-10-07;Motorist Right Turn / Merge;11;Non-Intersection;01-10-01;0001-01-01T06:45:58-04:56;Motorist Right Turn - Same Direction;0;2010;C: Possible Injury;Commercial;40-49;46;No;0-5 mph;O: No Injury;White;Male;Passenger Car;No;No;Daylight;Urban (>70% Developed);2 lanes;2;Straight - Level;Local Street;Dry;Two-Way, Not Divided;None;Alley Intersection;Smooth Asphalt;Piedmont;Urban;30 - 35  MPH;No Control Present;Clear;No;36.06382, -79.82162
778;779;Yes;16-19;16;No;With Traffic;B: Evident Injury;Travel Lane;White;Male;None - Rural Crash;Union;No;01-01-03;2010-10-20;Bicyclist Left Turn / Merge;18;Intersection-Related;01-10-01;0001-01-01T13:38:58-04:56;Bicyclist Left Turn - Same Direction;0;2010;B: Evident Injury;Farms, Woods, Pastures;40-49;45;No;41-45 mph;O: No Injury;White;Female;Van;No;No;Daylight;Rural (<30% Developed);2 lanes;2;Straight - Grade;State Secondary Route;Dry;Two-Way, Not Divided;None;T-Intersection;Smooth Asphalt;Piedmont;Rural;40 - 45  MPH;Double Yellow Line, No Passing Zone;Clear;No;35.01665, -80.70914
781;782;Yes;60-69;60;No;With Traffic;A: Disabling Injury;Travel Lane;White;Female;Wilmington;New Hanover;No;01-01-05;2010-10-08;Motorist Failed to Yield - Sign-Controlled Intersection;14;Intersection;01-10-01;0001-01-01T09:56:58-04:56;Motorist Drive Out - Sign-Controlled Intersection;0;2010;A: Disabling Injury;Commercial;30-39;33;No;0-5 mph;O: No Injury;Black;Female;Sport Utility;No;No;Daylight;Urban (>70% Developed);;2;Straight - Grade;Local Street;Dry;Two-Way, Divided, Unprotected Median;None;T-Intersection;Smooth Asphalt;Coastal;Urban;40 - 45  MPH;Stop Sign;Clear;No;34.197155, -77.92153
782;783;Yes;50-59;52;No;With Traffic;C: Possible Injury;Travel Lane;Native American;Male;Lumberton;Robeson;No;01-01-04;2010-10-07;Motorist Overtaking Bicyclist;19;Intersection-Related;01-10-01;0001-01-01T14:34:58-04:56;Motorist Overtaking - Misjudged Space;0;2010;C: Possible Injury;Farms, Woods, Pastures;30-39;38;No;31-35 mph;O: No Injury;Native American;Female;Sport Utility;No;No;Dark - Lighted Roadway;Rural (<30% Developed);;2;Straight - Level;State Secondary Route;Dry;Two-Way, Not Divided;None;No Special Feature;Coarse Asphalt;Coastal;Urban;40 - 45  MPH;No Control Present;Clear;No;34.69517, -79.01346
787;788;Yes;30-39;31;No;With Traffic;C: Possible Injury;Sidewalk / Crosswalk / Driveway Crossing;Black;Male;Raleigh;Wake;No;01-01-03;2010-09-15;Crossing Paths - Other Circumstances;9;Intersection;01-09-01;0001-01-01T04:52:58-04:56;Crossing Paths - Intersection - Other /;0;2010;C: Possible Injury;Residential;50-59;54;No;0-5 mph;O: No Injury;Black;Male;Passenger Car;No;No;Daylight;Urban (>70% Developed);2 lanes;2;Straight - Level;Local Street;Dry;Two-Way, Not Divided;None;T-Intersection;Smooth Asphalt;Piedmont;Urban;30 - 35  MPH;No Control Present;Clear;No;35.78447, -78.63468
789;790;No;40-49;47;No;;C: Possible Injury;;Black;Male;Gibsonville;Guilford;Yes;01-01-04;2010-10-14;Other /  - Insufficient Details;0;Non-Intersection;01-10-01;0000-12-31T19:33:58-04:56;Approach Paths;0;2010;C: Possible Injury;Residential;25-29;28;Yes;16-20 mph;O: No Injury;Black;Male;Passenger Car;No;No;Dark - Roadway Not Lighted;Urban (>70% Developed);2 lanes;2;Straight - Level;Local Street;Dry;Two-Way, Not Divided;None;No Special Feature;Smooth Asphalt;Piedmont;Urban;30 - 35  MPH;No Control Present;Clear;No;36.10054, -79.54199