FID;OBJECTID;AmbulanceR;BikeAge_Gr;Bike_Age;Bike_Alc_D;Bike_Dir;Bike_Injur;Bike_Pos;Bike_Race;Bike_Sex;City;County;CrashAlcoh;CrashDay;Crash_Date;Crash_Grp;Crash_Hour;Crash_Loc;Crash_Mont;Crash_Time;Crash_Type;Crash_Ty_1;Crash_Year;Crsh_Sevri;Developmen;DrvrAge_Gr;Drvr_Age;Drvr_Alc_D;Drvr_EstSp;Drvr_Injur;Drvr_Race;Drvr_Sex;Drvr_VehTy;ExcsSpdInd;Hit_Run;Light_Cond;Locality;Num_Lanes;Num_Units;Rd_Charact;Rd_Class;Rd_Conditi;Rd_Config;Rd_Defects;Rd_Feature;Rd_Surface;Region;Rural_Urba;Speed_Limi;Traff_Cntr;Weather;Workzone_I;Location
799;800;Yes;10-Jun;8;No;Not Applicable;A: Disabling Injury;Driveway / Alley;Black;Female;Charlotte;Mecklenburg;No;01-01-06;2010-10-16;Bicyclist Failed to Yield - Midblock;13;Non-Intersection;01-10-01;0001-01-01T09:01:58-04:56;Bicyclist Ride Out - Residential Driveway;0;2010;A: Disabling Injury;Residential;60-69;60;No;21-25 mph;O: No Injury;Black;Male;Passenger Car;No;No;Daylight;Urban (>70% Developed);2 lanes;2;Straight - Grade;Local Street;Dry;Two-Way, Not Divided;None;No Special Feature;Smooth Asphalt;Piedmont;Urban;20 - 25  MPH;No Control Present;Clear;No;35.214436, -80.87942
800;801;Yes;15-Nov;15;No;With Traffic;B: Evident Injury;Travel Lane;White;Male;Mooresville;Iredell;No;01-01-03;2010-10-06;Crossing Paths - Other Circumstances;17;Intersection;01-10-01;0001-01-01T12:09:58-04:56;Crossing Paths - Uncontrolled Intersection;0;2010;B: Evident Injury;Commercial;60-69;62;No;31-35 mph;O: No Injury;White;Female;Sport Utility;No;No;Daylight;Urban (>70% Developed);2 lanes;2;Straight - Level;Local Street;Dry;Two-Way, Not Divided;None;T-Intersection;Smooth Asphalt;Piedmont;Urban;30 - 35  MPH;No Control Present;Clear;No;35.57993, -80.81658
801;802;Yes;50-59;50;No;With Traffic;B: Evident Injury;Travel Lane;White;Male;Hickory;Catawba;No;01-01-03;2010-10-20;Motorist Right Turn / Merge;17;Non-Intersection;01-10-01;0001-01-01T12:18:58-04:56;Motorist Right Turn - Same Direction;0;2010;B: Evident Injury;Commercial;40-49;49;No;0-5 mph;O: No Injury;White;Female;Van;No;No;Daylight;Urban (>70% Developed);2 lanes;2;Straight - Level;Local Street;Dry;Two-Way, Not Divided;None;No Special Feature;Smooth Asphalt;Piedmont;Urban;30 - 35  MPH;No Control Present;Clear;No;35.769848, -81.32918
807;808;Yes;16-19;18;No;With Traffic;B: Evident Injury;Travel Lane;Black;Male;High Point;Guilford;No;01-01-05;2010-10-22;Motorist Overtaking Bicyclist;17;Non-Intersection;01-10-01;0001-01-01T12:33:58-04:56;Motorist Overtaking - Other /;0;2010;B: Evident Injury;Residential;;;Missing;31-35 mph;Injury;/Missing;;;No;Yes;Dusk;Urban (>70% Developed);5 lanes;2;Straight - Level;Local Street;Dry;Two-Way, Not Divided;None;No Special Feature;Coarse Asphalt;Piedmont;Urban;30 - 35  MPH;No Control Present;Clear;No;35.941853, -80.00432
810;811;Yes;60-69;64;No;With Traffic;C: Possible Injury;Travel Lane;Black;Male;Charlotte;Mecklenburg;No;01-01-03;2010-10-20;Motorist Right Turn / Merge;15;Intersection;01-10-01;0001-01-01T10:15:58-04:56;Motorist Right Turn on Red - Same Direction;0;2010;C: Possible Injury;Residential;25-29;26;No;11-15 mph;O: No Injury;White;Male;Van;No;No;Daylight;Urban (>70% Developed);4 lanes;2;Straight - Level;Local Street;Dry;Two-Way, Not Divided;None;Four-Way Intersection;Smooth Asphalt;Piedmont;Urban;30 - 35  MPH;Stop And Go Signal;Clear;No;35.27231, -80.85442
825;826;No;40-49;45;No;Not Applicable;O: No Injury;Travel Lane;Black;Male;Wilson;Wilson;No;01-01-05;2010-10-15;Bicyclist Failed to Yield - Midblock;15;Non-Intersection;01-10-01;0001-01-01T10:52:58-04:56;Bicyclist Ride Out - Other Midblock;0;2010;O: No Injury;Residential;30-39;32;No;;Injury;White;Female;Sport Utility;No;No;Daylight;Urban (>70% Developed);3 lanes;2;Straight - Level;Local Street;Dry;Two-Way, Not Divided;None;No Special Feature;Coarse Asphalt;Coastal;Urban;30 - 35  MPH;No Control Present;Clear;No;35.73835, -77.91123
827;828;No;20-24;22;No;With Traffic;O: No Injury;Travel Lane;Black;Male;Salisbury;Rowan;No;01-01-04;2010-10-28;Motorist Overtaking Bicyclist;18;Non-Intersection;01-10-01;0001-01-01T13:21:58-04:56;Motorist Overtaking - Other /;0;2010;O: No Injury;Residential;30-39;33;No;31-35 mph;O: No Injury;White;Male;Passenger Car;No;No;Daylight;Urban (>70% Developed);2 lanes;2;Straight - Level;Local Street;Dry;Two-Way, Not Divided;None;Driveway, Private;Coarse Asphalt;Piedmont;Urban;30 - 35  MPH;No Control Present;Clear;No;35.67823, -80.45077
830;831;Yes;15-Nov;14;No;Facing Traffic;B: Evident Injury;Travel Lane;Black;Male;Greensboro;Guilford;No;01-01-07;2010-10-24;Bicyclist Failed to Yield - Sign-Controlled Intersection;12;Intersection;01-10-01;0001-01-01T07:39:58-04:56;Bicyclist Ride Through - Sign-Controlled Intersection;0;2010;B: Evident Injury;Residential;70+;;No;21-25 mph;O: No Injury;Native American;Male;Passenger Car;No;No;Daylight;Urban (>70% Developed);2 lanes;2;Straight - Hillcrest;Local Street;Dry;Two-Way, Not Divided;None;No Special Feature;Coarse Asphalt;Piedmont;Urban;30 - 35  MPH;Stop Sign;Clear;No;36.06304, -79.79098
837;838;Yes;50-59;51;No;Facing Traffic;C: Possible Injury;Sidewalk / Crosswalk / Driveway Crossing;Black;Male;Raleigh;Wake;No;01-01-04;2010-10-07;Motorist Failed to Yield - Sign-Controlled Intersection;19;Intersection;01-10-01;0001-01-01T14:56:58-04:56;Motorist Drive Out - Sign-Controlled Intersection;0;2010;C: Possible Injury;Commercial;25-29;28;No;0-5 mph;O: No Injury;White;Male;Sport Utility;No;No;Dark - Lighted Roadway;Urban (>70% Developed);2 lanes;2;Straight - Level;Local Street;Dry;Two-Way, Divided, Unprotected Median;None;T-Intersection;Smooth Asphalt;Piedmont;Urban;30 - 35  MPH;Stop Sign;Clear;No;35.78412, -78.69533
839;840;Yes;16-19;19;No;With Traffic;B: Evident Injury;Travel Lane;White;Female;Carolina Beach;New Hanover;Yes;01-01-04;2010-10-28;Motorist Failed to Yield - Midblock;20;Non-Intersection;01-10-01;0001-01-01T15:13:58-04:56;Motorist Drive Out - Other Midblock;0;2010;B: Evident Injury;Commercial;50-59;59;Yes;;O: No Injury;White;Male;Pickup;No;No;Dark - Lighted Roadway;Urban (>70% Developed);5 lanes;2;Straight - Level;US Route;Dry;Two-Way, Not Divided;None;Shared-Use Paths Or Trails;Smooth Asphalt;Coastal;Urban;20 - 25  MPH;No Control Present;Cloudy;No;34.032726, -77.89445
842;843;Yes;16-19;17;No;Not Applicable;C: Possible Injury;Travel Lane;Black;Male;Kinston;Lenoir;No;01-01-05;2010-10-22;Crossing Paths - Other Circumstances;17;Intersection;01-10-01;0001-01-01T12:54:58-04:56;Crossing Paths - Intersection - Other /;0;2010;C: Possible Injury;Residential;70+;;No;16-20 mph;O: No Injury;Black;Female;Van;No;Yes;Daylight;Urban (>70% Developed);2 lanes;2;Straight - Level;Local Street;Dry;Two-Way, Not Divided;None;T-Intersection;Coarse Asphalt;Coastal;Urban;30 - 35  MPH;No Control Present;Clear;No;35.262653, -77.57101
852;853;No;20-24;23;No;With Traffic;B: Evident Injury;Travel Lane;White;Male;Charlotte;Mecklenburg;No;01-01-02;2010-10-05;Loss of Control / Turning Error;6;Intersection;01-10-01;0001-01-01T01:18:58-04:56;Motorist Turning Error - Right Turn;0;2010;B: Evident Injury;Commercial;40-49;48;No;;O: No Injury;Black;Male;Pickup;No;No;Dark - Lighted Roadway;Urban (>70% Developed);4 lanes;2;Straight - Level;Local Street;Dry;Two-Way, Not Divided;None;Four-Way Intersection;Smooth Asphalt;Piedmont;Urban;30 - 35  MPH;Stop And Go Signal;Clear;No;35.220394, -80.81335
861;862;Yes;50-59;57;No;Facing Traffic;C: Possible Injury;Travel Lane;Black;Male;Gastonia;Gaston;No;01-01-03;2010-11-10;Motorist Failed to Yield - Signalized Intersection;15;Intersection;01-11-01;0001-01-01T10:25:58-04:56;Motorist Drive Out - Right Turn on Red;0;2010;C: Possible Injury;Commercial;60-69;65;No;;O: No Injury;White;Male;Pickup;No;No;Daylight;Urban (>70% Developed);5 lanes;2;Straight - Grade;US Route;Dry;Two-Way, Not Divided;None;Four-Way Intersection;Smooth Asphalt;Piedmont;Urban;40 - 45  MPH;Stop And Go Signal;Clear;No;35.233665, -81.19419
864;865;Yes;20-24;22;Yes;With Traffic;C: Possible Injury;Travel Lane;White;Male;Raleigh;Wake;Yes;01-01-04;2010-10-21;Motorist Left Turn / Merge;23;Non-Intersection;01-10-01;0001-01-01T18:38:58-04:56;Motorist Left Turn - Opposite Direction;0;2010;C: Possible Injury;Commercial;20-24;20;No;0-5 mph;O: No Injury;Black;Male;Passenger Car;No;No;Dark - Lighted Roadway;Urban (>70% Developed);3 lanes;2;Straight - Level;Local Street;Dry;Two-Way, Not Divided;None;No Special Feature;Smooth Asphalt;Piedmont;Urban;30 - 35  MPH;No Control Present;Clear;No;35.779842, -78.64463
871;872;Yes;50-59;51;No;With Traffic;A: Disabling Injury;Travel Lane;Black;Male;None - Rural Crash;Guilford;No;01-01-04;2010-11-11;Motorist Overtaking Bicyclist;7;Non-Intersection;01-11-01;0001-01-01T02:30:58-04:56;Motorist Overtaking - Other /;0;2010;A: Disabling Injury;Residential;30-39;30;No;31-35 mph;O: No Injury;White;Male;Van;No;No;Daylight;Mixed (30% To 70% Developed);2 lanes;2;Straight - Level;State Secondary Route;Dry;Two-Way, Not Divided;None;No Special Feature;Smooth Asphalt;Piedmont;Rural;30 - 35  MPH;Double Yellow Line, No Passing Zone;Clear;No;36.018875, -79.96786
878;879;Yes;50-59;55;Yes;With Traffic;B: Evident Injury;Travel Lane;Black;Male;None - Rural Crash;Greene;Yes;01-01-02;2010-11-23;Motorist Overtaking Bicyclist;21;Non-Intersection;01-11-01;0001-01-01T16:32:58-04:56;Motorist Overtaking - Other /;0;2010;B: Evident Injury;Farms, Woods, Pastures;20-24;20;No;51-55 mph;O: No Injury;White;Female;Sport Utility;No;No;Dark - Roadway Not Lighted;Rural (<30% Developed);2 lanes;2;Straight - Level;State Secondary Route;Dry;Two-Way, Not Divided;None;No Special Feature;Smooth Asphalt;Coastal;Rural;50 - 55  MPH;No Control Present;Clear;No;35.439236, -77.5587
881;882;Yes;15-Nov;13;No;With Traffic;B: Evident Injury;Travel Lane;White;Male;None - Rural Crash;Wake;No;01-01-06;2010-11-27;Motorist Overtaking Bicyclist;16;Non-Intersection;01-11-01;0001-01-01T11:41:58-04:56;Motorist Overtaking - Misjudged Space;0;2010;B: Evident Injury;Residential;30-39;32;No;26-30 mph;O: No Injury;Black;Female;Passenger Car;No;No;Daylight;Mixed (30% To 70% Developed);2 lanes;2;Straight - Grade;State Secondary Route;Dry;Two-Way, Not Divided;None;No Special Feature;Smooth Asphalt;Piedmont;Rural;30 - 35  MPH;No Control Present;Clear;No;35.72192, -78.55423
887;888;No;30-39;38;No;With Traffic;B: Evident Injury;Travel Lane;Black;Male;Wadesboro;Anson;No;01-01-05;2010-11-12;Motorist Overtaking Bicyclist;19;Intersection-Related;01-11-01;0001-01-01T14:52:58-04:56;Motorist Overtaking - Bicyclist Swerved;0;2010;B: Evident Injury;Residential;;;Missing;21-25 mph;Injury;/Missing;;Passenger Car;No;Yes;Dark - Lighted Roadway;Mixed (30% To 70% Developed);1 lane;2;Straight - Level;Local Street;Dry;One-Way, Not Divided;None;No Special Feature;Smooth Asphalt;Piedmont;Urban;30 - 35  MPH;No Control Present;Clear;No;34.975983, -80.08534
903;904;Yes;20-24;23;No;With Traffic;C: Possible Injury;Bike Lane / Paved Shoulder;White;Male;Fayetteville;Cumberland;No;01-01-04;2010-11-25;Motorist Overtaking Bicyclist;15;Non-Intersection;01-11-01;0001-01-01T10:53:58-04:56;Motorist Overtaking - Misjudged Space;0;2010;C: Possible Injury;Commercial;;;Missing;31-35 mph;Injury;/Missing;;;No;Yes;Daylight;Urban (>70% Developed);2 lanes;2;Straight - Level;Local Street;Dry;Two-Way, Not Divided;None;No Special Feature;Smooth Asphalt;Coastal;Urban;30 - 35  MPH;No Control Present;Clear;No;35.012184, -78.9091
905;906;Yes;50-59;55;Yes;;C: Possible Injury;Travel Lane;Black;Male;Williamston;Martin;Yes;01-01-05;2010-11-26;Parallel Paths - Other Circumstances;17;Non-Intersection;01-11-01;0001-01-01T12:22:58-04:56;Parallel Paths - Other /;0;2010;C: Possible Injury;Commercial;;;Missing;;Injury;/Missing;;;No;Yes;Dark - Roadway Not Lighted;Urban (>70% Developed);2 lanes;2;Straight - Level;US Route;Dry;Two-Way, Divided, Unprotected Median;None;No Special Feature;Smooth Asphalt;Coastal;Urban;;No Control Present;Clear;No;35.839966, -77.08651
906;907;No;30-39;39;No;With Traffic;C: Possible Injury;Travel Lane;Black;Male;Charlotte;Mecklenburg;No;;2010-11-29;Motorist Left Turn / Merge;8;Intersection;01-11-01;0001-01-01T03:03:58-04:56;Motorist Left Turn - Opposite Direction;0;2010;C: Possible Injury;Commercial;40-49;40;No;6-10 mph;O: No Injury;Black;Male;Passenger Car;No;No;Daylight;Urban (>70% Developed);2 lanes;2;Straight - Grade;Local Street;Dry;Two-Way, Not Divided;None;No Special Feature;Smooth Asphalt;Piedmont;Urban;30 - 35  MPH;Stop Sign;Cloudy;No;35.375313, -80.78522
902;903;Yes;30-39;38;No;With Traffic;C: Possible Injury;Travel Lane;White;Male;Durham;Durham;No;01-01-05;2008-11-14;Motorist Failed to Yield - Sign-Controlled Intersection;19;Intersection;01-11-01;0001-01-01T14:43:58-04:56;Motorist Drive Through - Sign-Controlled Intersection;111143;2008;C: Possible Injury;Commercial;40-49;48;No;16-20 mph;O: No Injury;White;Male;Passenger Car;No;No;Dark - Lighted Roadway;Urban (>70% Developed);4 lanes;2;Straight - Grade;Local Street;Wet;Two-Way, Not Divided;None;No Special Feature;Smooth Asphalt;Piedmont;Urban;30 - 35  MPH;No Control Present;Cloudy;No;0.0, 0.0
914;915;No;15-Nov;13;No;;C: Possible Injury;;White;Male;None - Rural Crash;Onslow;No;01-01-07;2008-11-16;Parallel Paths - Other Circumstances;15;Non-Intersection;01-11-01;0001-01-01T10:33:58-04:56;Parallel Paths - Other /;399280;2008;C: Possible Injury;Farms, Woods, Pastures;;;Missing;41-45 mph;Injury;/Missing;;;No;Yes;Daylight;Rural (<30% Developed);2 lanes;2;Straight - Level;State Secondary Route;Dry;Two-Way, Not Divided;None;No Special Feature;Coarse Asphalt;Coastal;Rural;40 - 45  MPH;No Control Present;Clear;No;0.0, 0.0
933;934;No;40-49;41;Yes;With Traffic;B: Evident Injury;Travel Lane;Black;Male;None - Rural Crash;Johnston;Yes;01-01-03;2008-12-03;Motorist Overtaking Bicyclist;18;Non-Intersection;01-12-01;0001-01-01T13:21:58-04:56;Motorist Overtaking - Undetected Bicyclist;311231;2008;B: Evident Injury;Farms, Woods, Pastures;0-19;19;No;51-55 mph;O: No Injury;Black;Female;Passenger Car;No;No;Dark - Roadway Not Lighted;Rural (<30% Developed);2 lanes;2;Straight - Grade;State Secondary Route;Dry;Two-Way, Not Divided;None;No Special Feature;Smooth Asphalt;Coastal;Rural;50 - 55  MPH;Double Yellow Line, No Passing Zone;Clear;No;0.0, 0.0
951;952;Yes;50-59;52;No;Facing Traffic;C: Possible Injury;Travel Lane;Black;Male;Pinetops;Edgecombe;No;01-01-03;2008-09-17;Motorist Failed to Yield - Sign-Controlled Intersection;15;Intersection;01-09-01;0001-01-01T10:46:58-04:56;Motorist Drive Out - Sign-Controlled Intersection;112141;2008;C: Possible Injury;Residential;30-39;35;No;0-5 mph;O: No Injury;Black;Female;Passenger Car;No;No;Daylight;Urban (>70% Developed);2 lanes;2;Straight - Level;Local Street;Dry;Two-Way, Not Divided;None;No Special Feature;Smooth Asphalt;Coastal;Rural;5 - 15 MPH;No Control Present;Cloudy;No;0.0, 0.0
956;957;Yes;40-49;46;Yes;With Traffic;A: Disabling Injury;Travel Lane;White;Male;None - Rural Crash;Pitt;Yes;01-01-02;2008-12-09;Motorist Overtaking Bicyclist;17;Non-Intersection;01-12-01;0001-01-01T12:31:58-04:56;Motorist Overtaking - Other /;311239;2008;A: Disabling Injury;Farms, Woods, Pastures;30-39;34;No;46-50 mph;O: No Injury;Hispanic;Male;Sport Utility;No;Yes;Dark - Roadway Not Lighted;Rural (<30% Developed);2 lanes;2;Straight - Level;State Secondary Route;Dry;Two-Way, Not Divided;None;No Special Feature;Coarse Asphalt;Coastal;Rural;50 - 55  MPH;Missing;Cloudy;No;0.0, 0.0
958;959;Yes;16-19;17;No;With Traffic;O: No Injury;Travel Lane;White;Female;None - Rural Crash;Onslow;No;01-01-06;2008-12-13;Motorist Overtaking Bicyclist;19;Non-Intersection;01-12-01;0001-01-01T14:27:58-04:56;Motorist Overtaking - Other /;311239;2008;B: Evident Injury;Farms, Woods, Pastures;20-24;23;No;;B: Evident Injury;Black;Male;Pedalcycle;No;No;Dark - Roadway Not Lighted;Rural (<30% Developed);2 lanes;2;Straight - Level;US Route;Dry;Two-Way, Not Divided;None;No Special Feature;Coarse Asphalt;Coastal;Rural;;No Control Present;Clear;No;0.0, 0.0
980;981;Yes;15-Nov;15;No;With Traffic;B: Evident Injury;Sidewalk / Crosswalk / Driveway Crossing;Black;Female;Wilmington;New Hanover;No;01-01-03;2008-12-24;Motorist Left Turn / Merge;20;Intersection;01-12-01;0001-01-01T15:10:58-04:56;Motorist Left Turn - Opposite Direction;131212;2008;B: Evident Injury;Residential;60-69;60;No;0-5 mph;O: No Injury;Black;Male;Passenger Car;No;No;Dark - Lighted Roadway;Urban (>70% Developed);2 lanes;2;Straight - Level;Local Street;Dry;Two-Way, Not Divided;None;Four-Way Intersection;Smooth Asphalt;Coastal;Urban;20 - 25  MPH;Stop Sign;Clear;No;0.0, 0.0
982;983;Yes;16-19;19;No;With Traffic;A: Disabling Injury;Bike Lane / Paved Shoulder;White;Male;None - Rural Crash;Johnston;No;01-01-05;2008-12-26;Bicyclist Left Turn / Merge;18;Non-Intersection;01-12-01;0001-01-01T13:21:58-04:56;Bicyclist Left Turn - Same Direction;321221;2008;A: Disabling Injury;Farms, Woods, Pastures;30-39;35;No;51-55 mph;O: No Injury;White;Female;Passenger Car;No;No;Dark - Roadway Not Lighted;Rural (<30% Developed);2 lanes;2;Straight - Level;US Route;Wet;Two-Way, Not Divided;None;No Special Feature;Smooth Asphalt;Coastal;Rural;50 - 55  MPH;Double Yellow Line, No Passing Zone;Cloudy;No;0.0, 0.0
993;994;Yes;40-49;45;No;With Traffic;A: Disabling Injury;Travel Lane;Black;Male;Goldsboro;Wayne;No;01-01-07;2008-12-21;Motorist Overtaking Bicyclist;20;Non-Intersection;01-12-01;0001-01-01T15:08:58-04:56;Motorist Overtaking - Undetected Bicyclist;311231;2008;A: Disabling Injury;Residential;40-49;44;No;31-35 mph;O: No Injury;White;Male;Sport Utility;No;No;Dark - Roadway Not Lighted;Urban (>70% Developed);2 lanes;2;Straight - Level;Local Street;Dry;Two-Way, Not Divided;None;No Special Feature;Coarse Asphalt;Coastal;Urban;30 - 35  MPH;No Control Present;Clear;No;0.0, 0.0
998;999;Yes;15-Nov;13;No;With Traffic;B: Evident Injury;Travel Lane;Black;Male;Washington;Beaufort;No;01-01-04;2008-10-16;Bicyclist Left Turn / Merge;17;Non-Intersection;01-10-01;0001-01-01T12:18:58-04:56;Bicyclist Left Turn - Same Direction;311221;2008;B: Evident Injury;Commercial;30-39;30;No;;O: No Injury;White;Female;Passenger Car;No;No;Daylight;Urban (>70% Developed);4 lanes;2;Straight - Level;Local Street;Dry;Two-Way, Not Divided;None;No Special Feature;Coarse Asphalt;Coastal;Urban;30 - 35  MPH;No Control Present;Clear;No;0.0, 0.0
325;326;No;20-24;21;No;Not Applicable;O: No Injury;Sidewalk / Crosswalk / Driveway Crossing;Black;Male;Raleigh;Wake;No;01-01-04;2011-06-16;Non-Roadway;16;Non-Roadway;01-06-01;0001-01-01T11:14:58-04:56;Non-Roadway;430910;2011;O: No Injury;Commercial;;;Missing;0-5 mph;Injury;/Missing;;;No;Yes;Daylight;Urban (>70% Developed);2 lanes;2;Straight - Level;Local Street;Dry;Two-Way, Not Divided;None;No Special Feature;Smooth Asphalt;Piedmont;Urban;30 - 35  MPH;No Control Present;Clear;No;35.77413, -78.6375
330;331;Yes;30-39;36;No;Facing Traffic;C: Possible Injury;Sidewalk / Crosswalk / Driveway Crossing;Asian;Female;Cary;Wake;No;01-01-03;2011-06-01;Motorist Failed to Yield - Sign-Controlled Intersection;8;Intersection;01-06-01;0001-01-01T03:30:58-04:56;Motorist Drive Out - Sign-Controlled Intersection;132141;2011;C: Possible Injury;Commercial;30-39;34;No;0-5 mph;O: No Injury;White;Male;Passenger Car;No;No;Daylight;Urban (>70% Developed);3 lanes;2;Straight - Grade;Local Street;Dry;Two-Way, Not Divided;None;Four-Way Intersection;Smooth Asphalt;Piedmont;Urban;30 - 35  MPH;Stop And Go Signal;Clear;No;35.76179, -78.7834
336;337;No;10-Jun;10;No;With Traffic;B: Evident Injury;Travel Lane;Black;Male;None - Rural Crash;Iredell;No;01-01-07;2011-06-05;Motorist Overtaking Bicyclist;11;Non-Intersection;01-06-01;0001-01-01T06:24:58-04:56;Motorist Overtaking - Bicyclist Swerved;311235;2011;B: Evident Injury;Residential;20-24;23;No;6-10 mph;O: No Injury;Black;Male;Passenger Car;No;No;Daylight;Mixed (30% To 70% Developed);2 lanes;2;Straight - Grade;State Secondary Route;Dry;Two-Way, Not Divided;None;No Special Feature;Coarse Asphalt;Piedmont;Rural;30 - 35  MPH;No Control Present;Clear;No;35.77857, -80.8399
340;341;Yes;50-59;52;Yes;With Traffic;C: Possible Injury;Sidewalk / Crosswalk / Driveway Crossing;Black;Male;Salisbury;Rowan;Yes;01-01-02;2011-06-14;Parallel Paths - Other Circumstances;17;Non-Intersection;01-06-01;0001-01-01T12:53:58-04:56;Bicyclist Ride Out - Parallel Path;331225;2011;C: Possible Injury;Residential;25-29;26;No;16-20 mph;O: No Injury;White;Female;Passenger Car;No;No;Daylight;Urban (>70% Developed);2 lanes;2;Straight - Level;.;Dry;Two-Way, Divided, Unprotected Median;None;No Special Feature;Smooth Asphalt;Piedmont;Urban;30 - 35  MPH;No Control Present;Clear;No;35.6601, -80.4802
355;356;No;20-24;23;No;Not Applicable;O: No Injury;Non-Roadway;Black;Male;Durham;Durham;No;;2011-06-27;Non-Roadway;21;Non-Roadway;01-06-01;0001-01-01T16:23:58-04:56;Non-Roadway;460910;2011;O: No Injury;Residential;30-39;34;No;0-5 mph;O: No Injury;White;Male;Police;No;No;Dark - Lighted Roadway;Urban (>70% Developed);;2;Straight - Level;Public Vehicular Area;Dry;;None;Other;Other;Piedmont;Urban;5 - 15 MPH;No Control Present;Clear;No;35.99259, -78.8819
363;364;No;50-59;57;No;With Traffic;A: Disabling Injury;Travel Lane;White;Male;Madison;Rockingham;No;;2011-05-16;Bicyclist Failed to Yield - Signalized Intersection;16;Intersection;01-05-01;0001-01-01T11:28:58-04:56;Bicyclist Ride Through - Signalized Intersection;111155;2011;A: Disabling Injury;Commercial;40-49;47;No;11-15 mph;O: No Injury;White;Male;Pickup;No;No;Daylight;Rural (<30% Developed);2 lanes;2;Straight - Level;Local Street;Dry;Two-Way, Not Divided;None;Four-Way Intersection;Smooth Asphalt;Piedmont;Rural;20 - 25  MPH;Stop And Go Signal;Clear;No;36.38753, -79.9596
365;366;Yes;30-39;34;No;With Traffic;B: Evident Injury;Travel Lane;White;Male;Jacksonville;Onslow;No;01-01-05;2011-05-27;Bicyclist Left Turn / Merge;8;Intersection-Related;01-05-01;0001-01-01T03:37:58-04:56;Bicyclist Left Turn - Same Direction;211221;2011;B: Evident Injury;Commercial;40-49;48;No;31-35 mph;O: No Injury;White;Male;Truck/Trailer;No;No;Daylight;Urban (>70% Developed);1 lane;2;Straight - Level;US Route;Dry;One-Way, Not Divided;None;Y-Intersection;Smooth Asphalt;Coastal;Urban;40 - 45  MPH;No Control Present;Clear;No;34.7523, -77.4496
368;369;No;30-39;32;No;Facing Traffic;C: Possible Injury;Travel Lane;White;Female;Wilmington;New Hanover;No;01-01-03;2011-06-15;Motorist Failed to Yield - Sign-Controlled Intersection;17;Intersection;01-06-01;0001-01-01T12:03:58-04:56;Motorist Drive Out - Sign-Controlled Intersection;112141;2011;C: Possible Injury;Commercial;40-49;47;No;0-5 mph;O: No Injury;White;Female;Sport Utility;No;No;Daylight;Urban (>70% Developed);2 lanes;2;Straight - Grade;Local Street;Dry;Two-Way, Not Divided;None;T-Intersection;Coarse Asphalt;Coastal;Urban;20 - 25  MPH;Stop Sign;Clear;No;34.19453, -77.9131
376;377;Yes;16-19;17;No;With Traffic;C: Possible Injury;Travel Lane;Black;Male;None - Rural Crash;Scotland;No;01-01-06;2011-07-02;Motorist Overtaking Bicyclist;1;Non-Intersection;01-07-01;0000-12-31T20:28:58-04:56;Motorist Overtaking - Bicyclist Swerved;311235;2011;C: Possible Injury;Farms, Woods, Pastures;70+;;No;46-50 mph;O: No Injury;Black;Male;Passenger Car;No;No;Dark - Roadway Not Lighted;Rural (<30% Developed);2 lanes;2;Straight - Level;US Route;Dry;Two-Way, Not Divided;None;No Special Feature;Smooth Asphalt;Coastal;Rural;50 - 55  MPH;No Control Present;Clear;No;34.71653, -79.5138
377;378;Yes;16-19;18;No;Facing Traffic;Injury;Sidewalk / Crosswalk / Driveway Crossing;Black;Male;Charlotte;Mecklenburg;No;01-01-06;2011-06-11;Loss of Control / Turning Error;13;Intersection;01-06-01;0001-01-01T09:00:58-04:56;Bicyclist Lost Control - Oversteering, Improper Braking, Speed;132122;2011;O: No Injury;Commercial;40-49;46;No;0-5 mph;O: No Injury;White;Male;Pickup;No;No;Daylight;Urban (>70% Developed);2 lanes;2;Straight - Level;Local Street;Dry;Two-Way, Not Divided;None;No Special Feature;Coarse Asphalt;Piedmont;Urban;30 - 35  MPH;Stop Sign;Clear;No;35.24871, -80.7542
381;382;Yes;30-39;31;Yes;With Traffic;B: Evident Injury;Travel Lane;White;Male;Raleigh;Wake;Yes;01-01-06;2011-07-02;Motorist Left Turn / Merge;23;Intersection;01-07-01;0001-01-01T18:12:58-04:56;Motorist Left Turn - Opposite Direction;111212;2011;B: Evident Injury;Industrial;20-24;21;No;6-10 mph;O: No Injury;Hispanic;Male;Passenger Car;No;No;Dark - Lighted Roadway;Urban (>70% Developed);6 lanes;2;Straight - Level;Local Street;Dry;Two-Way, Not Divided;None;Four-Way Intersection;Smooth Asphalt;Piedmont;Urban;30 - 35  MPH;Stop And Go Signal;Clear;No;35.7805, -78.6417
385;386;Yes;16-19;16;No;Not Applicable;K: Killed;Travel Lane;White;Male;Monroe;Union;No;01-01-03;2011-06-15;Bicyclist Failed to Yield - Midblock;12;Non-Intersection;01-06-01;0001-01-01T08:02:58-04:56;Multiple Threat - Midblock;313357;2011;K: Killed;Commercial;0-19;18;No;36-40 mph;O: No Injury;White;Female;Passenger Car;No;No;Daylight;Urban (>70% Developed);6 lanes;2;Straight - Level;US Route;Dry;Two-Way, Divided, Unprotected Median;None;Non-Intersection Median Crossing;Smooth Asphalt;Piedmont;Urban;40 - 45  MPH;No Control Present;Clear;No;35.00959, -80.5629