FID;OBJECTID;AmbulanceR;BikeAge_Gr;Bike_Age;Bike_Alc_D;Bike_Dir;Bike_Injur;Bike_Pos;Bike_Race;Bike_Sex;City;County;CrashAlcoh;CrashDay;Crash_Date;Crash_Grp;Crash_Hour;Crash_Loc;Crash_Mont;Crash_Time;Crash_Type;Crash_Ty_1;Crash_Year;Crsh_Sevri;Developmen;DrvrAge_Gr;Drvr_Age;Drvr_Alc_D;Drvr_EstSp;Drvr_Injur;Drvr_Race;Drvr_Sex;Drvr_VehTy;ExcsSpdInd;Hit_Run;Light_Cond;Locality;Num_Lanes;Num_Units;Rd_Charact;Rd_Class;Rd_Conditi;Rd_Config;Rd_Defects;Rd_Feature;Rd_Surface;Region;Rural_Urba;Speed_Limi;Traff_Cntr;Weather;Workzone_I;Location
404;405;Yes;10-Jun;6;No;With Traffic;B: Evident Injury;Travel Lane;Black;Female;Rocky Mount;Nash;No;01-01-03;2011-05-18;Bicyclist Failed to Yield - Sign-Controlled Intersection;16;Intersection;01-05-01;0001-01-01T11:11:58-04:56;Bicyclist Ride Through - Sign-Controlled Intersection;111144;2011;B: Evident Injury;Residential;0-19;19;No;6-10 mph;O: No Injury;Black;Female;Sport Utility;No;No;Daylight;Urban (>70% Developed);2 lanes;2;Straight - Level;Local Street;Dry;Two-Way, Not Divided;None;No Special Feature;Smooth Asphalt;Coastal;Urban;5 - 15 MPH;Stop Sign;Clear;No;35.96809, -77.8866
411;412;Yes;16-19;19;No;With Traffic;O: No Injury;Travel Lane;Black;Male;None - Rural Crash;Wake;No;01-01-07;2011-07-10;Bicyclist Left Turn / Merge;17;Non-Intersection;01-07-01;0001-01-01T12:49:58-04:56;Bicyclist Left Turn - Same Direction;311221;2011;O: No Injury;Residential;30-39;39;No;41-45 mph;O: No Injury;Black;Female;Passenger Car;No;No;Daylight;Mixed (30% To 70% Developed);3 lanes;2;Straight - Level;State Secondary Route;Dry;Two-Way, Not Divided;None;No Special Feature;Smooth Asphalt;Piedmont;Rural;40 - 45  MPH;No Control Present;Clear;No;35.74761, -78.5915
421;422;Yes;15-Nov;13;No;Not Applicable;C: Possible Injury;Driveway / Alley;White;Male;Roanoke Rapids;Halifax;No;;2011-06-27;Loss of Control / Turning Error;20;Intersection-Related;01-06-01;0001-01-01T15:12:58-04:56;Bicyclist Lost Control - Mechanical Problems;253121;2011;C: Possible Injury;Residential;40-49;41;No;11-15 mph;Injury;White;Male;Sport Utility;No;No;Daylight;Urban (>70% Developed);2 lanes;2;Straight - Level;Local Street;Dry;Two-Way, Not Divided;None;No Special Feature;Smooth Asphalt;Coastal;Urban;20 - 25  MPH;No Control Present;Clear;No;36.47029, -77.6467
474;475;Yes;25-29;26;No;With Traffic;C: Possible Injury;Sidewalk / Crosswalk / Driveway Crossing;Black;Male;Goldsboro;Wayne;No;01-01-03;2011-07-13;Motorist Failed to Yield - Midblock;17;Non-Intersection;01-07-01;0001-01-01T12:31:58-04:56;Motorist Drive Out - Commercial Driveway / Alley;331322;2011;C: Possible Injury;Residential;60-69;62;No;;O: No Injury;White;Female;Pickup;No;No;Daylight;Urban (>70% Developed);2 lanes;2;Straight - Level;Local Street;Dry;Two-Way, Not Divided;None;No Special Feature;Coarse Asphalt;Coastal;Urban;;No Control Present;Clear;No;35.38162, -77.9862
475;476;Yes;50-59;50;No;Facing Traffic;B: Evident Injury;Travel Lane;Black;Male;None - Rural Crash;Johnston;No;;2011-08-01;Head-On;21;Non-Intersection;01-08-01;0001-01-01T16:58:58-04:56;Head-On - Bicyclist;312250;2011;B: Evident Injury;Farms, Woods, Pastures;50-59;57;No;41-45 mph;O: No Injury;White;Male;Van;No;No;Dark - Roadway Not Lighted;Rural (<30% Developed);2 lanes;2;Curve - Level;NC Route;Dry;Two-Way, Not Divided;None;No Special Feature;Coarse Asphalt;Coastal;Rural;50 - 55  MPH;Double Yellow Line, No Passing Zone;Clear;No;35.31495, -78.4577
479;480;No;50-59;51;No;With Traffic;B: Evident Injury;Travel Lane;White;Male;Cary;Wake;No;;2011-07-18;Motorist Right Turn / Merge;7;Intersection;01-07-01;0001-01-01T02:41:58-04:56;Motorist Right Turn - Same Direction;111213;2011;B: Evident Injury;Residential;40-49;41;No;6-10 mph;O: No Injury;White;Male;Passenger Car;No;No;Daylight;Urban (>70% Developed);2 lanes;2;Straight - Level;Local Street;Dry;Two-Way, Not Divided;None;Four-Way Intersection;Coarse Asphalt;Piedmont;Urban;20 - 25  MPH;Stop Sign;Clear;No;35.803, -78.7868
484;485;Yes;30-39;31;No;With Traffic;A: Disabling Injury;Travel Lane;White;Male;Charlotte;Mecklenburg;Yes;01-01-04;2011-07-07;Motorist Overtaking Bicyclist;21;Non-Intersection;01-07-01;0001-01-01T16:08:58-04:56;Motorist Overtaking - Misjudged Space;311232;2011;A: Disabling Injury;Commercial;40-49;42;Yes;0-5 mph;O: No Injury;Black;Male;Sport Utility;No;Yes;Dark - Lighted Roadway;Urban (>70% Developed);6 lanes;2;Straight - Level;State Secondary Route;Wet;Two-Way, Divided, Positive Median Barrier;None;No Special Feature;Smooth Asphalt;Piedmont;Urban;40 - 45  MPH;No Control Present;Rain;No;35.22407, -80.8861
488;489;No;15-Nov;13;No;With Traffic;C: Possible Injury;Travel Lane;Black;Male;Charlotte;Mecklenburg;No;;2011-07-25;Loss of Control / Turning Error;15;Intersection;01-07-01;0001-01-01T10:44:58-04:56;Bicyclist Lost Control - Oversteering, Improper Braking, Speed;111122;2011;C: Possible Injury;Residential;30-39;37;No;6-10 mph;C: Possible Injury;White;Female;Passenger Car;No;No;Daylight;Mixed (30% To 70% Developed);2 lanes;2;Straight - Level;Local Street;Dry;Two-Way, Not Divided;None;No Special Feature;Smooth Asphalt;Piedmont;Urban;5 - 15 MPH;No Control Present;Cloudy;No;35.22709, -80.8431
489;490;No;40-49;48;No;Facing Traffic;C: Possible Injury;Sidewalk / Crosswalk / Driveway Crossing;Black;Male;Winston-Salem;Forsyth;No;01-01-04;2011-07-21;Motorist Failed to Yield - Midblock;12;Non-Intersection;01-07-01;0001-01-01T07:25:58-04:56;Motorist Drive Out - Commercial Driveway / Alley;332322;2011;C: Possible Injury;Commercial;20-24;22;No;0-5 mph;O: No Injury;White;Female;Pickup;No;No;Daylight;Urban (>70% Developed);;2;Straight - Level;Local Street;Dry;Two-Way, Not Divided;None;Driveway, Public;Smooth Asphalt;Piedmont;Urban;;No Control Present;Clear;No;36.08252, -80.2576
494;495;Yes;25-29;29;No;With Traffic;C: Possible Injury;Travel Lane;White;Male;Raleigh;Wake;No;01-01-03;2011-08-03;Motorist Left Turn / Merge;16;Intersection;01-08-01;0001-01-01T11:34:58-04:56;Motorist Left Turn - Opposite Direction;111212;2011;C: Possible Injury;Residential;20-24;21;No;16-20 mph;O: No Injury;White;Female;Passenger Car;No;No;Daylight;Urban (>70% Developed);2 lanes;2;Straight - Grade;Local Street;Dry;Two-Way, Not Divided;None;Four-Way Intersection;Smooth Asphalt;Piedmont;Urban;30 - 35  MPH;No Control Present;Clear;No;35.79312, -78.673
514;515;No;15-Nov;13;No;Facing Traffic;Injury;Travel Lane;White;Male;Grimesland;Pitt;No;01-01-02;2011-08-09;Motorist Failed to Yield - Sign-Controlled Intersection;11;Intersection;01-08-01;0001-01-01T07:00:58-04:56;Motorist Drive Out - Sign-Controlled Intersection;112141;2011;O: No Injury;Residential;30-39;33;No;0-5 mph;O: No Injury;Black;Female;Passenger Car;No;No;Daylight;Rural (<30% Developed);2 lanes;2;Straight - Level;Local Street;Dry;Two-Way, Not Divided;None;T-Intersection;Concrete;Coastal;Rural;30 - 35  MPH;Warning Sign;Clear;No;35.56508, -77.1955
522;523;No;16-19;17;No;Facing Traffic;B: Evident Injury;Multi-use Path;White;Male;Duck;Dare;No;01-01-07;2011-07-31;Motorist Failed to Yield - Midblock;10;Non-Intersection;01-07-01;0001-01-01T05:26:58-04:56;Motorist Drive Out - Commercial Driveway / Alley;342322;2011;B: Evident Injury;Commercial;30-39;37;No;;O: No Injury;White;Female;Sport Utility;No;No;Daylight;Urban (>70% Developed);2 lanes;2;Straight - Grade;NC Route;Dry;Two-Way, Divided, Unprotected Median;None;Driveway, Public;Coarse Asphalt;Coastal;Rural;;No Control Present;Clear;No;36.16579, -75.7533
524;525;No;50-59;51;No;Facing Traffic;B: Evident Injury;Sidewalk / Crosswalk / Driveway Crossing;White;Female;Jacksonville;Onslow;No;01-01-07;2011-07-31;Motorist Failed to Yield - Midblock;11;Non-Intersection;01-07-01;0001-01-01T06:54:58-04:56;Motorist Drive Out - Commercial Driveway / Alley;332322;2011;B: Evident Injury;Commercial;;;Missing;0-5 mph;Injury;/Missing;;;No;Yes;Daylight;Urban (>70% Developed);1 lane;2;Straight - Level;Public Vehicular Area;Dry;Two-Way, Not Divided;None;Driveway, Public;Smooth Asphalt;Coastal;Urban;;No Control Present;Clear;No;34.76026, -77.4158
530;531;Yes;15-Nov;13;No;;C: Possible Injury;Travel Lane;Black;Female;Durham;Durham;No;01-01-03;2011-08-17;Head-On;2;Non-Intersection;01-08-01;0000-12-31T21:43:58-04:56;Head-On -;319259;2011;C: Possible Injury;Residential;;;Missing;21-25 mph;Injury;/Missing;;Passenger Car;No;Yes;Dark - Roadway Not Lighted;Mixed (30% To 70% Developed);2 lanes;2;Curve - Grade;Private Road, Driveway;Dry;Two-Way, Not Divided;None;No Special Feature;Coarse Asphalt;Piedmont;Urban;20 - 25  MPH;No Control Present;Clear;No;35.98433, -78.9049
537;538;No;16-19;17;No;With Traffic;C: Possible Injury;Sidewalk / Crosswalk / Driveway Crossing;Black;Male;Carrboro;Orange;No;01-01-06;2011-08-13;Motorist Failed to Yield - Midblock;13;Non-Intersection;01-08-01;0001-01-01T08:20:58-04:56;Motorist Drive Out - Commercial Driveway / Alley;331322;2011;C: Possible Injury;Commercial;;;No;0-5 mph;Injury;/Missing;;;No;Yes;Daylight;Urban (>70% Developed);4 lanes;2;Straight - Level;NC Route;Wet;Two-Way, Divided, Unprotected Median;None;No Special Feature;Smooth Asphalt;Piedmont;Urban;30 - 35  MPH;Double Yellow Line, No Passing Zone;Cloudy;No;35.94748, -79.0587
564;565;No;15-Nov;14;No;With Traffic;C: Possible Injury;Travel Lane;Black;Male;Hamlet;Richmond;No;01-01-02;2011-08-16;Bicyclist Failed to Yield - Sign-Controlled Intersection;16;Intersection;01-08-01;0001-01-01T11:31:58-04:56;Bicyclist Ride Through - Sign-Controlled Intersection;111144;2011;C: Possible Injury;Commercial;0-19;19;No;31-35 mph;O: No Injury;Black;Male;Sport Utility;No;No;Daylight;Mixed (30% To 70% Developed);2 lanes;2;Straight - Hillcrest;Local Street;Dry;Two-Way, Not Divided;None;No Special Feature;Coarse Asphalt;Piedmont;Urban;30 - 35  MPH;Stop Sign;Clear;No;34.88593, -79.6985
565;566;Yes;15-Nov;15;No;Facing Traffic;C: Possible Injury;Multi-use Path;White;Female;Duck;Dare;No;01-01-07;2011-08-21;Motorist Failed to Yield - Sign-Controlled Intersection;12;Intersection;01-08-01;0001-01-01T07:33:58-04:56;Motorist Drive Out - Sign-Controlled Intersection;142141;2011;C: Possible Injury;Commercial;0-19;18;No;0-5 mph;O: No Injury;White;Male;Passenger Car;No;No;Daylight;Urban (>70% Developed);3 lanes;2;Straight - Level;NC Route;Dry;Two-Way, Divided, Unprotected Median;None;T-Intersection;Coarse Asphalt;Coastal;Rural;20 - 25  MPH;Stop Sign;Clear;No;36.16388, -75.7528
575;576;Yes;16-19;18;No;Facing Traffic;B: Evident Injury;Travel Lane;White;Male;None - Rural Crash;Brunswick;No;;2011-08-22;Head-On;15;Non-Intersection;01-08-01;0001-01-01T10:28:58-04:56;Head-On - Bicyclist;312250;2011;B: Evident Injury;Farms, Woods, Pastures;25-29;29;No;41-45 mph;O: No Injury;White;Female;Sport Utility;No;No;Daylight;Rural (<30% Developed);2 lanes;2;Straight - Level;State Secondary Route;Wet;Two-Way, Not Divided;None;No Special Feature;Coarse Asphalt;Coastal;Rural;40 - 45  MPH;No Control Present;Rain;No;33.94205, -78.3512
579;580;Yes;60-69;61;No;With Traffic;B: Evident Injury;Travel Lane;White;Male;Fayetteville;Cumberland;No;01-01-04;2011-09-01;Motorist Overtaking Bicyclist;7;Intersection-Related;01-09-01;0001-01-01T02:26:58-04:56;Motorist Overtaking - Undetected Bicyclist;211231;2011;B: Evident Injury;Residential;30-39;31;No;21-25 mph;O: No Injury;Asian;Female;Passenger Car;No;No;Daylight;Urban (>70% Developed);2 lanes;2;Straight - Level;Local Street;Dry;Two-Way, Not Divided;None;No Special Feature;Smooth Asphalt;Coastal;Urban;20 - 25  MPH;No Control Present;Clear;No;35.04541, -78.9602
583;584;No;40-49;43;No;Facing Traffic;C: Possible Injury;Sidewalk / Crosswalk / Driveway Crossing;Black;Male;Charlotte;Mecklenburg;No;01-01-06;2011-08-27;Loss of Control / Turning Error;17;Intersection;01-08-01;0001-01-01T12:46:58-04:56;Motorist Turning Error - Right Turn;132112;2011;C: Possible Injury;Commercial;50-59;54;No;0-5 mph;O: No Injury;White;Male;Van;No;No;Daylight;Mixed (30% To 70% Developed);4 lanes;2;Straight - Level;Local Street;Dry;Two-Way, Not Divided;None;No Special Feature;Smooth Asphalt;Piedmont;Urban;40 - 45  MPH;Stop And Go Signal;Clear;No;35.16962, -80.9047
585;586;Yes;40-49;40;No;Not Applicable;C: Possible Injury;Non-Roadway;White;Male;None - Rural Crash;Brunswick;No;;2011-08-29;Non-Roadway;2;Non-Roadway;01-08-01;0000-12-31T21:05:58-04:56;Non-Roadway;460910;2011;C: Possible Injury;Residential;60-69;61;No;0-5 mph;O: No Injury;White;Male;Pickup;No;No;Dark - Roadway Not Lighted;Mixed (30% To 70% Developed);2 lanes;2;Straight - Level;Public Vehicular Area;Dry;Two-Way, Divided, Unprotected Median;None;Driveway, Private;Coarse Asphalt;Coastal;Rural;;No Control Present;Clear;No;33.94721, -78.5758
592;593;Yes;16-19;19;No;With Traffic;B: Evident Injury;Travel Lane;White;Female;Raleigh;Wake;No;01-01-02;2011-08-30;Motorist Right Turn / Merge;11;Non-Intersection;01-08-01;0001-01-01T06:48:58-04:56;Motorist Right Turn - Same Direction;311213;2011;B: Evident Injury;Institutional;0-19;19;No;11-15 mph;O: No Injury;White;Female;Passenger Car;No;No;Daylight;Urban (>70% Developed);2 lanes;2;Straight - Level;Local Street;Dry;Two-Way, Not Divided;None;Driveway, Public;Coarse Asphalt;Piedmont;Urban;20 - 25  MPH;No Control Present;Clear;No;35.78515, -78.6756
597;598;No;50-59;57;No;With Traffic;B: Evident Injury;Travel Lane;White;Male;None - Rural Crash;Orange;No;01-01-03;2011-09-07;Bicyclist Left Turn / Merge;19;Non-Intersection;01-09-01;0001-01-01T14:08:58-04:56;Bicyclist Left Turn - Same Direction;311221;2011;B: Evident Injury;Farms, Woods, Pastures;50-59;59;No;31-35 mph;O: No Injury;Black;Male;Passenger Car;No;No;Daylight;Rural (<30% Developed);2 lanes;2;Straight - Hillcrest;State Secondary Route;Dry;Two-Way, Not Divided;None;Driveway, Private;Smooth Asphalt;Piedmont;Rural;30 - 35  MPH;Double Yellow Line, No Passing Zone;Clear;No;36.0523, -79.1323
599;600;Yes;25-29;29;No;With Traffic;B: Evident Injury;Travel Lane;White;Male;Winston-Salem;Forsyth;No;;2011-08-29;Motorist Left Turn / Merge;22;Intersection-Related;01-08-01;0001-01-01T17:42:58-04:56;Motorist Left Turn - Opposite Direction;211212;2011;B: Evident Injury;Commercial;40-49;46;No;6-10 mph;O: No Injury;Black;Male;Sport Utility;No;No;Dark - Lighted Roadway;Urban (>70% Developed);4 lanes;2;Straight - Level;Local Street;Dry;Two-Way, Not Divided;None;No Special Feature;Coarse Asphalt;Piedmont;Urban;30 - 35  MPH;No Control Present;Clear;No;36.09261, -80.2651
606;607;No;70+;;No;With Traffic;O: No Injury;Travel Lane;White;Male;Fayetteville;Cumberland;No;01-01-02;2011-08-30;Motorist Overtaking Bicyclist;19;Non-Intersection;01-08-01;0001-01-01T14:51:58-04:56;Motorist Overtaking - Other /;311239;2011;O: No Injury;Commercial;40-49;41;No;6-10 mph;O: No Injury;Native American;Female;Passenger Car;No;No;Dusk;Urban (>70% Developed);5 lanes;2;Straight - Level;Local Street;Dry;Two-Way, Not Divided;None;No Special Feature;Coarse Asphalt;Coastal;Urban;40 - 45  MPH;No Control Present;Clear;No;35.04103, -78.9342
608;609;Yes;60-69;64;No;With Traffic;C: Possible Injury;Travel Lane;White;Male;None - Rural Crash;Onslow;No;01-01-03;2011-09-07;Bicyclist Left Turn / Merge;15;Non-Intersection;01-09-01;0001-01-01T10:14:58-04:56;Bicyclist Left Turn - Same Direction;311221;2011;C: Possible Injury;Farms, Woods, Pastures;70+;;No;31-35 mph;O: No Injury;White;Female;Passenger Car;No;No;Daylight;Rural (<30% Developed);2 lanes;2;Straight - Level;NC Route;Dry;Two-Way, Not Divided;None;No Special Feature;Coarse Asphalt;Coastal;Rural;40 - 45  MPH;Double Yellow Line, No Passing Zone;Cloudy;No;34.54958, -77.4328
711;712;No;16-19;16;No;With Traffic;C: Possible Injury;Travel Lane;White;Male;None - Rural Crash;Rockingham;No;;2011-10-17;Motorist Overtaking Bicyclist;18;Non-Intersection;01-10-01;0001-01-01T13:03:58-04:56;Motorist Overtaking - Misjudged Space;311232;2011;C: Possible Injury;Farms, Woods, Pastures;;;No;51-55 mph;Injury;/Missing;;Passenger Car;No;Yes;Daylight;Rural (<30% Developed);2 lanes;2;Straight - Grade;NC Route;Dry;Two-Way, Not Divided;None;No Special Feature;Smooth Asphalt;Piedmont;Rural;50 - 55  MPH;No Control Present;Clear;No;36.46988, -79.9592
712;713;Yes;20-24;20;No;With Traffic;C: Possible Injury;Sidewalk / Crosswalk / Driveway Crossing;White;Female;Wilmington;New Hanover;No;01-01-05;2011-10-07;Bicyclist Failed to Yield - Signalized Intersection;13;Intersection;01-10-01;0001-01-01T08:50:58-04:56;Bicyclist Ride Out - Signalized  Intersection;131153;2011;C: Possible Injury;Commercial;60-69;64;No;11-15 mph;O: No Injury;White;Male;Passenger Car;No;No;Daylight;Urban (>70% Developed);2 lanes;2;Straight - Level;Local Street;Dry;Two-Way, Not Divided;None;No Special Feature;Coarse Asphalt;Coastal;Urban;30 - 35  MPH;Stop And Go Signal;Clear;No;34.23715, -77.8676
713;714;Yes;30-39;31;No;With Traffic;B: Evident Injury;Travel Lane;Black;Female;Wilmington;New Hanover;No;01-01-05;2011-10-07;Parallel Paths - Other Circumstances;23;Intersection;01-10-01;0001-01-01T18:41:58-04:56;Parallel Paths - Other /;111280;2011;B: Evident Injury;Residential;;;Missing;11-15 mph;Injury;/Missing;;;No;Yes;Dark - Lighted Roadway;Urban (>70% Developed);2 lanes;2;Straight - Level;Local Street;Dry;Two-Way, Not Divided;None;No Special Feature;Smooth Asphalt;Coastal;Urban;20 - 25  MPH;Stop Sign;Clear;No;34.23514, -77.9366
723;724;Yes;50-59;59;No;Facing Traffic;C: Possible Injury;Sidewalk / Crosswalk / Driveway Crossing;Black;Male;Benson;Johnston;No;01-01-07;2011-05-15;Motorist Failed to Yield - Midblock;15;Non-Intersection;01-05-01;0001-01-01T10:58:58-04:56;Motorist Drive Out - Commercial Driveway / Alley;332322;2011;C: Possible Injury;Commercial;20-24;20;No;6-10 mph;O: No Injury;Hispanic;Female;Pickup;No;No;Daylight;Urban (>70% Developed);4 lanes;2;Straight - Level;Local Street;Dry;Two-Way, Divided, Unprotected Median;None;T-Intersection;Smooth Asphalt;Coastal;Rural;30 - 35  MPH;Stop And Go Signal;Clear;No;35.37787, -78.542
724;725;Yes;15-Nov;11;No;With Traffic;B: Evident Injury;Travel Lane;White;Male;Winston-Salem;Forsyth;Yes;01-01-02;2011-10-04;Loss of Control / Turning Error;14;Intersection;01-10-01;0001-01-01T10:00:58-04:56;Bicyclist Turning Error - Right Turn;111115;2011;B: Evident Injury;Residential;40-49;44;Yes;;O: No Injury;Black;Male;Sport Utility;No;No;Daylight;Urban (>70% Developed);2 lanes;2;Straight - Grade;Local Street;Dry;Two-Way, Not Divided;None;Related To Intersection;Smooth Asphalt;Piedmont;Urban;5 - 15 MPH;Stop Sign;Clear;No;36.1785, -80.2827
726;727;Yes;30-39;30;No;With Traffic;B: Evident Injury;Travel Lane;White;Male;None - Rural Crash;Carteret;No;01-01-07;2011-10-23;Motorist Overtaking Bicyclist;21;Non-Intersection;01-10-01;0001-01-01T16:33:58-04:56;Motorist Overtaking - Other /;311239;2011;B: Evident Injury;Residential;60-69;68;No;31-35 mph;O: No Injury;White;Male;Sport Utility;No;No;Dark - Roadway Not Lighted;Rural (<30% Developed);2 lanes;2;Curve - Level;NC Route;Dry;Two-Way, Not Divided;None;No Special Feature;Smooth Asphalt;Coastal;Rural;50 - 55  MPH;Double Yellow Line, No Passing Zone;Clear;No;34.74952, -76.6512
741;742;Yes;50-59;58;No;Facing Traffic;C: Possible Injury;Travel Lane;White;Male;Rocky Mount;Nash;No;01-01-06;2011-10-15;Bicyclist Failed to Yield - Signalized Intersection;11;Intersection;01-10-01;0001-01-01T06:12:58-04:56;Bicyclist Ride Out - Signalized  Intersection;112153;2011;C: Possible Injury;Commercial;25-29;29;No;11-15 mph;O: No Injury;White;Female;Passenger Car;No;No;Daylight;Urban (>70% Developed);3 lanes;2;Straight - Level;Local Street;Dry;One-Way, Not Divided;None;Four-Way Intersection;Smooth Asphalt;Coastal;Urban;20 - 25  MPH;Stop And Go Signal;Clear;No;35.94464, -77.7962
745;746;Yes;70+;;No;With Traffic;A: Disabling Injury;Travel Lane;White;Male;None - Rural Crash;Moore;No;01-01-02;2011-10-25;Motorist Overtaking Bicyclist;10;Non-Intersection;01-10-01;0001-01-01T05:55:58-04:56;Motorist Overtaking - Other /;311239;2011;A: Disabling Injury;Farms, Woods, Pastures;70+;;No;41-45 mph;O: No Injury;White;Male;Van;No;No;Daylight;Rural (<30% Developed);2 lanes;2;Straight - Level;State Secondary Route;Dry;Two-Way, Not Divided;None;No Special Feature;Smooth Asphalt;Piedmont;Rural;50 - 55  MPH;No Control Present;Clear;No;35.21363, -79.3777
757;758;No;50-59;57;No;With Traffic;C: Possible Injury;Travel Lane;Black;Male;Rocky Mount;Nash;No;01-01-07;2011-09-11;Motorist Failed to Yield - Sign-Controlled Intersection;15;Intersection;01-09-01;0001-01-01T10:40:58-04:56;Motorist Drive Through - Sign-Controlled Intersection;111143;2011;C: Possible Injury;Residential;70+;;No;6-10 mph;O: No Injury;Black;Female;Passenger Car;No;No;Daylight;Urban (>70% Developed);2 lanes;2;Straight - Level;Local Street;Dry;Two-Way, Divided, Unprotected Median;None;No Special Feature;Coarse Asphalt;Coastal;Urban;20 - 25  MPH;Stop Sign;Clear;No;35.94543, -77.7992
762;763;No;25-29;26;No;With Traffic;O: No Injury;Travel Lane;White;Female;Durham;Durham;No;01-01-02;2011-11-01;Motorist Failed to Yield - Signalized Intersection;21;Intersection;01-11-01;0001-01-01T16:28:58-04:56;Motorist Drive Out - Right Turn on Red;111151;2011;O: No Injury;Commercial;;;Missing;0-5 mph;Injury;/Missing;;Passenger Car;No;Yes;Daylight;Urban (>70% Developed);2 lanes;2;Straight - Level;Local Street;Wet;Two-Way, Not Divided;None;Four-Way Intersection;Smooth Asphalt;Piedmont;Urban;30 - 35  MPH;Stop And Go Signal;Rain;No;35.99698, -78.9103
765;766;Yes;0-5;4;No;With Traffic;B: Evident Injury;Travel Lane;Black;Male;Gastonia;Gaston;No;01-01-07;2011-10-23;Bicyclist Failed to Yield - Sign-Controlled Intersection;16;Intersection;01-10-01;0001-01-01T11:26:58-04:56;Bicyclist Ride Through - Sign-Controlled Intersection;111144;2011;B: Evident Injury;Residential;50-59;51;No;31-35 mph;O: No Injury;White;Male;Sport Utility;No;No;Daylight;Urban (>70% Developed);2 lanes;2;Straight - Grade;Local Street;Dry;Two-Way, Not Divided;None;T-Intersection;Smooth Asphalt;Piedmont;Urban;30 - 35  MPH;Stop Sign;Clear;No;35.27127, -81.1821
777;778;Yes;20-24;24;No;Facing Traffic;C: Possible Injury;Travel Lane;Black;Male;Charlotte;Mecklenburg;No;01-01-03;2011-10-26;Loss of Control / Turning Error;22;Non-Intersection;01-10-01;0001-01-01T17:41:58-04:56;Motorist Turning Error - Right Turn;312112;2011;C: Possible Injury;Residential;;;Missing;16-20 mph;Injury;/Missing;;;No;Yes;Dark - Lighted Roadway;Urban (>70% Developed);6 lanes;2;Straight - Level;Local Street;Dry;Two-Way, Divided, Unprotected Median;None;No Special Feature;Smooth Asphalt;Piedmont;Urban;30 - 35  MPH;No Control Present;Clear;No;35.21393, -80.7713
782;783;Yes;40-49;43;No;With Traffic;B: Evident Injury;Travel Lane;White;Male;Hendersonville;Henderson;No;01-01-03;2011-10-05;Motorist Overtaking Bicyclist;7;Non-Intersection;01-10-01;0001-01-01T02:58:58-04:56;Motorist Overtaking - Other /;311239;2011;B: Evident Injury;Commercial;25-29;25;No;21-25 mph;O: No Injury;White;Female;Sport Utility;No;No;Daylight;Urban (>70% Developed);5 lanes;2;Straight - Hillcrest;US Route;Dry;Two-Way, Not Divided;None;Bridge Approach;Coarse Asphalt;Mountains;Urban;30 - 35  MPH;No Control Present;Clear;No;35.30582, -82.4483
790;791;No;;;Missing;Facing Traffic;Injury;Travel Lane;/Missing;;Raleigh;Wake;No;;2011-11-14;Bicyclist Failed to Yield - Signalized Intersection;14;Intersection;01-11-01;0001-01-01T09:15:58-04:56;Bicyclist Ride Through - Signalized Intersection;112155;2011;O: No Injury;Commercial;20-24;22;No;0-5 mph;O: No Injury;White;Female;Passenger Car;No;No;Daylight;Urban (>70% Developed);2 lanes;2;Straight - Level;;Dry;Two-Way, Not Divided;None;Four-Way Intersection;Smooth Asphalt;Piedmont;Urban;30 - 35  MPH;Stop And Go Signal;Clear;No;35.7867, -78.664
792;793;Yes;10-Jun;7;No;Not Applicable;B: Evident Injury;Driveway / Alley;Asian;Male;Greensboro;Guilford;No;01-01-02;2011-10-25;Bicyclist Failed to Yield - Midblock;18;Non-Intersection;01-10-01;0001-01-01T13:07:58-04:56;Bicyclist Ride Out - Residential Driveway;353311;2011;B: Evident Injury;Residential;50-59;51;No;16-20 mph;O: No Injury;White;Male;Passenger Car;No;No;Daylight;Urban (>70% Developed);2 lanes;2;Straight - Hillcrest;Local Street;Dry;Two-Way, Not Divided;None;No Special Feature;Coarse Asphalt;Piedmont;Urban;20 - 25  MPH;No Control Present;Clear;No;36.09316, -79.7759
807;808;No;50-59;52;No;With Traffic;C: Possible Injury;Travel Lane;White;Male;Greensboro;Guilford;No;01-01-02;2011-11-01;Motorist Overtaking Bicyclist;22;Non-Intersection;01-11-01;0001-01-01T17:31:58-04:56;Motorist Overtaking - Other /;311239;2011;C: Possible Injury;Residential;0-19;19;No;31-35 mph;O: No Injury;Black;Male;Passenger Car;No;No;Dark - Lighted Roadway;Mixed (30% To 70% Developed);4 lanes;2;Straight - Level;Local Street;Dry;Two-Way, Divided, Unprotected Median;None;No Special Feature;Smooth Asphalt;Piedmont;Urban;30 - 35  MPH;No Control Present;Clear;No;36.15023, -79.8355
808;809;Yes;20-24;22;No;With Traffic;C: Possible Injury;Sidewalk / Crosswalk / Driveway Crossing;White;Female;Greensboro;Guilford;No;01-01-02;2011-11-01;Motorist Left Turn / Merge;12;Intersection;01-11-01;0001-01-01T07:33:58-04:56;Motorist Left Turn - Opposite Direction;131212;2011;C: Possible Injury;Commercial;20-24;21;No;0-5 mph;O: No Injury;Black;Female;Passenger Car;No;No;Daylight;Urban (>70% Developed);4 lanes;2;Straight - Bottom;Local Street;Dry;Two-Way, Not Divided;;No Special Feature;Smooth Asphalt;Piedmont;Urban;20 - 25  MPH;No Control Present;Clear;No;36.06485, -79.8152