FID;OBJECTID;AmbulanceR;BikeAge_Gr;Bike_Age;Bike_Alc_D;Bike_Dir;Bike_Injur;Bike_Pos;Bike_Race;Bike_Sex;City;County;CrashAlcoh;CrashDay;Crash_Date;Crash_Grp;Crash_Hour;Crash_Loc;Crash_Mont;Crash_Time;Crash_Type;Crash_Ty_1;Crash_Year;Crsh_Sevri;Developmen;DrvrAge_Gr;Drvr_Age;Drvr_Alc_D;Drvr_EstSp;Drvr_Injur;Drvr_Race;Drvr_Sex;Drvr_VehTy;ExcsSpdInd;Hit_Run;Light_Cond;Locality;Num_Lanes;Num_Units;Rd_Charact;Rd_Class;Rd_Conditi;Rd_Config;Rd_Defects;Rd_Feature;Rd_Surface;Region;Rural_Urba;Speed_Limi;Traff_Cntr;Weather;Workzone_I;Location
814;815;Yes;40-49;46;Yes;With Traffic;B: Evident Injury;Travel Lane;Hispanic;Male;Charlotte;Mecklenburg;Yes;01-01-06;2011-11-26;Bicyclist Failed to Yield - Signalized Intersection;17;Intersection-Related;01-11-01;0001-01-01T12:48:58-04:56;Bicyclist Ride Through - Signalized Intersection;211155;2011;B: Evident Injury;Commercial;40-49;44;No;31-35 mph;O: No Injury;Black;Female;Sport Utility;No;No;Dark - Lighted Roadway;Urban (>70% Developed);4 lanes;2;Straight - Level;Local Street;Dry;Two-Way, Divided, Unprotected Median;None;No Special Feature;Smooth Asphalt;Piedmont;Urban;30 - 35  MPH;Stop And Go Signal;Clear;No;35.24833, -80.8292
816;817;No;40-49;47;No;With Traffic;C: Possible Injury;Travel Lane;White;Male;None - Rural Crash;Yancey;No;01-01-06;2011-11-26;Motorist Overtaking Bicyclist;14;Non-Intersection;01-11-01;0001-01-01T09:43:58-04:56;Motorist Overtaking - Misjudged Space;311232;2011;C: Possible Injury;Farms, Woods, Pastures;25-29;25;No;51-55 mph;O: No Injury;White;Male;Passenger Car;No;No;Daylight;Rural (<30% Developed);2 lanes;2;Straight - Level;US Route;Dry;Two-Way, Not Divided;None;No Special Feature;Smooth Asphalt;Mountains;Rural;50 - 55  MPH;Double Yellow Line, No Passing Zone;Clear;Yes;35.91316, -82.4356
817;818;Yes;20-24;23;No;Not Applicable;C: Possible Injury;Travel Lane;White;Male;Wilmington;New Hanover;No;01-01-05;2011-11-04;Bicyclist Failed to Yield - Signalized Intersection;10;Intersection-Related;01-11-01;0001-01-01T05:52:58-04:56;Bicyclist Ride Out - Signalized  Intersection;213153;2011;C: Possible Injury;Commercial;25-29;29;No;41-45 mph;O: No Injury;White;Female;Van;No;No;Daylight;Urban (>70% Developed);9 or more lanes;2;Straight - Level;NC Route;Dry;Two-Way, Not Divided;None;No Special Feature;Coarse Asphalt;Coastal;Urban;40 - 45  MPH;Stop And Go Signal;Cloudy;No;34.23669, -77.8726
819;820;Yes;30-39;39;No;With Traffic;B: Evident Injury;Travel Lane;Black;Female;Cary;Wake;No;01-01-06;2011-11-05;Motorist Failed to Yield - Sign-Controlled Intersection;13;Intersection;01-11-01;0001-01-01T09:00:58-04:56;Motorist Drive Out - Sign-Controlled Intersection;111141;2011;B: Evident Injury;Residential;0-19;17;No;16-20 mph;O: No Injury;/Missing;Male;Passenger Car;No;No;Daylight;Mixed (30% To 70% Developed);2 lanes;2;Straight - Level;State Secondary Route;Dry;Two-Way, Divided, Unprotected Median;None;T-Intersection;Smooth Asphalt;Piedmont;Urban;30 - 35  MPH;Stop Sign;Clear;No;35.80159, -78.9133
820;821;Yes;20-24;21;No;With Traffic;C: Possible Injury;Travel Lane;Black;Male;Wilson;Wilson;No;01-01-07;2011-10-23;Loss of Control / Turning Error;12;Intersection-Related;01-10-01;0001-01-01T07:33:58-04:56;Motorist Turning Error - Right Turn;211112;2011;C: Possible Injury;Residential;0-19;19;No;0-5 mph;O: No Injury;Black;Female;Passenger Car;No;No;Daylight;Urban (>70% Developed);3 lanes;2;Straight - Level;Local Street;Dry;Two-Way, Not Divided;Road Surface Condition;T-Intersection;Coarse Asphalt;Coastal;Urban;30 - 35  MPH;Stop Sign;Clear;No;35.74952, -77.9167
822;823;Yes;30-39;39;No;Not Applicable;B: Evident Injury;Travel Lane;White;Male;Gastonia;Gaston;No;01-01-02;2011-11-08;Bicyclist Failed to Yield - Midblock;12;Non-Intersection;01-11-01;0001-01-01T07:29:58-04:56;Multiple Threat - Midblock;313357;2011;B: Evident Injury;Commercial;50-59;57;No;16-20 mph;O: No Injury;White;Female;Passenger Car;No;No;Daylight;Urban (>70% Developed);5 lanes;2;Straight - Grade;NC Route;Dry;Two-Way, Not Divided;None;No Special Feature;Smooth Asphalt;Piedmont;Urban;30 - 35  MPH;No Control Present;Clear;No;35.25288, -81.1766
826;827;No;50-59;55;Yes;With Traffic;C: Possible Injury;Travel Lane;Black;Male;Burlington;Alamance;Yes;;2011-11-07;Motorist Left Turn / Merge;18;Intersection;01-11-01;0001-01-01T13:48:58-04:56;Motorist Left Turn - Opposite Direction;111212;2011;C: Possible Injury;Commercial;50-59;56;No;26-30 mph;O: No Injury;White;Female;Sport Utility;No;No;Dark - Roadway Not Lighted;Urban (>70% Developed);4 lanes;2;Straight - Level;Local Street;Dry;Two-Way, Not Divided;None;Four-Way Intersection;Coarse Asphalt;Piedmont;Urban;30 - 35  MPH;Stop Sign;Clear;No;36.10111, -79.4122
828;829;Yes;40-49;48;No;With Traffic;B: Evident Injury;Travel Lane;White;Male;None - Rural Crash;Lincoln;No;01-01-04;2011-12-01;Motorist Failed to Yield - Midblock;21;Non-Intersection;01-12-01;0001-01-01T16:15:58-04:56;Motorist Drive Out - Residential Driveway;311321;2011;B: Evident Injury;Residential;40-49;44;No;0-5 mph;O: No Injury;White;Female;Van;No;No;Dark - Roadway Not Lighted;Mixed (30% To 70% Developed);2 lanes;2;Straight - Level;US Route;Dry;Two-Way, Not Divided;None;No Special Feature;Smooth Asphalt;Piedmont;Rural;30 - 35  MPH;No Control Present;Clear;No;35.41128, -81.203
832;833;Yes;10-Jun;8;No;With Traffic;B: Evident Injury;Travel Lane;Black;Male;Chapel Hill;Orange;No;01-01-06;2011-11-12;Bicyclist Failed to Yield - Sign-Controlled Intersection;15;Intersection;01-11-01;0001-01-01T10:58:58-04:56;Bicyclist Ride Through - Sign-Controlled Intersection;111144;2011;B: Evident Injury;Residential;40-49;46;No;;O: No Injury;Black;Male;Sport Utility;No;No;Daylight;Urban (>70% Developed);2 lanes;2;Straight - Grade;Local Street;Dry;Two-Way, Not Divided;None;Four-Way Intersection;Smooth Asphalt;Piedmont;Urban;20 - 25  MPH;Stop Sign;Clear;No;35.91458, -79.0658
834;835;Yes;16-19;19;No;Facing Traffic;B: Evident Injury;Sidewalk / Crosswalk / Driveway Crossing;White;Female;Wilmington;New Hanover;No;01-01-06;2011-11-12;Motorist Failed to Yield - Midblock;13;Non-Intersection;01-11-01;0001-01-01T08:22:58-04:56;Motorist Drive Out - Commercial Driveway / Alley;332322;2011;B: Evident Injury;Commercial;20-24;23;No;0-5 mph;O: No Injury;White;Male;Sport Utility;No;No;Daylight;Urban (>70% Developed);2 lanes;3;Straight - Level;Local Street;Dry;Two-Way, Not Divided;None;No Special Feature;Smooth Asphalt;Coastal;Urban;20 - 25  MPH;No Control Present;Clear;No;34.2321, -77.8711
840;841;No;0-5;5;No;Not Applicable;B: Evident Injury;Driveway / Alley;Black;Female;Laurinburg;Scotland;No;01-01-03;2011-11-16;Non-Roadway;14;Non-Roadway;01-11-01;0001-01-01T09:38:58-04:56;Non-Roadway;450910;2011;B: Evident Injury;Farms, Woods, Pastures;20-24;21;No;;O: No Injury;Black;Female;Van;No;No;Daylight;Mixed (30% To 70% Developed);;2;Straight - Level;Private Road, Driveway;Other;;None;No Special Feature;Sand;Coastal;Urban;;No Control Present;Cloudy;No;34.75722, -79.4694
842;843;Yes;40-49;42;No;With Traffic;B: Evident Injury;Sidewalk / Crosswalk / Driveway Crossing;Black;Male;Charlotte;Mecklenburg;No;01-01-05;2011-12-09;Motorist Right Turn / Merge;23;Intersection;01-12-01;0001-01-01T18:25:58-04:56;Motorist Right Turn on Red - Same Direction;131217;2011;B: Evident Injury;Residential;25-29;26;No;6-10 mph;O: No Injury;Black;Female;Passenger Car;No;No;Dark - Lighted Roadway;Urban (>70% Developed);4 lanes;2;Straight - Level;Local Street;Dry;Two-Way, Not Divided;None;No Special Feature;Concrete;Piedmont;Urban;30 - 35  MPH;Stop And Go Signal;Clear;No;35.26299, -80.8547
843;844;Yes;50-59;53;Yes;With Traffic;B: Evident Injury;Travel Lane;White;Male;None - Rural Crash;Randolph;Yes;01-01-06;2011-12-10;Motorist Overtaking Bicyclist;20;Non-Intersection;01-12-01;0001-01-01T15:34:58-04:56;Motorist Overtaking - Undetected Bicyclist;311231;2011;B: Evident Injury;Commercial;40-49;47;No;51-55 mph;O: No Injury;White;Female;Passenger Car;No;No;Dark - Roadway Not Lighted;Mixed (30% To 70% Developed);5 lanes;2;Straight - Grade;US Route;Dry;Two-Way, Not Divided;None;No Special Feature;Smooth Asphalt;Piedmont;Rural;50 - 55  MPH;No Control Present;Clear;No;35.72975, -79.6811
850;851;Yes;20-24;21;No;Facing Traffic;C: Possible Injury;Sidewalk / Crosswalk / Driveway Crossing;White;Male;Wilmington;New Hanover;No;01-01-06;2011-11-26;Bicyclist Failed to Yield - Signalized Intersection;13;Intersection;01-11-01;0001-01-01T08:53:58-04:56;Bicyclist Ride Through - Signalized Intersection;132155;2011;C: Possible Injury;Residential;30-39;36;No;0-5 mph;O: No Injury;White;Male;Passenger Car;No;No;Daylight;Urban (>70% Developed);2 lanes;2;Straight - Level;Local Street;Dry;Two-Way, Not Divided;;Related To Intersection;Smooth Asphalt;Coastal;Urban;20 - 25  MPH;Stop And Go Signal;Clear;No;34.2341, -77.8411
869;870;Yes;16-19;17;No;Not Applicable;B: Evident Injury;Travel Lane;White;Male;Jacksonville;Onslow;No;01-01-02;2011-12-06;Bicyclist Failed to Yield - Midblock;13;Non-Intersection;01-12-01;0001-01-01T08:37:58-04:56;Bicyclist Ride Out - Other Midblock;313318;2011;B: Evident Injury;Commercial;50-59;50;No;26-30 mph;O: No Injury;White;Male;Passenger Car;No;No;Daylight;Urban (>70% Developed);7 lanes;2;Straight - Level;NC Route;Dry;Two-Way, Divided, Unprotected Median;None;No Special Feature;Grooved Concrete;Coastal;Urban;40 - 45  MPH;No Control Present;Clear;No;34.76843, -77.3852
882;883;Yes;50-59;50;Yes;Not Applicable;A: Disabling Injury;Travel Lane;Black;Male;Goldsboro;Wayne;Yes;01-01-03;2011-12-14;Bicyclist Failed to Yield - Midblock;17;Non-Intersection;01-12-01;0001-01-01T12:47:58-04:56;Bicyclist Ride Out - Midblock -;313319;2011;A: Disabling Injury;Commercial;40-49;48;No;31-35 mph;O: No Injury;Black;Male;Passenger Car;No;No;Dark - Lighted Roadway;Urban (>70% Developed);4 lanes;2;Straight - Level;Local Street;Dry;Two-Way, Not Divided;None;No Special Feature;Coarse Asphalt;Coastal;Urban;30 - 35  MPH;No Control Present;Cloudy;No;35.38274, -77.9856
891;892;Yes;30-39;35;No;With Traffic;C: Possible Injury;Travel Lane;White;Male;Huntersville;Mecklenburg;No;;2011-12-26;Motorist Left Turn / Merge;8;Intersection;01-12-01;0001-01-01T03:06:58-04:56;Motorist Left Turn - Opposite Direction;111212;2011;C: Possible Injury;Residential;25-29;25;No;21-25 mph;O: No Injury;White;Male;Passenger Car;No;No;Daylight;Urban (>70% Developed);2 lanes;2;Straight - Level;Local Street;Dry;Two-Way, Not Divided;None;No Special Feature;Smooth Asphalt;Piedmont;Urban;20 - 25  MPH;Stop Sign;Clear;No;35.41019, -80.8687
894;895;Yes;20-24;23;No;With Traffic;B: Evident Injury;Travel Lane;White;Male;Benson;Johnston;No;01-01-07;2011-10-23;Motorist Overtaking Bicyclist;21;Intersection-Related;01-10-01;0001-01-01T16:25:58-04:56;Motorist Overtaking - Undetected Bicyclist;211231;2011;B: Evident Injury;Residential;50-59;58;No;41-45 mph;O: No Injury;White;Male;Pickup;No;No;Dark - Roadway Not Lighted;Mixed (30% To 70% Developed);2 lanes;2;Straight - Level;NC Route;Dry;Two-Way, Not Divided;None;No Special Feature;Coarse Asphalt;Coastal;Rural;40 - 45  MPH;No Control Present;Clear;No;35.38766, -78.5636
898;899;No;40-49;40;No;With Traffic;O: No Injury;Travel Lane;Black;Male;None - Rural Crash;Halifax;No;01-01-06;2011-05-14;Motorist Overtaking Bicyclist;13;Intersection;01-05-01;0001-01-01T08:03:58-04:56;Motorist Overtaking - Other /;111239;2011;O: No Injury;Residential;20-24;23;No;;O: No Injury;Black;Female;Passenger Car;No;No;Daylight;Urban (>70% Developed);2 lanes;2;Straight - Level;Local Street;;Two-Way, Not Divided;;No Special Feature;Coarse Asphalt;Coastal;Rural;30 - 35  MPH;Stop Sign;Other;No;36.17545, -77.6672
899;900;No;20-24;20;No;With Traffic;C: Possible Injury;Travel Lane;White;Male;Greensboro;Guilford;No;01-01-04;2011-02-17;Motorist Right Turn / Merge;12;Intersection;01-02-01;0001-01-01T07:25:58-04:56;Motorist Right Turn - Same Direction;111213;2011;C: Possible Injury;Institutional;20-24;21;No;0-5 mph;O: No Injury;White;Male;Passenger Car;No;No;Daylight;Rural (<30% Developed);;2;;.;Dry;;None;No Special Feature;;Piedmont;Urban;20 - 25  MPH;No Control Present;Clear;No;36.06858, -79.815
3;4;Yes;30-39;30;No;With Traffic;B: Evident Injury;Travel Lane;White;Female;Midway;Davidson;No;01-01-05;2012-01-06;Motorist Overtaking Bicyclist;15;Non-Intersection;;0001-01-01T10:30:58-04:56;Motorist Overtaking - Misjudged Space;;2012;B: Evident Injury;Commercial;70;70;No;31-35 mph;O: No Injury;Black;Female;Passenger Car;No;No;Daylight;Mixed (30% To 70% Developed);2 lanes;2;Curve - Level;State Secondary Route;Dry;Two-Way, Not Divided;None;T-Intersection;Smooth Asphalt;Piedmont;Rural;50 - 55  MPH;Double Yellow Line, No Passing Zone;Clear;No;35.96236, -80.2204
12;13;No;50-59;52;Yes;With Traffic;O: No Injury;Travel Lane;Black;Male;Wilson;Wilson;Yes;01-01-04;2012-01-12;Bicyclist Failed to Yield - Sign-Controlled Intersection;18;Intersection;;0001-01-01T13:19:58-04:56;Bicyclist Ride Through - Sign-Controlled Intersection;;2012;O: No Injury;Residential;25-29;25;No;21-25 mph;O: No Injury;Black;Female;Police;No;No;Dark - Lighted Roadway;Urban (>70% Developed);2 lanes;2;Straight - Level;Local Street;Dry;Two-Way, Not Divided;None;T-Intersection;Smooth Asphalt;Coastal;Urban;30 - 35  MPH;Stop Sign;Clear;No;35.73369, -77.9126
13;14;Yes;20-24;23;No;With Traffic;B: Evident Injury;Travel Lane;White;Male;Durham;Durham;No;01-01-04;2012-01-19;Bicyclist Left Turn / Merge;8;Intersection;;0001-01-01T03:32:58-04:56;Bicyclist Left Turn - Opposite Direction;;2012;B: Evident Injury;Commercial;30-39;30;No;21-25 mph;O: No Injury;Black;Male;Sport Utility;No;No;Daylight;Urban (>70% Developed);2 lanes;3;Straight - Level;Local Street;Dry;Two-Way, Not Divided;None;Four-Way Intersection;Smooth Asphalt;Piedmont;Urban;30 - 35  MPH;Stop And Go Signal;Clear;No;36.00811, -78.9293
15;16;No;;0;No;With Traffic;Injury;Travel Lane;/Missing;;Harrisburg;Cabarrus;No;01-01-05;2012-01-06;Motorist Overtaking Bicyclist;18;Intersection;;0001-01-01T13:54:58-04:56;Motorist Overtaking - Other /;;2012;Injury;Residential;;;Missing;31-35 mph;Injury;/Missing;;;No;Yes;Dark - Lighted Roadway;Urban (>70% Developed);3 lanes;2;Straight - Level;Local Street;Dry;Two-Way, Not Divided;None;No Special Feature;Smooth Asphalt;Piedmont;Urban;30 - 35  MPH;Stop Sign;Clear;No;35.33246, -80.6451
21;22;No;40-49;48;Yes;With Traffic;B: Evident Injury;Sidewalk / Crosswalk / Driveway Crossing;Black;Male;Charlotte;Mecklenburg;Yes;01-01-04;2012-01-26;Motorist Left Turn / Merge;18;Intersection;;0001-01-01T13:15:58-04:56;Motorist Left Turn - Opposite Direction;;2012;B: Evident Injury;Commercial;40-49;41;No;0-5 mph;O: No Injury;Black;Female;Passenger Car;No;No;Dark - Lighted Roadway;Urban (>70% Developed);3 lanes;2;Straight - Level;Local Street;Dry;Two-Way, Not Divided;None;No Special Feature;Smooth Asphalt;Piedmont;Urban;30 - 35  MPH;Stop And Go Signal;Clear;No;35.26122, -80.8368
24;25;Yes;30-39;33;No;With Traffic;C: Possible Injury;Travel Lane;White;Male;Morrisville;Wake;No;01-01-03;2012-02-01;Motorist Failed to Yield - Sign-Controlled Intersection;12;Intersection;01-02-01;0001-01-01T07:47:58-04:56;Motorist Drive Out - Sign-Controlled Intersection;;2012;C: Possible Injury;Residential;25-29;26;No;16-20 mph;O: No Injury;Other;Female;Passenger Car;No;No;Daylight;Urban (>70% Developed);4 lanes;2;Straight - Level;Local Street;Dry;One-Way, Not Divided;None;Four-Way Intersection;Smooth Asphalt;Piedmont;Urban;30 - 35  MPH;Stop Sign;Clear;No;35.83258, -78.8388
28;29;Yes;30-39;37;No;With Traffic;B: Evident Injury;Travel Lane;White;Male;Charlotte;Mecklenburg;No;01-01-06;2012-01-28;Motorist Left Turn / Merge;0;Intersection;;0000-12-31T19:44:58-04:56;Motorist Left Turn - Opposite Direction;;2012;B: Evident Injury;Residential;30-39;31;No;21-25 mph;O: No Injury;White;Male;Passenger Car;No;No;Dark - Lighted Roadway;Urban (>70% Developed);2 lanes;2;Curve - Level;Local Street;Dry;Two-Way, Not Divided;None;T-Intersection;Smooth Asphalt;Piedmont;Urban;20 - 25  MPH;No Control Present;Clear;No;35.21559, -80.815
29;30;No;25-29;28;No;With Traffic;O: No Injury;Travel Lane;Other;Male;Wrightsville Beach;New Hanover;No;01-01-02;2012-02-07;Bicyclist Overtaking Motorist;20;Non-Intersection;01-02-01;0001-01-01T15:08:58-04:56;Bicyclist Overtaking - Parked Vehicle;;2012;O: No Injury;Residential;25-29;26;Missing;0-5 mph;O: No Injury;White;Male;Police;No;No;Dark - Lighted Roadway;Urban (>70% Developed);5 lanes;2;Straight - Level;US Route;Dry;Two-Way, Not Divided;None;No Special Feature;Smooth Asphalt;Coastal;Rural;30 - 35  MPH;Double Yellow Line, No Passing Zone;Clear;No;34.21307, -77.8045
32;33;Yes;50-59;50;Yes;Facing Traffic;B: Evident Injury;Travel Lane;White;Male;None - Rural Crash;Brunswick;Yes;01-01-03;2012-02-08;Bicyclist Right Turn / Merge;18;Non-Intersection;01-02-01;0001-01-01T13:59:58-04:56;Bicyclist Right Turn - Same Direction;;2012;B: Evident Injury;Farms, Woods, Pastures;30-39;32;No;51-55 mph;O: No Injury;Hispanic;Male;Pickup;No;No;Dark - Roadway Not Lighted;Rural (<30% Developed);2 lanes;2;Straight - Level;State Secondary Route;Dry;Two-Way, Not Divided;None;No Special Feature;Coarse Asphalt;Coastal;Rural;50 - 55  MPH;No Control Present;Clear;No;34.261, -78.0552
33;34;Yes;20-24;20;No;Facing Traffic;B: Evident Injury;Travel Lane;Black;Male;None - Rural Crash;Onslow;No;01-01-04;2012-02-09;Head-On;19;Non-Intersection;01-02-01;0001-01-01T14:57:58-04:56;Head-On - Bicyclist;;2012;B: Evident Injury;Commercial;30-39;33;No;46-50 mph;O: No Injury;White;Female;Sport Utility;No;No;Dark - Roadway Not Lighted;Mixed (30% To 70% Developed);5 lanes;2;Straight - Level;US Route;Dry;Two-Way, Not Divided;None;No Special Feature;Coarse Asphalt;Coastal;Rural;50 - 55  MPH;No Control Present;Clear;No;34.77117, -77.4905
39;40;Yes;20-24;22;No;With Traffic;C: Possible Injury;Travel Lane;Black;Male;Charlotte;Mecklenburg;No;01-01-02;2012-02-14;Motorist Failed to Yield - Sign-Controlled Intersection;18;Intersection;01-02-01;0001-01-01T13:58:58-04:56;Motorist Drive Through - Sign-Controlled Intersection;;2012;C: Possible Injury;Commercial;60-69;60;No;0-5 mph;O: No Injury;Black;Female;Passenger Car;No;No;Dark - Roadway Not Lighted;Urban (>70% Developed);2 lanes;2;Straight - Level;Local Street;Dry;Two-Way, Not Divided;;T-Intersection;Smooth Asphalt;Piedmont;Urban;20 - 25  MPH;Stop Sign;Clear;No;35.27529, -80.8547
47;48;Yes;40-49;49;No;Facing Traffic;B: Evident Injury;Sidewalk / Crosswalk / Driveway Crossing;Black;Male;Gastonia;Gaston;No;01-01-05;2012-02-03;Motorist Failed to Yield - Signalized Intersection;9;Intersection;01-02-01;0001-01-01T04:12:58-04:56;Motorist Drive Out - Right Turn on Red;;2012;B: Evident Injury;Commercial;25-29;26;No;0-5 mph;O: No Injury;Black;Female;Pickup;No;No;Daylight;Urban (>70% Developed);3 lanes;2;Straight - Level;Local Street;Dry;Two-Way, Not Divided;None;Four-Way Intersection;Coarse Asphalt;Piedmont;Urban;30 - 35  MPH;Stop And Go Signal;Clear;No;35.2607, -81.207
49;50;Yes;20-24;23;No;With Traffic;B: Evident Injury;Travel Lane;Black;Male;Whiteville;Columbus;No;01-01-02;2012-02-07;Motorist Overtaking Bicyclist;18;Intersection-Related;01-02-01;0001-01-01T13:34:58-04:56;Motorist Overtaking - Other /;;2012;B: Evident Injury;Commercial;70;70;No;26-30 mph;O: No Injury;White;Male;Pickup;No;No;Dark -  Lighting;Urban (>70% Developed);5 lanes;2;Straight - Level;Local Street;Dry;Two-Way, Not Divided;None;No Special Feature;Smooth Asphalt;Coastal;Urban;40 - 45  MPH;No Control Present;Clear;No;34.33162, -78.7079
53;54;Yes;40-49;47;No;Not Applicable;C: Possible Injury;Non-Roadway;Black;Male;Hickory;Catawba;No;;2012-02-06;Crossing Paths - Other Circumstances;18;Intersection;01-02-01;0001-01-01T13:51:58-04:56;Signalized Intersection - Other /;;2012;C: Possible Injury;Commercial;;;No;;Injury;/Missing;;;No;Yes;Dark - Lighted Roadway;Urban (>70% Developed);5 lanes;2;Straight - Grade;Local Street;;Two-Way, Divided, Unprotected Median;;No Special Feature;Smooth Asphalt;Piedmont;Urban;30 - 35  MPH;Stop And Go Signal;Clear;No;35.70558, -81.2936
57;58;Yes;25-29;25;No;Facing Traffic;C: Possible Injury;Travel Lane;Black;Male;Charlotte;Mecklenburg;No;;2012-02-27;Crossing Paths - Other Circumstances;10;Intersection;01-02-01;0001-01-01T05:44:58-04:56;Signalized Intersection - Other /;;2012;C: Possible Injury;Commercial;50-59;50;No;0-5 mph;O: No Injury;Black;Male;Truck/Tractor;No;No;Daylight;Urban (>70% Developed);4 lanes;2;Straight - Level;Local Street;Wet;Two-Way, Not Divided;None;T-Intersection;Smooth Asphalt;Piedmont;Urban;30 - 35  MPH;Stop And Go Signal;Rain;No;35.25198, -80.8104
423;424;Yes;40-49;43;No;With Traffic;B: Evident Injury;Travel Lane;White;Female;Durham;Durham;No;01-01-02;2011-07-19;Motorist Left Turn / Merge;18;Intersection;01-07-01;0001-01-01T13:52:58-04:56;Motorist Left Turn - Opposite Direction;111212;2011;B: Evident Injury;Commercial;;;Missing;21-25 mph;Injury;/Missing;;Sport Utility;No;Yes;Daylight;Urban (>70% Developed);5 lanes;2;Straight - Level;Local Street;Dry;Two-Way, Not Divided;None;Four-Way Intersection;Smooth Asphalt;Piedmont;Urban;40 - 45  MPH;Stop And Go Signal;Clear;No;35.94603, -78.9217
424;425;No;60-69;60;No;Facing Traffic;B: Evident Injury;Sidewalk / Crosswalk / Driveway Crossing;Black;Male;Charlotte;Mecklenburg;No;01-01-03;2011-06-29;Motorist Left Turn / Merge;19;Intersection;01-06-01;0001-01-01T14:24:58-04:56;Motorist Left Turn - Same Direction;132211;2011;B: Evident Injury;Residential;60-69;61;No;6-10 mph;O: No Injury;Black;Male;Passenger Car;No;No;Daylight;Urban (>70% Developed);2 lanes;2;Straight - Level;Local Street;Dry;Two-Way, Divided, Unprotected Median;None;No Special Feature;Smooth Asphalt;Piedmont;Urban;30 - 35  MPH;No Control Present;Clear;No;35.20021, -80.8892
435;436;Yes;50-59;57;No;With Traffic;B: Evident Injury;Travel Lane;White;Male;Charlotte;Mecklenburg;No;;2011-07-04;Motorist Failed to Yield - Midblock;13;Non-Intersection;01-07-01;0001-01-01T08:53:58-04:56;Motorist Drive Out - Commercial Driveway / Alley;311322;2011;B: Evident Injury;Commercial;50-59;52;No;11-15 mph;O: No Injury;White;Female;Light Truck (Mini-Van, Panel);No;No;Daylight;Urban (>70% Developed);2 lanes;2;Straight - Level;Local Street;Dry;Two-Way, Not Divided;None;Bridge;Smooth Asphalt;Piedmont;Urban;40 - 45  MPH;Stop Sign;Clear;No;35.08116, -80.7303
451;452;Yes;20-24;22;No;With Traffic;A: Disabling Injury;Travel Lane;White;Male;Asheboro;Randolph;No;01-01-07;2011-07-10;Motorist Overtaking Bicyclist;20;Non-Intersection;01-07-01;0001-01-01T15:43:58-04:56;Motorist Overtaking - Other /;311239;2011;A: Disabling Injury;Residential;;;Missing;;Injury;/Missing;;;No;Yes;Dusk;Urban (>70% Developed);2 lanes;2;Straight - Grade;US Route;Water (Standing, Moving);Two-Way, Not Divided;None;No Special Feature;Smooth Asphalt;Piedmont;Urban;40 - 45  MPH;No Control Present;Clear;No;35.76329, -79.8065
452;453;Yes;30-39;37;No;With Traffic;C: Possible Injury;Travel Lane;White;Male;Boone;Watauga;No;01-01-02;2011-07-12;Other / Unusual Circumstances;23;Non-Intersection;01-07-01;0001-01-01T18:50:58-04:56;Bicycle Only;311400;2011;Injury;Commercial;;;Missing;;Injury;/Missing;;;No;No;Dark - Lighted Roadway;Urban (>70% Developed);3 lanes;1;Straight - Grade;US Route;Dry;Two-Way, Not Divided;None;No Special Feature;Smooth Asphalt;Mountains;Rural;;Double Yellow Line, No Passing Zone;Clear;No;36.21743, -81.6816
453;454;No;15-Nov;12;No;Facing Traffic;C: Possible Injury;Travel Lane;White;Male;None - Rural Crash;New Hanover;No;01-01-02;2011-07-26;Bicyclist Failed to Yield - Sign-Controlled Intersection;18;Intersection;01-07-01;0001-01-01T13:04:58-04:56;Bicyclist Ride Through - Sign-Controlled Intersection;112144;2011;C: Possible Injury;Residential;50-59;57;No;16-20 mph;O: No Injury;White;Male;Pickup;No;No;Daylight;Urban (>70% Developed);2 lanes;2;Straight - Level;State Secondary Route;Wet;Two-Way, Not Divided;None;T-Intersection;Smooth Asphalt;Coastal;Rural;30 - 35  MPH;Stop Sign;Cloudy;No;34.31165, -77.8822
473;474;Yes;16-19;16;No;Facing Traffic;B: Evident Injury;Travel Lane;Black;Male;Fayetteville;Cumberland;No;01-01-02;2011-07-26;Motorist Right Turn / Merge;21;Intersection;01-07-01;0001-01-01T16:31:58-04:56;Motorist Right Turn - Opposite Direction;112214;2011;B: Evident Injury;Residential;25-29;26;No;21-25 mph;O: No Injury;White;Male;Passenger Car;No;No;Dark - Lighted Roadway;Urban (>70% Developed);2 lanes;2;Straight - Grade;Local Street;Dry;Two-Way, Not Divided;None;Four-Way Intersection;Coarse Asphalt;Coastal;Urban;40 - 45  MPH;Stop And Go Signal;Clear;No;35.02572, -78.9423
492;493;Yes;50-59;56;No;Facing Traffic;C: Possible Injury;Sidewalk / Crosswalk / Driveway Crossing;Black;Male;High Point;Guilford;No;;2011-07-25;Bicyclist Failed to Yield - Signalized Intersection;10;Intersection;01-07-01;0001-01-01T05:47:58-04:56;Bicyclist Ride Through - Signalized Intersection;132155;2011;C: Possible Injury;Commercial;50-59;51;No;26-30 mph;O: No Injury;White;Female;Other Bus;No;No;Daylight;Urban (>70% Developed);4 lanes;2;Straight - Level;Local Street;Dry;Two-Way, Not Divided;None;Four-Way Intersection;Coarse Asphalt;Piedmont;Urban;30 - 35  MPH;Stop And Go Signal;Clear;No;35.9578, -80.0085