FID;OBJECTID;AmbulanceR;BikeAge_Gr;Bike_Age;Bike_Alc_D;Bike_Dir;Bike_Injur;Bike_Pos;Bike_Race;Bike_Sex;City;County;CrashAlcoh;CrashDay;Crash_Date;Crash_Grp;Crash_Hour;Crash_Loc;Crash_Mont;Crash_Time;Crash_Type;Crash_Ty_1;Crash_Year;Crsh_Sevri;Developmen;DrvrAge_Gr;Drvr_Age;Drvr_Alc_D;Drvr_EstSp;Drvr_Injur;Drvr_Race;Drvr_Sex;Drvr_VehTy;ExcsSpdInd;Hit_Run;Light_Cond;Locality;Num_Lanes;Num_Units;Rd_Charact;Rd_Class;Rd_Conditi;Rd_Config;Rd_Defects;Rd_Feature;Rd_Surface;Region;Rural_Urba;Speed_Limi;Traff_Cntr;Weather;Workzone_I;Location
498;499;Yes;20-24;21;No;Facing Traffic;C: Possible Injury;Sidewalk / Crosswalk / Driveway Crossing;Hispanic;Male;Raleigh;Wake;No;;2011-08-01;Motorist Failed to Yield - Sign-Controlled Intersection;14;Intersection;01-08-01;0001-01-01T09:30:58-04:56;Motorist Drive Out - Sign-Controlled Intersection;132141;2011;C: Possible Injury;Residential;20-24;20;No;0-5 mph;O: No Injury;White;Female;Sport Utility;No;No;Daylight;Urban (>70% Developed);2 lanes;2;Straight - Level;Local Street;Dry;Two-Way, Not Divided;None;T-Intersection;Smooth Asphalt;Piedmont;Urban;30 - 35  MPH;Stop Sign;Clear;No;35.82435, -78.5692
501;502;No;16-19;16;No;Facing Traffic;C: Possible Injury;Sidewalk / Crosswalk / Driveway Crossing;Black;Male;Chapel Hill;Orange;No;01-01-02;2011-07-19;Motorist Failed to Yield - Midblock;15;Non-Intersection;01-07-01;0001-01-01T10:03:58-04:56;Motorist Drive Out - Commercial Driveway / Alley;332322;2011;C: Possible Injury;Commercial;0-19;19;No;0-5 mph;O: No Injury;White;Female;Passenger Car;No;No;Daylight;Urban (>70% Developed);;2;Straight - Level;Public Vehicular Area;Dry;Two-Way, Not Divided;None;Driveway, Private;Smooth Asphalt;Piedmont;Urban;5 - 15 MPH;No Control Present;Clear;No;35.91188, -79.0587
504;505;No;30-39;32;No;Not Applicable;O: No Injury;Travel Lane;White;Male;Wilmington;New Hanover;No;01-01-06;2011-07-09;Bicyclist Failed to Yield - Midblock;21;Non-Intersection;01-07-01;0001-01-01T16:47:58-04:56;Bicyclist Ride Out - Other Midblock;313318;2011;O: No Injury;Commercial;30-39;30;No;36-40 mph;O: No Injury;White;Female;Passenger Car;No;No;Dark - Lighted Roadway;Urban (>70% Developed);;2;Straight - Level;Local Street;Dry;;None;No Special Feature;Coarse Asphalt;Coastal;Urban;40 - 45  MPH;No Control Present;Clear;No;34.22013, -77.8162
506;507;Yes;20-24;20;Yes;With Traffic;B: Evident Injury;Travel Lane;White;Male;Charlotte;Mecklenburg;Yes;01-01-03;2011-08-03;Motorist Overtaking Bicyclist;2;Non-Intersection;01-08-01;0000-12-31T21:19:58-04:56;Motorist Overtaking - Other /;311239;2011;B: Evident Injury;Commercial;;;Missing;41-45 mph;Injury;/Missing;;;No;Yes;Dark - Lighted Roadway;Urban (>70% Developed);2 lanes;2;Straight - Level;Local Street;Dry;Two-Way, Divided, Unprotected Median;None;No Special Feature;Smooth Asphalt;Piedmont;Urban;40 - 45  MPH;No Control Present;Clear;No;35.26457, -80.9753
510;511;No;60-69;63;No;Facing Traffic;C: Possible Injury;Travel Lane;White;Male;Winston-Salem;Forsyth;No;01-01-05;2011-07-15;Motorist Failed to Yield - Midblock;16;Non-Intersection;01-07-01;0001-01-01T11:20:58-04:56;Motorist Drive Out - Commercial Driveway / Alley;312322;2011;C: Possible Injury;Commercial;20-24;20;No;0-5 mph;O: No Injury;White;Female;Sport Utility;No;No;Daylight;Urban (>70% Developed);9 or more lanes;2;Straight - Level;State Secondary Route;Dry;Two-Way, Not Divided;None;Four-Way Intersection;Smooth Asphalt;Piedmont;Urban;30 - 35  MPH;No Control Present;Clear;No;36.09351, -80.2793
518;519;Yes;16-19;19;No;With Traffic;B: Evident Injury;Travel Lane;Black;Male;Charlotte;Mecklenburg;No;;2011-08-08;Motorist Right Turn / Merge;14;Intersection;01-08-01;0001-01-01T09:44:58-04:56;Motorist Right Turn on Red - Same Direction;111217;2011;B: Evident Injury;Commercial;40-49;49;No;6-10 mph;O: No Injury;Black;Female;Pickup;No;No;Daylight;Urban (>70% Developed);4 lanes;2;Straight - Level;Local Street;Dry;Two-Way, Not Divided;None;T-Intersection;Smooth Asphalt;Piedmont;Urban;30 - 35  MPH;Stop And Go Signal;Clear;No;35.24107, -80.7967
520;521;Yes;15-Nov;12;No;With Traffic;B: Evident Injury;Travel Lane;Black;Male;Raleigh;Wake;No;01-01-07;2011-08-14;Bicyclist Failed to Yield - Sign-Controlled Intersection;19;Intersection;01-08-01;0001-01-01T14:38:58-04:56;Bicyclist Ride Through - Sign-Controlled Intersection;111144;2011;B: Evident Injury;Residential;25-29;26;No;11-15 mph;O: No Injury;Hispanic;Male;Passenger Car;No;Yes;Daylight;Urban (>70% Developed);2 lanes;2;Straight - Grade;Local Street;Dry;Two-Way, Not Divided;None;T-Intersection;Coarse Asphalt;Piedmont;Urban;20 - 25  MPH;Stop Sign;Clear;No;35.76883, -78.6022
523;524;Yes;60-69;66;No;With Traffic;B: Evident Injury;Travel Lane;White;Male;Wilmington;New Hanover;No;01-01-06;2011-08-06;Motorist Overtaking Bicyclist;16;Non-Intersection;01-08-01;0001-01-01T11:25:58-04:56;Motorist Overtaking - Bicyclist Swerved;311235;2011;B: Evident Injury;Residential;50-59;56;No;21-25 mph;O: No Injury;White;Male;Passenger Car;No;No;Daylight;Rural (<30% Developed);2 lanes;3;Straight - Level;Local Street;Dry;Two-Way, Not Divided;None;No Special Feature;Coarse Asphalt;Coastal;Urban;20 - 25  MPH;No Control Present;Clear;No;34.23883, -77.9331
529;530;No;20-24;23;No;With Traffic;B: Evident Injury;Travel Lane;White;Female;None - Rural Crash;Wake;No;01-01-03;2011-07-27;Motorist Overtaking Bicyclist;22;Non-Intersection;01-07-01;0001-01-01T17:21:58-04:56;Motorist Overtaking - Other /;311239;2011;B: Evident Injury;Farms, Woods, Pastures;;;Missing;41-45 mph;Injury;/Missing;;Passenger Car;No;Yes;Dark - Roadway Not Lighted;Rural (<30% Developed);2 lanes;2;Straight - Grade;State Secondary Route;Dry;Two-Way, Not Divided;None;No Special Feature;Smooth Asphalt;Piedmont;Rural;40 - 45  MPH;Double Yellow Line, No Passing Zone;Clear;No;35.97987, -78.5097
536;537;No;0-5;3;No;Not Applicable;O: No Injury;Non-Roadway;/Missing;;Mount Airy;Surry;No;01-01-06;2011-08-13;Non-Roadway;14;Non-Roadway;01-08-01;0001-01-01T10:02:58-04:56;Non-Roadway;460910;2011;O: No Injury;Commercial;60-69;66;No;6-10 mph;O: No Injury;Black;Female;Passenger Car;No;No;Daylight;Urban (>70% Developed);;2;Straight - Level;Public Vehicular Area;Dry;Two-Way, Not Divided;None;Driveway, Public;Smooth Asphalt;Mountains;Urban;;No Control Present;Clear;No;36.50566, -80.6021
547;548;Yes;10-Jun;10;No;With Traffic;B: Evident Injury;Travel Lane;Black;Male;Gastonia;Gaston;No;;2011-08-01;Bicyclist Left Turn / Merge;14;Non-Intersection;01-08-01;0001-01-01T09:28:58-04:56;Bicyclist Left Turn - Opposite Direction;311222;2011;B: Evident Injury;Residential;60-69;63;No;26-30 mph;O: No Injury;White;Male;Pickup;No;No;Daylight;Urban (>70% Developed);2 lanes;2;Straight - Level;State Secondary Route;Dry;Two-Way, Not Divided;None;No Special Feature;Smooth Asphalt;Piedmont;Urban;30 - 35  MPH;No Control Present;Clear;No;35.25142, -81.2231
553;554;Yes;40-49;42;No;With Traffic;C: Possible Injury;Travel Lane;White;Female;Durham;Durham;No;01-01-05;2011-08-26;Motorist Left Turn / Merge;11;Intersection;01-08-01;0001-01-01T06:58:58-04:56;Motorist Left Turn - Opposite Direction;111212;2011;C: Possible Injury;Residential;0-19;19;No;16-20 mph;O: No Injury;Black;Female;Passenger Car;No;No;Daylight;Urban (>70% Developed);4 lanes;2;Straight - Level;NC Route;Dry;Two-Way, Not Divided;None;Four-Way Intersection;Smooth Asphalt;Piedmont;Urban;40 - 45  MPH;Stop And Go Signal;Clear;No;35.9055, -78.9173
563;564;Yes;25-29;27;No;With Traffic;B: Evident Injury;Travel Lane;White;Female;Charlotte;Mecklenburg;No;01-01-02;2011-08-23;Bicyclist Failed to Yield - Signalized Intersection;19;Intersection;01-08-01;0001-01-01T14:36:58-04:56;Bicyclist Ride Through - Signalized Intersection;111155;2011;B: Evident Injury;Commercial;70+;;No;0-5 mph;O: No Injury;White;Male;Passenger Car;No;No;Daylight;Urban (>70% Developed);5 lanes;2;Straight - Level;Local Street;Dry;Two-Way, Divided, Unprotected Median;None;No Special Feature;Smooth Asphalt;Piedmont;Urban;30 - 35  MPH;Stop And Go Signal;Clear;No;35.20289, -80.836
566;567;Yes;20-24;21;No;With Traffic;B: Evident Injury;Travel Lane;White;Female;Raleigh;Wake;No;;2011-08-29;Motorist Left Turn / Merge;12;Intersection;01-08-01;0001-01-01T07:43:58-04:56;Motorist Left Turn - Opposite Direction;111212;2011;B: Evident Injury;Commercial;0-19;19;No;0-5 mph;O: No Injury;White;Male;Passenger Car;No;No;Daylight;Urban (>70% Developed);3 lanes;2;Straight - Level;Local Street;Dry;Two-Way, Not Divided;None;Four-Way Intersection;Smooth Asphalt;Piedmont;Urban;30 - 35  MPH;Stop And Go Signal;Clear;No;35.78888, -78.6732
582;583;No;10-Jun;8;No;Not Applicable;O: No Injury;Non-Roadway;Black;Male;Holly Springs;Wake;No;01-01-03;2011-08-31;Non-Roadway;17;Non-Roadway;01-08-01;0001-01-01T12:50:58-04:56;Non-Roadway;460910;2011;O: No Injury;Commercial;30-39;33;No;6-10 mph;O: No Injury;Black;Female;Passenger Car;No;No;Daylight;Urban (>70% Developed);2 lanes;2;Straight - Level;Public Vehicular Area;Dry;Two-Way, Not Divided;None;No Special Feature;Smooth Asphalt;Piedmont;Urban;20 - 25  MPH;No Control Present;Clear;No;35.65971, -78.8066
584;585;No;40-49;45;No;With Traffic;C: Possible Injury;Travel Lane;White;Male;Burlington;Alamance;No;;2011-08-29;Motorist Left Turn / Merge;19;Non-Intersection;01-08-01;0001-01-01T15:01:58-04:56;Motorist Left Turn - Opposite Direction;311212;2011;C: Possible Injury;Commercial;70+;;No;0-5 mph;O: No Injury;Black;Male;Passenger Car;No;No;Dark - Lighted Roadway;Urban (>70% Developed);3 lanes;2;Straight - Level;Local Street;Dry;Two-Way, Not Divided;None;No Special Feature;Smooth Asphalt;Piedmont;Urban;30 - 35  MPH;No Control Present;Cloudy;No;36.09749, -79.4141
594;595;Yes;20-24;20;No;Facing Traffic;C: Possible Injury;Sidewalk / Crosswalk / Driveway Crossing;Black;Female;Raleigh;Wake;No;01-01-02;2011-08-30;Motorist Failed to Yield - Midblock;21;Non-Intersection;01-08-01;0001-01-01T16:34:58-04:56;Motorist Drive Out - Commercial Driveway / Alley;332322;2011;C: Possible Injury;Residential;50-59;54;No;31-35 mph;O: No Injury;Black;Male;Passenger Car;No;No;Dark - Roadway Not Lighted;Mixed (30% To 70% Developed);2 lanes;2;Straight - Level;Local Street;Dry;Two-Way, Not Divided;None;No Special Feature;Smooth Asphalt;Piedmont;Urban;40 - 45  MPH;No Control Present;Clear;Yes;35.73328, -78.5752
600;601;No;15-Nov;13;No;Not Applicable;B: Evident Injury;Non-Roadway;Black;Male;Charlotte;Mecklenburg;No;01-01-05;2011-09-02;Non-Roadway;18;Non-Roadway;01-09-01;0001-01-01T13:22:58-04:56;Non-Roadway;460910;2011;B: Evident Injury;Commercial;20-24;20;No;11-15 mph;O: No Injury;Black;Female;Passenger Car;No;No;Daylight;Urban (>70% Developed);;2;Straight - Level;Public Vehicular Area;Dry;Two-Way, Not Divided;None;No Special Feature;Smooth Asphalt;Piedmont;Urban;30 - 35  MPH;Stop Sign;Clear;No;35.31035, -80.7523
602;603;No;50-59;58;No;With Traffic;C: Possible Injury;Travel Lane;Black;Male;None - Rural Crash;Durham;No;01-01-07;2011-08-28;Motorist Overtaking Bicyclist;11;Non-Intersection;01-08-01;0001-01-01T06:08:58-04:56;Motorist Overtaking - Misjudged Space;311232;2011;C: Possible Injury;Residential;;;No;21-25 mph;Injury;/Missing;;Single Unit Truck (2-Axle, 6-Tire);No;Yes;Daylight;Mixed (30% To 70% Developed);2 lanes;2;Straight - Grade;State Secondary Route;Dry;Two-Way, Not Divided;None;Driveway, Private;Smooth Asphalt;Piedmont;Rural;30 - 35  MPH;Double Yellow Line, No Passing Zone;Clear;No;35.95124, -78.8474
610;611;Yes;16-19;18;No;With Traffic;B: Evident Injury;Travel Lane;White;Male;None - Rural Crash;Lenoir;No;01-01-04;2011-09-08;Bicyclist Left Turn / Merge;12;Non-Intersection;01-09-01;0001-01-01T07:29:58-04:56;Bicyclist Left Turn - Same Direction;311221;2011;B: Evident Injury;Residential;25-29;25;No;41-45 mph;O: No Injury;Hispanic;Male;Pickup;No;No;Daylight;Rural (<30% Developed);2 lanes;2;Curve - Level;NC Route;Dry;Two-Way, Not Divided;None;No Special Feature;Coarse Asphalt;Coastal;Rural;50 - 55  MPH;Double Yellow Line, No Passing Zone;Clear;No;35.18867, -77.8111
611;612;Yes;16-19;16;No;With Traffic;B: Evident Injury;Travel Lane;Black;Male;None - Rural Crash;Pitt;No;01-01-07;2011-09-11;Motorist Overtaking Bicyclist;16;Non-Intersection;01-09-01;0001-01-01T11:42:58-04:56;Motorist Overtaking - Misjudged Space;311232;2011;B: Evident Injury;Residential;0-19;19;No;46-50 mph;O: No Injury;Black;Female;Passenger Car;No;No;Daylight;Rural (<30% Developed);2 lanes;2;Straight - Level;State Secondary Route;Dry;Two-Way, Not Divided;None;No Special Feature;Coarse Asphalt;Coastal;Rural;50 - 55  MPH;Double Yellow Line, No Passing Zone;Clear;No;35.66015, -77.4315
619;620;Yes;50-59;52;No;With Traffic;B: Evident Injury;Travel Lane;Black;Male;Wendell;Wake;No;01-01-03;2011-09-14;Bicyclist Right Turn / Merge;12;Intersection;01-09-01;0001-01-01T07:28:58-04:56;Bicyclist Right Turn - Same Direction;111223;2011;B: Evident Injury;Residential;50-59;54;No;31-35 mph;O: No Injury;White;Female;Passenger Car;No;No;Daylight;Urban (>70% Developed);2 lanes;2;Straight - Level;Local Street;Dry;Two-Way, Not Divided;None;T-Intersection;Coarse Asphalt;Piedmont;Urban;30 - 35  MPH;Stop Sign;Clear;No;35.77811, -78.362
620;621;Yes;70+;;No;With Traffic;A: Disabling Injury;Travel Lane;White;Male;None - Rural Crash;Forsyth;No;01-01-04;2011-09-15;Motorist Overtaking Bicyclist;9;Non-Intersection;01-09-01;0001-01-01T04:03:58-04:56;Motorist Overtaking - Other /;311239;2011;A: Disabling Injury;Residential;70+;;No;31-35 mph;O: No Injury;White;Male;Passenger Car;No;No;Daylight;Mixed (30% To 70% Developed);2 lanes;2;Straight - Level;State Secondary Route;Dry;Two-Way, Not Divided;None;No Special Feature;Smooth Asphalt;Piedmont;Rural;40 - 45  MPH;Double Yellow Line, No Passing Zone;Clear;No;35.99549, -80.3667
626;627;No;10-Jun;7;No;Not Applicable;O: No Injury;Driveway / Alley;White;Female;None - Rural Crash;Davidson;No;01-01-07;2011-09-18;Bicyclist Failed to Yield - Midblock;12;Non-Intersection;01-09-01;0001-01-01T07:38:58-04:56;Bicyclist Ride Out - Residential Driveway;353311;2011;O: No Injury;Residential;0-19;16;No;21-25 mph;O: No Injury;White;Female;Passenger Car;No;No;Daylight;Rural (<30% Developed);2 lanes;2;Straight - Grade;State Secondary Route;Dry;Two-Way, Not Divided;None;Related To Intersection;Coarse Asphalt;Piedmont;Rural;50 - 55  MPH;Double Yellow Line, No Passing Zone;Clear;No;35.76368, -80.0572
629;630;Yes;40-49;45;No;With Traffic;B: Evident Injury;Travel Lane;White;Male;Davidson;Mecklenburg;No;01-01-04;2011-09-08;Motorist Left Turn / Merge;15;Intersection;01-09-01;0001-01-01T10:49:58-04:56;Motorist Left Turn - Opposite Direction;111212;2011;B: Evident Injury;Residential;0-19;16;No;6-10 mph;O: No Injury;White;Female;Passenger Car;No;No;Daylight;Urban (>70% Developed);2 lanes;2;Straight - Level;Local Street;Dry;Two-Way, Divided, Unprotected Median;None;No Special Feature;Smooth Asphalt;Piedmont;Urban;30 - 35  MPH;No Control Present;Clear;No;35.4888, -80.8276
633;634;Yes;15-Nov;14;No;Facing Traffic;C: Possible Injury;Sidewalk / Crosswalk / Driveway Crossing;Black;Male;Greensboro;Guilford;No;01-01-04;2011-09-08;Motorist Failed to Yield - Midblock;18;Non-Intersection;01-09-01;0001-01-01T13:10:58-04:56;Motorist Drive Out - Commercial Driveway / Alley;332322;2011;C: Possible Injury;Commercial;30-39;36;No;0-5 mph;O: No Injury;Black;Male;Sport Utility;No;No;Daylight;Urban (>70% Developed);2 lanes;2;Straight - Grade;Public Vehicular Area;Dry;Two-Way, Not Divided;None;Driveway, Private;Smooth Asphalt;Piedmont;Urban;5 - 15 MPH;No Control Present;Clear;No;36.04575, -79.8392
634;635;No;40-49;45;No;With Traffic;C: Possible Injury;Travel Lane;White;Male;Asheville;Buncombe;No;01-01-03;2011-09-07;Motorist Left Turn / Merge;19;Intersection;01-09-01;0001-01-01T14:17:58-04:56;Motorist Left Turn - Opposite Direction;111212;2011;C: Possible Injury;Commercial;50-59;57;No;0-5 mph;O: No Injury;Black;Female;Sport Utility;No;No;Daylight;Urban (>70% Developed);2 lanes;2;Straight - Level;Local Street;Wet;One-Way, Not Divided;None;No Special Feature;Smooth Asphalt;Mountains;Urban;20 - 25  MPH;Stop And Go Signal;Rain;No;35.59464, -82.554
642;643;Yes;20-24;23;No;With Traffic;C: Possible Injury;Travel Lane;White;Female;None - Rural Crash;Iredell;No;01-01-04;2011-09-22;Motorist Left Turn / Merge;17;Intersection;01-09-01;0001-01-01T12:38:58-04:56;Motorist Left Turn - Opposite Direction;111212;2011;C: Possible Injury;Commercial;70+;;No;6-10 mph;O: No Injury;White;Female;Light Truck (Mini-Van, Panel);No;No;Daylight;Urban (>70% Developed);2 lanes;2;Straight - Level;NC Route;Dry;Two-Way, Not Divided;None;Four-Way Intersection;Smooth Asphalt;Piedmont;Rural;50 - 55  MPH;Stop And Go Signal;Clear;No;35.82808, -80.9186
647;648;Yes;50-59;53;No;With Traffic;C: Possible Injury;Travel Lane;White;Male;Concord;Cabarrus;No;01-01-07;2011-09-18;Motorist Left Turn / Merge;11;Non-Intersection;01-09-01;0001-01-01T06:32:58-04:56;Motorist Left Turn - Opposite Direction;311212;2011;C: Possible Injury;Commercial;60-69;63;No;0-5 mph;O: No Injury;White;Male;Passenger Car;No;No;Daylight;Urban (>70% Developed);2 lanes;2;Straight - Level;Local Street;Dry;Two-Way, Not Divided;None;Driveway, Public;Smooth Asphalt;Piedmont;Urban;40 - 45  MPH;No Control Present;Cloudy;No;35.40436, -80.7143
652;653;Yes;15-Nov;11;No;With Traffic;C: Possible Injury;Sidewalk / Crosswalk / Driveway Crossing;Black;Male;Jacksonville;Onslow;No;01-01-03;2011-09-14;Motorist Failed to Yield - Sign-Controlled Intersection;7;Intersection;01-09-01;0001-01-01T02:30:58-04:56;Motorist Drive Out - Sign-Controlled Intersection;131141;2011;C: Possible Injury;Residential;40-49;41;No;0-5 mph;O: No Injury;White;Female;Light Truck (Mini-Van, Panel);No;No;Daylight;Urban (>70% Developed);2 lanes;2;Straight - Level;Local Street;Water (Standing, Moving);Two-Way, Not Divided;None;Four-Way Intersection;Smooth Asphalt;Coastal;Urban;20 - 25  MPH;Stop Sign;Clear;No;34.77825, -77.4309
654;655;Yes;30-39;39;No;With Traffic;C: Possible Injury;Sidewalk / Crosswalk / Driveway Crossing;Black;Male;Charlotte;Mecklenburg;No;01-01-02;2011-09-20;Motorist Failed to Yield - Signalized Intersection;16;Intersection;01-09-01;0001-01-01T11:11:58-04:56;Motorist Drive Out - Right Turn on Red;131151;2011;C: Possible Injury;Commercial;30-39;33;No;0-5 mph;O: No Injury;Black;Female;Pickup;No;No;Daylight;Urban (>70% Developed);5 lanes;2;Straight - Level;NC Route;Dry;Two-Way, Divided, Positive Median Barrier;None;Four-Way Intersection;Concrete;Piedmont;Urban;40 - 45  MPH;Stop And Go Signal;Clear;No;35.29545, -80.7552
657;658;Yes;10-Jun;6;No;Facing Traffic;B: Evident Injury;Travel Lane;White;Female;Wilmington;New Hanover;No;01-01-04;2011-09-15;Bicyclist Failed to Yield - Sign-Controlled Intersection;16;Intersection;01-09-01;0001-01-01T11:19:58-04:56;Bicyclist Ride Through - Sign-Controlled Intersection;112144;2011;B: Evident Injury;Residential;30-39;38;No;26-30 mph;O: No Injury;Black;Female;Van;No;No;Daylight;Urban (>70% Developed);4 lanes;2;Straight - Level;Local Street;Dry;Two-Way, Not Divided;None;No Special Feature;Coarse Asphalt;Coastal;Urban;20 - 25  MPH;Stop Sign;Clear;No;34.18786, -77.8804
666;667;Yes;25-29;27;No;With Traffic;B: Evident Injury;Travel Lane;White;Male;Eastover;Cumberland;No;01-01-03;2011-09-28;Motorist Left Turn / Merge;19;Intersection;01-09-01;0001-01-01T14:57:58-04:56;Motorist Left Turn - Opposite Direction;111212;2011;B: Evident Injury;Commercial;60-69;60;No;26-30 mph;O: No Injury;White;Male;Pickup;No;No;Dark - Lighted Roadway;Mixed (30% To 70% Developed);6 lanes;2;Straight - Level;US Route;Dry;Two-Way, Not Divided;None;T-Intersection;Coarse Asphalt;Coastal;Rural;40 - 45  MPH;No Control Present;Clear;No;35.08954, -78.7886
667;668;Yes;50-59;56;No;With Traffic;B: Evident Injury;Travel Lane;White;Male;None - Rural Crash;Lincoln;No;;2011-09-26;Head-On;17;Non-Intersection;01-09-01;0001-01-01T12:19:58-04:56;Head-On - Motorist;311255;2011;B: Evident Injury;Residential;20-24;22;No;46-50 mph;O: No Injury;White;Male;Passenger Car;Yes;No;Daylight;Mixed (30% To 70% Developed);2 lanes;2;Straight - Level;State Secondary Route;Dry;Two-Way, Not Divided;None;No Special Feature;Smooth Asphalt;Piedmont;Rural;30 - 35  MPH;Double Yellow Line, No Passing Zone;Clear;No;35.53872, -81.0252
672;673;No;16-19;16;No;With Traffic;C: Possible Injury;Sidewalk / Crosswalk / Driveway Crossing;Black;Male;Rocky Mount;Edgecombe;No;01-01-02;2011-08-09;Parallel Paths - Other Circumstances;17;Non-Intersection;01-08-01;0001-01-01T12:49:58-04:56;Bicyclist Ride Out - Parallel Path;331225;2011;C: Possible Injury;Residential;;;Missing;6-10 mph;Injury;/Missing;;;No;Yes;Daylight;Urban (>70% Developed);2 lanes;2;Straight - Level;Local Street;Dry;Two-Way, Not Divided;None;No Special Feature;Smooth Asphalt;Coastal;Urban;30 - 35  MPH;No Control Present;Clear;No;35.9285, -77.7922
684;685;No;60-69;63;No;With Traffic;C: Possible Injury;Travel Lane;White;Female;None - Rural Crash;Onslow;No;01-01-04;2011-10-06;Motorist Overtaking Bicyclist;15;Non-Intersection;01-10-01;0001-01-01T10:53:58-04:56;Motorist Overtaking - Misjudged Space;311232;2011;C: Possible Injury;Farms, Woods, Pastures;70+;;No;46-50 mph;O: No Injury;White;Male;Pickup;No;No;Daylight;Rural (<30% Developed);4 lanes;2;Straight - Level;NC Route;Dry;Two-Way, Divided, Unprotected Median;None;No Special Feature;Smooth Asphalt;Coastal;Rural;50 - 55  MPH;No Control Present;Clear;No;34.70687, -77.2799
687;688;Yes;50-59;58;No;Facing Traffic;C: Possible Injury;Sidewalk / Crosswalk / Driveway Crossing;White;Male;Winston-Salem;Forsyth;No;01-01-04;2011-09-29;Motorist Right Turn / Merge;9;Non-Intersection;01-09-01;0001-01-01T04:08:58-04:56;Motorist Right Turn - Opposite Direction;332214;2011;C: Possible Injury;Commercial;30-39;34;No;0-5 mph;O: No Injury;Black;Female;Passenger Car;No;No;Daylight;Urban (>70% Developed);2 lanes;2;Straight - Grade;Public Vehicular Area;Dry;Two-Way, Not Divided;None;Driveway, Public;Smooth Asphalt;Piedmont;Urban;;No Control Present;Clear;No;36.07007, -80.2706
700;701;Yes;50-59;53;Yes;Not Applicable;B: Evident Injury;Travel Lane;Hispanic;Male;Raleigh;Wake;Yes;01-01-06;2011-10-08;Bicyclist Failed to Yield - Midblock;18;Non-Intersection;01-10-01;0001-01-01T13:25:58-04:56;Bicyclist Ride Out - Other Midblock;313318;2011;B: Evident Injury;Commercial;30-39;36;No;36-40 mph;O: No Injury;White;Female;Pickup;No;No;Daylight;Urban (>70% Developed);7 lanes;2;Straight - Grade;Local Street;Dry;Two-Way, Divided, Positive Median Barrier;None;Bridge;Smooth Asphalt;Piedmont;Urban;40 - 45  MPH;Stop And Go Signal;Clear;No;35.79254, -78.5853
703;704;Yes;15-Nov;15;No;With Traffic;B: Evident Injury;Travel Lane;White;Male;Wesley Chapel;Union;No;;2011-10-17;Bicyclist Overtaking Motorist;18;Intersection;01-10-01;0001-01-01T13:55:58-04:56;Bicyclist Overtaking - Passing on Left;111242;2011;B: Evident Injury;Residential;40-49;44;No;0-5 mph;O: No Injury;White;Female;Sport Utility;No;No;Daylight;Urban (>70% Developed);2 lanes;2;Straight - Level;State Secondary Route;Dry;Two-Way, Not Divided;None;T-Intersection;Smooth Asphalt;Piedmont;Rural;30 - 35  MPH;Stop Sign;Clear;No;34.9996, -80.6868
308;309;Yes;20-24;23;No;Facing Traffic;C: Possible Injury;Sidewalk / Crosswalk / Driveway Crossing;Black;Male;Charlotte;Mecklenburg;No;01-01-06;2012-05-12;Motorist Failed to Yield - Midblock;18;Non-Intersection;01-05-01;0001-01-01T13:22:58-04:56;Motorist Drive Out - Commercial Driveway / Alley;;2012;C: Possible Injury;Residential;;;Missing;6-10 mph;Injury;Hispanic;Female;Light Truck (Mini-Van, Panel);No;Yes;Daylight;Urban (>70% Developed);2 lanes;2;Straight - Level;Local Street;Dry;Two-Way, Divided, Positive Median Barrier;None;Driveway, Public;Smooth Asphalt;Piedmont;Urban;30 - 35  MPH;No Control Present;Cloudy;No;35.22271, -80.75
310;311;Yes;50-59;58;No;Facing Traffic;C: Possible Injury;Sidewalk / Crosswalk / Driveway Crossing;White;Male;Oak Island;Brunswick;No;01-01-06;2012-05-12;Loss of Control / Turning Error;10;Non-Intersection;01-05-01;0001-01-01T05:23:58-04:56;Motorist Lost Control - Other /;;2012;C: Possible Injury;Residential;0-19;17;No;26-30 mph;O: No Injury;White;Male;Sport Utility;No;No;Daylight;Urban (>70% Developed);3 lanes;3;Straight - Level;Local Street;Dry;Two-Way, Not Divided;None;No Special Feature;Smooth Asphalt;Coastal;Urban;30 - 35  MPH;No Control Present;Clear;No;33.90992, -78.0957
312;313;Yes;20-24;22;No;Facing Traffic;C: Possible Injury;Sidewalk / Crosswalk / Driveway Crossing;Other;Male;Asheboro;Randolph;No;01-01-07;2012-05-20;Motorist Failed to Yield - Midblock;17;Non-Intersection;01-05-01;0001-01-01T12:05:58-04:56;Motorist Drive Out - Commercial Driveway / Alley;;2012;C: Possible Injury;Commercial;40-49;48;No;0-5 mph;O: No Injury;White;Female;Passenger Car;No;No;Daylight;Urban (>70% Developed);2 lanes;2;Straight - Level;Public Vehicular Area;Dry;Two-Way, Not Divided;None;Driveway, Public;Grooved Concrete;Piedmont;Urban;;No Control Present;Clear;No;35.70826, -79.8137
316;317;Yes;20-24;20;No;With Traffic;B: Evident Injury;Travel Lane;White;Male;None - Rural Crash;Wake;No;01-01-04;2012-05-17;Motorist Overtaking Bicyclist;16;Non-Intersection;01-05-01;0001-01-01T11:59:58-04:56;Motorist Overtaking - Bicyclist Swerved;;2012;B: Evident Injury;Residential;25-29;28;No;31-35 mph;O: No Injury;White;Male;Single Unit Truck (3 Or More Axles);No;No;Daylight;Mixed (30% To 70% Developed);2 lanes;2;Straight - Level;State Secondary Route;Dry;Two-Way, Not Divided;None;No Special Feature;Smooth Asphalt;Piedmont;Rural;40 - 45  MPH;Double Yellow Line, No Passing Zone;Clear;No;35.83147, -78.4423