FID;OBJECTID;AmbulanceR;BikeAge_Gr;Bike_Age;Bike_Alc_D;Bike_Dir;Bike_Injur;Bike_Pos;Bike_Race;Bike_Sex;City;County;CrashAlcoh;CrashDay;Crash_Date;Crash_Grp;Crash_Hour;Crash_Loc;Crash_Mont;Crash_Time;Crash_Type;Crash_Ty_1;Crash_Year;Crsh_Sevri;Developmen;DrvrAge_Gr;Drvr_Age;Drvr_Alc_D;Drvr_EstSp;Drvr_Injur;Drvr_Race;Drvr_Sex;Drvr_VehTy;ExcsSpdInd;Hit_Run;Light_Cond;Locality;Num_Lanes;Num_Units;Rd_Charact;Rd_Class;Rd_Conditi;Rd_Config;Rd_Defects;Rd_Feature;Rd_Surface;Region;Rural_Urba;Speed_Limi;Traff_Cntr;Weather;Workzone_I;Location
321;322;Yes;60-69;60;No;With Traffic;C: Possible Injury;Travel Lane;Black;Male;Wilmington;New Hanover;No;01-01-03;2012-05-16;Motorist Failed to Yield - Sign-Controlled Intersection;10;Intersection;01-05-01;0001-01-01T05:21:58-04:56;Motorist Drive Out - Sign-Controlled Intersection;;2012;C: Possible Injury;Residential;40-49;44;No;0-5 mph;O: No Injury;White;Male;Passenger Car;No;No;Daylight;Urban (>70% Developed);4 lanes;2;Straight - Level;Local Street;Dry;Two-Way, Not Divided;None;No Special Feature;Smooth Asphalt;Coastal;Urban;30 - 35  MPH;Stop Sign;Clear;No;34.21798, -77.9426
322;323;Yes;20-24;20;No;With Traffic;B: Evident Injury;Travel Lane;White;Male;Wilmington;New Hanover;No;01-01-03;2012-05-16;Motorist Failed to Yield - Sign-Controlled Intersection;12;Intersection;01-05-01;0001-01-01T07:44:58-04:56;Motorist Drive Out - Sign-Controlled Intersection;;2012;B: Evident Injury;Commercial;50-59;50;No;0-5 mph;O: No Injury;White;Male;Passenger Car;No;No;Daylight;Mixed (30% To 70% Developed);6 lanes;2;Straight - Level;Local Street;Wet;Two-Way, Divided, Positive Median Barrier;None;No Special Feature;Smooth Asphalt;Coastal;Urban;20 - 25  MPH;Stop Sign;Cloudy;No;34.24319, -77.9497
332;333;Yes;40-49;46;No;With Traffic;C: Possible Injury;Travel Lane;Black;Male;Garysburg;Northampton;No;01-01-06;2012-06-02;Motorist Overtaking Bicyclist;1;Non-Intersection;01-06-01;0000-12-31T20:09:58-04:56;Motorist Overtaking - Misjudged Space;;2012;C: Possible Injury;Residential;;;No;;Injury;/Missing;;;No;Yes;Dark - Roadway Not Lighted;Mixed (30% To 70% Developed);2 lanes;2;Straight - Level;US Route;Wet;Two-Way, Not Divided;None;No Special Feature;Smooth Asphalt;Coastal;Rural;40 - 45  MPH;No Control Present;Rain;No;36.45314, -77.5579
335;336;Yes;40-49;47;No;With Traffic;B: Evident Injury;Travel Lane;White;Male;Duck;Dare;No;01-01-07;2012-05-27;Motorist Right Turn / Merge;16;Intersection;01-05-01;0001-01-01T11:38:58-04:56;Motorist Right Turn - Same Direction;;2012;B: Evident Injury;Commercial;70;70;No;21-25 mph;O: No Injury;White;Male;Van;No;No;Daylight;Urban (>70% Developed);3 lanes;2;Straight - Level;NC Route;Dry;Two-Way, Not Divided;None;No Special Feature;Smooth Asphalt;Coastal;Rural;;No Control Present;Clear;No;36.1631, -75.7527
336;337;No;20-24;21;No;With Traffic;O: No Injury;Travel Lane;/Missing;;None - Rural Crash;Alamance;No;;2012-05-14;Crossing Paths - Other Circumstances;7;Intersection-Related;01-05-01;0001-01-01T02:47:58-04:56;Crossing Paths - Uncontrolled Intersection;;2012;O: No Injury;Residential;70;70;No;0-5 mph;O: No Injury;White;Male;Other Bus;No;No;Daylight;Urban (>70% Developed);2 lanes;2;Straight - Level;Local Street;Dry;Two-Way, Not Divided;None;Driveway, Public;Smooth Asphalt;Piedmont;Rural;30 - 35  MPH;Double Yellow Line, No Passing Zone;Cloudy;No;36.10808, -79.4842
343;344;No;15-Nov;11;No;Not Applicable;O: No Injury;Non-Roadway;White;Male;Mooresville;Iredell;No;;2012-05-28;Non-Roadway;20;Non-Roadway;01-05-01;0001-01-01T15:27:58-04:56;Non-Roadway;;2012;O: No Injury;Commercial;50-59;50;No;0-5 mph;O: No Injury;White;Female;Sport Utility;No;No;Daylight;Urban (>70% Developed);;2;Straight - Level;Public Vehicular Area;Dry;Two-Way, Not Divided;None;No Special Feature;Smooth Asphalt;Piedmont;Urban;5 - 15 MPH;No Control Present;Clear;No;35.53492, -80.8001
344;345;Yes;30-39;30;No;With Traffic;B: Evident Injury;Travel Lane;/Missing;;Wrightsville Beach;New Hanover;No;01-01-07;2012-05-27;Motorist Left Turn / Merge;12;Intersection;01-05-01;0001-01-01T07:30:58-04:56;Motorist Left Turn - Same Direction;;2012;B: Evident Injury;Residential;40-49;40;No;6-10 mph;O: No Injury;White;Female;Sport Utility;No;No;Daylight;Mixed (30% To 70% Developed);2 lanes;2;Straight - Level;Local Street;Dry;Two-Way, Not Divided;None;No Special Feature;Smooth Asphalt;Coastal;Rural;20 - 25  MPH;No Control Present;Clear;No;34.20949, -77.7948
346;347;No;16-19;16;No;With Traffic;C: Possible Injury;Travel Lane;White;Female;Wilmington;New Hanover;No;01-01-02;2012-05-29;Crossing Paths - Other Circumstances;9;Intersection;01-05-01;0001-01-01T04:20:58-04:56;Signalized Intersection - Other /;;2012;C: Possible Injury;Commercial;;;No;;Injury;/Missing;;;No;Yes;Daylight;Urban (>70% Developed);2 lanes;2;Straight - Level;Local Street;Wet;One-Way, Not Divided;None;No Special Feature;Smooth Asphalt;Coastal;Urban;30 - 35  MPH;Stop And Go Signal;Rain;No;34.23593, -77.9275
356;357;Yes;15-Nov;13;No;Facing Traffic;C: Possible Injury;Sidewalk / Crosswalk / Driveway Crossing;White;Male;Cary;Wake;No;01-01-06;2012-05-19;Crossing Paths - Other Circumstances;13;Intersection;01-05-01;0001-01-01T08:35:58-04:56;Signalized Intersection - Other /;;2012;C: Possible Injury;Commercial;0-19;18;No;0-5 mph;O: No Injury;White;Female;Sport Utility;No;No;Daylight;Urban (>70% Developed);5 lanes;2;Straight - Level;State Secondary Route;Dry;Two-Way, Not Divided;None;Related To Intersection;Smooth Asphalt;Piedmont;Urban;40 - 45  MPH;Stop And Go Signal;Clear;No;35.79135, -78.8475
358;359;No;;0;Missing;Facing Traffic;Injury;Sidewalk / Crosswalk / Driveway Crossing;/Missing;;Cary;Wake;No;01-01-05;2012-05-25;Motorist Failed to Yield - Midblock;11;Non-Intersection;01-05-01;0001-01-01T06:43:58-04:56;Motorist Drive Out - Commercial Driveway / Alley;;2012;O: No Injury;Commercial;40-49;49;No;0-5 mph;O: No Injury;White;Male;Passenger Car;No;No;Daylight;Urban (>70% Developed);2 lanes;2;Straight - Level;Public Vehicular Area;Dry;Two-Way, Divided, Unprotected Median;None;Driveway, Private;Smooth Asphalt;Piedmont;Urban;40 - 45  MPH;Stop Sign;Clear;No;35.76359, -78.747
366;367;Yes;20-24;23;No;With Traffic;B: Evident Injury;Travel Lane;White;Male;Raleigh;Wake;No;01-01-07;2012-06-03;Motorist Left Turn / Merge;1;Intersection;01-06-01;0000-12-31T20:05:58-04:56;Motorist Left Turn - Opposite Direction;;2012;B: Evident Injury;Commercial;;;Missing;21-25 mph;Injury;/Missing;;Passenger Car;No;Yes;Dark - Lighted Roadway;Rural (<30% Developed);3 lanes;2;Straight - Level;Local Street;Dry;Two-Way, Divided, Unprotected Median;None;T-Intersection;Coarse Asphalt;Piedmont;Urban;30 - 35  MPH;No Control Present;Clear;No;35.78313, -78.656
368;369;No;20-24;22;Yes;With Traffic;O: No Injury;Travel Lane;White;Female;Emerald Isle;Carteret;Yes;01-01-06;2012-05-26;Motorist Overtaking Bicyclist;23;Non-Intersection;01-05-01;0001-01-01T18:14:58-04:56;Motorist Overtaking - Other /;;2012;O: No Injury;Residential;25-29;25;No;41-45 mph;O: No Injury;White;Male;Sport Utility;No;No;Dark - Roadway Not Lighted;Urban (>70% Developed);2 lanes;2;Straight - Level;NC Route;Wet;Two-Way, Divided, Unprotected Median;None;No Special Feature;Smooth Asphalt;Coastal;Rural;40 - 45  MPH;No Control Present;Rain;No;34.68207, -76.9217
370;371;No;20-24;20;No;Facing Traffic;O: No Injury;Travel Lane;White;Male;Cary;Wake;No;01-01-02;2012-05-29;Crossing Paths - Other Circumstances;15;Intersection;01-05-01;0001-01-01T10:16:58-04:56;Crossing Paths - Intersection - Other /;;2012;O: No Injury;Commercial;60-69;61;No;6-10 mph;O: No Injury;Black;Female;Pickup;No;No;Daylight;Urban (>70% Developed);5 lanes;2;Straight - Level;State Secondary Route;Dry;Two-Way, Not Divided;None;Four-Way Intersection;Smooth Asphalt;Piedmont;Urban;30 - 35  MPH;Stop And Go Signal;Cloudy;No;35.76929, -78.782
376;377;Yes;30-39;37;No;With Traffic;B: Evident Injury;Bike Lane / Paved Shoulder;White;Female;None - Rural Crash;Dare;No;01-01-05;2012-06-15;Motorist Failed to Yield - Sign-Controlled Intersection;23;Intersection;01-06-01;0001-01-01T18:08:58-04:56;Motorist Drive Out - Sign-Controlled Intersection;;2012;B: Evident Injury;Residential;60-69;60;No;0-5 mph;O: No Injury;White;Male;Sport Utility;No;No;Dark - Roadway Not Lighted;Urban (>70% Developed);2 lanes;2;Straight - Level;NC Route;Dry;Two-Way, Not Divided;None;T-Intersection;Coarse Asphalt;Coastal;Rural;30 - 35  MPH;Double Yellow Line, No Passing Zone;Clear;No;35.56312, -75.469
378;379;No;30-39;32;No;With Traffic;O: No Injury;Travel Lane;Black;Male;Fayetteville;Cumberland;No;01-01-06;2012-06-09;Motorist Overtaking Bicyclist;21;Non-Intersection;01-06-01;0001-01-01T16:47:58-04:56;Motorist Overtaking - Other /;;2012;O: No Injury;Commercial;;;Missing;;Injury;/Missing;;;No;Yes;Dark - Lighted Roadway;Urban (>70% Developed);5 lanes;2;Straight - Grade;NC Route;Dry;Two-Way, Not Divided;None;No Special Feature;Smooth Asphalt;Coastal;Urban;;No Control Present;Clear;No;35.04407, -78.9812
381;382;Yes;40-49;41;No;Facing Traffic;C: Possible Injury;Travel Lane;Black;Male;New Bern;Craven;No;01-01-05;2012-06-15;Motorist Failed to Yield - Sign-Controlled Intersection;15;Intersection;01-06-01;0001-01-01T11:00:58-04:56;Motorist Drive Out - Sign-Controlled Intersection;;2012;C: Possible Injury;Residential;50-59;58;No;0-5 mph;O: No Injury;Black;Female;Passenger Car;No;No;Daylight;Urban (>70% Developed);2 lanes;2;Curve - Level;Local Street;Dry;Two-Way, Not Divided;None;T-Intersection;Smooth Asphalt;Coastal;Urban;20 - 25  MPH;Stop Sign;Cloudy;No;35.11075, -77.064
385;386;Yes;10-Jun;7;No;With Traffic;C: Possible Injury;Travel Lane;Black;Female;Wilson;Wilson;No;01-01-07;2012-05-27;Motorist Failed to Yield - Sign-Controlled Intersection;17;Intersection;01-05-01;0001-01-01T12:04:58-04:56;Motorist Drive Out - Sign-Controlled Intersection;;2012;C: Possible Injury;Residential;;;Missing;0-5 mph;Injury;/Missing;;;No;Yes;Daylight;Mixed (30% To 70% Developed);2 lanes;2;Straight - Level;Local Street;Wet;Two-Way, Not Divided;None;No Special Feature;Coarse Asphalt;Coastal;Urban;30 - 35  MPH;Stop Sign;Cloudy;No;35.7145, -77.8952
386;387;Yes;15-Nov;12;No;With Traffic;B: Evident Injury;Travel Lane;Black;Male;None - Rural Crash;Sampson;No;01-01-06;2012-05-26;Motorist Overtaking Bicyclist;16;Non-Intersection;01-05-01;0001-01-01T12:00:58-04:56;Motorist Overtaking - Bicyclist Swerved;;2012;B: Evident Injury;Farms, Woods, Pastures;30-39;36;No;31-35 mph;O: No Injury;Black;Female;Sport Utility;No;No;Daylight;Rural (<30% Developed);2 lanes;2;Straight - Level;State Secondary Route;Dry;Two-Way, Not Divided;None;Driveway, Private;Coarse Asphalt;Coastal;Rural;50 - 55  MPH;Double Yellow Line, No Passing Zone;Clear;No;34.77522, -78.3329
390;391;No;40-49;45;No;With Traffic;C: Possible Injury;Travel Lane;White;Male;Charlotte;Mecklenburg;No;01-01-05;2012-06-15;Motorist Overtaking Bicyclist;16;Intersection;01-06-01;0001-01-01T11:25:58-04:56;Motorist Overtaking - Other /;;2012;C: Possible Injury;Commercial;;;Missing;6-10 mph;Injury;/Missing;;;No;Yes;Daylight;Urban (>70% Developed);4 lanes;2;Straight - Level;Local Street;Dry;Two-Way, Not Divided;None;No Special Feature;Concrete;Piedmont;Urban;40 - 45  MPH;Stop And Go Signal;Clear;No;35.2354, -80.8404
395;396;Yes;20-24;24;No;With Traffic;B: Evident Injury;Travel Lane;Black;Male;Charlotte;Mecklenburg;No;01-01-05;2012-05-04;Motorist Left Turn / Merge;16;Non-Intersection;01-05-01;0001-01-01T11:20:58-04:56;Motorist Left Turn - Opposite Direction;;2012;B: Evident Injury;Commercial;25-29;29;No;6-10 mph;O: No Injury;Hispanic;Female;Van;No;No;Daylight;Urban (>70% Developed);4 lanes;2;Straight - Level;Local Street;Dry;Two-Way, Not Divided;None;No Special Feature;Smooth Asphalt;Piedmont;Urban;30 - 35  MPH;No Control Present;Clear;No;35.21946, -80.8021
397;398;Yes;20-24;22;No;With Traffic;C: Possible Injury;Sidewalk / Crosswalk / Driveway Crossing;Black;Male;Greensboro;Guilford;No;01-01-03;2012-06-20;Motorist Failed to Yield - Sign-Controlled Intersection;8;Intersection;01-06-01;0001-01-01T03:52:58-04:56;Motorist Drive Out - Sign-Controlled Intersection;;2012;C: Possible Injury;Commercial;60-69;60;No;0-5 mph;O: No Injury;Black;Female;Van;No;No;Daylight;Urban (>70% Developed);4 lanes;2;Straight - Level;Local Street;Dry;Two-Way, Divided, Positive Median Barrier;None;T-Intersection;Smooth Asphalt;Piedmont;Urban;30 - 35  MPH;Stop Sign;Clear;No;36.08868, -79.7746
403;404;No;30-39;35;No;Facing Traffic;C: Possible Injury;Sidewalk / Crosswalk / Driveway Crossing;White;Male;Greenville;Pitt;No;01-01-04;2012-06-07;Motorist Failed to Yield - Sign-Controlled Intersection;11;Intersection;01-06-01;0001-01-01T06:45:58-04:56;Motorist Drive Out - Sign-Controlled Intersection;;2012;C: Possible Injury;Commercial;25-29;29;No;;O: No Injury;White;Female;Passenger Car;No;No;Dusk;Urban (>70% Developed);2 lanes;2;Straight - Level;Local Street;Dry;Two-Way, Not Divided;None;No Special Feature;Coarse Asphalt;Coastal;Urban;30 - 35  MPH;Stop Sign;Clear;No;35.58078, -77.3649
405;406;Yes;50-59;54;No;With Traffic;B: Evident Injury;Travel Lane;White;Male;None - Rural Crash;Buncombe;No;01-01-04;2012-06-14;Motorist Failed to Yield - Sign-Controlled Intersection;10;Intersection;01-06-01;0001-01-01T05:13:58-04:56;Motorist Drive Out - Sign-Controlled Intersection;;2012;B: Evident Injury;Residential;40-49;45;No;0-5 mph;O: No Injury;White;Male;Single Unit Truck (3 Or More Axles);No;No;Daylight;Urban (>70% Developed);2 lanes;2;Curve - Bottom;State Secondary Route;Dry;Two-Way, Not Divided;None;T-Intersection;Smooth Asphalt;Mountains;Rural;30 - 35  MPH;Stop Sign;Clear;No;35.60149, -82.4855
412;413;No;25-29;29;No;With Traffic;O: No Injury;Sidewalk / Crosswalk / Driveway Crossing;White;Female;Durham;Durham;No;01-01-04;2012-06-28;Crossing Paths - Other Circumstances;16;Intersection;01-06-01;0001-01-01T11:14:58-04:56;Signalized Intersection - Other /;;2012;O: No Injury;Commercial;70;70;No;16-20 mph;O: No Injury;Black;Male;Passenger Car;No;No;Daylight;Urban (>70% Developed);2 lanes;2;Straight - Level;Local Street;Dry;Two-Way, Not Divided;None;No Special Feature;Coarse Asphalt;Piedmont;Urban;30 - 35  MPH;Stop And Go Signal;Clear;No;35.9838, -78.9121
413;414;No;30-39;38;No;With Traffic;B: Evident Injury;Travel Lane;White;Male;Raleigh;Wake;Yes;01-01-06;2012-06-02;Motorist Overtaking Bicyclist;14;Non-Intersection;01-06-01;0001-01-01T10:01:58-04:56;Motorist Overtaking - Other /;;2012;B: Evident Injury;Commercial;40-49;48;Yes;41-45 mph;O: No Injury;Black;Female;Sport Utility;No;Yes;Daylight;Urban (>70% Developed);5 lanes;2;Curve - Level;Local Street;Dry;Two-Way, Divided, Unprotected Median;None;No Special Feature;Coarse Asphalt;Piedmont;Urban;40 - 45  MPH;No Control Present;Clear;No;35.90577, -78.6023
419;420;Yes;15-Nov;15;No;With Traffic;C: Possible Injury;Travel Lane;Black;Male;Greensboro;Guilford;No;01-01-04;2012-06-28;Bicyclist Failed to Yield - Sign-Controlled Intersection;14;Intersection;01-06-01;0001-01-01T09:42:58-04:56;Bicyclist Ride Through - Sign-Controlled Intersection;;2012;C: Possible Injury;Commercial;20-24;21;No;21-25 mph;O: No Injury;Black;Female;Passenger Car;No;No;Daylight;Urban (>70% Developed);2 lanes;2;Straight - Level;Local Street;Dry;Two-Way, Not Divided;None;No Special Feature;Smooth Asphalt;Piedmont;Urban;30 - 35  MPH;No Control Present;Clear;No;36.04188, -79.8158
420;421;Yes;50-59;54;No;Facing Traffic;C: Possible Injury;Sidewalk / Crosswalk / Driveway Crossing;White;Male;Charlotte;Mecklenburg;No;01-01-03;2012-06-27;Motorist Failed to Yield - Midblock;20;Non-Intersection;01-06-01;0001-01-01T15:26:58-04:56;Motorist Drive Out - Commercial Driveway / Alley;;2012;C: Possible Injury;Residential;25-29;29;No;11-15 mph;O: No Injury;Black;Male;Passenger Car;No;No;Dusk;Urban (>70% Developed);2 lanes;2;Straight - Hillcrest;Public Vehicular Area;Dry;Two-Way, Not Divided;None;No Special Feature;Smooth Asphalt;Piedmont;Urban;5 - 15 MPH;Stop Sign;Clear;No;35.20857, -80.7577
423;424;Yes;15-Nov;11;No;With Traffic;A: Disabling Injury;Travel Lane;Black;Male;Fayetteville;Cumberland;No;01-01-04;2012-06-21;Bicyclist Failed to Yield - Sign-Controlled Intersection;14;Intersection;01-06-01;0001-01-01T09:25:58-04:56;Bicyclist Ride Through - Sign-Controlled Intersection;;2012;A: Disabling Injury;Residential;60-69;60;No;21-25 mph;O: No Injury;Black;Female;Passenger Car;No;No;Daylight;Urban (>70% Developed);2 lanes;2;Straight - Level;Local Street;Dry;Two-Way, Not Divided;None;T-Intersection;Coarse Asphalt;Coastal;Urban;20 - 25  MPH;Stop Sign;Clear;No;35.09342, -78.9246
426;427;Yes;30-39;33;No;With Traffic;B: Evident Injury;Travel Lane;Hispanic;Male;Newport;Carteret;No;01-01-07;2012-06-24;Motorist Overtaking Bicyclist;23;Non-Intersection;01-06-01;0001-01-01T18:14:58-04:56;Motorist Overtaking - Other /;;2012;B: Evident Injury;Residential;;;Missing;;Injury;/Missing;;;No;Yes;Dark - Roadway Not Lighted;Mixed (30% To 70% Developed);5 lanes;2;Straight - Level;NC Route;Dry;Two-Way, Not Divided;None;Bridge Approach;Smooth Asphalt;Coastal;Rural;50 - 55  MPH;No Control Present;Clear;No;34.72906, -76.8997
428;429;No;20-24;21;No;With Traffic;O: No Injury;Travel Lane;White;Male;Sunset Beach;Brunswick;No;01-01-06;2012-06-23;Motorist Overtaking Bicyclist;23;Non-Intersection;01-06-01;0001-01-01T18:31:58-04:56;Motorist Overtaking - Other /;;2012;O: No Injury;Residential;30-39;30;No;41-45 mph;O: No Injury;White;Female;Passenger Car;No;No;Dark - Roadway Not Lighted;Mixed (30% To 70% Developed);2 lanes;2;Curve - Grade;Local Street;Dry;Two-Way, Not Divided;None;No Special Feature;Coarse Asphalt;Coastal;Rural;40 - 45  MPH;No Control Present;Clear;No;33.89194, -78.505
433;434;Yes;20-24;20;No;Facing Traffic;B: Evident Injury;Travel Lane;White;Male;None - Rural Crash;Wilson;No;01-01-04;2012-06-28;Head-On;5;Non-Intersection;01-06-01;0001-01-01T00:31:58-04:56;Head-On - Bicyclist;;2012;B: Evident Injury;Residential;50-59;53;No;36-40 mph;O: No Injury;White;Male;Van;No;No;Dark - Roadway Not Lighted;Urban (>70% Developed);2 lanes;2;Straight - Level;US Route;Dry;Two-Way, Not Divided;None;No Special Feature;Coarse Asphalt;Coastal;Rural;40 - 45  MPH;No Control Present;Clear;No;35.66194, -77.7871
438;439;Yes;40-49;49;No;With Traffic;K: Killed;Travel Lane;White;Male;Raleigh;Wake;No;01-01-03;2012-07-04;Motorist Overtaking Bicyclist;14;Non-Intersection;01-07-01;0001-01-01T09:18:58-04:56;Motorist Overtaking - Misjudged Space;;2012;K: Killed;Commercial;25-29;28;No;31-35 mph;O: No Injury;White;Male;Tractor/Semi-Trailer;No;No;Daylight;Urban (>70% Developed);6 lanes;2;Curve - Grade;NC Route;Dry;Two-Way, Divided, Unprotected Median;None;No Special Feature;Smooth Asphalt;Piedmont;Urban;50 - 55  MPH;No Control Present;Clear;No;35.8763, -78.5398
442;443;No;0-5;5;No;With Traffic;C: Possible Injury;Travel Lane;Black;Female;Rocky Mount;Edgecombe;No;01-01-07;2012-06-17;Bicyclist Failed to Yield - Sign-Controlled Intersection;18;Intersection-Related;01-06-01;0001-01-01T14:00:58-04:56;Bicyclist Ride Through - Sign-Controlled Intersection;;2012;C: Possible Injury;Residential;20-24;22;No;16-20 mph;O: No Injury;Black;Female;Passenger Car;No;No;Daylight;Urban (>70% Developed);2 lanes;2;Straight - Level;Local Street;Dry;Two-Way, Not Divided;None;Four-Way Intersection;Coarse Asphalt;Coastal;Urban;30 - 35  MPH;Stop Sign;Clear;No;35.92692, -77.7896
452;453;Yes;20-24;22;No;With Traffic;C: Possible Injury;Travel Lane;White;Male;Wilmington;New Hanover;No;01-01-07;2012-06-10;Motorist Failed to Yield - Sign-Controlled Intersection;17;Intersection;01-06-01;0001-01-01T12:11:58-04:56;Motorist Drive Out - Sign-Controlled Intersection;;2012;C: Possible Injury;Residential;0-19;19;No;11-15 mph;O: No Injury;White;Male;Passenger Car;No;No;Daylight;Urban (>70% Developed);4 lanes;2;Straight - Level;Local Street;Dry;Two-Way, Not Divided;None;Four-Way Intersection;Smooth Asphalt;Coastal;Urban;20 - 25  MPH;Stop Sign;Clear;No;34.22996, -77.871
461;462;Yes;15-Nov;11;No;Not Applicable;B: Evident Injury;Non-Roadway;Black;Male;Gastonia;Gaston;No;01-01-07;2012-06-10;Bicyclist Failed to Yield - Signalized Intersection;14;Intersection;01-06-01;0001-01-01T09:59:58-04:56;Bicyclist Ride Out - Signalized  Intersection;;2012;B: Evident Injury;Residential;25-29;27;No;31-35 mph;C: Possible Injury;Black;Female;Passenger Car;No;No;Daylight;Rural (<30% Developed);3 lanes;2;Straight - Grade;NC Route;Dry;Two-Way, Not Divided;None;Four-Way Intersection;Smooth Asphalt;Piedmont;Urban;30 - 35  MPH;Stop And Go Signal;Clear;No;35.26343, -81.1998
465;466;Yes;50-59;51;No;With Traffic;B: Evident Injury;Travel Lane;White;Male;None - Rural Crash;Wilson;No;;2012-07-16;Motorist Overtaking Bicyclist;8;Non-Intersection;01-07-01;0001-01-01T03:46:58-04:56;Motorist Overtaking - Misjudged Space;;2012;B: Evident Injury;Farms, Woods, Pastures;60-69;64;No;51-55 mph;O: No Injury;Black;Male;Pickup;No;No;Daylight;Rural (<30% Developed);2 lanes;2;Straight - Level;State Secondary Route;Dry;Two-Way, Not Divided;None;No Special Feature;Coarse Asphalt;Coastal;Rural;50 - 55  MPH;No Control Present;Cloudy;No;35.66792, -77.9153
466;467;Yes;20-24;23;No;With Traffic;C: Possible Injury;Travel Lane;White;Male;Mount Holly;Gaston;No;01-01-04;2012-06-28;Motorist Right Turn / Merge;11;Intersection;01-06-01;0001-01-01T06:19:58-04:56;Motorist Right Turn - Same Direction;;2012;C: Possible Injury;Residential;30-39;35;No;;O: No Injury;Hispanic;Male;Pickup;No;No;Daylight;Urban (>70% Developed);4 lanes;2;Straight - Level;NC Route;Dry;Two-Way, Not Divided;Work Zone;Four-Way Intersection;Smooth Asphalt;Piedmont;Urban;30 - 35  MPH;Stop And Go Signal;Clear;No;35.29715, -81.0127
471;472;No;40-49;47;No;Not Applicable;C: Possible Injury;Non-Roadway;White;Male;Kernersville;Forsyth;No;01-01-07;2012-07-08;Non-Roadway;12;Non-Roadway;01-07-01;0001-01-01T08:02:58-04:56;Non-Roadway;;2012;C: Possible Injury;Residential;60-69;62;No;0-5 mph;O: No Injury;White;Female;Van;No;No;Daylight;Urban (>70% Developed);;2;Curve - Level;Public Vehicular Area;Dry;Two-Way, Not Divided;None;Driveway, Public;Coarse Asphalt;Piedmont;Urban;5 - 15 MPH;No Control Present;Clear;No;36.11846, -80.0859
473;474;No;40-49;46;No;With Traffic;B: Evident Injury;Travel Lane;White;Male;Kings Mountain;Cleveland;No;01-01-07;2012-06-10;Motorist Overtaking Bicyclist;9;Non-Intersection;01-06-01;0001-01-01T04:27:58-04:56;Motorist Overtaking - Other /;;2012;B: Evident Injury;Residential;70;70;No;16-20 mph;O: No Injury;White;Female;Passenger Car;No;No;Daylight;Urban (>70% Developed);2 lanes;2;Straight - Grade;Local Street;Dry;Two-Way, Not Divided;None;Y-Intersection;Smooth Asphalt;Mountains;Urban;20 - 25  MPH;Stop Sign;Clear;No;35.2523, -81.3347
477;478;Yes;10-Jun;10;No;;B: Evident Injury;Non-Roadway;Native American;Female;None - Rural Crash;Hoke;No;01-01-02;2012-07-17;Motorist Failed to Yield - Sign-Controlled Intersection;15;Intersection-Related;01-07-01;0001-01-01T10:35:58-04:56;Motorist Drive Out - Sign-Controlled Intersection;;2012;B: Evident Injury;Commercial;0-19;18;No;16-20 mph;O: No Injury;Hispanic;Male;Pickup;No;No;Daylight;Mixed (30% To 70% Developed);2 lanes;2;Straight - Grade;State Secondary Route;Dry;Two-Way, Not Divided;None;No Special Feature;Coarse Asphalt;Coastal;Rural;40 - 45  MPH;Double Yellow Line, No Passing Zone;Clear;No;35.04901, -79.4349
483;484;No;20-24;20;No;Facing Traffic;C: Possible Injury;Sidewalk / Crosswalk / Driveway Crossing;White;Male;Gastonia;Gaston;No;01-01-02;2012-07-10;Motorist Failed to Yield - Midblock;14;Non-Intersection;01-07-01;0001-01-01T09:08:58-04:56;Motorist Drive Out - Commercial Driveway / Alley;;2012;C: Possible Injury;Commercial;;;Missing;6-10 mph;Injury;/Missing;;;No;Yes;Daylight;Urban (>70% Developed);;2;Straight - Grade;Public Vehicular Area;Dry;Two-Way, Not Divided;None;Driveway, Public;Concrete;Piedmont;Urban;;Stop Sign;Clear;No;35.26012, -81.1295
486;487;Yes;40-49;44;Yes;With Traffic;B: Evident Injury;Travel Lane;White;Male;Tobaccoville;Forsyth;Yes;;2012-07-23;Motorist Overtaking Bicyclist;20;Intersection-Related;01-07-01;0001-01-01T15:07:58-04:56;Motorist Overtaking - Bicyclist Swerved;;2012;B: Evident Injury;Farms, Woods, Pastures;25-29;29;No;41-45 mph;O: No Injury;Black;Male;Pickup;No;No;Dusk;Rural (<30% Developed);2 lanes;2;Curve - Level;State Secondary Route;Dry;Two-Way, Not Divided;None;No Special Feature;Coarse Asphalt;Piedmont;Rural;40 - 45  MPH;Double Yellow Line, No Passing Zone;Clear;No;36.23396, -80.3805
487;488;No;30-39;36;No;Not Applicable;C: Possible Injury;;Black;Male;Henderson;Vance;No;;2012-06-18;Bicyclist Failed to Yield - Midblock;17;Non-Intersection;01-06-01;0001-01-01T12:12:58-04:56;Bicyclist Ride Out - Other Midblock;;2012;C: Possible Injury;Commercial;20-24;23;No;26-30 mph;O: No Injury;Black;Male;Passenger Car;No;No;Daylight;Urban (>70% Developed);4 lanes;2;Straight - Level;Local Street;Dry;Two-Way, Not Divided;None;No Special Feature;Coarse Asphalt;Piedmont;Urban;30 - 35  MPH;No Control Present;Clear;No;36.33259, -78.4022