FID;OBJECTID;AmbulanceR;BikeAge_Gr;Bike_Age;Bike_Alc_D;Bike_Dir;Bike_Injur;Bike_Pos;Bike_Race;Bike_Sex;City;County;CrashAlcoh;CrashDay;Crash_Date;Crash_Grp;Crash_Hour;Crash_Loc;Crash_Mont;Crash_Time;Crash_Type;Crash_Ty_1;Crash_Year;Crsh_Sevri;Developmen;DrvrAge_Gr;Drvr_Age;Drvr_Alc_D;Drvr_EstSp;Drvr_Injur;Drvr_Race;Drvr_Sex;Drvr_VehTy;ExcsSpdInd;Hit_Run;Light_Cond;Locality;Num_Lanes;Num_Units;Rd_Charact;Rd_Class;Rd_Conditi;Rd_Config;Rd_Defects;Rd_Feature;Rd_Surface;Region;Rural_Urba;Speed_Limi;Traff_Cntr;Weather;Workzone_I;Location
488;489;Yes;30-39;32;No;With Traffic;B: Evident Injury;Travel Lane;Black;Male;Greenville;Pitt;No;;2012-07-23;Crossing Paths - Other Circumstances;22;Intersection;01-07-01;0001-01-01T17:24:58-04:56;Signalized Intersection - Other /;;2012;B: Evident Injury;Commercial;25-29;25;No;41-45 mph;O: No Injury;Black;Male;Passenger Car;No;No;Dark - Lighted Roadway;Urban (>70% Developed);5 lanes;2;Straight - Level;US Route;Wet;Two-Way, Not Divided;None;No Special Feature;Coarse Asphalt;Coastal;Urban;40 - 45  MPH;Stop And Go Signal;Cloudy;No;35.58581, -77.3706
499;500;Yes;10-Jun;7;No;Not Applicable;C: Possible Injury;Non-Roadway;Black;Female;Greenville;Pitt;No;01-01-05;2012-07-20;Non-Roadway;20;Non-Roadway;01-07-01;0001-01-01T15:52:58-04:56;Non-Roadway;;2012;C: Possible Injury;Residential;;;Missing;0-5 mph;Injury;/Missing;;Passenger Car;No;Yes;Dusk;Urban (>70% Developed);;2;Curve - Level;Public Vehicular Area;Wet;Two-Way, Not Divided;None;No Special Feature;Coarse Asphalt;Coastal;Urban;5 - 15 MPH;No Control Present;Rain;No;35.55517, -77.4144
501;502;No;15-Nov;15;No;;C: Possible Injury;;/Missing;Male;Charlotte;Mecklenburg;No;01-01-04;2012-07-19;Bicyclist Failed to Yield - Midblock;14;Non-Intersection;01-07-01;0001-01-01T09:37:58-04:56;Bicyclist Ride Out - Other Midblock;;2012;C: Possible Injury;Commercial;;;Missing;41-45 mph;Injury;/Missing;;Pickup;No;Yes;Daylight;Urban (>70% Developed);4 lanes;2;Straight - Level;Local Street;Dry;Two-Way, Not Divided;None;No Special Feature;Smooth Asphalt;Piedmont;Urban;40 - 45  MPH;No Control Present;Clear;No;35.22796, -80.7268
508;509;Yes;16-19;16;No;Facing Traffic;B: Evident Injury;Travel Lane;White;Male;Jacksonville;Onslow;No;01-01-07;2012-07-01;Bicyclist Failed to Yield - Signalized Intersection;15;Intersection;01-07-01;0001-01-01T10:57:58-04:56;Bicyclist Ride Out - Signalized  Intersection;;2012;B: Evident Injury;Commercial;40-49;48;No;16-20 mph;O: No Injury;Black;Male;Pickup;No;No;Daylight;Urban (>70% Developed);5 lanes;2;Straight - Level;Local Street;Dry;Two-Way, Not Divided;None;Four-Way Intersection;Smooth Asphalt;Coastal;Urban;40 - 45  MPH;Stop And Go Signal;Clear;No;34.79647, -77.4378
511;512;Yes;50-59;50;No;Facing Traffic;C: Possible Injury;Travel Lane;White;Male;Salisbury;Rowan;No;01-01-07;2012-07-29;Motorist Failed to Yield - Sign-Controlled Intersection;12;Intersection;01-07-01;0001-01-01T07:47:58-04:56;Motorist Drive Out - Sign-Controlled Intersection;;2012;C: Possible Injury;Commercial;40-49;48;No;0-5 mph;O: No Injury;White;Male;Van;No;No;Daylight;Urban (>70% Developed);2 lanes;2;Straight - Level;Public Vehicular Area;Dry;Two-Way, Not Divided;None;Driveway, Public;Smooth Asphalt;Piedmont;Urban;30 - 35  MPH;No Control Present;Clear;No;35.6589, -80.461
525;526;Yes;40-49;41;No;With Traffic;B: Evident Injury;Travel Lane;White;Male;Winston-Salem;Forsyth;No;01-01-05;2012-07-27;Motorist Left Turn / Merge;9;Intersection;01-07-01;0001-01-01T04:47:58-04:56;Motorist Left Turn - Opposite Direction;;2012;B: Evident Injury;Commercial;70;70;No;;O: No Injury;White;Female;Passenger Car;No;No;Daylight;Urban (>70% Developed);5 lanes;2;Straight - Grade;Local Street;Dry;Two-Way, Not Divided;None;T-Intersection;Smooth Asphalt;Piedmont;Urban;50 - 55  MPH;No Control Present;Cloudy;No;36.03285, -80.3371
567;568;No;15-Nov;14;No;Facing Traffic;C: Possible Injury;Travel Lane;Black;Male;Wilson;Wilson;No;01-01-02;2010-08-03;Bicyclist Failed to Yield - Signalized Intersection;11;Intersection;01-08-01;0001-01-01T06:52:58-04:56;Bicyclist Ride Through - Signalized Intersection;0;2010;C: Possible Injury;Commercial;50-59;56;No;11-15 mph;O: No Injury;Black;Female;Passenger Car;No;No;Daylight;Urban (>70% Developed);3 lanes;2;Straight - Level;Local Street;Dry;Two-Way, Not Divided;None;Four-Way Intersection;Smooth Asphalt;Coastal;Urban;30 - 35  MPH;Stop And Go Signal;Clear;No;35.718597, -77.93444
569;570;Yes;16-19;17;No;Facing Traffic;C: Possible Injury;Travel Lane;Black;Male;Fayetteville;Cumberland;No;;2010-08-09;Head-On;17;Non-Intersection;01-08-01;0001-01-01T12:32:58-04:56;Head-On - Bicyclist;0;2010;C: Possible Injury;Residential;70+;;No;0-5 mph;O: No Injury;White;Male;Passenger Car;No;No;Daylight;Urban (>70% Developed);2 lanes;2;Straight - Level;Local Street;Dry;Two-Way, Divided, Positive Median Barrier;None;No Special Feature;Coarse Asphalt;Coastal;Urban;20 - 25  MPH;No Control Present;Clear;No;35.07643, -78.99481
577;578;Yes;15-Nov;14;No;With Traffic;B: Evident Injury;Travel Lane;Hispanic;Male;None - Rural Crash;Johnston;No;01-01-06;2010-08-21;Bicyclist Failed to Yield - Midblock;16;Non-Intersection;01-08-01;0001-01-01T11:44:58-04:56;Bicyclist Ride Out - Other Midblock;0;2010;B: Evident Injury;Farms, Woods, Pastures;70+;;No;36-40 mph;C: Possible Injury;White;Male;Passenger Car;No;No;Daylight;Rural (<30% Developed);4 lanes;2;Straight - Level;US Route;Dry;Two-Way, Divided, Unprotected Median;None;No Special Feature;Coarse Asphalt;Coastal;Rural;50 - 55  MPH;No Control Present;Clear;No;35.560375, -78.390656
578;579;Yes;25-29;25;No;Facing Traffic;C: Possible Injury;Sidewalk / Crosswalk / Driveway Crossing;White;Female;Jacksonville;Onslow;No;01-01-02;2010-08-03;Motorist Failed to Yield - Midblock;15;Non-Intersection;01-08-01;0001-01-01T10:11:58-04:56;Motorist Drive Out - Other Midblock;0;2010;C: Possible Injury;Residential;40-49;47;No;0-5 mph;O: No Injury;White;Male;Pickup;No;No;Daylight;Urban (>70% Developed);2 lanes;2;Straight - Level;Local Street;Dry;Two-Way, Not Divided;None;No Special Feature;Smooth Asphalt;Coastal;Urban;20 - 25  MPH;Stop Sign;Cloudy;No;34.77279, -77.40895
584;585;Yes;20-24;22;No;Facing Traffic;C: Possible Injury;Sidewalk / Crosswalk / Driveway Crossing;White;Female;Hickory;Catawba;No;01-01-05;2010-08-13;Motorist Failed to Yield - Signalized Intersection;20;Intersection;01-08-01;0001-01-01T15:34:58-04:56;Motorist Drive Out - Signalized Intersection;0;2010;C: Possible Injury;Residential;60-69;68;No;;O: No Injury;White;Female;Passenger Car;No;No;Dark - Lighted Roadway;Urban (>70% Developed);3 lanes;2;Straight - Level;Local Street;Dry;One-Way, Not Divided;None;Four-Way Intersection;Smooth Asphalt;Piedmont;Urban;30 - 35  MPH;Stop And Go Signal;Clear;No;35.739532, -81.32355
585;586;Yes;25-29;27;Yes;With Traffic;K: Killed;Travel Lane;White;Male;Eden;Rockingham;Yes;01-01-02;2010-08-17;Bicyclist Failed to Yield - Sign-Controlled Intersection;3;Intersection;01-08-01;0000-12-31T22:44:58-04:56;Bicyclist Ride Through - Sign-Controlled Intersection;0;2010;K: Killed;Residential;20-24;20;No;31-35 mph;O: No Injury;Black;Male;Passenger Car;No;Yes;Dark - Lighted Roadway;Urban (>70% Developed);2 lanes;3;Straight - Level;Local Street;Dry;Two-Way, Not Divided;None;No Special Feature;Smooth Asphalt;Piedmont;Urban;30 - 35  MPH;No Control Present;Clear;No;36.513226, -79.6957
589;590;Yes;40-49;48;No;With Traffic;B: Evident Injury;Travel Lane;White;Male;Hickory;Catawba;No;;2010-08-16;Motorist Overtaking Bicyclist;22;Non-Intersection;01-08-01;0001-01-01T17:20:58-04:56;Motorist Overtaking - Undetected Bicyclist;0;2010;B: Evident Injury;Commercial;25-29;25;No;36-40 mph;O: No Injury;White;Male;Police;No;No;Daylight;Urban (>70% Developed);5 lanes;2;Straight - Grade;US Route;Dry;Two-Way, Not Divided;None;No Special Feature;Coarse Asphalt;Piedmont;Urban;50 - 55  MPH;No Control Present;Cloudy;No;35.71003, -81.31473
590;591;Yes;50-59;59;No;With Traffic;A: Disabling Injury;Travel Lane;White;Male;None - Rural Crash;Moore;No;01-01-03;2010-08-25;Motorist Overtaking Bicyclist;19;Non-Intersection;01-08-01;0001-01-01T14:28:58-04:56;Motorist Overtaking - Other /;0;2010;A: Disabling Injury;Farms, Woods, Pastures;50-59;53;No;41-45 mph;O: No Injury;White;Female;Sport Utility;No;No;Daylight;Rural (<30% Developed);2 lanes;2;Curve - Level;State Secondary Route;Dry;Two-Way, Not Divided;None;No Special Feature;Smooth Asphalt;Piedmont;Rural;40 - 45  MPH;Double Yellow Line, No Passing Zone;Clear;No;35.15607, -79.3571
595;596;Yes;50-59;52;No;With Traffic;C: Possible Injury;Travel Lane;White;Male;Charlotte;Mecklenburg;No;01-01-06;2010-08-21;Motorist Left Turn / Merge;7;Non-Intersection;01-08-01;0001-01-01T02:53:58-04:56;Motorist Left Turn - Opposite Direction;0;2010;C: Possible Injury;Residential;40-49;43;No;0-5 mph;O: No Injury;White;Male;Sport Utility;No;No;Daylight;Urban (>70% Developed);2 lanes;2;Straight - Grade;Local Street;Dry;Two-Way, Not Divided;None;No Special Feature;Smooth Asphalt;Piedmont;Urban;30 - 35  MPH;No Control Present;Cloudy;No;35.17916, -80.828705
596;597;No;40-49;48;No;Facing Traffic;B: Evident Injury;Sidewalk / Crosswalk / Driveway Crossing;/Missing;Male;Winterville;Pitt;No;01-01-07;2010-08-15;Motorist Failed to Yield - Sign-Controlled Intersection;19;Intersection;01-08-01;0001-01-01T14:51:58-04:56;Motorist Drive Out - Sign-Controlled Intersection;0;2010;B: Evident Injury;Commercial;50-59;59;No;;O: No Injury;White;Female;Van;No;No;Dusk;Urban (>70% Developed);2 lanes;2;Straight - Level;Local Street;Dry;Two-Way, Not Divided;None;T-Intersection;Smooth Asphalt;Coastal;Urban;40 - 45  MPH;Stop Sign;Cloudy;No;35.547935, -77.4028
597;598;Yes;30-39;33;No;With Traffic;B: Evident Injury;Travel Lane;White;Male;Charlotte;Mecklenburg;No;01-01-04;2010-08-19;Bicyclist Left Turn / Merge;5;Intersection;01-08-01;0001-01-01T00:17:58-04:56;Bicyclist Left Turn - Opposite Direction;0;2010;B: Evident Injury;Residential;70+;;No;11-15 mph;O: No Injury;Hispanic;Male;Passenger Car;No;No;Dark - Lighted Roadway;Urban (>70% Developed);4 lanes;2;Straight - Level;NC Route;Wet;Two-Way, Not Divided;None;Four-Way Intersection;Smooth Asphalt;Piedmont;Urban;40 - 45  MPH;Stop And Go Signal;Cloudy;No;35.083286, -80.83087
602;603;Yes;16-19;17;No;Facing Traffic;C: Possible Injury;Sidewalk / Crosswalk / Driveway Crossing;Black;Female;Charlotte;Mecklenburg;No;01-01-04;2010-08-19;Loss of Control / Turning Error;7;Intersection;01-08-01;0001-01-01T02:56:58-04:56;Bicyclist Lost Control - Other /;0;2010;C: Possible Injury;Commercial;30-39;31;No;;O: No Injury;White;Female;Passenger Car;No;No;Daylight;Urban (>70% Developed);2 lanes;2;Straight - Level;Local Street;Wet;Two-Way, Divided, Positive Median Barrier;None;T-Intersection;Smooth Asphalt;Piedmont;Urban;20 - 25  MPH;Stop Sign;Cloudy;No;35.091904, -80.844345
625;626;No;25-29;28;No;With Traffic;Injury;Travel Lane;/Missing;;Erwin;Harnett;No;01-01-06;2010-08-28;Crossing Paths - Other Circumstances;21;Intersection;01-08-01;0001-01-01T16:54:58-04:56;Crossing Paths - Intersection - Other /;0;2010;Injury;Residential;;;Missing;21-25 mph;Injury;/Missing;;;No;Yes;Dark - Lighted Roadway;Rural (<30% Developed);3 lanes;2;Straight - Grade;Local Street;Dry;Two-Way, Not Divided;None;Four-Way Intersection;Coarse Asphalt;Coastal;Rural;30 - 35  MPH;Stop And Go Signal;Clear;No;35.328514, -78.66038
637;638;Yes;60-69;62;No;With Traffic;C: Possible Injury;Travel Lane;Black;Male;None - Rural Crash;Pamlico;No;01-01-04;2010-09-09;Motorist Overtaking Bicyclist;7;Non-Intersection;01-09-01;0001-01-01T02:37:58-04:56;Motorist Overtaking - Misjudged Space;0;2010;C: Possible Injury;Farms, Woods, Pastures;50-59;58;No;36-40 mph;O: No Injury;Black;Female;Van;No;No;Dawn;Rural (<30% Developed);2 lanes;2;Straight - Level;State Secondary Route;Dry;Two-Way, Not Divided;None;No Special Feature;Smooth Asphalt;Coastal;Rural;50 - 55  MPH;No Control Present;Clear;No;35.016365, -76.7281
638;639;Yes;50-59;53;Yes;With Traffic;K: Killed;Travel Lane;Black;Male;None - Rural Crash;Nash;Yes;01-01-03;2010-09-08;Motorist Overtaking Bicyclist;20;Non-Intersection;01-09-01;0001-01-01T15:05:58-04:56;Motorist Overtaking - Other /;0;2010;K: Killed;Farms, Woods, Pastures;0-19;16;No;51-55 mph;O: No Injury;White;Male;Sport Utility;No;No;Dark - Roadway Not Lighted;Rural (<30% Developed);2 lanes;2;Straight - Level;US Route;Dry;Two-Way, Not Divided;None;No Special Feature;Coarse Asphalt;Coastal;Rural;50 - 55  MPH;No Control Present;Cloudy;No;36.070515, -77.74884
639;640;Yes;15-Nov;12;No;With Traffic;B: Evident Injury;Travel Lane;White;Male;Dallas;Gaston;No;01-01-05;2010-08-13;Bicyclist Failed to Yield - Sign-Controlled Intersection;17;Intersection;01-08-01;0001-01-01T12:34:58-04:56;Bicyclist Ride Out - Sign-Controlled Intersection;0;2010;B: Evident Injury;Residential;70+;;No;16-20 mph;C: Possible Injury;Black;Female;Passenger Car;No;No;Daylight;Urban (>70% Developed);2 lanes;2;Straight - Bottom;Local Street;Dry;Two-Way, Not Divided;None;T-Intersection;Smooth Asphalt;Piedmont;Rural;20 - 25  MPH;Stop Sign;Clear;No;35.31113, -81.178055
643;644;Yes;15-Nov;11;No;With Traffic;C: Possible Injury;Travel Lane;White;Female;None - Rural Crash;Onslow;No;01-01-07;2010-09-05;Bicyclist Left Turn / Merge;14;Non-Intersection;01-09-01;0001-01-01T09:29:58-04:56;Bicyclist Left Turn - Same Direction;0;2010;B: Evident Injury;Farms, Woods, Pastures;50-59;58;No;31-35 mph;B: Evident Injury;White;Male;Motorcycle;No;No;Daylight;Rural (<30% Developed);2 lanes;2;Straight - Level;State Secondary Route;Dry;Two-Way, Not Divided;None;No Special Feature;Coarse Asphalt;Coastal;Rural;50 - 55  MPH;No Control Present;Clear;No;34.925636, -77.33551
646;647;No;30-39;31;Yes;With Traffic;O: No Injury;Travel Lane;Hispanic;Male;Cary;Wake;Yes;01-01-05;2010-09-10;Bicyclist Failed to Yield - Sign-Controlled Intersection;22;Intersection;01-09-01;0001-01-01T17:12:58-04:56;Bicyclist Ride Through - Sign-Controlled Intersection;0;2010;O: No Injury;Residential;40-49;43;No;16-20 mph;O: No Injury;Asian;Male;Light Truck (Mini-Van, Panel);No;No;Dark - Lighted Roadway;Urban (>70% Developed);2 lanes;2;Straight - Level;Local Street;Dry;Two-Way, Not Divided;None;Four-Way Intersection;Smooth Asphalt;Piedmont;Urban;20 - 25  MPH;Stop Sign;Clear;No;35.785057, -78.778625
663;664;No;16-19;19;No;Not Applicable;O: No Injury;Sidewalk / Crosswalk / Driveway Crossing;White;Male;Southern Pines;Moore;No;01-01-05;2010-09-10;Non-Roadway;7;Non-Roadway;01-09-01;0001-01-01T02:29:58-04:56;Non-Roadway;0;2010;O: No Injury;Commercial;20-24;24;No;6-10 mph;O: No Injury;White;Female;Passenger Car;No;No;Daylight;Rural (<30% Developed);;2;Straight - Bottom;Public Vehicular Area;Dry;Two-Way, Not Divided;None;Bridge;Smooth Asphalt;Piedmont;Urban;;No Control Present;Clear;No;35.176086, -79.38884
669;670;Yes;20-24;24;No;With Traffic;B: Evident Injury;Travel Lane;White;Male;None - Rural Crash;Carteret;No;01-01-05;2010-09-17;Motorist Overtaking Bicyclist;21;Non-Intersection;01-09-01;0001-01-01T16:12:58-04:56;Motorist Overtaking - Other /;0;2010;B: Evident Injury;Residential;20-24;21;Missing;26-30 mph;C: Possible Injury;White;Male;Motorcycle;No;No;Dark - Roadway Not Lighted;Rural (<30% Developed);2 lanes;2;Straight - Level;US Route;Dry;Two-Way, Not Divided;None;No Special Feature;Smooth Asphalt;Coastal;Rural;50 - 55  MPH;Double Yellow Line, No Passing Zone;Clear;No;34.78076, -76.57323
1004;1005;Yes;16-19;18;No;Not Applicable;B: Evident Injury;Non-Roadway;Black;Male;Greensboro;Guilford;No;01-01-07;2008-08-03;Bicyclist Failed to Yield - Midblock;19;Non-Intersection;01-08-01;0001-01-01T14:03:58-04:56;Bicyclist Ride Out - Commercial Driveway / Alley;363312;2008;B: Evident Injury;Residential;20-24;21;No;;O: No Injury;Black;Male;;No;Yes;Daylight;Urban (>70% Developed);2 lanes;2;Straight - Grade;Local Street;Dry;Two-Way, Not Divided;None;Railroad Crossing;Smooth Asphalt;Piedmont;Urban;30 - 35  MPH;No Control Present;Clear;No;0.0, 0.0
2;3;No;25-29;25;No;Not Applicable;B: Evident Injury;Travel Lane;White;Male;Durham;Durham;No;01-01-05;2009-01-09;Non-Roadway;22;Non-Roadway;;0001-01-01T17:40:58-04:56;Non-Roadway;410910;2009;B: Evident Injury;Residential;25-29;29;No;11-15 mph;O: No Injury;Hispanic;Female;Passenger Car;No;No;Dark - Lighted Roadway;Urban (>70% Developed);2 lanes;2;Straight - Bottom;Public Vehicular Area;Dry;Two-Way, Divided, Unprotected Median;None;T-Intersection;Coarse Asphalt;Piedmont;Urban;5 - 15 MPH;No Control Present;Clear;No;36.010765, -78.94343
6;7;Yes;40-49;47;No;Facing Traffic;C: Possible Injury;Travel Lane;Black;Male;Durham;Durham;No;01-01-05;2009-01-23;Loss of Control / Turning Error;20;Intersection;;0001-01-01T15:25:58-04:56;Motorist Turning Error - Other;112113;2009;C: Possible Injury;Commercial;50-59;52;No;6-10 mph;O: No Injury;White;Female;Passenger Car;No;No;Dark - Lighted Roadway;Urban (>70% Developed);5 lanes;2;Straight - Level;Local Street;Dry;Two-Way, Not Divided;None;No Special Feature;Smooth Asphalt;Piedmont;Urban;30 - 35  MPH;Stop Sign;Clear;No;36.03635, -78.89483
7;8;Yes;25-29;26;No;With Traffic;C: Possible Injury;Travel Lane;Black;Male;None - Rural Crash;Nash;No;01-01-07;2009-01-04;Motorist Overtaking Bicyclist;18;Non-Intersection;;0001-01-01T13:27:58-04:56;Motorist Overtaking - Other /;311239;2009;C: Possible Injury;Residential;;;Missing;41-45 mph;Injury;/Missing;;Passenger Car;No;Yes;Dark - Roadway Not Lighted;Rural (<30% Developed);2 lanes;2;Straight - Grade;State Secondary Route;Wet;Two-Way, Not Divided;None;No Special Feature;Smooth Asphalt;Coastal;Rural;40 - 45  MPH;Double Yellow Line, No Passing Zone;Cloudy;No;36.048836, -78.00365
20;21;No;20-24;22;No;With Traffic;B: Evident Injury;Sidewalk / Crosswalk / Driveway Crossing;White;Female;Raleigh;Wake;No;;2009-01-12;Motorist Failed to Yield - Sign-Controlled Intersection;18;Intersection;;0001-01-01T13:10:58-04:56;Motorist Drive Out - Sign-Controlled Intersection;131141;2009;B: Evident Injury;Residential;20-24;20;No;0-5 mph;O: No Injury;White;Female;Passenger Car;No;No;Dark - Roadway Not Lighted;Urban (>70% Developed);4 lanes;2;Straight - Level;Local Street;Dry;Two-Way, Not Divided;None;T-Intersection;Smooth Asphalt;Piedmont;Urban;30 - 35  MPH;Stop Sign;Clear;No;35.77255, -78.69349
25;26;Yes;50-59;54;No;Facing Traffic;B: Evident Injury;Travel Lane;Black;Male;Carthage;Moore;No;01-01-05;2009-01-23;Head-On;18;Non-Intersection;;0001-01-01T13:27:58-04:56;Head-On - Bicyclist;312250;2009;B: Evident Injury;Commercial;30-39;37;No;0-5 mph;O: No Injury;White;Female;Passenger Car;No;No;Dark - Lighted Roadway;Urban (>70% Developed);2 lanes;2;Straight - Grade;Local Street;Dry;Two-Way, Divided, Unprotected Median;None;No Special Feature;Coarse Asphalt;Piedmont;Rural;30 - 35  MPH;No Control Present;Clear;No;35.34109, -79.40623
27;28;Yes;20-24;21;No;With Traffic;C: Possible Injury;Travel Lane;White;Male;Charlotte;Mecklenburg;No;01-01-05;2009-01-23;Motorist Left Turn / Merge;12;Non-Intersection;;0001-01-01T07:08:58-04:56;Motorist Left Turn - Opposite Direction;311212;2009;C: Possible Injury;Commercial;30-39;38;No;0-5 mph;O: No Injury;White;Male;Sport Utility;No;No;Daylight;Urban (>70% Developed);2 lanes;2;Straight - Level;Local Street;Dry;Two-Way, Not Divided;None;No Special Feature;Coarse Asphalt;Piedmont;Urban;30 - 35  MPH;No Control Present;Clear;No;35.199593, -80.84157
43;44;Yes;40-49;49;No;With Traffic;B: Evident Injury;Travel Lane;Black;Male;Kinston;Lenoir;No;01-01-03;2009-03-04;Motorist Overtaking Bicyclist;15;Intersection-Related;01-03-01;0001-01-01T10:11:58-04:56;Motorist Overtaking - Misjudged Space;211232;2009;B: Evident Injury;Commercial;70+;;No;11-15 mph;O: No Injury;White;Male;Sport Utility;No;No;Daylight;Urban (>70% Developed);2 lanes;2;Straight - Grade;Local Street;Dry;Two-Way, Not Divided;None;Four-Way Intersection;Coarse Asphalt;Coastal;Urban;30 - 35  MPH;Stop And Go Signal;Clear;No;35.262497, -77.58285
44;45;Yes;60-69;66;No;With Traffic;C: Possible Injury;Travel Lane;White;Female;None - Rural Crash;New Hanover;No;01-01-05;2009-02-13;Motorist Failed to Yield - Sign-Controlled Intersection;16;Intersection;01-02-01;0001-01-01T11:13:58-04:56;Motorist Drive Out - Sign-Controlled Intersection;111141;2009;C: Possible Injury;Residential;70+;;No;11-15 mph;O: No Injury;White;Male;Pickup;No;No;Daylight;Urban (>70% Developed);2 lanes;2;Straight - Level;State Secondary Route;Dry;Two-Way, Divided, Positive Median Barrier;None;No Special Feature;Coarse Asphalt;Coastal;Rural;30 - 35  MPH;No Control Present;Clear;No;34.257812, -77.87193
45;46;Yes;50-59;53;No;With Traffic;O: No Injury;Travel Lane;White;Male;Gastonia;Gaston;Yes;01-01-05;2009-01-09;Motorist Overtaking Bicyclist;20;Non-Intersection;;0001-01-01T15:18:58-04:56;Motorist Overtaking - Other /;311239;2009;B: Evident Injury;Commercial;30-39;34;Yes;;B: Evident Injury;White;Male;Pedestrian;No;No;Dark - Roadway Not Lighted;Urban (>70% Developed);4 lanes;3;Straight - Level;US Route;Dry;Two-Way, Divided, Positive Median Barrier;None;No Special Feature;Smooth Asphalt;Piedmont;Urban;;No Control Present;Clear;No;35.30215, -81.18782
47;48;Yes;10-Jun;10;No;With Traffic;O: No Injury;Travel Lane;Black;Female;Kinston;Lenoir;No;01-01-06;2009-03-07;Motorist Overtaking Bicyclist;12;Non-Intersection;01-03-01;0001-01-01T07:56:58-04:56;Motorist Overtaking - Other /;311239;2009;B: Evident Injury;Commercial;25-29;29;No;31-35 mph;B: Evident Injury;Black;Female;Motorcycle;No;No;Daylight;Urban (>70% Developed);2 lanes;2;Curve - Level;Local Street;Dry;Two-Way, Not Divided;None;T-Intersection;Smooth Asphalt;Coastal;Urban;30 - 35  MPH;No Control Present;Clear;No;35.270615, -77.5828
48;49;Yes;10-Jun;9;No;With Traffic;B: Evident Injury;Travel Lane;White;Male;None - Rural Crash;Rowan;No;01-01-06;2009-03-07;Bicyclist Overtaking Motorist;15;Non-Intersection;01-03-01;0001-01-01T10:42:58-04:56;Bicyclist Overtaking - Other /;311249;2009;B: Evident Injury;Residential;30-39;38;No;0-5 mph;O: No Injury;White;Male;Van;No;No;Daylight;Mixed (30% To 70% Developed);2 lanes;2;Straight - Level;Local Street;Dry;Two-Way, Not Divided;None;No Special Feature;Smooth Asphalt;Piedmont;Rural;30 - 35  MPH;No Control Present;Clear;No;35.648693, -80.558975
58;59;No;40-49;48;No;With Traffic;C: Possible Injury;Travel Lane;White;Male;Trinity;Randolph;No;01-01-03;2009-03-11;Crossing Paths - Other Circumstances;14;Intersection;01-03-01;0001-01-01T09:53:58-04:56;Crossing Paths - Intersection - Other /;111180;2009;C: Possible Injury;Farms, Woods, Pastures;60-69;69;No;6-10 mph;O: No Injury;White;Male;Passenger Car;No;No;Daylight;Rural (<30% Developed);2 lanes;2;Straight - Level;State Secondary Route;;Two-Way, Not Divided;None;T-Intersection;Smooth Asphalt;Piedmont;Urban;50 - 55  MPH;Other;Clear;No;35.862953, -80.03525
61;62;Yes;50-59;55;No;With Traffic;C: Possible Injury;Travel Lane;White;Female;None - Rural Crash;Gaston;No;01-01-07;2009-03-22;Bicyclist Left Turn / Merge;9;Intersection-Related;01-03-01;0001-01-01T04:54:58-04:56;Bicyclist Left Turn - Same Direction;211221;2009;C: Possible Injury;Commercial;60-69;60;No;31-35 mph;O: No Injury;White;Female;Sport Utility;No;No;Daylight;Urban (>70% Developed);2 lanes;2;Straight - Level;NC Route;Dry;Two-Way, Not Divided;None;No Special Feature;Smooth Asphalt;Piedmont;Rural;40 - 45  MPH;No Control Present;Clear;No;35.39161, -81.009926
62;63;No;25-29;26;No;Facing Traffic;B: Evident Injury;Sidewalk / Crosswalk / Driveway Crossing;White;Male;Raleigh;Wake;No;01-01-05;2009-02-20;Motorist Failed to Yield - Sign-Controlled Intersection;7;Intersection;01-02-01;0001-01-01T02:03:58-04:56;Motorist Drive Out - Sign-Controlled Intersection;132141;2009;B: Evident Injury;Farms, Woods, Pastures;;;Missing;6-10 mph;Injury;/Missing;;;No;Yes;Daylight;Urban (>70% Developed);2 lanes;2;Straight - Level;Local Street;Dry;Two-Way, Not Divided;None;T-Intersection;Coarse Asphalt;Piedmont;Urban;30 - 35  MPH;Stop Sign;Clear;No;35.78412, -78.69532
65;66;No;40-49;43;No;With Traffic;B: Evident Injury;Travel Lane;White;Male;None - Rural Crash;Forsyth;No;;2009-03-23;Motorist Failed to Yield - Sign-Controlled Intersection;17;Intersection;01-03-01;0001-01-01T12:03:58-04:56;Motorist Drive Out - Sign-Controlled Intersection;111141;2009;B: Evident Injury;Farms, Woods, Pastures;30-39;33;No;0-5 mph;O: No Injury;White;Male;Passenger Car;No;No;Daylight;Rural (<30% Developed);2 lanes;2;Straight - Level;State Secondary Route;Dry;Two-Way, Not Divided;None;T-Intersection;Smooth Asphalt;Piedmont;Rural;40 - 45  MPH;Stop Sign;Clear;No;36.041737, -80.09401
66;67;No;10-Jun;9;No;With Traffic;B: Evident Injury;Travel Lane;Black;Male;Charlotte;Mecklenburg;No;01-01-07;2009-03-08;Bicyclist Failed to Yield - Sign-Controlled Intersection;16;Intersection;01-03-01;0001-01-01T11:17:58-04:56;Bicyclist Ride Out - Sign-Controlled Intersection;111142;2009;B: Evident Injury;Residential;30-39;37;No;21-25 mph;O: No Injury;Black;Male;Passenger Car;No;No;Daylight;Mixed (30% To 70% Developed);2 lanes;2;Straight - Grade;Local Street;Dry;Two-Way, Not Divided;None;T-Intersection;Smooth Asphalt;Piedmont;Urban;20 - 25  MPH;Stop Sign;Clear;No;35.26734, -80.92128