FID;OBJECTID;AmbulanceR;BikeAge_Gr;Bike_Age;Bike_Alc_D;Bike_Dir;Bike_Injur;Bike_Pos;Bike_Race;Bike_Sex;City;County;CrashAlcoh;CrashDay;Crash_Date;Crash_Grp;Crash_Hour;Crash_Loc;Crash_Mont;Crash_Time;Crash_Type;Crash_Ty_1;Crash_Year;Crsh_Sevri;Developmen;DrvrAge_Gr;Drvr_Age;Drvr_Alc_D;Drvr_EstSp;Drvr_Injur;Drvr_Race;Drvr_Sex;Drvr_VehTy;ExcsSpdInd;Hit_Run;Light_Cond;Locality;Num_Lanes;Num_Units;Rd_Charact;Rd_Class;Rd_Conditi;Rd_Config;Rd_Defects;Rd_Feature;Rd_Surface;Region;Rural_Urba;Speed_Limi;Traff_Cntr;Weather;Workzone_I;Location
609;610;Yes;40-49;48;No;With Traffic;B: Evident Injury;Travel Lane;White;Male;None - Rural Crash;Wake;No;01-01-02;2010-08-31;Motorist Left Turn / Merge;6;Intersection;01-08-01;0001-01-01T01:06:58-04:56;Motorist Left Turn - Opposite Direction;0;2010;B: Evident Injury;Residential;30-39;32;No;11-15 mph;O: No Injury;White;Male;Pickup;No;No;Dark - Roadway Not Lighted;Mixed (30% To 70% Developed);2 lanes;2;Straight - Grade;State Secondary Route;Dry;Two-Way, Not Divided;None;No Special Feature;Smooth Asphalt;Piedmont;Rural;40 - 45  MPH;Double Yellow Line, No Passing Zone;Clear;No;35.63688, -78.67123
611;612;No;16-19;16;No;With Traffic;C: Possible Injury;Travel Lane;Black;Male;Fayetteville;Cumberland;No;01-01-07;2010-08-22;Bicyclist Failed to Yield - Signalized Intersection;2;Intersection;01-08-01;0000-12-31T21:48:58-04:56;Bicyclist Ride Through - Signalized Intersection;0;2010;C: Possible Injury;Commercial;30-39;33;No;26-30 mph;O: No Injury;White;Male;Passenger Car;No;No;Dark - Lighted Roadway;Mixed (30% To 70% Developed);4 lanes;2;Straight - Level;Local Street;Dry;Two-Way, Divided, Unprotected Median;None;No Special Feature;Smooth Asphalt;Coastal;Urban;40 - 45  MPH;Flashing Signal Without Stop Sign;Clear;No;35.088364, -78.92669
613;614;Yes;20-24;21;No;With Traffic;C: Possible Injury;Bike Lane / Paved Shoulder;White;Male;Greensboro;Guilford;No;01-01-03;2010-08-25;Motorist Right Turn / Merge;18;Non-Intersection;01-08-01;0001-01-01T13:32:58-04:56;Motorist Right Turn - Same Direction;0;2010;C: Possible Injury;Institutional;25-29;25;No;0-5 mph;O: No Injury;White;Female;Pickup;No;No;Daylight;Urban (>70% Developed);2 lanes;2;Straight - Level;Local Street;Dry;Two-Way, Divided, Positive Median Barrier;None;Driveway, Public;Smooth Asphalt;Piedmont;Urban;20 - 25  MPH;No Control Present;Cloudy;No;36.06576, -79.81083
624;625;Yes;30-39;34;No;With Traffic;C: Possible Injury;Travel Lane;White;Male;Statesville;Iredell;No;01-01-04;2010-08-19;Motorist Failed to Yield - Sign-Controlled Intersection;5;Intersection;01-08-01;0001-01-01T00:48:58-04:56;Motorist Drive Out - Sign-Controlled Intersection;0;2010;C: Possible Injury;Residential;60-69;60;No;11-15 mph;O: No Injury;Black;Male;Passenger Car;No;No;Dark - Lighted Roadway;Rural (<30% Developed);2 lanes;2;Straight - Level;Local Street;Wet;Two-Way, Divided, Unprotected Median;None;No Special Feature;Smooth Asphalt;Piedmont;Urban;30 - 35  MPH;Stop Sign;Rain;No;35.772644, -80.87967
629;630;Yes;40-49;47;Yes;Facing Traffic;K: Killed;Travel Lane;Native American;Male;None - Rural Crash;Robeson;Yes;01-01-05;2010-09-03;Motorist Left Turn / Merge;20;Non-Intersection;01-09-01;0001-01-01T16:00:58-04:56;Motorist Left Turn - Same Direction;0;2010;K: Killed;Residential;50-59;58;Yes;36-40 mph;B: Evident Injury;Native American;Female;Passenger Car;No;No;Dark - Roadway Not Lighted;Rural (<30% Developed);2 lanes;2;Straight - Level;State Secondary Route;Dry;Two-Way, Not Divided;None;No Special Feature;Coarse Asphalt;Coastal;Rural;50 - 55  MPH;Double Yellow Line, No Passing Zone;Clear;No;34.66236, -79.11961
631;632;No;15-Nov;15;No;Not Applicable;O: No Injury;Non-Roadway;White;Male;Boiling Springs;Cleveland;No;01-01-06;2010-08-07;Non-Roadway;15;Non-Roadway;01-08-01;0001-01-01T10:43:58-04:56;Non-Roadway;0;2010;O: No Injury;Commercial;40-49;49;No;0-5 mph;O: No Injury;White;Male;Pickup;No;No;Daylight;Mixed (30% To 70% Developed);;2;Straight - Grade;Private Road, Driveway;Dry;One-Way, Not Divided;None;No Special Feature;Concrete;Mountains;Rural;5 - 15 MPH;No Control Present;Clear;No;35.24609, -81.66543
636;637;Yes;25-29;26;No;With Traffic;A: Disabling Injury;Travel Lane;Hispanic;Male;Cary;Wake;Yes;01-01-06;2010-09-04;Motorist Overtaking Bicyclist;21;Non-Intersection;01-09-01;0001-01-01T16:46:58-04:56;Motorist Overtaking - Other /;0;2010;A: Disabling Injury;Commercial;25-29;26;Yes;31-35 mph;O: No Injury;White;Female;Passenger Car;No;Yes;Daylight;Urban (>70% Developed);2 lanes;2;Straight - Level;State Secondary Route;Dry;Two-Way, Not Divided;None;No Special Feature;Coarse Asphalt;Piedmont;Urban;30 - 35  MPH;No Control Present;Clear;No;35.791534, -78.78135
641;642;No;40-49;48;Yes;With Traffic;B: Evident Injury;Travel Lane;White;Male;Fayetteville;Cumberland;Yes;01-01-03;2010-09-01;Motorist Overtaking Bicyclist;21;Intersection;01-09-01;0001-01-01T16:29:58-04:56;Motorist Overtaking - Other /;0;2010;B: Evident Injury;Residential;;;Missing;26-30 mph;Injury;/Missing;;;No;Yes;Dark - Lighted Roadway;Mixed (30% To 70% Developed);2 lanes;2;Straight - Level;Local Street;Dry;Two-Way, Divided, Unprotected Median;None;No Special Feature;Smooth Asphalt;Coastal;Urban;30 - 35  MPH;No Control Present;Clear;No;35.067223, -78.88911
645;646;No;15-Nov;11;Yes;Not Applicable;O: No Injury;Non-Roadway;White;Male;Ocean Isle Beach;Brunswick;Yes;01-01-06;2010-09-04;Non-Roadway;14;Non-Roadway;01-09-01;0001-01-01T09:53:58-04:56;Non-Roadway;0;2010;O: No Injury;Commercial;25-29;25;No;;O: No Injury;White;Male;Passenger Car;No;No;Daylight;Urban (>70% Developed);;2;Straight - Level;Public Vehicular Area;Dry;Two-Way, Not Divided;None;Driveway, Public;Smooth Asphalt;Coastal;Rural;;No Control Present;Clear;No;33.88742, -78.43631
647;648;Yes;15-Nov;13;No;Facing Traffic;C: Possible Injury;Sidewalk / Crosswalk / Driveway Crossing;White;Male;Charlotte;Mecklenburg;No;;2010-09-06;Motorist Failed to Yield - Signalized Intersection;17;Intersection;01-09-01;0001-01-01T12:37:58-04:56;Motorist Drive Out - Signalized Intersection;0;2010;C: Possible Injury;Commercial;70+;;No;0-5 mph;C: Possible Injury;White;Male;Passenger Car;No;No;Daylight;Urban (>70% Developed);6 lanes;2;Straight - Level;Local Street;Dry;Two-Way, Divided, Unprotected Median;None;Four-Way Intersection;Smooth Asphalt;Piedmont;Urban;40 - 45  MPH;Stop And Go Signal;Clear;No;35.15461, -80.79505
648;649;Yes;20-24;20;No;With Traffic;B: Evident Injury;Travel Lane;Black;Male;Winston-Salem;Forsyth;No;01-01-05;2010-09-03;Motorist Right Turn / Merge;11;Non-Intersection;01-09-01;0001-01-01T07:01:58-04:56;Motorist Right Turn - Same Direction;0;2010;B: Evident Injury;Residential;30-39;34;No;0-5 mph;O: No Injury;White;Female;Passenger Car;No;No;Daylight;Urban (>70% Developed);3 lanes;2;Straight - Grade;Local Street;Dry;Two-Way, Not Divided;None;No Special Feature;Coarse Asphalt;Piedmont;Urban;30 - 35  MPH;No Control Present;Clear;No;36.10046, -80.25456
650;651;Yes;50-59;52;No;With Traffic;A: Disabling Injury;Travel Lane;White;Male;None - Rural Crash;Hoke;No;01-01-05;2010-09-10;Motorist Overtaking Bicyclist;21;Non-Intersection;01-09-01;0001-01-01T16:19:58-04:56;Motorist Overtaking - Other /;0;2010;A: Disabling Injury;Farms, Woods, Pastures;;;No;;Injury;/Missing;;;No;Yes;Daylight;Rural (<30% Developed);2 lanes;2;Straight - Level;NC Route;Dry;Two-Way, Not Divided;None;No Special Feature;Coarse Asphalt;Coastal;Rural;50 - 55  MPH;No Control Present;Clear;No;34.957775, -79.1979
652;653;No;25-29;29;No;With Traffic;C: Possible Injury;Travel Lane;White;Male;Winston-Salem;Forsyth;No;01-01-04;2010-09-02;Motorist Right Turn / Merge;11;Intersection;01-09-01;0001-01-01T06:42:58-04:56;Motorist Right Turn on Red - Same Direction;0;2010;C: Possible Injury;Commercial;;;Missing;6-10 mph;Injury;/Missing;;;No;Yes;Daylight;Urban (>70% Developed);4 lanes;2;Straight - Level;Local Street;Dry;Two-Way, Not Divided;None;Four-Way Intersection;Coarse Asphalt;Piedmont;Urban;30 - 35  MPH;Stop And Go Signal;Clear;No;36.06863, -80.226974
655;656;Yes;15-Nov;15;No;With Traffic;B: Evident Injury;Travel Lane;White;Male;None - Rural Crash;Lincoln;No;01-01-07;2010-08-15;Bicyclist Left Turn / Merge;16;Non-Intersection;01-08-01;0001-01-01T11:35:58-04:56;Bicyclist Left Turn - Same Direction;0;2010;B: Evident Injury;Residential;50-59;54;No;41-45 mph;O: No Injury;Black;Male;Passenger Car;No;No;Daylight;Mixed (30% To 70% Developed);2 lanes;2;Straight - Grade;State Secondary Route;Dry;Two-Way, Not Divided;None;No Special Feature;Smooth Asphalt;Piedmont;Rural;40 - 45  MPH;Double Yellow Line, No Passing Zone;Clear;No;35.517395, -81.133064
658;659;No;20-24;24;No;With Traffic;O: No Injury;Travel Lane;White;Male;Raleigh;Wake;No;01-01-06;2010-08-07;Motorist Overtaking Bicyclist;0;Non-Intersection;01-08-01;0000-12-31T19:24:58-04:56;Motorist Overtaking - Other /;0;2010;O: No Injury;Commercial;40-49;49;No;6-10 mph;O: No Injury;White;Male;;No;Yes;Dark - Lighted Roadway;Urban (>70% Developed);2 lanes;2;Straight - Level;Local Street;Dry;Two-Way, Not Divided;None;No Special Feature;Smooth Asphalt;Piedmont;Urban;30 - 35  MPH;Double Yellow Line, No Passing Zone;Clear;No;35.781353, -78.64751
659;660;Yes;15-Nov;11;No;With Traffic;C: Possible Injury;Travel Lane;Hispanic;Male;Raleigh;Wake;No;01-01-07;2010-08-01;Head-On;18;Non-Intersection;01-08-01;0001-01-01T13:25:58-04:56;Head-On -;0;2010;C: Possible Injury;Residential;40-49;40;No;6-10 mph;O: No Injury;Black;Female;Passenger Car;No;No;Daylight;Urban (>70% Developed);2 lanes;2;Straight - Hillcrest;Local Street;Dry;Two-Way, Not Divided;None;No Special Feature;Smooth Asphalt;Piedmont;Urban;20 - 25  MPH;No Control Present;Clear;No;35.75314, -78.60386
660;661;No;40-49;46;No;With Traffic;C: Possible Injury;Travel Lane;Black;Male;Raleigh;Wake;No;01-01-03;2010-07-21;Motorist Overtaking Bicyclist;16;Intersection;01-07-01;0001-01-01T11:38:58-04:56;Motorist Overtaking - Misjudged Space;0;2010;C: Possible Injury;Commercial;;;Missing;26-30 mph;Injury;/Missing;;;No;Yes;Daylight;Urban (>70% Developed);1 lane;2;Straight - Level;Local Street;Dry;One-Way, Not Divided;None;Traffic Circle/Roundabout;Smooth Asphalt;Piedmont;Urban;30 - 35  MPH;Yield Sign;Clear;No;35.78262, -78.655396
662;663;No;25-29;29;No;With Traffic;B: Evident Injury;Sidewalk / Crosswalk / Driveway Crossing;White;Male;Raleigh;Wake;No;01-01-06;2010-08-21;Motorist Left Turn / Merge;1;Intersection;01-08-01;0000-12-31T20:16:58-04:56;Motorist Left Turn - Opposite Direction;0;2010;B: Evident Injury;Residential;20-24;24;No;6-10 mph;O: No Injury;Black;Male;Passenger Car;No;No;Dark - Lighted Roadway;Urban (>70% Developed);2 lanes;2;Straight - Level;Local Street;Dry;Two-Way, Not Divided;None;No Special Feature;Coarse Asphalt;Piedmont;Urban;30 - 35  MPH;Stop Sign;Clear;No;35.875404, -78.72042
666;667;No;20-24;20;No;;B: Evident Injury;Multi-use Path;White;Male;Raleigh;Wake;No;01-01-04;2010-09-09;Other /  - Insufficient Details;17;Intersection-Related;01-09-01;0001-01-01T13:00:58-04:56;Approach Paths;0;2010;B: Evident Injury;Institutional;20-24;21;No;6-10 mph;B: Evident Injury;Hispanic;Female;Passenger Car;No;No;Daylight;Urban (>70% Developed);4 lanes;2;Straight - Grade;Local Street;Dry;Two-Way, Not Divided;None;Four-Way Intersection;Smooth Asphalt;Piedmont;Urban;20 - 25  MPH;Stop Sign;Clear;No;35.786587, -78.68092
487;488;Yes;40-49;44;Yes;With Traffic;B: Evident Injury;Travel Lane;Black;Male;Greensboro;Guilford;Yes;01-01-03;2009-08-26;Motorist Overtaking Bicyclist;15;Non-Intersection;01-08-01;0001-01-01T10:21:58-04:56;Motorist Overtaking - Bicyclist Swerved;311235;2009;B: Evident Injury;Commercial;40-49;44;No;26-30 mph;O: No Injury;Other;Female;Passenger Car;No;No;Daylight;Urban (>70% Developed);5 lanes;2;Straight - Level;Local Street;Dry;Two-Way, Divided, Unprotected Median;None;Railroad Crossing;Smooth Asphalt;Piedmont;Urban;30 - 35  MPH;RR Gate And Flasher;Clear;No;36.0648, -79.7927
492;493;No;15-Nov;14;No;Facing Traffic;Injury;Sidewalk / Crosswalk / Driveway Crossing;White;Male;Boiling Springs;Cleveland;No;01-01-04;2009-08-27;Crossing Paths - Other Circumstances;21;Intersection;01-08-01;0001-01-01T16:23:58-04:56;Crossing Paths - Intersection - Other /;132180;2009;O: No Injury;Residential;20-24;21;No;;O: No Injury;White;Female;Van;No;No;Dark - Roadway Not Lighted;Mixed (30% To 70% Developed);;2;Straight - Level;Local Street;Dry;Two-Way, Not Divided;None;No Special Feature;Smooth Asphalt;Mountains;Rural;;No Control Present;Cloudy;No;35.260803, -81.66763
506;507;No;30-39;35;No;Not Applicable;C: Possible Injury;Travel Lane;Hispanic;Male;None - Rural Crash;Orange;No;01-01-05;2009-08-28;Non-Roadway;18;Non-Roadway;01-08-01;0001-01-01T13:09:58-04:56;Non-Roadway;410910;2009;C: Possible Injury;Residential;;;Missing;11-15 mph;Injury;/Missing;;Pickup;No;No;Dusk;Mixed (30% To 70% Developed);2 lanes;3;Straight - Level;Private Road, Driveway;Dry;Two-Way, Not Divided;None;Driveway, Private;Gravel;Piedmont;Rural;5 - 15 MPH;No Control Present;Cloudy;No;35.92442, -79.098656
507;508;No;10-Jun;10;No;With Traffic;Injury;Travel Lane;/Missing;;None - Rural Crash;Wayne;No;01-01-02;2009-09-15;Bicyclist Left Turn / Merge;16;Non-Intersection;01-09-01;0001-01-01T12:01:58-04:56;Bicyclist Left Turn - Same Direction;311221;2009;O: No Injury;Farms, Woods, Pastures;25-29;25;No;51-55 mph;O: No Injury;Hispanic;Female;Passenger Car;No;No;Daylight;Rural (<30% Developed);2 lanes;2;Straight - Level;NC Route;Dry;Two-Way, Not Divided;None;Driveway, Private;Smooth Asphalt;Coastal;Rural;50 - 55  MPH;Double Yellow Line, No Passing Zone;Clear;No;35.242855, -77.90444
510;511;No;60-69;68;No;With Traffic;B: Evident Injury;Travel Lane;White;Male;Asheville;Buncombe;No;01-01-07;2009-08-30;Motorist Left Turn / Merge;12;Intersection;01-08-01;0001-01-01T07:36:58-04:56;Motorist Left Turn - Opposite Direction;111212;2009;B: Evident Injury;Commercial;0-19;19;No;36-40 mph;O: No Injury;White;Male;Passenger Car;No;No;Daylight;Urban (>70% Developed);2 lanes;2;Straight - Level;Local Street;Dry;Two-Way, Not Divided;None;No Special Feature;Smooth Asphalt;Mountains;Urban;40 - 45  MPH;Stop Sign;Clear;No;35.60858, -82.577194
512;513;Yes;40-49;46;No;With Traffic;C: Possible Injury;Travel Lane;White;Male;Monroe;Union;No;;2009-08-31;Motorist Overtaking Bicyclist;6;Non-Intersection;01-08-01;0001-01-01T01:35:58-04:56;Motorist Overtaking - Other /;311239;2009;C: Possible Injury;Commercial;70+;;No;26-30 mph;O: No Injury;White;Male;Pickup;No;No;Dark - Lighted Roadway;Mixed (30% To 70% Developed);4 lanes;2;Straight - Level;US Route;Wet;Two-Way, Not Divided;None;No Special Feature;Smooth Asphalt;Piedmont;Urban;30 - 35  MPH;No Control Present;Rain;No;34.988758, -80.5491
514;515;No;10-Jun;7;No;Not Applicable;C: Possible Injury;Travel Lane;White;Female;Greensboro;Guilford;No;01-01-03;2009-07-15;Non-Roadway;18;Non-Roadway;01-07-01;0001-01-01T13:21:58-04:56;Non-Roadway;410910;2009;C: Possible Injury;Residential;40-49;44;No;0-5 mph;O: No Injury;Native American;Male;;No;Yes;Daylight;Urban (>70% Developed);;2;Straight - Level;Public Vehicular Area;Dry;Two-Way, Not Divided;None;No Special Feature;Smooth Asphalt;Piedmont;Urban;20 - 25  MPH;No Control Present;Clear;No;36.00946, -79.788315
525;526;Yes;30-39;36;No;Facing Traffic;C: Possible Injury;Sidewalk / Crosswalk / Driveway Crossing;White;Male;Fayetteville;Cumberland;No;01-01-02;2009-09-15;Motorist Failed to Yield - Sign-Controlled Intersection;15;Intersection;01-09-01;0001-01-01T10:04:58-04:56;Motorist Drive Out - Sign-Controlled Intersection;132141;2009;C: Possible Injury;Commercial;40-49;41;No;0-5 mph;O: No Injury;White;Female;Sport Utility;No;No;Daylight;Urban (>70% Developed);2 lanes;2;Straight - Level;Local Street;Dry;Two-Way, Divided, Unprotected Median;None;T-Intersection;Coarse Asphalt;Coastal;Urban;5 - 15 MPH;Stop Sign;Clear;No;35.068718, -78.96613
535;536;No;16-19;18;No;Not Applicable;B: Evident Injury;Sidewalk / Crosswalk / Driveway Crossing;White;Male;Black Mountain;Buncombe;No;01-01-04;2009-09-10;Other /  - Insufficient Details;15;Non-Intersection;01-09-01;0001-01-01T10:56:58-04:56;Approach Paths;333970;2009;B: Evident Injury;Commercial;40-49;42;No;;O: No Injury;White;Male;Pickup;No;Yes;Daylight;Mixed (30% To 70% Developed);4 lanes;2;Straight - Grade;NC Route;Dry;Two-Way, Not Divided;None;Four-Way Intersection;Smooth Asphalt;Mountains;Urban;30 - 35  MPH;Stop And Go Signal;Cloudy;No;35.614765, -82.31901
539;540;Yes;16-19;19;No;Facing Traffic;B: Evident Injury;Travel Lane;White;Male;None - Rural Crash;New Hanover;No;01-01-05;2009-09-25;Motorist Failed to Yield - Midblock;12;Non-Intersection;01-09-01;0001-01-01T07:51:58-04:56;Motorist Drive Out - Commercial Driveway / Alley;312322;2009;B: Evident Injury;Commercial;40-49;43;No;0-5 mph;O: No Injury;White;Male;Sport Utility;No;No;Daylight;Mixed (30% To 70% Developed);4 lanes;2;Straight - Level;US Route;Dry;Two-Way, Divided, Unprotected Median;None;Driveway, Public;Coarse Asphalt;Coastal;Rural;40 - 45  MPH;No Control Present;Clear;No;34.15006, -77.90299
542;543;Yes;30-39;38;No;With Traffic;B: Evident Injury;Travel Lane;White;Male;Long View;Catawba;No;01-01-07;2009-09-13;Motorist Left Turn / Merge;10;Non-Intersection;01-09-01;0001-01-01T05:53:58-04:56;Motorist Left Turn - Opposite Direction;311212;2009;B: Evident Injury;Residential;70+;;No;16-20 mph;O: No Injury;White;Female;Passenger Car;No;No;Daylight;Urban (>70% Developed);2 lanes;2;Straight - Level;Local Street;Dry;Two-Way, Divided, Unprotected Median;None;No Special Feature;Coarse Asphalt;Piedmont;Rural;30 - 35  MPH;No Control Present;Clear;No;35.717358, -81.389496
543;544;No;50-59;50;No;With Traffic;B: Evident Injury;Travel Lane;White;Male;None - Rural Crash;New Hanover;No;;2009-09-14;Motorist Failed to Yield - Sign-Controlled Intersection;7;Intersection;01-09-01;0001-01-01T02:03:58-04:56;Motorist Drive Out - Sign-Controlled Intersection;111141;2009;B: Evident Injury;Institutional;0-19;17;No;0-5 mph;O: No Injury;Other;Female;Passenger Car;No;No;Daylight;Urban (>70% Developed);3 lanes;2;Curve - Level;State Secondary Route;Dry;Two-Way, Not Divided;None;Driveway, Public;Smooth Asphalt;Coastal;Rural;30 - 35  MPH;Stop Sign;Clear;No;34.103592, -77.90374
547;548;Yes;40-49;44;No;With Traffic;O: No Injury;Travel Lane;White;Male;Monroe;Union;No;;2009-09-14;Crossing Paths - Other Circumstances;19;Intersection;01-09-01;0001-01-01T14:28:58-04:56;Sign-Controlled Intersection - Other /;111148;2009;B: Evident Injury;Commercial;20-24;20;No;0-5 mph;B: Evident Injury;White;Male;Passenger Car;No;No;Dusk;Urban (>70% Developed);2 lanes;2;Straight - Level;Public Vehicular Area;Dry;Two-Way, Not Divided;None;Four-Way Intersection;Smooth Asphalt;Piedmont;Urban;5 - 15 MPH;Stop Sign;Clear;No;35.005917, -80.56077
554;555;Yes;20-24;21;No;Facing Traffic;C: Possible Injury;Travel Lane;Other;Female;Nags Head;Dare;No;01-01-03;2009-07-01;Motorist Failed to Yield - Sign-Controlled Intersection;13;Intersection;01-07-01;0001-01-01T08:53:58-04:56;Motorist Drive Out - Sign-Controlled Intersection;112141;2009;C: Possible Injury;Commercial;25-29;28;No;0-5 mph;O: No Injury;White;Female;Sport Utility;No;No;Daylight;Mixed (30% To 70% Developed);5 lanes;2;Straight - Level;Local Street;Dry;Two-Way, Divided, Unprotected Median;None;T-Intersection;Coarse Asphalt;Coastal;Rural;50 - 55  MPH;Stop Sign;Clear;No;35.921017, -75.605705
563;564;Yes;16-19;17;No;Not Applicable;B: Evident Injury;Travel Lane;White;Male;None - Rural Crash;Buncombe;No;01-01-02;2009-09-22;Non-Roadway;13;Non-Roadway;01-09-01;0001-01-01T08:59:58-04:56;Non-Roadway;410910;2009;B: Evident Injury;Farms, Woods, Pastures;25-29;25;No;;O: No Injury;White;Female;Van;No;No;Daylight;Rural (<30% Developed);1 lane;2;Curve - Grade;Public Vehicular Area;Sand, Mud, Dirt, Gravel;Two-Way, Not Divided;None;Driveway, Public;Gravel;Mountains;Rural;;No Control Present;Cloudy;No;35.607502, -82.37562
564;565;Yes;15-Nov;13;No;With Traffic;C: Possible Injury;Travel Lane;White;Male;Gastonia;Gaston;No;01-01-02;2009-09-22;Crossing Paths - Other Circumstances;18;Intersection;01-09-01;0001-01-01T13:08:58-04:56;Crossing Paths - Uncontrolled Intersection;111160;2009;C: Possible Injury;Commercial;30-39;32;No;26-30 mph;O: No Injury;Black;Male;Passenger Car;No;No;Daylight;Urban (>70% Developed);5 lanes;2;Straight - Grade;State Secondary Route;Dry;Two-Way, Not Divided;None;No Special Feature;Smooth Asphalt;Piedmont;Urban;40 - 45  MPH;No Control Present;Clear;No;35.253433, -81.17812
565;566;Yes;30-39;35;No;With Traffic;C: Possible Injury;Travel Lane;White;Male;None - Rural Crash;Columbus;No;01-01-05;2009-10-02;Motorist Overtaking Bicyclist;19;Non-Intersection;01-10-01;0001-01-01T14:32:58-04:56;Motorist Overtaking - Undetected Bicyclist;311231;2009;C: Possible Injury;Farms, Woods, Pastures;70+;;No;51-55 mph;O: No Injury;White;Male;Pickup;No;No;Dark - Roadway Not Lighted;Rural (<30% Developed);2 lanes;2;Straight - Level;State Secondary Route;Dry;Two-Way, Not Divided;None;No Special Feature;Coarse Asphalt;Coastal;Rural;50 - 55  MPH;No Control Present;Clear;No;34.277805, -78.72908
566;567;Yes;50-59;50;No;Facing Traffic;B: Evident Injury;Travel Lane;White;Male;Mills River;Henderson;No;01-01-07;2009-10-04;Motorist Overtaking Bicyclist;16;Non-Intersection;01-10-01;0001-01-01T11:12:58-04:56;Motorist Overtaking - Other /;312239;2009;B: Evident Injury;Residential;40-49;49;No;31-35 mph;O: No Injury;White;Male;Passenger Car;No;No;Daylight;Mixed (30% To 70% Developed);2 lanes;2;Straight - Grade;State Secondary Route;Dry;Two-Way, Not Divided;None;No Special Feature;Coarse Asphalt;Mountains;Urban;30 - 35  MPH;Double Yellow Line, No Passing Zone;Cloudy;No;35.375854, -82.57849
598;599;Yes;40-49;44;Yes;With Traffic;B: Evident Injury;Travel Lane;Hispanic;Male;Charlotte;Mecklenburg;Yes;;2009-10-05;Motorist Overtaking Bicyclist;19;Non-Intersection;01-10-01;0001-01-01T14:40:58-04:56;Motorist Overtaking - Bicyclist Swerved;311235;2009;B: Evident Injury;Commercial;20-24;22;No;31-35 mph;O: No Injury;White;Male;Passenger Car;No;No;Dark - Lighted Roadway;Urban (>70% Developed);6 lanes;2;Straight - Level;Local Street;Wet;Two-Way, Divided, Unprotected Median;None;No Special Feature;Smooth Asphalt;Piedmont;Urban;40 - 45  MPH;No Control Present;Cloudy;No;35.22594, -80.90943
599;600;Yes;30-39;39;No;With Traffic;B: Evident Injury;Travel Lane;White;Male;Midland;Cabarrus;No;01-01-04;2009-10-15;Motorist Overtaking Bicyclist;6;Non-Intersection;01-10-01;0001-01-01T01:48:58-04:56;Motorist Overtaking - Other /;311239;2009;B: Evident Injury;Residential;;;No;51-55 mph;Injury;/Missing;;;No;Yes;Dark - Roadway Not Lighted;Mixed (30% To 70% Developed);5 lanes;2;Straight - Level;NC Route;Wet;Two-Way, Not Divided;None;No Special Feature;Smooth Asphalt;Piedmont;Rural;50 - 55  MPH;No Control Present;Cloudy;No;35.250446, -80.50819
608;609;Yes;15-Nov;14;No;With Traffic;B: Evident Injury;Travel Lane;White;Male;Raleigh;Wake;No;01-01-07;2009-09-20;Bicyclist Failed to Yield - Sign-Controlled Intersection;15;Intersection;01-09-01;0001-01-01T10:13:58-04:56;Bicyclist Ride Through - Sign-Controlled Intersection;111144;2009;B: Evident Injury;Residential;50-59;52;No;26-30 mph;O: No Injury;White;Male;Sport Utility;No;No;Daylight;Urban (>70% Developed);2 lanes;2;Straight - Grade;Local Street;Dry;Two-Way, Not Divided;None;No Special Feature;Coarse Asphalt;Piedmont;Urban;30 - 35  MPH;Stop Sign;Clear;No;35.84828, -78.708725
612;613;Yes;60-69;60;No;With Traffic;A: Disabling Injury;Travel Lane;White;Male;None - Rural Crash;Robeson;No;;2009-10-19;Motorist Overtaking Bicyclist;7;Non-Intersection;01-10-01;0001-01-01T02:53:58-04:56;Motorist Overtaking - Other /;311239;2009;A: Disabling Injury;Farms, Woods, Pastures;20-24;24;No;51-55 mph;O: No Injury;Native American;Male;Pickup;No;No;Daylight;Rural (<30% Developed);2 lanes;2;Straight - Level;State Secondary Route;Dry;Two-Way, Not Divided;None;No Special Feature;Coarse Asphalt;Coastal;Rural;50 - 55  MPH;No Control Present;Clear;No;34.816418, -79.201454
615;616;Yes;16-19;19;No;Not Applicable;B: Evident Injury;;Black;Male;Raleigh;Wake;No;01-01-07;2009-09-27;Bicyclist Failed to Yield - Midblock;20;Non-Intersection;01-09-01;0001-01-01T15:52:58-04:56;Bicyclist Ride Out - Midblock -;393319;2009;B: Evident Injury;Residential;;;Missing;31-35 mph;Injury;/Missing;;Sport Utility;No;Yes;Dark - Lighted Roadway;Mixed (30% To 70% Developed);2 lanes;2;Straight - Level;Local Street;Dry;Two-Way, Not Divided;None;No Special Feature;Smooth Asphalt;Piedmont;Urban;30 - 35  MPH;No Control Present;Clear;No;35.746876, -78.606865
617;618;Yes;25-29;27;No;Facing Traffic;C: Possible Injury;Travel Lane;Black;Male;Rocky Mount;Nash;No;01-01-03;2009-09-23;Crossing Paths - Other Circumstances;19;Intersection;01-09-01;0001-01-01T14:25:58-04:56;Signalized Intersection - Other /;112158;2009;C: Possible Injury;Residential;30-39;39;No;6-10 mph;O: No Injury;White;Male;Sport Utility;No;No;Dusk;Urban (>70% Developed);2 lanes;2;Straight - Level;Local Street;Dry;One-Way, Not Divided;None;T-Intersection;Coarse Asphalt;Coastal;Urban;30 - 35  MPH;Stop And Go Signal;Clear;No;35.9427, -77.80186