FID;OBJECTID;AmbulanceR;BikeAge_Gr;Bike_Age;Bike_Alc_D;Bike_Dir;Bike_Injur;Bike_Pos;Bike_Race;Bike_Sex;City;County;CrashAlcoh;CrashDay;Crash_Date;Crash_Grp;Crash_Hour;Crash_Loc;Crash_Mont;Crash_Time;Crash_Type;Crash_Ty_1;Crash_Year;Crsh_Sevri;Developmen;DrvrAge_Gr;Drvr_Age;Drvr_Alc_D;Drvr_EstSp;Drvr_Injur;Drvr_Race;Drvr_Sex;Drvr_VehTy;ExcsSpdInd;Hit_Run;Light_Cond;Locality;Num_Lanes;Num_Units;Rd_Charact;Rd_Class;Rd_Conditi;Rd_Config;Rd_Defects;Rd_Feature;Rd_Surface;Region;Rural_Urba;Speed_Limi;Traff_Cntr;Weather;Workzone_I;Location
22;23;Yes;50-59;57;No;Facing Traffic;B: Evident Injury;Sidewalk / Crosswalk / Driveway Crossing;Hispanic;Male;Pineville;Mecklenburg;No;01-01-05;2011-01-07;Motorist Failed to Yield - Sign-Controlled Intersection;9;Intersection;;0001-01-01T05:01:58-04:56;Motorist Drive Out - Sign-Controlled Intersection;132141;2011;B: Evident Injury;Commercial;40-49;46;No;;O: No Injury;White;Male;Passenger Car;No;No;Daylight;Urban (>70% Developed);2 lanes;2;Straight - Level;Local Street;Dry;Two-Way, Not Divided;None;T-Intersection;Smooth Asphalt;Piedmont;Rural;30 - 35  MPH;Stop Sign;Cloudy;No;35.09559, -80.8635
35;36;No;30-39;33;No;With Traffic;C: Possible Injury;Bike Lane / Paved Shoulder;Hispanic;Male;Goldsboro;Wayne;No;01-01-05;2011-02-04;Motorist Overtaking Bicyclist;6;Non-Intersection;01-02-01;0001-01-01T01:49:58-04:56;Motorist Overtaking - Other /;321239;2011;C: Possible Injury;Commercial;;;Missing;31-35 mph;Injury;/Missing;;;No;Yes;Dark - Lighted Roadway;Urban (>70% Developed);2 lanes;2;Straight - Level;Local Street;Wet;Two-Way, Not Divided;None;No Special Feature;Coarse Asphalt;Coastal;Urban;40 - 45  MPH;Double Yellow Line, No Passing Zone;Rain;No;35.3665, -77.9337
40;41;Yes;25-29;29;No;Facing Traffic;B: Evident Injury;Travel Lane;White;Male;Raleigh;Wake;Yes;;2011-01-24;Head-On;2;Intersection-Related;;0000-12-31T21:38:58-04:56;Head-On - Motorist;212255;2011;B: Evident Injury;Commercial;20-24;24;Yes;11-15 mph;O: No Injury;White;Male;Passenger Car;No;No;Dark - Lighted Roadway;Urban (>70% Developed);3 lanes;2;Straight - Level;Local Street;Dry;Two-Way, Not Divided;None;No Special Feature;Smooth Asphalt;Piedmont;Urban;30 - 35  MPH;No Control Present;Clear;No;35.78081, -78.6492
48;49;Yes;30-39;30;No;With Traffic;C: Possible Injury;Travel Lane;White;Female;Albemarle;Stanly;No;01-01-03;2011-02-16;Motorist Overtaking Bicyclist;19;Non-Intersection;01-02-01;0001-01-01T14:25:58-04:56;Motorist Overtaking - Undetected Bicyclist;311231;2011;C: Possible Injury;Commercial;60-69;66;No;31-35 mph;O: No Injury;White;Male;Pickup;No;No;Dark - Roadway Not Lighted;Urban (>70% Developed);5 lanes;2;Straight - Level;NC Route;Dry;Two-Way, Not Divided;None;No Special Feature;Smooth Asphalt;Piedmont;Urban;40 - 45  MPH;No Control Present;Clear;No;35.34252, -80.1817
54;55;Yes;20-24;23;No;With Traffic;A: Disabling Injury;Travel Lane;White;Male;Salisbury;Rowan;No;01-01-02;2011-02-15;Motorist Overtaking Bicyclist;19;Non-Intersection;01-02-01;0001-01-01T14:28:58-04:56;Motorist Overtaking - Undetected Bicyclist;311231;2011;A: Disabling Injury;Residential;30-39;32;No;51-55 mph;O: No Injury;White;Male;Pickup;No;No;Dark - Roadway Not Lighted;Urban (>70% Developed);5 lanes;2;Straight - Level;Local Street;Dry;Two-Way, Not Divided;None;No Special Feature;Coarse Asphalt;Piedmont;Urban;50 - 55  MPH;No Control Present;Clear;No;35.62984, -80.5224
63;64;Yes;50-59;56;Yes;Not Applicable;B: Evident Injury;Non-Roadway;Black;Male;Rocky Mount;Nash;Yes;01-01-02;2011-01-25;Non-Roadway;18;Non-Roadway;;0001-01-01T13:12:58-04:56;Non-Roadway;460910;2011;B: Evident Injury;Commercial;40-49;48;No;16-20 mph;O: No Injury;White;Male;Pickup;No;No;Dark - Lighted Roadway;Urban (>70% Developed);;2;Straight - Level;Public Vehicular Area;Wet;Two-Way, Not Divided;None;Driveway, Public;Coarse Asphalt;Coastal;Urban;5 - 15 MPH;No Control Present;Cloudy;No;35.971, -77.8099
67;68;No;16-19;18;Yes;Not Applicable;C: Possible Injury;Travel Lane;White;Male;Greensboro;Guilford;Yes;01-01-04;2011-02-24;Bicyclist Failed to Yield - Midblock;18;Non-Intersection;01-02-01;0001-01-01T13:32:58-04:56;Bicyclist Ride Out - Other Midblock;313318;2011;C: Possible Injury;Commercial;50-59;53;No;16-20 mph;O: No Injury;White;Male;Sport Utility;No;No;Dark - Lighted Roadway;Urban (>70% Developed);6 lanes;2;Straight - Level;Local Street;Wet;Two-Way, Divided, Unprotected Median;None;Related To Intersection;Coarse Asphalt;Piedmont;Urban;30 - 35  MPH;Stop And Go Signal;Cloudy;No;36.06208, -79.816
73;74;No;;;No;With Traffic;B: Evident Injury;Travel Lane;Black;Male;Kinston;Lenoir;No;01-01-04;2011-02-03;Motorist Failed to Yield - Signalized Intersection;20;Intersection;01-02-01;0001-01-01T15:12:58-04:56;Motorist Drive Out - Signalized Intersection;111152;2011;B: Evident Injury;Commercial;;;No;;Injury;/Missing;;;No;Yes;Dark - Lighted Roadway;Urban (>70% Developed);4 lanes;2;Straight - Level;NC Route;Dry;Two-Way, Not Divided;None;T-Intersection;Coarse Asphalt;Coastal;Urban;30 - 35  MPH;Stop And Go Signal;Clear;No;35.28369, -77.5806
74;75;No;60-69;68;No;With Traffic;B: Evident Injury;Travel Lane;White;Male;None - Rural Crash;New Hanover;No;01-01-03;2011-03-09;Motorist Failed to Yield - Sign-Controlled Intersection;13;Intersection;01-03-01;0001-01-01T08:58:58-04:56;Motorist Drive Out - Sign-Controlled Intersection;111141;2011;B: Evident Injury;Commercial;60-69;61;No;6-10 mph;O: No Injury;White;Female;Van;No;No;Daylight;Mixed (30% To 70% Developed);4 lanes;2;Straight - Level;NC Route;Dry;Two-Way, Divided, Unprotected Median;None;T-Intersection;Coarse Asphalt;Coastal;Rural;30 - 35  MPH;Stop Sign;Clear;No;34.16378, -77.8915
75;76;No;16-19;19;No;Facing Traffic;Injury;Sidewalk / Crosswalk / Driveway Crossing;Black;Male;Wilmington;New Hanover;No;01-01-02;2011-03-01;Motorist Failed to Yield - Midblock;17;Non-Intersection;01-03-01;0001-01-01T12:14:58-04:56;Motorist Drive Out - Commercial Driveway / Alley;332322;2011;O: No Injury;Commercial;60-69;60;No;0-5 mph;O: No Injury;White;Female;Passenger Car;No;No;Daylight;Urban (>70% Developed);;2;Straight - Level;;Dry;Two-Way, Not Divided;None;Driveway, Public;Concrete;Coastal;Urban;30 - 35  MPH;No Control Present;Clear;No;34.23931, -77.8662
77;78;No;15-Nov;12;No;With Traffic;B: Evident Injury;Travel Lane;White;Female;None - Rural Crash;Transylvania;No;01-01-07;2011-03-13;Bicyclist Failed to Yield - Sign-Controlled Intersection;13;Intersection;01-03-01;0001-01-01T08:22:58-04:56;Bicyclist Ride Through - Sign-Controlled Intersection;111144;2011;B: Evident Injury;Farms, Woods, Pastures;70+;;No;21-25 mph;O: No Injury;White;Female;Passenger Car;No;No;Daylight;Rural (<30% Developed);2 lanes;2;Curve - Level;State Secondary Route;Dry;Two-Way, Not Divided;None;T-Intersection;Coarse Asphalt;Mountains;Rural;20 - 25  MPH;Stop Sign;Clear;No;35.22388, -82.747
78;79;Yes;25-29;27;No;Not Applicable;B: Evident Injury;Non-Roadway;White;Male;Charlotte;Mecklenburg;No;01-01-06;2011-03-05;Non-Roadway;15;Non-Roadway;01-03-01;0001-01-01T10:39:58-04:56;Non-Roadway;460910;2011;B: Evident Injury;Commercial;60-69;66;No;6-10 mph;O: No Injury;Black;Male;Passenger Car;No;No;Daylight;Urban (>70% Developed);2 lanes;2;Straight - Level;Public Vehicular Area;Wet;Two-Way, Not Divided;None;No Special Feature;Smooth Asphalt;Piedmont;Urban;20 - 25  MPH;No Control Present;Rain;No;35.21146, -80.926
82;83;No;50-59;50;No;;C: Possible Injury;Sidewalk / Crosswalk / Driveway Crossing;White;Male;Charlotte;Mecklenburg;No;01-01-04;2011-03-10;Crossing Paths - Other Circumstances;17;Intersection;01-03-01;0001-01-01T12:18:58-04:56;Crossing Paths - Intersection - Other /;139180;2011;C: Possible Injury;Commercial;20-24;20;No;;O: No Injury;Hispanic;Male;Sport Utility;No;No;Dawn;Urban (>70% Developed);3 lanes;2;Straight - Hillcrest;Local Street;Dry;Two-Way, Not Divided;None;Four-Way Intersection;Smooth Asphalt;Piedmont;Urban;30 - 35  MPH;Stop And Go Signal;Cloudy;No;35.13783, -80.8793
87;88;Yes;60-69;60;No;With Traffic;B: Evident Injury;Travel Lane;Black;Male;Raleigh;Wake;No;;2011-02-21;Motorist Failed to Yield - Midblock;9;Non-Intersection;01-02-01;0001-01-01T04:13:58-04:56;Motorist Drive Out - Commercial Driveway / Alley;311322;2011;B: Evident Injury;Residential;20-24;20;No;6-10 mph;O: No Injury;Black;Male;Passenger Car;No;No;Daylight;Urban (>70% Developed);3 lanes;2;Straight - Hillcrest;Local Street;Dry;One-Way, Not Divided;None;No Special Feature;Smooth Asphalt;Piedmont;Urban;30 - 35  MPH;Stop And Go Signal;Clear;No;35.77274, -78.6336
88;89;No;50-59;59;No;With Traffic;C: Possible Injury;Sidewalk / Crosswalk / Driveway Crossing;Black;Male;Raleigh;Wake;No;01-01-05;2011-02-18;Motorist Right Turn / Merge;21;Intersection;01-02-01;0001-01-01T16:18:58-04:56;Motorist Right Turn - Same Direction;131213;2011;C: Possible Injury;Commercial;;;Missing;16-20 mph;Injury;/Missing;;;No;Yes;Dark - Lighted Roadway;Urban (>70% Developed);6 lanes;2;Straight - Level;Local Street;Dry;Two-Way, Divided, Positive Median Barrier;None;Four-Way Intersection;Smooth Asphalt;Piedmont;Urban;40 - 45  MPH;Stop And Go Signal;Clear;No;35.78, -78.6135
90;91;Yes;40-49;48;No;With Traffic;B: Evident Injury;Travel Lane;White;Male;Greensboro;Guilford;No;01-01-07;2011-03-13;Motorist Overtaking Bicyclist;14;Intersection-Related;01-03-01;0001-01-01T09:38:58-04:56;Motorist Overtaking - Other /;211239;2011;B: Evident Injury;Commercial;0-19;18;No;11-15 mph;O: No Injury;White;Male;Passenger Car;No;No;Daylight;Urban (>70% Developed);3 lanes;2;Straight - Level;Local Street;Dry;Two-Way, Not Divided;None;Related To Intersection;Smooth Asphalt;Piedmont;Urban;40 - 45  MPH;Stop And Go Signal;Clear;No;36.01505, -79.8968
114;115;No;15-Nov;12;No;Not Applicable;C: Possible Injury;Sidewalk / Crosswalk / Driveway Crossing;Black;Male;Charlotte;Mecklenburg;No;01-01-04;2011-03-24;Crossing Paths - Other Circumstances;17;Intersection;01-03-01;0001-01-01T12:53:58-04:56;Crossing Paths - Intersection - Other /;133180;2011;C: Possible Injury;Residential;60-69;61;No;31-35 mph;O: No Injury;White;Female;Passenger Car;No;No;Daylight;Urban (>70% Developed);2 lanes;2;Straight - Level;Local Street;Dry;Two-Way, Not Divided;None;No Special Feature;Smooth Asphalt;Piedmont;Urban;40 - 45  MPH;Stop Sign;Clear;No;35.25683, -80.7386
149;150;Yes;40-49;46;No;With Traffic;C: Possible Injury;Travel Lane;Black;Male;Charlotte;Mecklenburg;No;01-01-02;2011-04-12;Motorist Overtaking Bicyclist;16;Non-Intersection;01-04-01;0001-01-01T11:33:58-04:56;Motorist Overtaking - Misjudged Space;311232;2011;C: Possible Injury;Residential;;;Missing;6-10 mph;Injury;/Missing;;;No;Yes;Daylight;Urban (>70% Developed);4 lanes;2;Straight - Level;Local Street;Dry;Two-Way, Divided, Unprotected Median;;No Special Feature;Smooth Asphalt;Piedmont;Urban;30 - 35  MPH;No Control Present;Cloudy;No;35.21704, -80.8699
154;155;Yes;40-49;44;No;Facing Traffic;C: Possible Injury;Sidewalk / Crosswalk / Driveway Crossing;Black;Male;Raleigh;Wake;No;01-01-03;2011-04-06;Motorist Failed to Yield - Midblock;19;Non-Intersection;01-04-01;0001-01-01T14:56:58-04:56;Motorist Drive Out - Commercial Driveway / Alley;332322;2011;C: Possible Injury;Commercial;20-24;21;No;0-5 mph;O: No Injury;Hispanic;Male;Passenger Car;No;No;Daylight;Urban (>70% Developed);1 lane;2;Straight - Level;Public Vehicular Area;Dry;Two-Way, Not Divided;None;Driveway, Public;Smooth Asphalt;Piedmont;Urban;5 - 15 MPH;No Control Present;Clear;No;35.78477, -78.6895
156;157;No;16-19;18;No;With Traffic;A: Disabling Injury;Bike Lane / Paved Shoulder;White;Male;None - Rural Crash;Onslow;No;01-01-06;2011-04-23;Motorist Left Turn / Merge;22;Intersection;01-04-01;0001-01-01T17:33:58-04:56;Motorist Left Turn - Opposite Direction;121212;2011;A: Disabling Injury;Farms, Woods, Pastures;;;Missing;11-15 mph;Injury;/Missing;;Van;No;Yes;Dark - Roadway Not Lighted;Rural (<30% Developed);2 lanes;2;Straight - Level;State Secondary Route;Dry;Two-Way, Not Divided;None;T-Intersection;Coarse Asphalt;Coastal;Rural;30 - 35  MPH;No Control Present;Clear;No;34.72733, -77.316
157;158;Yes;50-59;53;Yes;With Traffic;C: Possible Injury;Travel Lane;Black;Male;Clinton;Sampson;Yes;01-01-03;2011-04-13;Bicyclist Failed to Yield - Signalized Intersection;17;Intersection;01-04-01;0001-01-01T12:13:58-04:56;Bicyclist Ride Out - Signalized  Intersection;111153;2011;C: Possible Injury;Residential;40-49;41;No;31-35 mph;O: No Injury;White;Female;Passenger Car;No;No;Daylight;Urban (>70% Developed);5 lanes;2;Straight - Level;Local Street;Dry;Two-Way, Divided, Unprotected Median;None;Four-Way Intersection;Coarse Asphalt;Coastal;Urban;30 - 35  MPH;Stop And Go Signal;Clear;No;34.9976, -78.3092
174;175;No;30-39;37;No;With Traffic;O: No Injury;Travel Lane;White;Male;None - Rural Crash;Rockingham;No;01-01-07;2011-05-01;Bicyclist Right Turn / Merge;13;Intersection;01-05-01;0001-01-01T08:44:58-04:56;Bicyclist Right Turn - Same Direction;111223;2011;O: No Injury;Farms, Woods, Pastures;30-39;38;No;6-10 mph;O: No Injury;White;Male;Passenger Car;No;No;Daylight;Rural (<30% Developed);2 lanes;2;Straight - Level;State Secondary Route;Dry;Two-Way, Not Divided;None;T-Intersection;Smooth Asphalt;Piedmont;Rural;50 - 55  MPH;Double Yellow Line, No Passing Zone;Cloudy;No;36.309, -79.9934
179;180;No;20-24;21;No;With Traffic;B: Evident Injury;Travel Lane;White;Male;None - Rural Crash;New Hanover;No;01-01-05;2011-04-29;Motorist Failed to Yield - Sign-Controlled Intersection;17;Intersection;01-04-01;0001-01-01T12:03:58-04:56;Motorist Drive Out - Sign-Controlled Intersection;111141;2011;B: Evident Injury;Residential;40-49;43;No;0-5 mph;O: No Injury;White;Female;Sport Utility;No;No;Daylight;Urban (>70% Developed);2 lanes;2;Straight - Level;State Secondary Route;Dry;Two-Way, Not Divided;None;T-Intersection;Smooth Asphalt;Coastal;Rural;50 - 55  MPH;Stop Sign;Clear;No;34.07349, -77.8953
188;189;Yes;40-49;48;No;Facing Traffic;C: Possible Injury;Sidewalk / Crosswalk / Driveway Crossing;White;Male;Chapel Hill;Orange;No;01-01-05;2011-04-22;Bicyclist Failed to Yield - Signalized Intersection;16;Intersection;01-04-01;0001-01-01T11:05:58-04:56;Bicyclist Ride Out - Signalized  Intersection;132153;2011;C: Possible Injury;Commercial;40-49;43;No;0-5 mph;O: No Injury;White;Female;Van;No;No;Daylight;Urban (>70% Developed);5 lanes;2;Straight - Level;NC Route;Wet;Two-Way, Divided, Unprotected Median;None;Four-Way Intersection;Smooth Asphalt;Piedmont;Urban;30 - 35  MPH;Stop And Go Signal;Rain;No;35.96408, -79.0582
192;193;Yes;40-49;49;No;Not Applicable;C: Possible Injury;Non-Roadway;Black;Female;Kinston;Lenoir;No;01-01-06;2011-04-30;Non-Roadway;15;Non-Roadway;01-04-01;0001-01-01T10:45:58-04:56;Non-Roadway;460910;2011;C: Possible Injury;Commercial;25-29;28;No;0-5 mph;O: No Injury;Black;Female;Passenger Car;No;No;Daylight;Urban (>70% Developed);1 lane;2;Straight - Level;Public Vehicular Area;Dry;One-Way, Not Divided;None;Driveway, Public;Smooth Asphalt;Coastal;Urban;20 - 25  MPH;No Control Present;Clear;No;35.2792, -77.5755
193;194;Yes;16-19;17;No;With Traffic;B: Evident Injury;Travel Lane;Black;Male;None - Rural Crash;Wake;No;01-01-04;2011-05-05;Bicyclist Left Turn / Merge;20;Non-Intersection;01-05-01;0001-01-01T15:27:58-04:56;Bicyclist Left Turn - Same Direction;311221;2011;B: Evident Injury;Residential;20-24;22;No;41-45 mph;O: No Injury;Black;Female;Passenger Car;No;No;Dusk;Rural (<30% Developed);2 lanes;2;Straight - Level;State Secondary Route;Dry;Two-Way, Not Divided;None;No Special Feature;Smooth Asphalt;Piedmont;Rural;40 - 45  MPH;Double Yellow Line, No Passing Zone;Clear;No;35.85904, -78.5459
204;205;Yes;60-69;65;No;With Traffic;C: Possible Injury;Travel Lane;Black;Male;None - Rural Crash;Greene;No;01-01-02;2011-05-10;Bicyclist Left Turn / Merge;14;Non-Intersection;01-05-01;0001-01-01T09:46:58-04:56;Bicyclist Left Turn - Same Direction;311221;2011;C: Possible Injury;Farms, Woods, Pastures;50-59;57;No;51-55 mph;O: No Injury;Black;Female;Sport Utility;No;No;Daylight;Rural (<30% Developed);2 lanes;2;Straight - Level;US Route;Dry;Two-Way, Not Divided;None;Driveway, Public;Smooth Asphalt;Coastal;Rural;50 - 55  MPH;No Control Present;Clear;No;35.39258, -77.6657
205;206;Yes;0-5;5;No;;B: Evident Injury;Travel Lane;White;Male;Clayton;Johnston;No;01-01-02;2011-04-26;Bicyclist Failed to Yield - Midblock;18;Non-Intersection;01-04-01;0001-01-01T13:17:58-04:56;Bicyclist Ride Out - Other Midblock;319318;2011;B: Evident Injury;Residential;30-39;33;No;6-10 mph;O: No Injury;White;Male;Pickup;No;No;Daylight;Mixed (30% To 70% Developed);2 lanes;2;Straight - Level;Local Street;Dry;Two-Way, Not Divided;None;No Special Feature;Smooth Asphalt;Coastal;Urban;20 - 25  MPH;No Control Present;Cloudy;No;35.63418, -78.4405
206;207;No;;;Missing;Facing Traffic;Injury;Sidewalk / Crosswalk / Driveway Crossing;/Missing;;Durham;Durham;No;01-01-02;2011-05-10;Crossing Paths - Other Circumstances;14;Intersection;01-05-01;0001-01-01T09:10:58-04:56;Crossing Paths - Intersection - Other /;132180;2011;O: No Injury;Residential;60-69;66;No;0-5 mph;O: No Injury;Black;Female;Passenger Car;No;No;Daylight;Urban (>70% Developed);2 lanes;2;Straight - Level;Local Street;Dry;Two-Way, Not Divided;None;No Special Feature;Smooth Asphalt;Piedmont;Urban;20 - 25  MPH;Stop Sign;Clear;No;36.02413, -78.918
218;219;Yes;10-Jun;7;No;With Traffic;C: Possible Injury;;Black;Female;Wilmington;New Hanover;No;01-01-04;2011-04-21;Motorist Right Turn / Merge;14;Non-Intersection;01-04-01;0001-01-01T09:18:58-04:56;Motorist Right Turn - Same Direction;391213;2011;C: Possible Injury;Residential;40-49;41;No;0-5 mph;O: No Injury;Black;Female;Sport Utility;No;No;Daylight;Urban (>70% Developed);2 lanes;2;Straight - Level;Local Street;Dry;One-Way, Not Divided;None;No Special Feature;Coarse Asphalt;Coastal;Urban;20 - 25  MPH;No Control Present;Clear;No;34.24898, -77.9078
223;224;Yes;10-Jun;8;No;Not Applicable;B: Evident Injury;Travel Lane;Black;Male;Charlotte;Mecklenburg;No;01-01-07;2011-05-08;Bicyclist Failed to Yield - Sign-Controlled Intersection;14;Intersection-Related;01-05-01;0001-01-01T09:36:58-04:56;Bicyclist Ride Through - Sign-Controlled Intersection;213144;2011;B: Evident Injury;Residential;0-19;19;No;16-20 mph;O: No Injury;Black;Male;Passenger Car;No;No;Daylight;Urban (>70% Developed);2 lanes;2;Straight - Level;Local Street;Dry;Two-Way, Not Divided;None;No Special Feature;Smooth Asphalt;Piedmont;Urban;20 - 25  MPH;Stop Sign;Clear;No;35.24216, -80.8018
226;227;Yes;15-Nov;12;No;Facing Traffic;C: Possible Injury;Travel Lane;Black;Male;Washington;Beaufort;No;01-01-02;2011-05-03;Crossing Paths - Other Circumstances;19;Intersection;01-05-01;0001-01-01T14:07:58-04:56;Crossing Paths - Intersection - Other /;112180;2011;C: Possible Injury;Residential;70+;;No;16-20 mph;O: No Injury;White;Female;Passenger Car;No;No;Daylight;Urban (>70% Developed);2 lanes;2;Straight - Level;Local Street;Dry;One-Way, Not Divided;None;Four-Way Intersection;Coarse Asphalt;Coastal;Urban;20 - 25  MPH;No Control Present;Clear;No;35.54143, -77.0536
227;228;No;20-24;20;No;Facing Traffic;B: Evident Injury;Sidewalk / Crosswalk / Driveway Crossing;White;Female;Boone;Watauga;No;01-01-05;2011-05-06;Motorist Failed to Yield - Midblock;16;Non-Intersection;01-05-01;0001-01-01T11:22:58-04:56;Motorist Drive Out - Commercial Driveway / Alley;332322;2011;B: Evident Injury;Commercial;40-49;49;No;0-5 mph;O: No Injury;White;Male;Sport Utility;No;No;Daylight;Mixed (30% To 70% Developed);5 lanes;2;Straight - Level;US Route;Dry;Two-Way, Not Divided;None;Driveway, Private;Smooth Asphalt;Mountains;Urban;30 - 35  MPH;No Control Present;Clear;No;36.20357, -81.6663
229;230;No;25-29;28;No;With Traffic;B: Evident Injury;Travel Lane;White;Male;Charlotte;Mecklenburg;No;01-01-03;2011-05-11;Motorist Right Turn / Merge;19;Intersection;01-05-01;0001-01-01T14:39:58-04:56;Motorist Right Turn - Same Direction;111213;2011;B: Evident Injury;Residential;60-69;65;No;31-35 mph;O: No Injury;Black;Female;Pickup;No;No;Daylight;Urban (>70% Developed);2 lanes;2;Straight - Level;Local Street;Dry;Two-Way, Not Divided;None;No Special Feature;Smooth Asphalt;Piedmont;Urban;30 - 35  MPH;No Control Present;Clear;No;35.2553, -80.8739
232;233;Yes;50-59;52;No;With Traffic;C: Possible Injury;Travel Lane;Black;Male;Charlotte;Mecklenburg;No;01-01-05;2011-05-06;Motorist Overtaking Bicyclist;1;Intersection-Related;01-05-01;0000-12-31T20:22:58-04:56;Motorist Overtaking - Undetected Bicyclist;211231;2011;C: Possible Injury;Residential;30-39;33;No;21-25 mph;O: No Injury;Black;Female;Passenger Car;No;No;Dawn;Urban (>70% Developed);4 lanes;2;Straight - Level;Local Street;Water (Standing, Moving);Two-Way, Not Divided;None;No Special Feature;Smooth Asphalt;Piedmont;Urban;30 - 35  MPH;No Control Present;Clear;No;35.25384, -80.856
235;236;No;25-29;26;No;With Traffic;O: No Injury;Travel Lane;White;Male;None - Rural Crash;Wayne;No;01-01-05;2011-05-20;Loss of Control / Turning Error;8;Intersection;01-05-01;0001-01-01T03:05:58-04:56;Motorist Turning Error - Left Turn;111111;2011;O: No Injury;Commercial;30-39;32;No;16-20 mph;O: No Injury;Black;Male;Passenger Car;No;No;Daylight;Rural (<30% Developed);2 lanes;2;Straight - Level;State Secondary Route;Dry;Two-Way, Not Divided;None;T-Intersection;Coarse Asphalt;Coastal;Rural;40 - 45  MPH;Stop And Go Signal;Clear;No;35.34141, -78.0014
238;239;Yes;30-39;33;No;With Traffic;B: Evident Injury;Bike Lane / Paved Shoulder;White;Male;Durham;Durham;No;01-01-07;2011-05-22;Motorist Failed to Yield - Midblock;12;Non-Intersection;01-05-01;0001-01-01T07:10:58-04:56;Motorist Drive Out - Other Midblock;321328;2011;B: Evident Injury;Commercial;30-39;39;No;11-15 mph;O: No Injury;Black;Male;Sport Utility;No;No;Daylight;Urban (>70% Developed);;2;Straight - Level;Public Vehicular Area;Dry;Two-Way, Not Divided;None;Driveway, Public;Smooth Asphalt;Piedmont;Urban;5 - 15 MPH;No Control Present;Clear;No;35.93377, -78.8882
245;246;Yes;40-49;43;No;With Traffic;B: Evident Injury;Travel Lane;Hispanic;Male;None - Rural Crash;Durham;No;01-01-07;2011-05-08;Motorist Overtaking Bicyclist;21;Non-Intersection;01-05-01;0001-01-01T16:03:58-04:56;Motorist Overtaking - Other /;311239;2011;B: Evident Injury;Commercial;0-19;17;No;31-35 mph;O: No Injury;White;Male;Passenger Car;No;No;Dark - Lighted Roadway;Urban (>70% Developed);4 lanes;2;Straight - Grade;NC Route;Dry;Two-Way, Not Divided;None;No Special Feature;Smooth Asphalt;Piedmont;Rural;40 - 45  MPH;No Control Present;Clear;No;35.98379, -78.8311
247;248;Yes;50-59;50;No;Not Applicable;B: Evident Injury;Non-Roadway;White;Male;None - Rural Crash;New Hanover;No;01-01-03;2011-05-25;Non-Roadway;15;Non-Roadway;01-05-01;0001-01-01T10:11:58-04:56;Non-Roadway;460910;2011;B: Evident Injury;Commercial;;;Missing;0-5 mph;Injury;/Missing;;Sport Utility;No;No;Daylight;Urban (>70% Developed);2 lanes;2;Straight - Level;Public Vehicular Area;Dry;Two-Way, Not Divided;None;Driveway, Public;Coarse Asphalt;Coastal;Rural;;No Control Present;Clear;No;34.28775, -77.9217
253;254;Yes;20-24;21;No;With Traffic;C: Possible Injury;Travel Lane;White;Male;None - Rural Crash;Watauga;No;01-01-06;2011-05-28;Head-On;16;Non-Intersection;01-05-01;0001-01-01T11:47:58-04:56;Head-On - Bicyclist;311250;2011;C: Possible Injury;Farms, Woods, Pastures;30-39;35;No;21-25 mph;O: No Injury;White;Male;Pickup;No;No;Daylight;Rural (<30% Developed);2 lanes;2;Curve - Grade;State Secondary Route;Dry;Two-Way, Not Divided;None;No Special Feature;Coarse Asphalt;Mountains;Rural;50 - 55  MPH;No Control Present;Clear;No;36.2106, -81.6987
267;268;Yes;16-19;18;No;Facing Traffic;C: Possible Injury;Travel Lane;White;Male;Asheville;Buncombe;No;01-01-07;2011-05-22;Loss of Control / Turning Error;12;Intersection;01-05-01;0001-01-01T07:40:58-04:56;Bicyclist Lost Control - Mechanical Problems;112121;2011;C: Possible Injury;Residential;60-69;68;No;31-35 mph;O: No Injury;White;Female;Passenger Car;No;No;Daylight;Urban (>70% Developed);4 lanes;2;Straight - Level;Local Street;Dry;Two-Way, Not Divided;None;Four-Way Intersection;Smooth Asphalt;Mountains;Urban;30 - 35  MPH;Flashing Stop And Go Signal;Clear;No;35.57176, -82.5826
298;299;Yes;16-19;19;No;With Traffic;C: Possible Injury;Travel Lane;Black;Male;None - Rural Crash;Randolph;No;01-01-07;2011-06-12;Motorist Overtaking Bicyclist;1;Non-Intersection;01-06-01;0000-12-31T20:17:58-04:56;Motorist Overtaking - Other /;311239;2011;C: Possible Injury;Farms, Woods, Pastures;;;Missing;;Injury;/Missing;;Passenger Car;No;Yes;Dark -  Lighting;Rural (<30% Developed);2 lanes;2;Straight - Level;US Route;Dry;Two-Way, Not Divided;None;Driveway, Public;Smooth Asphalt;Piedmont;Rural;;Double Yellow Line, No Passing Zone;Clear;No;35.88503, -79.8056
303;304;Yes;40-49;45;No;Facing Traffic;C: Possible Injury;Sidewalk / Crosswalk / Driveway Crossing;Black;Male;Mooresville;Iredell;No;01-01-05;2011-05-27;Motorist Failed to Yield - Sign-Controlled Intersection;12;Intersection;01-05-01;0001-01-01T07:03:58-04:56;Motorist Drive Out - Sign-Controlled Intersection;132141;2011;C: Possible Injury;Residential;40-49;42;No;0-5 mph;O: No Injury;White;Female;Passenger Car;No;No;Daylight;Urban (>70% Developed);3 lanes;2;Straight - Level;NC Route;Dry;Two-Way, Divided, Unprotected Median;None;Four-Way Intersection;Coarse Asphalt;Piedmont;Urban;30 - 35  MPH;Stop Sign;Clear;No;35.58823, -80.7976