FID;OBJECTID;AmbulanceR;BikeAge_Gr;Bike_Age;Bike_Alc_D;Bike_Dir;Bike_Injur;Bike_Pos;Bike_Race;Bike_Sex;City;County;CrashAlcoh;CrashDay;Crash_Date;Crash_Grp;Crash_Hour;Crash_Loc;Crash_Mont;Crash_Time;Crash_Type;Crash_Ty_1;Crash_Year;Crsh_Sevri;Developmen;DrvrAge_Gr;Drvr_Age;Drvr_Alc_D;Drvr_EstSp;Drvr_Injur;Drvr_Race;Drvr_Sex;Drvr_VehTy;ExcsSpdInd;Hit_Run;Light_Cond;Locality;Num_Lanes;Num_Units;Rd_Charact;Rd_Class;Rd_Conditi;Rd_Config;Rd_Defects;Rd_Feature;Rd_Surface;Region;Rural_Urba;Speed_Limi;Traff_Cntr;Weather;Workzone_I;Location
311;312;No;50-59;55;No;Not Applicable;B: Evident Injury;Non-Roadway;White;Male;Hendersonville;Henderson;No;01-01-02;2011-05-03;Non-Roadway;12;Non-Roadway;01-05-01;0001-01-01T07:03:58-04:56;Non-Roadway;460910;2011;B: Evident Injury;Institutional;;;Missing;6-10 mph;Injury;/Missing;;;No;Yes;Daylight;Urban (>70% Developed);2 lanes;2;Straight - Level;Public Vehicular Area;Dry;Two-Way, Not Divided;None;Driveway, Public;Coarse Asphalt;Mountains;Urban;20 - 25  MPH;No Control Present;Cloudy;No;35.29291, -82.4278
316;317;No;20-24;20;No;Not Applicable;C: Possible Injury;Non-Roadway;Black;Male;Charlotte;Mecklenburg;No;01-01-07;2011-05-29;Bicyclist Failed to Yield - Midblock;18;Non-Intersection;01-05-01;0001-01-01T13:18:58-04:56;Bicyclist Ride Out - Other Midblock;363318;2011;C: Possible Injury;Commercial;0-19;18;No;31-35 mph;O: No Injury;White;Female;Passenger Car;No;No;Daylight;Urban (>70% Developed);2 lanes;2;Straight - Level;Local Street;Dry;Two-Way, Divided, Unprotected Median;None;No Special Feature;Smooth Asphalt;Piedmont;Urban;30 - 35  MPH;Stop And Go Signal;Clear;No;35.17422, -80.8789
327;328;No;16-19;19;No;Facing Traffic;O: No Injury;Sidewalk / Crosswalk / Driveway Crossing;Black;Female;Mooresville;Iredell;No;01-01-05;2011-06-03;Motorist Left Turn / Merge;14;Intersection;01-06-01;0001-01-01T10:01:58-04:56;Motorist Left Turn - Same Direction;132211;2011;B: Evident Injury;Commercial;40-49;44;No;31-35 mph;B: Evident Injury;White;Male;Van;No;No;Daylight;Urban (>70% Developed);2 lanes;2;Straight - Level;Local Street;Dry;Two-Way, Not Divided;None;No Special Feature;Smooth Asphalt;Piedmont;Urban;30 - 35  MPH;Stop Sign;Clear;No;35.58619, -80.8193
333;334;No;15-Nov;12;No;Not Applicable;C: Possible Injury;Non-Roadway;Black;Male;Monroe;Union;No;01-01-04;2011-06-02;Non-Roadway;19;Non-Roadway;01-06-01;0001-01-01T14:59:58-04:56;Non-Roadway;460910;2011;C: Possible Injury;Residential;;;Missing;0-5 mph;Injury;/Missing;;Pickup;No;Yes;Daylight;Urban (>70% Developed);2 lanes;2;Straight - Level;Public Vehicular Area;;;None;No Special Feature;Sand;Piedmont;Urban;20 - 25  MPH;No Control Present;Other;No;34.99028, -80.5404
337;338;Yes;20-24;23;No;Facing Traffic;B: Evident Injury;Travel Lane;Hispanic;Male;Garner;Wake;No;;2011-06-20;Motorist Failed to Yield - Sign-Controlled Intersection;13;Intersection;01-06-01;0001-01-01T08:05:58-04:56;Motorist Drive Out - Sign-Controlled Intersection;112141;2011;B: Evident Injury;Commercial;30-39;37;No;0-5 mph;O: No Injury;White;Male;Pickup;No;No;Daylight;Urban (>70% Developed);2 lanes;2;Straight - Level;Local Street;Dry;Two-Way, Not Divided;None;T-Intersection;Smooth Asphalt;Piedmont;Urban;30 - 35  MPH;Stop Sign;Clear;No;35.72624, -78.6262
339;340;No;16-19;17;No;Facing Traffic;B: Evident Injury;Bike Lane / Paved Shoulder;Hispanic;Male;Fayetteville;Cumberland;No;01-01-02;2011-05-31;Motorist Failed to Yield - Sign-Controlled Intersection;20;Intersection;01-05-01;0001-01-01T15:09:58-04:56;Motorist Drive Out - Sign-Controlled Intersection;122141;2011;B: Evident Injury;Residential;30-39;38;No;6-10 mph;O: No Injury;Hispanic;Female;Van;No;No;Daylight;Urban (>70% Developed);2 lanes;2;Straight - Level;Local Street;Dry;Two-Way, Not Divided;None;No Special Feature;Coarse Asphalt;Coastal;Urban;20 - 25  MPH;Stop Sign;Clear;No;35.00725, -78.9998
343;344;Yes;15-Nov;14;No;Facing Traffic;C: Possible Injury;Sidewalk / Crosswalk / Driveway Crossing;Black;Male;Cary;Wake;No;;2011-06-20;Motorist Failed to Yield - Sign-Controlled Intersection;16;Intersection;01-06-01;0001-01-01T11:55:58-04:56;Motorist Drive Out - Sign-Controlled Intersection;132141;2011;C: Possible Injury;Residential;60-69;63;No;0-5 mph;O: No Injury;Black;Male;Passenger Car;No;No;Daylight;Urban (>70% Developed);2 lanes;2;Straight - Level;Local Street;Dry;Two-Way, Divided, Unprotected Median;None;No Special Feature;Smooth Asphalt;Piedmont;Urban;20 - 25  MPH;Stop Sign;Clear;No;35.72018, -78.7867
344;345;Yes;16-19;18;No;Not Applicable;B: Evident Injury;Travel Lane;White;Male;None - Rural Crash;Buncombe;No;01-01-02;2011-06-21;Crossing Paths - Other Circumstances;13;Intersection;01-06-01;0001-01-01T09:01:58-04:56;Crossing Paths - Uncontrolled Intersection;113160;2011;B: Evident Injury;Commercial;70+;;No;16-20 mph;C: Possible Injury;White;Male;Passenger Car;No;No;Daylight;Mixed (30% To 70% Developed);2 lanes;2;Straight - Grade;State Secondary Route;Dry;Two-Way, Not Divided;None;Driveway, Public;Smooth Asphalt;Mountains;Rural;30 - 35  MPH;Double Yellow Line, No Passing Zone;Cloudy;No;35.59355, -82.5563
347;348;Yes;25-29;26;No;Facing Traffic;C: Possible Injury;Sidewalk / Crosswalk / Driveway Crossing;White;Female;Charlotte;Mecklenburg;No;01-01-03;2011-06-08;Motorist Failed to Yield - Sign-Controlled Intersection;11;Intersection;01-06-01;0001-01-01T07:02:58-04:56;Motorist Drive Out - Sign-Controlled Intersection;132141;2011;C: Possible Injury;Commercial;40-49;49;No;;O: No Injury;White;Female;Passenger Car;No;No;Daylight;Urban (>70% Developed);2 lanes;2;Straight - Level;Local Street;Dry;Two-Way, Not Divided;None;T-Intersection;Smooth Asphalt;Piedmont;Urban;20 - 25  MPH;Stop Sign;Clear;No;35.19973, -80.8256
349;350;No;50-59;56;No;With Traffic;C: Possible Injury;Travel Lane;White;Female;None - Rural Crash;Davidson;No;;2011-06-20;Motorist Overtaking Bicyclist;10;Non-Intersection;01-06-01;0001-01-01T05:17:58-04:56;Motorist Overtaking - Misjudged Space;311232;2011;C: Possible Injury;Farms, Woods, Pastures;60-69;62;No;21-25 mph;O: No Injury;White;Female;Passenger Car;No;No;Daylight;Mixed (30% To 70% Developed);2 lanes;2;Straight - Level;State Secondary Route;Dry;Two-Way, Not Divided;None;No Special Feature;Smooth Asphalt;Piedmont;Rural;50 - 55  MPH;Double Yellow Line, No Passing Zone;Clear;No;35.96823, -80.0927
350;351;Yes;16-19;18;No;With Traffic;A: Disabling Injury;Travel Lane;White;Male;Asheville;Buncombe;Yes;01-01-06;2011-05-28;Motorist Overtaking Bicyclist;23;Non-Intersection;01-05-01;0001-01-01T18:30:58-04:56;Motorist Overtaking - Undetected Bicyclist;311231;2011;A: Disabling Injury;Commercial;40-49;47;Yes;;O: No Injury;White;Male;Passenger Car;No;No;Dark - Lighted Roadway;Urban (>70% Developed);4 lanes;2;Straight - Level;Interstate;Dry;Two-Way, Divided, Unprotected Median;None;End Or Beginning-Divided Highway;Concrete;Mountains;Urban;50 - 55  MPH;Other;Clear;No;35.56482, -82.4997
351;352;Yes;15-Nov;12;No;With Traffic;B: Evident Injury;Travel Lane;Black;Male;Washington;Beaufort;No;01-01-02;2011-06-07;Loss of Control / Turning Error;21;Intersection;01-06-01;0001-01-01T16:23:58-04:56;Bicyclist Lost Control - Mechanical Problems;111121;2011;B: Evident Injury;Residential;0-19;19;No;31-35 mph;O: No Injury;Black;Male;Passenger Car;No;No;Dark - Lighted Roadway;Urban (>70% Developed);2 lanes;2;Straight - Level;Local Street;Dry;Two-Way, Not Divided;None;Four-Way Intersection;Coarse Asphalt;Coastal;Urban;30 - 35  MPH;Stop Sign;Clear;No;35.54418, -77.0369
353;354;No;20-24;24;No;With Traffic;O: No Injury;Travel Lane;White;Male;Pinehurst;Moore;No;01-01-02;2011-06-07;Motorist Left Turn / Merge;7;Intersection;01-06-01;0001-01-01T02:32:58-04:56;Motorist Left Turn - Opposite Direction;111212;2011;O: No Injury;Commercial;0-19;19;No;21-25 mph;O: No Injury;White;Female;Passenger Car;No;No;Daylight;Urban (>70% Developed);4 lanes;2;Straight - Level;Local Street;Dry;Two-Way, Divided, Unprotected Median;None;No Special Feature;Smooth Asphalt;Piedmont;Urban;40 - 45  MPH;Yield Sign;Clear;No;35.20315, -79.4458
357;358;Yes;60-69;60;No;With Traffic;B: Evident Injury;Bike Lane / Paved Shoulder;White;Male;None - Rural Crash;Wilkes;No;01-01-03;2011-06-29;Loss of Control / Turning Error;9;Non-Intersection;01-06-01;0001-01-01T04:33:58-04:56;Motorist Lost Control - Other /;321139;2011;B: Evident Injury;Farms, Woods, Pastures;60-69;61;No;46-50 mph;O: No Injury;White;Male;Van;No;No;Daylight;Rural (<30% Developed);4 lanes;2;Straight - Grade;US Route;Dry;Two-Way, Divided, Unprotected Median;None;No Special Feature;Smooth Asphalt;Mountains;Rural;50 - 55  MPH;No Control Present;Clear;No;36.14567, -81.2748
373;374;No;40-49;40;Yes;With Traffic;B: Evident Injury;Travel Lane;Hispanic;Male;Charlotte;Mecklenburg;Yes;01-01-06;2011-06-11;Loss of Control / Turning Error;13;Non-Intersection;01-06-01;0001-01-01T08:37:58-04:56;Bicylist Lost Control - Alcohol / Drug Impairment;311123;2011;B: Evident Injury;Residential;25-29;29;No;16-20 mph;O: No Injury;Hispanic;Male;Pickup;No;No;Daylight;Urban (>70% Developed);2 lanes;2;Straight - Hillcrest;Local Street;Dry;Two-Way, Not Divided;None;No Special Feature;Smooth Asphalt;Piedmont;Urban;30 - 35  MPH;No Control Present;Clear;No;35.32981, -80.8259
374;375;Yes;15-Nov;14;No;With Traffic;B: Evident Injury;Travel Lane;Black;Female;None - Rural Crash;Pasquotank;No;01-01-07;2011-06-12;Motorist Overtaking Bicyclist;19;Non-Intersection;01-06-01;0001-01-01T14:12:58-04:56;Motorist Overtaking - Other /;311239;2011;B: Evident Injury;Farms, Woods, Pastures;;;Missing;46-50 mph;Injury;/Missing;;;No;Yes;Daylight;Rural (<30% Developed);2 lanes;2;Straight - Level;State Secondary Route;Dry;Two-Way, Not Divided;None;Bridge;Smooth Asphalt;Coastal;Rural;30 - 35  MPH;Double Yellow Line, No Passing Zone;Clear;No;36.22022, -76.2764
379;380;Yes;15-Nov;11;No;With Traffic;C: Possible Injury;Sidewalk / Crosswalk / Driveway Crossing;Black;Male;Charlotte;Mecklenburg;No;;2011-06-13;Motorist Failed to Yield - Midblock;13;Non-Intersection;01-06-01;0001-01-01T08:06:58-04:56;Motorist Drive Out - Commercial Driveway / Alley;331322;2011;C: Possible Injury;Commercial;50-59;54;No;0-5 mph;O: No Injury;White;Male;Pickup;No;No;Daylight;Urban (>70% Developed);2 lanes;2;Straight - Grade;Local Street;Dry;Two-Way, Divided, Unprotected Median;None;Other;Smooth Asphalt;Piedmont;Urban;20 - 25  MPH;No Control Present;Clear;No;35.23212, -80.8272
391;392;No;40-49;46;No;With Traffic;B: Evident Injury;Bike Lane / Paved Shoulder;White;Male;Charlotte;Mecklenburg;No;01-01-05;2011-06-17;Motorist Right Turn / Merge;11;Non-Intersection;01-06-01;0001-01-01T06:43:58-04:56;Motorist Right Turn - Same Direction;321213;2011;B: Evident Injury;Commercial;40-49;47;No;0-5 mph;O: No Injury;White;Female;Passenger Car;No;No;Daylight;Mixed (30% To 70% Developed);4 lanes;2;Straight - Level;Local Street;Dry;Two-Way, Divided, Positive Median Barrier;None;No Special Feature;Coarse Asphalt;Piedmont;Urban;40 - 45  MPH;Stop And Go Signal;Clear;No;35.32917, -80.7518
394;395;No;16-19;16;No;Not Applicable;C: Possible Injury;Sidewalk / Crosswalk / Driveway Crossing;White;Male;Garner;Wake;No;01-01-02;2011-07-05;Non-Roadway;17;Non-Roadway;01-07-01;0001-01-01T12:26:58-04:56;Non-Roadway;430910;2011;C: Possible Injury;Commercial;30-39;33;No;0-5 mph;O: No Injury;White;Female;Passenger Car;No;No;Daylight;Urban (>70% Developed);;2;Straight - Grade;Public Vehicular Area;Dry;Two-Way, Not Divided;None;Driveway, Public;Coarse Asphalt;Piedmont;Urban;30 - 35  MPH;No Control Present;Cloudy;No;35.69427, -78.6159
396;397;Yes;16-19;17;Yes;With Traffic;C: Possible Injury;Travel Lane;Hispanic;Male;None - Rural Crash;Cleveland;Yes;;2011-07-11;Bicyclist Failed to Yield - Sign-Controlled Intersection;21;Intersection;01-07-01;0001-01-01T16:17:58-04:56;Bicyclist Ride Through - Sign-Controlled Intersection;111144;2011;C: Possible Injury;Farms, Woods, Pastures;30-39;36;No;51-55 mph;O: No Injury;White;Male;Passenger Car;No;No;Dark - Roadway Not Lighted;Rural (<30% Developed);2 lanes;2;Straight - Level;NC Route;Dry;Two-Way, Not Divided;None;T-Intersection;Coarse Asphalt;Mountains;Rural;50 - 55  MPH;Stop Sign;Clear;No;35.41905, -81.6441
398;399;Yes;25-29;28;No;With Traffic;C: Possible Injury;Travel Lane;White;Male;Wrightsville Beach;New Hanover;No;01-01-06;2011-06-25;Bicyclist Overtaking Motorist;8;Non-Intersection;01-06-01;0001-01-01T03:41:58-04:56;Bicyclist Overtaking - Passing on Right;311241;2011;C: Possible Injury;Residential;60-69;63;No;21-25 mph;O: No Injury;White;Female;Passenger Car;No;No;Daylight;Urban (>70% Developed);;2;Straight - Level;Public Vehicular Area;Dry;Two-Way, Not Divided;None;Driveway, Public;Concrete;Coastal;Rural;20 - 25  MPH;Stop Sign;Clear;No;34.22707, -77.7826
401;402;No;20-24;20;No;With Traffic;B: Evident Injury;Travel Lane;White;Male;Asheville;Buncombe;No;01-01-02;2011-07-12;Motorist Failed to Yield - Sign-Controlled Intersection;15;Intersection;01-07-01;0001-01-01T10:53:58-04:56;Motorist Drive Out - Sign-Controlled Intersection;111141;2011;B: Evident Injury;Institutional;70+;;No;0-5 mph;O: No Injury;White;Male;Passenger Car;No;No;Daylight;Urban (>70% Developed);2 lanes;2;Curve - Grade;Local Street;Dry;Two-Way, Not Divided;None;T-Intersection;Smooth Asphalt;Mountains;Urban;20 - 25  MPH;Stop Sign;Clear;No;35.57397, -82.5541
403;404;Yes;10-Jun;9;No;With Traffic;B: Evident Injury;Travel Lane;Hispanic;Female;Gastonia;Gaston;No;01-01-07;2011-06-19;Bicyclist Failed to Yield - Sign-Controlled Intersection;17;Intersection;01-06-01;0001-01-01T12:51:58-04:56;Bicyclist Ride Out - Sign-Controlled Intersection;111142;2011;B: Evident Injury;Residential;20-24;24;No;31-35 mph;O: No Injury;White;Male;Sport Utility;No;No;Daylight;Urban (>70% Developed);2 lanes;2;Straight - Level;Local Street;Dry;Two-Way, Not Divided;None;T-Intersection;Smooth Asphalt;Piedmont;Urban;30 - 35  MPH;No Control Present;Clear;No;35.24811, -81.2254
407;408;No;30-39;36;Yes;With Traffic;B: Evident Injury;Travel Lane;White;Male;Carolina Beach;New Hanover;Yes;01-01-06;2011-06-04;Bicyclist Left Turn / Merge;18;Intersection-Related;01-06-01;0001-01-01T13:09:58-04:56;Bicyclist Left Turn - Same Direction;211221;2011;B: Evident Injury;Residential;60-69;60;No;0-5 mph;O: No Injury;White;Female;Passenger Car;No;No;Dawn;Urban (>70% Developed);2 lanes;2;Straight - Level;Local Street;Dry;Two-Way, Divided, Positive Median Barrier;None;T-Intersection;Coarse Asphalt;Coastal;Urban;20 - 25  MPH;Stop Sign;Clear;No;34.02403, -77.8967
408;409;Yes;16-19;17;No;Facing Traffic;C: Possible Injury;Travel Lane;White;Male;Raleigh;Wake;No;;2011-07-11;Loss of Control / Turning Error;15;Non-Intersection;01-07-01;0001-01-01T11:02:58-04:56;Bicyclist Lost Control - Other /;312129;2011;C: Possible Injury;Commercial;30-39;38;No;0-5 mph;O: No Injury;Black;Female;Van;No;No;Daylight;Urban (>70% Developed);;2;Straight - Level;Public Vehicular Area;Dry;Two-Way, Divided, Unprotected Median;None;Driveway, Public;Coarse Asphalt;Piedmont;Urban;5 - 15 MPH;No Control Present;Clear;No;35.9181, -78.7433
409;410;No;16-19;16;No;With Traffic;B: Evident Injury;Travel Lane;White;Female;Raleigh;Wake;No;;2011-07-04;Bicyclist Failed to Yield - Signalized Intersection;16;Intersection;01-07-01;0001-01-01T11:18:58-04:56;Bicyclist Ride Through - Signalized Intersection;111155;2011;B: Evident Injury;Residential;30-39;30;No;26-30 mph;O: No Injury;White;Female;Passenger Car;No;No;Daylight;Urban (>70% Developed);2 lanes;2;Straight - Level;Local Street;Dry;Two-Way, Not Divided;None;Four-Way Intersection;Coarse Asphalt;Piedmont;Urban;30 - 35  MPH;Stop And Go Signal;Clear;No;35.79422, -78.6729
412;413;No;40-49;48;Yes;With Traffic;O: No Injury;Travel Lane;Black;Male;None - Rural Crash;Pitt;Yes;01-01-04;2011-07-14;Motorist Overtaking Bicyclist;21;Non-Intersection;01-07-01;0001-01-01T16:44:58-04:56;Motorist Overtaking - Undetected Bicyclist;311231;2011;O: No Injury;Farms, Woods, Pastures;30-39;37;No;41-45 mph;O: No Injury;Black;Female;Passenger Car;No;No;Dark - Roadway Not Lighted;Rural (<30% Developed);2 lanes;2;Straight - Level;State Secondary Route;Dry;Two-Way, Not Divided;None;No Special Feature;Coarse Asphalt;Coastal;Rural;40 - 45  MPH;No Control Present;Clear;No;35.6716, -77.3655
413;414;No;60-69;61;No;With Traffic;B: Evident Injury;Travel Lane;White;Male;Belmont;Gaston;No;01-01-02;2011-05-31;Motorist Overtaking Bicyclist;5;Non-Intersection;01-05-01;0001-01-01T00:51:58-04:56;Motorist Overtaking - Other /;311239;2011;B: Evident Injury;Residential;0-19;19;No;41-45 mph;O: No Injury;White;Male;Passenger Car;No;No;Dawn;Mixed (30% To 70% Developed);2 lanes;2;Straight - Level;Local Street;Dry;Two-Way, Not Divided;None;No Special Feature;Coarse Asphalt;Piedmont;Urban;40 - 45  MPH;No Control Present;Clear;No;35.25597, -81.0512
495;496;Yes;16-19;18;No;With Traffic;C: Possible Injury;Travel Lane;Other;Female;Raleigh;Wake;No;01-01-03;2011-08-03;Motorist Failed to Yield - Sign-Controlled Intersection;21;Intersection;01-08-01;0001-01-01T16:33:58-04:56;Motorist Drive Out - Sign-Controlled Intersection;111141;2011;C: Possible Injury;Residential;60-69;63;No;21-25 mph;O: No Injury;Other;Male;Sport Utility;No;No;Dark - Lighted Roadway;Urban (>70% Developed);2 lanes;2;Straight - Level;Local Street;Dry;Two-Way, Not Divided;None;No Special Feature;Smooth Asphalt;Piedmont;Urban;30 - 35  MPH;Stop Sign;Clear;No;35.887, -78.7338
499;500;No;50-59;56;No;With Traffic;B: Evident Injury;Bike Lane / Paved Shoulder;White;Male;None - Rural Crash;Bladen;No;;2011-08-08;Motorist Overtaking Bicyclist;18;Non-Intersection;01-08-01;0001-01-01T13:33:58-04:56;Motorist Overtaking - Other /;321239;2011;B: Evident Injury;Farms, Woods, Pastures;;;Missing;51-55 mph;Injury;/Missing;;Passenger Car;No;Yes;Daylight;Rural (<30% Developed);2 lanes;2;Straight - Level;State Secondary Route;Dry;Two-Way, Not Divided;None;No Special Feature;Smooth Asphalt;Coastal;Rural;50 - 55  MPH;No Control Present;Clear;No;34.62808, -78.663
507;508;No;50-59;55;No;With Traffic;O: No Injury;Travel Lane;White;Male;Troutman;Iredell;No;01-01-06;2011-07-16;Backing Vehicle;10;Non-Intersection;01-07-01;0001-01-01T05:33:58-04:56;Backing Vehicle;311600;2011;O: No Injury;Residential;30-39;35;No;;O: No Injury;White;Male;Pickup;No;No;Daylight;Urban (>70% Developed);2 lanes;2;Straight - Level;Local Street;Dry;Two-Way, Divided, Unprotected Median;None;No Special Feature;Coarse Asphalt;Piedmont;Rural;;No Control Present;Cloudy;No;35.71136, -80.8928
538;539;Yes;10-Jun;7;No;With Traffic;B: Evident Injury;Travel Lane;White;Female;Winston-Salem;Forsyth;No;01-01-04;2011-08-11;Bicyclist Failed to Yield - Sign-Controlled Intersection;20;Intersection;01-08-01;0001-01-01T15:11:58-04:56;Bicyclist Ride Out - Sign-Controlled Intersection;111142;2011;B: Evident Injury;Residential;40-49;47;No;6-10 mph;O: No Injury;White;Male;Passenger Car;No;No;Dusk;Urban (>70% Developed);4 lanes;2;Straight - Level;Local Street;Dry;Two-Way, Not Divided;None;T-Intersection;Smooth Asphalt;Piedmont;Urban;30 - 35  MPH;Stop Sign;Clear;No;36.05483, -80.2209
539;540;No;20-24;21;No;With Traffic;O: No Injury;Travel Lane;White;Male;Boone;Watauga;No;01-01-06;2011-08-06;Motorist Overtaking Bicyclist;19;Non-Intersection;01-08-01;0001-01-01T14:26:58-04:56;Motorist Overtaking - Misjudged Space;311232;2011;O: No Injury;Commercial;;;Missing;;Injury;/Missing;;;No;Yes;Daylight;Urban (>70% Developed);2 lanes;2;Straight - Level;Local Street;Dry;Two-Way, Not Divided;None;No Special Feature;Smooth Asphalt;Mountains;Urban;20 - 25  MPH;Double Yellow Line, No Passing Zone;Clear;No;36.19801, -81.6653
541;542;No;16-19;17;No;With Traffic;A: Disabling Injury;Travel Lane;White;Male;Wilmington;New Hanover;No;01-01-02;2011-08-09;Bicyclist Failed to Yield - Sign-Controlled Intersection;22;Intersection;01-08-01;0001-01-01T17:04:58-04:56;Bicyclist Ride Out - Sign-Controlled Intersection;111142;2011;A: Disabling Injury;Commercial;60-69;68;No;21-25 mph;O: No Injury;White;Male;Pickup;No;No;Dark - Lighted Roadway;Urban (>70% Developed);;2;Straight - Grade;Local Street;Dry;Two-Way, Not Divided;None;No Special Feature;Coarse Asphalt;Coastal;Urban;20 - 25  MPH;Stop Sign;Clear;No;34.24311, -77.9504
543;544;No;20-24;20;No;Facing Traffic;O: No Injury;Travel Lane;White;Male;Raleigh;Wake;No;01-01-03;2011-08-17;Motorist Left Turn / Merge;12;Non-Intersection;01-08-01;0001-01-01T07:44:58-04:56;Motorist Left Turn - Same Direction;312211;2011;O: No Injury;Commercial;40-49;47;No;6-10 mph;O: No Injury;Black;Male;Passenger Car;No;No;Daylight;Urban (>70% Developed);5 lanes;2;Straight - Level;Local Street;Dry;Two-Way, Divided, Unprotected Median;None;No Special Feature;Smooth Asphalt;Piedmont;Urban;30 - 35  MPH;No Control Present;Clear;No;35.78927, -78.6751
544;545;Yes;50-59;56;No;With Traffic;B: Evident Injury;Travel Lane;Black;Male;Asheville;Buncombe;No;01-01-07;2011-08-14;Bicyclist Overtaking Motorist;13;Non-Intersection;01-08-01;0001-01-01T08:46:58-04:56;Bicyclist Overtaking - Parked Vehicle;311243;2011;B: Evident Injury;Residential;;;Missing;;Injury;/Missing;;Passenger Car;No;No;Daylight;Urban (>70% Developed);2 lanes;2;Straight - Grade;Local Street;Dry;Two-Way, Not Divided;None;No Special Feature;Smooth Asphalt;Mountains;Urban;30 - 35  MPH;No Control Present;Clear;No;35.59076, -82.559
556;557;Yes;30-39;30;No;Not Applicable;C: Possible Injury;Non-Roadway;Black;Male;Durham;Durham;No;01-01-05;2011-08-26;Non-Roadway;16;Non-Roadway;01-08-01;0001-01-01T11:07:58-04:56;Non-Roadway;460910;2011;C: Possible Injury;Commercial;;;Missing;6-10 mph;Injury;/Missing;;Passenger Car;No;Yes;Daylight;Urban (>70% Developed);2 lanes;2;Straight - Level;Public Vehicular Area;Dry;Two-Way, Not Divided;None;No Special Feature;Smooth Asphalt;Piedmont;Urban;20 - 25  MPH;No Control Present;Clear;No;35.90216, -78.8956
560;561;Yes;25-29;25;No;With Traffic;B: Evident Injury;Sidewalk / Crosswalk / Driveway Crossing;Hispanic;Male;Charlotte;Mecklenburg;No;;2011-08-22;Parallel Paths - Other Circumstances;19;Intersection-Related;01-08-01;0001-01-01T14:38:58-04:56;Bicyclist Ride Out - Parallel Path;231225;2011;B: Evident Injury;Commercial;20-24;20;No;16-20 mph;O: No Injury;White;Female;Passenger Car;No;No;Daylight;Urban (>70% Developed);6 lanes;2;Straight - Level;Local Street;Dry;Two-Way, Divided, Unprotected Median;None;No Special Feature;Smooth Asphalt;Piedmont;Urban;40 - 45  MPH;No Control Present;Clear;No;35.23435, -80.7332
562;563;Yes;20-24;24;No;Facing Traffic;C: Possible Injury;Sidewalk / Crosswalk / Driveway Crossing;White;Male;Greensboro;Guilford;No;01-01-02;2011-08-23;Motorist Failed to Yield - Signalized Intersection;13;Intersection;01-08-01;0001-01-01T08:11:58-04:56;Motorist Drive Out - Signalized Intersection;132152;2011;C: Possible Injury;Commercial;60-69;68;No;6-10 mph;O: No Injury;White;Female;Passenger Car;No;Yes;Daylight;Urban (>70% Developed);;2;Straight - Level;Local Street;Dry;Two-Way, Not Divided;None;Related To Intersection;Smooth Asphalt;Piedmont;Urban;30 - 35  MPH;Stop And Go Signal;Clear;No;36.08508, -79.8212
572;573;Yes;10-Jun;10;No;Not Applicable;B: Evident Injury;Travel Lane;White;Male;Winston-Salem;Forsyth;No;01-01-03;2011-08-24;Bicyclist Failed to Yield - Midblock;19;Non-Intersection;01-08-01;0001-01-01T14:12:58-04:56;Bicyclist Ride Out - Other Midblock;313318;2011;B: Evident Injury;Residential;50-59;55;No;26-30 mph;O: No Injury;White;Male;Passenger Car;No;No;Daylight;Urban (>70% Developed);2 lanes;2;Straight - Level;Local Street;Dry;Two-Way, Not Divided;None;No Special Feature;Smooth Asphalt;Piedmont;Urban;20 - 25  MPH;No Control Present;Clear;No;36.06325, -80.2252
574;575;Yes;15-Nov;14;No;With Traffic;B: Evident Injury;Travel Lane;Black;Male;Cary;Wake;No;01-01-07;2011-08-21;Bicyclist Failed to Yield - Signalized Intersection;13;Intersection;01-08-01;0001-01-01T08:50:58-04:56;Bicyclist Ride Out - Signalized  Intersection;111153;2011;B: Evident Injury;Commercial;25-29;29;No;26-30 mph;O: No Injury;White;Male;Passenger Car;No;No;Daylight;Urban (>70% Developed);4 lanes;2;Straight - Level;State Secondary Route;Dry;Two-Way, Not Divided;None;No Special Feature;Smooth Asphalt;Piedmont;Urban;30 - 35  MPH;Stop And Go Signal;Clear;No;35.77137, -78.7853
580;581;Yes;16-19;19;No;With Traffic;B: Evident Injury;Travel Lane;White;Male;Raleigh;Wake;No;01-01-03;2011-08-31;Loss of Control / Turning Error;11;Intersection;01-08-01;0001-01-01T06:58:58-04:56;Bicyclist Lost Control - Other /;111129;2011;B: Evident Injury;Institutional;;;Missing;0-5 mph;Injury;/Missing;;Pickup;No;No;Daylight;Urban (>70% Developed);3 lanes;2;Straight - Level;Local Street;Dry;Two-Way, Divided, Positive Median Barrier;None;T-Intersection;Smooth Asphalt;Piedmont;Urban;20 - 25  MPH;Stop And Go Signal;Clear;No;35.78753, -78.667