FID;OBJECTID;AmbulanceR;BikeAge_Gr;Bike_Age;Bike_Alc_D;Bike_Dir;Bike_Injur;Bike_Pos;Bike_Race;Bike_Sex;City;County;CrashAlcoh;CrashDay;Crash_Date;Crash_Grp;Crash_Hour;Crash_Loc;Crash_Mont;Crash_Time;Crash_Type;Crash_Ty_1;Crash_Year;Crsh_Sevri;Developmen;DrvrAge_Gr;Drvr_Age;Drvr_Alc_D;Drvr_EstSp;Drvr_Injur;Drvr_Race;Drvr_Sex;Drvr_VehTy;ExcsSpdInd;Hit_Run;Light_Cond;Locality;Num_Lanes;Num_Units;Rd_Charact;Rd_Class;Rd_Conditi;Rd_Config;Rd_Defects;Rd_Feature;Rd_Surface;Region;Rural_Urba;Speed_Limi;Traff_Cntr;Weather;Workzone_I;Location
588;589;Yes;70+;;No;With Traffic;C: Possible Injury;Travel Lane;Black;Male;None - Rural Crash;Halifax;No;01-01-02;2011-09-06;Bicyclist Left Turn / Merge;10;Intersection;01-09-01;0001-01-01T05:05:58-04:56;Bicyclist Left Turn - Same Direction;111221;2011;C: Possible Injury;Farms, Woods, Pastures;50-59;54;No;21-25 mph;O: No Injury;Black;Female;Passenger Car;No;No;Daylight;Rural (<30% Developed);2 lanes;2;Straight - Level;NC Route;Dry;Two-Way, Not Divided;None;No Special Feature;Smooth Asphalt;Coastal;Rural;30 - 35  MPH;Stop Sign;Cloudy;No;36.13284, -77.4292
589;590;No;25-29;27;No;With Traffic;C: Possible Injury;Sidewalk / Crosswalk / Driveway Crossing;White;Male;Wilmington;New Hanover;No;01-01-05;2011-08-19;Motorist Failed to Yield - Midblock;17;Non-Intersection;01-08-01;0001-01-01T12:25:58-04:56;Motorist Drive Out - Commercial Driveway / Alley;331322;2011;C: Possible Injury;Commercial;30-39;35;No;6-10 mph;O: No Injury;White;Female;Passenger Car;No;No;Daylight;Urban (>70% Developed);2 lanes;2;Straight - Level;Public Vehicular Area;Dry;Two-Way, Not Divided;None;Driveway, Public;Smooth Asphalt;Coastal;Urban;30 - 35  MPH;No Control Present;Clear;No;34.24074, -77.901
590;591;Yes;60-69;61;No;With Traffic;B: Evident Injury;Travel Lane;White;Male;None - Rural Crash;Moore;No;01-01-03;2011-09-07;Motorist Overtaking Bicyclist;9;Non-Intersection;01-09-01;0001-01-01T04:19:58-04:56;Motorist Overtaking - Undetected Bicyclist;311231;2011;B: Evident Injury;Farms, Woods, Pastures;40-49;45;No;41-45 mph;O: No Injury;White;Female;Passenger Car;No;No;Daylight;Rural (<30% Developed);2 lanes;2;Straight - Level;State Secondary Route;Dry;Two-Way, Not Divided;None;No Special Feature;Smooth Asphalt;Piedmont;Rural;40 - 45  MPH;Double Yellow Line, No Passing Zone;Clear;No;35.27206, -79.5692
596;597;Yes;50-59;55;No;With Traffic;B: Evident Injury;Travel Lane;White;Male;Stanfield;Stanly;No;;2011-08-29;Motorist Overtaking Bicyclist;18;Non-Intersection;01-08-01;0001-01-01T13:51:58-04:56;Motorist Overtaking - Misjudged Space;311232;2011;B: Evident Injury;Residential;0-19;19;No;41-45 mph;O: No Injury;White;Male;Pickup;No;No;Daylight;Mixed (30% To 70% Developed);2 lanes;3;Straight - Level;NC Route;Dry;Two-Way, Not Divided;None;No Special Feature;Smooth Asphalt;Piedmont;Rural;40 - 45  MPH;No Control Present;Cloudy;No;35.24518, -80.4248
601;602;Yes;50-59;57;No;With Traffic;B: Evident Injury;Travel Lane;Other;Male;Charlotte;Mecklenburg;No;01-01-05;2011-09-02;Bicyclist Failed to Yield - Sign-Controlled Intersection;19;Intersection;01-09-01;0001-01-01T14:12:58-04:56;Bicyclist Ride Through - Sign-Controlled Intersection;111144;2011;B: Evident Injury;Commercial;50-59;52;No;36-40 mph;O: No Injury;Black;Male;Van;No;No;Daylight;Mixed (30% To 70% Developed);4 lanes;2;Straight - Level;Local Street;Dry;Two-Way, Not Divided;None;No Special Feature;Smooth Asphalt;Piedmont;Urban;40 - 45  MPH;Stop Sign;Cloudy;No;35.26327, -80.8544
66;67;Yes;16-19;18;No;Facing Traffic;B: Evident Injury;Sidewalk / Crosswalk / Driveway Crossing;Hispanic;Male;Charlotte;Mecklenburg;No;01-01-04;2012-03-01;Motorist Failed to Yield - Sign-Controlled Intersection;15;Intersection;01-03-01;0001-01-01T10:37:58-04:56;Motorist Drive Out - Sign-Controlled Intersection;;2012;B: Evident Injury;Residential;25-29;26;No;;O: No Injury;Black;Female;School Bus;No;No;Daylight;Urban (>70% Developed);2 lanes;2;Straight - Grade;Local Street;Dry;Two-Way, Divided, Unprotected Median;None;No Special Feature;Smooth Asphalt;Piedmont;Urban;20 - 25  MPH;Stop Sign;Clear;No;35.24945, -80.7724
88;89;No;20-24;20;No;With Traffic;O: No Injury;Sidewalk / Crosswalk / Driveway Crossing;/Missing;Male;Greensboro;Guilford;No;01-01-04;2012-02-23;Motorist Left Turn / Merge;10;Intersection;01-02-01;0001-01-01T05:56:58-04:56;Motorist Left Turn - Opposite Direction;;2012;O: No Injury;Institutional;;;Missing;;Injury;/Missing;;;No;Yes;Daylight;Urban (>70% Developed);;2;Straight - Level;Local Street;Dry;Two-Way, Not Divided;None;No Special Feature;Smooth Asphalt;Piedmont;Urban;;Stop And Go Signal;Clear;No;36.06642, -79.8055
91;92;Yes;0-5;4;No;Not Applicable;B: Evident Injury;Bike Lane / Paved Shoulder;Hispanic;Male;None - Rural Crash;Wake;No;01-01-04;2012-03-15;Bicyclist Failed to Yield - Midblock;18;Non-Intersection;01-03-01;0001-01-01T13:08:58-04:56;Bicyclist Ride Out - Other Midblock;;2012;B: Evident Injury;Residential;50-59;55;No;16-20 mph;O: No Injury;White;Male;Passenger Car;No;No;Daylight;Urban (>70% Developed);2 lanes;2;Straight - Grade;Local Street;Dry;Two-Way, Not Divided;None;No Special Feature;Coarse Asphalt;Piedmont;Rural;5 - 15 MPH;No Control Present;Clear;No;35.84307, -78.4144
92;93;No;16-19;18;No;With Traffic;C: Possible Injury;Travel Lane;White;Male;Boone;Watauga;No;01-01-04;2012-03-01;Bicyclist Overtaking Motorist;16;Non-Intersection;01-03-01;0001-01-01T11:23:58-04:56;Bicyclist Overtaking - Other /;;2012;C: Possible Injury;Commercial;50-59;51;No;16-20 mph;O: No Injury;White;Female;Passenger Car;No;No;Daylight;Urban (>70% Developed);2 lanes;2;Straight - Level;Local Street;Dry;Two-Way, Not Divided;None;No Special Feature;Smooth Asphalt;Mountains;Urban;20 - 25  MPH;Double Yellow Line, No Passing Zone;Clear;No;36.19885, -81.6695
94;95;Yes;30-39;30;No;With Traffic;B: Evident Injury;Travel Lane;White;Male;Durham;Durham;No;01-01-07;2012-03-18;Motorist Left Turn / Merge;20;Intersection;01-03-01;0001-01-01T16:02:58-04:56;Motorist Left Turn - Opposite Direction;;2012;B: Evident Injury;Residential;;;Missing;6-10 mph;Injury;/Missing;;Passenger Car;No;Yes;Dark - Lighted Roadway;Urban (>70% Developed);4 lanes;2;Straight - Level;Local Street;Dry;Two-Way, Not Divided;None;No Special Feature;Smooth Asphalt;Piedmont;Urban;30 - 35  MPH;Stop And Go Signal;Clear;No;36.01652, -78.9364
95;96;Yes;60-69;61;No;Facing Traffic;C: Possible Injury;Travel Lane;Black;Male;Greensboro;Guilford;No;01-01-02;2012-02-21;Loss of Control / Turning Error;18;Intersection;01-02-01;0001-01-01T13:04:58-04:56;Motorist Turning Error - Other;;2012;C: Possible Injury;Residential;60-69;62;No;0-5 mph;O: No Injury;White;Male;Pickup;No;No;Daylight;Urban (>70% Developed);2 lanes;2;Straight - Grade;Local Street;Dry;Two-Way, Not Divided;None;T-Intersection;Smooth Asphalt;Piedmont;Urban;30 - 35  MPH;Stop Sign;Clear;No;36.07525, -79.765
96;97;Yes;20-24;20;No;Not Applicable;B: Evident Injury;Travel Lane;White;Female;Elon College;Alamance;No;01-01-02;2012-02-28;Non-Roadway;12;Non-Roadway;01-02-01;0001-01-01T07:08:58-04:56;Non-Roadway;;2012;B: Evident Injury;Institutional;0-19;18;No;6-10 mph;O: No Injury;White;Male;Passenger Car;No;No;Daylight;Urban (>70% Developed);;2;Straight - Level;Public Vehicular Area;Dry;Two-Way, Not Divided;None;No Special Feature;Smooth Asphalt;Piedmont;Urban;20 - 25  MPH;No Control Present;Clear;No;36.10485, -79.5044
99;100;No;16-19;16;No;Not Applicable;Injury;Travel Lane;/Missing;;Swansboro;Onslow;No;;2012-02-27;Bicyclist Failed to Yield - Midblock;14;Non-Intersection;01-02-01;0001-01-01T09:53:58-04:56;Bicyclist Ride Out - Other Midblock;;2012;O: No Injury;Commercial;70;70;No;26-30 mph;O: No Injury;White;Female;Passenger Car;No;No;Daylight;Urban (>70% Developed);3 lanes;2;Straight - Level;State Secondary Route;Dry;Two-Way, Divided, Unprotected Median;None;No Special Feature;Smooth Asphalt;Coastal;Rural;30 - 35  MPH;No Control Present;Clear;No;34.70283, -77.1553
100;101;No;;0;Yes;With Traffic;Injury;Travel Lane;/Missing;;Pinehurst;Moore;Yes;01-01-02;2012-02-28;Motorist Failed to Yield - Sign-Controlled Intersection;7;Intersection;01-02-01;0001-01-01T02:13:58-04:56;Motorist Drive Out - Sign-Controlled Intersection;;2012;O: No Injury;Residential;60-69;63;No;6-10 mph;O: No Injury;White;Male;Pickup;No;No;Daylight;Mixed (30% To 70% Developed);2 lanes;2;Straight - Level;NC Route;Dry;Two-Way, Not Divided;None;T-Intersection;Smooth Asphalt;Piedmont;Urban;30 - 35  MPH;Stop Sign;Clear;No;35.19116, -79.4722
120;121;Yes;30-39;31;No;With Traffic;B: Evident Injury;Travel Lane;White;Male;None - Rural Crash;Alamance;No;01-01-04;2012-03-22;Loss of Control / Turning Error;14;Non-Intersection;01-03-01;0001-01-01T09:56:58-04:56;Motorist Lost Control - Other /;;2012;B: Evident Injury;Farms, Woods, Pastures;;;No;41-45 mph;Injury;/Missing;;;No;Yes;Daylight;Rural (<30% Developed);2 lanes;2;Straight - Level;State Secondary Route;Dry;Two-Way, Not Divided;None;No Special Feature;Smooth Asphalt;Piedmont;Rural;40 - 45  MPH;Double Yellow Line, No Passing Zone;Clear;No;36.05846, -79.293
141;142;Yes;50-59;54;No;With Traffic;B: Evident Injury;Travel Lane;Black;Male;Rocky Mount;Nash;No;01-01-02;2012-03-06;Motorist Overtaking Bicyclist;7;Intersection-Related;01-03-01;0001-01-01T02:57:58-04:56;Motorist Overtaking - Misjudged Space;;2012;B: Evident Injury;Residential;25-29;27;No;6-10 mph;O: No Injury;Hispanic;Male;Van;No;No;Daylight;Urban (>70% Developed);2 lanes;2;Straight - Level;Local Street;Dry;Two-Way, Not Divided;None;No Special Feature;Coarse Asphalt;Coastal;Urban;40 - 45  MPH;No Control Present;Clear;No;35.95609, -77.872
158;159;No;20-24;22;No;Facing Traffic;O: No Injury;Sidewalk / Crosswalk / Driveway Crossing;White;Male;Raleigh;Wake;No;01-01-02;2012-03-27;Motorist Failed to Yield - Signalized Intersection;4;Intersection;01-03-01;0000-12-31T23:10:58-04:56;Motorist Drive Out - Right Turn on Red;;2012;O: No Injury;Commercial;;;Missing;11-15 mph;Injury;/Missing;;;No;Yes;Dusk;Mixed (30% To 70% Developed);3 lanes;2;Straight - Level;Local Street;Dry;Two-Way, Not Divided;None;No Special Feature;Coarse Asphalt;Piedmont;Urban;20 - 25  MPH;Stop And Go Signal;Clear;No;35.78481, -78.6896
159;160;Yes;15-Nov;11;No;Facing Traffic;C: Possible Injury;Travel Lane;Black;Female;Raleigh;Wake;No;;2012-04-09;Motorist Left Turn / Merge;20;Intersection;01-04-01;0001-01-01T15:30:58-04:56;Motorist Left Turn - Same Direction;;2012;C: Possible Injury;Commercial;60-69;64;No;0-5 mph;O: No Injury;White;Female;Passenger Car;No;No;Dark - Roadway Not Lighted;Urban (>70% Developed);2 lanes;2;Straight - Level;Local Street;Dry;Two-Way, Not Divided;None;No Special Feature;Smooth Asphalt;Piedmont;Urban;40 - 45  MPH;No Control Present;Clear;No;35.84813, -78.6444
162;163;Yes;30-39;30;No;Facing Traffic;C: Possible Injury;Sidewalk / Crosswalk / Driveway Crossing;Black;Male;None - Rural Crash;Guilford;No;01-01-02;2012-03-27;Bicyclist Failed to Yield - Signalized Intersection;17;Intersection;01-03-01;0001-01-01T12:08:58-04:56;Bicyclist Ride Through - Signalized Intersection;;2012;C: Possible Injury;Residential;40-49;40;No;0-5 mph;O: No Injury;Black;Female;Sport Utility;No;No;Daylight;Urban (>70% Developed);8 lanes;2;Straight - Level;Local Street;Dry;Two-Way, Divided, Unprotected Median;None;Four-Way Intersection;Smooth Asphalt;Piedmont;Rural;5 - 15 MPH;Stop And Go Signal;Clear;No;36.08503, -79.7567
164;165;No;10-Jun;7;No;Not Applicable;B: Evident Injury;Non-Roadway;Hispanic;Male;Raleigh;Wake;No;01-01-04;2012-04-12;Non-Roadway;18;Non-Roadway;01-04-01;0001-01-01T13:23:58-04:56;Non-Roadway;;2012;B: Evident Injury;Residential;30-39;34;No;0-5 mph;O: No Injury;White;Female;Passenger Car;No;No;Daylight;Urban (>70% Developed);;2;Straight - Grade;Public Vehicular Area;Dry;Two-Way, Not Divided;None;T-Intersection;Smooth Asphalt;Piedmont;Urban;5 - 15 MPH;No Control Present;Clear;No;35.87593, -78.7289
166;167;No;16-19;18;No;Not Applicable;C: Possible Injury;Non-Roadway;Black;Male;Kinston;Lenoir;No;01-01-05;2012-04-13;Crossing Paths - Other Circumstances;12;Intersection-Related;01-04-01;0001-01-01T07:45:58-04:56;Crossing Paths - Uncontrolled Intersection;;2012;C: Possible Injury;Commercial;40-49;46;No;6-10 mph;C: Possible Injury;Black;Female;Passenger Car;No;No;Daylight;Urban (>70% Developed);2 lanes;2;Straight - Level;Local Street;Dry;Two-Way, Not Divided;None;No Special Feature;Coarse Asphalt;Coastal;Urban;30 - 35  MPH;No Control Present;Clear;No;35.2687, -77.5831
171;172;Yes;20-24;23;No;With Traffic;B: Evident Injury;Bike Lane / Paved Shoulder;White;Male;None - Rural Crash;Orange;No;01-01-02;2012-04-10;Motorist Overtaking Bicyclist;9;Non-Intersection;01-04-01;0001-01-01T04:55:58-04:56;Motorist Overtaking - Other /;;2012;B: Evident Injury;Residential;;;No;31-35 mph;Injury;/Missing;;;No;Yes;Daylight;Rural (<30% Developed);2 lanes;2;Curve - Level;Local Street;Dry;Two-Way, Not Divided;;No Special Feature;Smooth Asphalt;Piedmont;Rural;30 - 35  MPH;No Control Present;Clear;No;35.92787, -79.0676
173;174;Yes;60-69;60;No;With Traffic;C: Possible Injury;Travel Lane;Hispanic;Male;Raleigh;Wake;No;;2012-04-16;Motorist Failed to Yield - Signalized Intersection;6;Intersection;01-04-01;0001-01-01T01:45:58-04:56;Motorist Drive Out - Right Turn on Red;;2012;C: Possible Injury;Residential;50-59;51;No;0-5 mph;O: No Injury;Black;Female;Passenger Car;No;No;Daylight;Mixed (30% To 70% Developed);6 lanes;2;Straight - Level;Local Street;Dry;Two-Way, Not Divided;None;No Special Feature;Coarse Asphalt;Piedmont;Urban;40 - 45  MPH;Stop And Go Signal;Clear;No;35.82179, -78.5692
186;187;Yes;50-59;57;No;With Traffic;B: Evident Injury;Bike Lane / Paved Shoulder;White;Male;Wilmington;New Hanover;No;01-01-04;2012-03-29;Motorist Failed to Yield - Midblock;18;Non-Intersection;01-03-01;0001-01-01T13:35:58-04:56;Motorist Drive Out - Commercial Driveway / Alley;;2012;B: Evident Injury;Commercial;30-39;34;No;16-20 mph;O: No Injury;White;Male;Passenger Car;No;No;Daylight;Urban (>70% Developed);3 lanes;2;Straight - Level;Local Street;Dry;Two-Way, Not Divided;None;No Special Feature;Smooth Asphalt;Coastal;Urban;40 - 45  MPH;No Control Present;Clear;No;34.22022, -77.8216
187;188;No;15-Nov;13;No;Facing Traffic;C: Possible Injury;Travel Lane;White;Male;Cary;Wake;No;01-01-03;2012-04-04;Motorist Overtaking Bicyclist;16;Non-Intersection;01-04-01;0001-01-01T11:28:58-04:56;Motorist Overtaking - Bicyclist Swerved;;2012;C: Possible Injury;Residential;;;Missing;;Injury;/Missing;;;No;Yes;Daylight;Urban (>70% Developed);2 lanes;2;Straight - Level;Local Street;Dry;Two-Way, Not Divided;None;No Special Feature;Smooth Asphalt;Piedmont;Urban;20 - 25  MPH;No Control Present;Clear;No;35.77365, -78.8423
189;190;No;40-49;42;No;With Traffic;B: Evident Injury;Travel Lane;Black;Male;Kinston;Lenoir;No;01-01-05;2012-04-20;Motorist Overtaking Bicyclist;20;Intersection;01-04-01;0001-01-01T15:03:58-04:56;Motorist Overtaking - Misjudged Space;;2012;B: Evident Injury;Residential;;;Missing;31-35 mph;Injury;/Missing;;Passenger Car;No;Yes;Dark - Lighted Roadway;Urban (>70% Developed);4 lanes;2;Straight - Level;Local Street;Dry;Two-Way, Not Divided;None;T-Intersection;Coarse Asphalt;Coastal;Urban;30 - 35  MPH;Stop And Go Signal;Clear;No;35.27833, -77.5756
200;201;No;25-29;28;No;With Traffic;C: Possible Injury;Bike Lane / Paved Shoulder;Asian;Male;Greensboro;Guilford;No;;2012-04-02;Motorist Left Turn / Merge;19;Intersection;01-04-01;0001-01-01T14:42:58-04:56;Motorist Left Turn - Opposite Direction;;2012;C: Possible Injury;Commercial;20-24;21;No;6-10 mph;O: No Injury;White;Female;Passenger Car;No;No;Daylight;Urban (>70% Developed);2 lanes;2;Straight - Level;Local Street;Dry;Two-Way, Not Divided;None;Four-Way Intersection;Smooth Asphalt;Piedmont;Urban;30 - 35  MPH;Stop And Go Signal;Clear;No;36.06374, -79.8239
201;202;No;16-19;17;No;With Traffic;B: Evident Injury;Travel Lane;Black;Male;None - Rural Crash;Hertford;No;01-01-03;2012-04-04;Motorist Overtaking Bicyclist;21;Non-Intersection;01-04-01;0001-01-01T16:24:58-04:56;Motorist Overtaking - Other /;;2012;B: Evident Injury;Farms, Woods, Pastures;25-29;29;No;21-25 mph;O: No Injury;Black;Male;Passenger Car;No;No;Dark - Roadway Not Lighted;Rural (<30% Developed);2 lanes;2;Straight - Level;State Secondary Route;Dry;Two-Way, Not Divided;None;No Special Feature;Coarse Asphalt;Coastal;Rural;50 - 55  MPH;No Control Present;Cloudy;No;36.30174, -76.9589
204;205;Yes;40-49;45;No;With Traffic;B: Evident Injury;Travel Lane;White;Male;Stallings;Union;No;01-01-06;2012-04-07;Motorist Left Turn / Merge;3;Non-Intersection;01-04-01;0000-12-31T22:51:58-04:56;Motorist Left Turn - Opposite Direction;;2012;B: Evident Injury;Residential;50-59;59;No;6-10 mph;O: No Injury;White;Female;Passenger Car;No;No;Daylight;Mixed (30% To 70% Developed);2 lanes;2;Curve - Hillcrest;Local Street;Dry;Two-Way, Not Divided;None;No Special Feature;Smooth Asphalt;Piedmont;Urban;40 - 45  MPH;No Control Present;Clear;No;35.10617, -80.6747
205;206;No;;0;No;With Traffic;Injury;Travel Lane;/Missing;;None - Rural Crash;Rockingham;No;;2012-04-23;Motorist Overtaking Bicyclist;22;Non-Intersection;01-04-01;0001-01-01T17:07:58-04:56;Motorist Overtaking - Misjudged Space;;2012;O: No Injury;Farms, Woods, Pastures;40-49;40;No;41-45 mph;O: No Injury;White;Female;Passenger Car;No;No;Dark - Roadway Not Lighted;Rural (<30% Developed);2 lanes;2;Straight - Level;NC Route;Dry;Two-Way, Not Divided;None;No Special Feature;Smooth Asphalt;Piedmont;Rural;40 - 45  MPH;Double Yellow Line, No Passing Zone;Clear;No;36.35368, -79.6926
206;207;Yes;15-Nov;13;No;With Traffic;C: Possible Injury;Travel Lane;White;Female;Morehead City;Carteret;No;01-01-04;2012-04-12;Crossing Paths - Other Circumstances;16;Intersection;01-04-01;0001-01-01T11:19:58-04:56;Crossing Paths - Intersection - Other /;;2012;C: Possible Injury;Commercial;40-49;43;No;31-35 mph;O: No Injury;White;Female;Passenger Car;No;No;Other;Urban (>70% Developed);4 lanes;3;Straight - Level;Local Street;Dry;Two-Way, Divided, Unprotected Median;None;T-Intersection;Coarse Asphalt;Coastal;Urban;30 - 35  MPH;No Control Present;Clear;No;34.72716, -76.7509
207;208;No;50-59;51;No;With Traffic;C: Possible Injury;Travel Lane;White;Female;Asheville;Buncombe;No;01-01-07;2012-04-15;Motorist Failed to Yield - Sign-Controlled Intersection;13;Intersection;01-04-01;0001-01-01T08:17:58-04:56;Motorist Drive Out - Sign-Controlled Intersection;;2012;C: Possible Injury;Residential;30-39;36;No;0-5 mph;O: No Injury;White;Female;Passenger Car;No;No;Daylight;Urban (>70% Developed);2 lanes;2;Straight - Level;Local Street;Dry;Two-Way, Not Divided;None;T-Intersection;Smooth Asphalt;Mountains;Urban;20 - 25  MPH;Stop Sign;Clear;No;35.60994, -82.546
208;209;Yes;16-19;19;No;With Traffic;B: Evident Injury;Travel Lane;White;Male;Mount Olive;Wayne;No;01-01-05;2012-04-27;Bicyclist Failed to Yield - Sign-Controlled Intersection;12;Intersection;01-04-01;0001-01-01T07:16:58-04:56;Bicyclist Ride Through - Sign-Controlled Intersection;;2012;B: Evident Injury;Residential;40-49;42;No;26-30 mph;O: No Injury;White;Male;Police;No;No;Daylight;Urban (>70% Developed);2 lanes;2;Straight - Level;Local Street;Dry;Two-Way, Not Divided;None;Four-Way Intersection;Coarse Asphalt;Coastal;Rural;30 - 35  MPH;Flashing Signal With Stop Sign;Clear;No;35.19722, -78.0626
211;212;Yes;40-49;42;No;With Traffic;B: Evident Injury;Travel Lane;White;Male;None - Rural Crash;Wake;No;01-01-05;2012-04-27;Motorist Left Turn / Merge;13;Intersection;01-04-01;0001-01-01T08:10:58-04:56;Motorist Left Turn - Opposite Direction;;2012;B: Evident Injury;Residential;30-39;39;No;16-20 mph;O: No Injury;White;Male;Passenger Car;No;No;Daylight;Urban (>70% Developed);2 lanes;2;Curve - Level;State Secondary Route;Dry;Two-Way, Not Divided;None;T-Intersection;Coarse Asphalt;Piedmont;Rural;40 - 45  MPH;Double Yellow Line, No Passing Zone;Clear;No;35.63449, -78.6713
212;213;No;40-49;42;No;With Traffic;O: No Injury;Travel Lane;White;Male;None - Rural Crash;Cleveland;No;01-01-04;2012-04-26;Motorist Right Turn / Merge;18;Intersection;01-04-01;0001-01-01T13:13:58-04:56;Motorist Right Turn - Same Direction;;2012;O: No Injury;Farms, Woods, Pastures;30-39;38;No;36-40 mph;O: No Injury;White;Female;Sport Utility;No;No;Daylight;Rural (<30% Developed);2 lanes;2;Straight - Level;State Secondary Route;Dry;Two-Way, Not Divided;None;T-Intersection;Smooth Asphalt;Mountains;Rural;40 - 45  MPH;Double Yellow Line, No Passing Zone;Clear;No;35.32547, -81.6214
214;215;No;50-59;50;No;Not Applicable;C: Possible Injury;Non-Roadway;White;Male;Wilmington;New Hanover;No;01-01-03;2012-04-18;Non-Roadway;15;Non-Roadway;01-04-01;0001-01-01T10:54:58-04:56;Non-Roadway;;2012;C: Possible Injury;Commercial;50-59;56;No;;O: No Injury;White;Female;Passenger Car;No;No;Daylight;Urban (>70% Developed);;2;Straight - Level;Public Vehicular Area;Dry;Two-Way, Not Divided;None;No Special Feature;Coarse Asphalt;Coastal;Urban;30 - 35  MPH;Stop Sign;Clear;No;34.2339, -77.8769
216;217;Yes;50-59;54;No;With Traffic;B: Evident Injury;Travel Lane;Black;Male;Wilmington;New Hanover;No;01-01-05;2012-04-20;Crossing Paths - Other Circumstances;18;Intersection;01-04-01;0001-01-01T13:54:58-04:56;Sign-Controlled Intersection - Other /;;2012;B: Evident Injury;Residential;30-39;32;No;21-25 mph;O: No Injury;Black;Male;Pickup;No;No;Daylight;Urban (>70% Developed);3 lanes;2;Straight - Level;Local Street;Dry;One-Way, Not Divided;None;No Special Feature;Coarse Asphalt;Coastal;Urban;30 - 35  MPH;Stop Sign;Clear;No;34.22648, -77.933
220;221;Yes;20-24;20;No;With Traffic;C: Possible Injury;Travel Lane;White;Male;Greensboro;Guilford;No;01-01-04;2012-04-12;Bicyclist Failed to Yield - Signalized Intersection;13;Intersection;01-04-01;0001-01-01T08:18:58-04:56;Bicyclist Ride Through - Signalized Intersection;;2012;C: Possible Injury;Residential;40-49;46;No;0-5 mph;O: No Injury;Black;Male;Passenger Car;No;No;Daylight;Urban (>70% Developed);5 lanes;2;Straight - Level;Local Street;Dry;Two-Way, Divided, Unprotected Median;None;Four-Way Intersection;Smooth Asphalt;Piedmont;Urban;30 - 35  MPH;Stop And Go Signal;Clear;No;36.11319, -79.7755
222;223;No;;0;Missing;With Traffic;Injury;Travel Lane;/Missing;;Winston-Salem;Forsyth;No;01-01-03;2012-04-18;Motorist Overtaking Bicyclist;20;Intersection-Related;01-04-01;0001-01-01T16:00:58-04:56;Motorist Overtaking - Other /;;2012;O: No Injury;Residential;70;70;No;31-35 mph;O: No Injury;White;Male;Passenger Car;No;No;Dark - Roadway Not Lighted;Mixed (30% To 70% Developed);2 lanes;2;Straight - Level;Local Street;Wet;Two-Way, Divided, Unprotected Median;None;No Special Feature;Smooth Asphalt;Piedmont;Urban;30 - 35  MPH;No Control Present;Cloudy;No;36.1529, -80.2641
239;240;Yes;50-59;54;No;With Traffic;B: Evident Injury;Travel Lane;White;Male;None - Rural Crash;Craven;No;01-01-06;2012-05-05;Backing Vehicle;12;Non-Intersection;01-05-01;0001-01-01T07:55:58-04:56;Backing Vehicle;;2012;B: Evident Injury;Residential;50-59;55;No;0-5 mph;O: No Injury;White;Male;Passenger Car;No;No;Daylight;Rural (<30% Developed);2 lanes;2;Straight - Level;State Secondary Route;Dry;Two-Way, Not Divided;None;Driveway, Private;Smooth Asphalt;Coastal;Rural;30 - 35  MPH;No Control Present;Clear;No;34.98316, -76.9824
241;242;No;16-19;19;No;With Traffic;B: Evident Injury;Travel Lane;Asian;Male;Chapel Hill;Orange;No;01-01-03;2012-04-11;Bicyclist Left Turn / Merge;15;Non-Intersection;01-04-01;0001-01-01T10:30:58-04:56;Bicyclist Left Turn - Same Direction;;2012;B: Evident Injury;Institutional;25-29;26;No;11-15 mph;O: No Injury;White;Male;Sport Utility;No;No;Daylight;Urban (>70% Developed);4 lanes;2;Straight - Grade;Local Street;Dry;Two-Way, Not Divided;None;No Special Feature;Smooth Asphalt;Piedmont;Urban;20 - 25  MPH;No Control Present;Clear;No;35.9004, -79.0408
242;243;No;10-Jun;9;No;Not Applicable;O: No Injury;Sidewalk / Crosswalk / Driveway Crossing;White;Female;Wilmington;New Hanover;No;01-01-04;2012-05-03;Crossing Paths - Other Circumstances;7;Non-Intersection;01-05-01;0001-01-01T02:42:58-04:56;Crossing Paths - Midblock - Other /;;2012;O: No Injury;Commercial;50-59;59;No;0-5 mph;O: No Injury;White;Female;Sport Utility;No;No;Daylight;Urban (>70% Developed);3 lanes;2;Straight - Level;Local Street;Dry;Two-Way, Divided, Unprotected Median;None;No Special Feature;Coarse Asphalt;Coastal;Urban;30 - 35  MPH;Human Control;Clear;No;34.19667, -77.844
243;244;No;;0;Missing;Facing Traffic;Injury;Travel Lane;/Missing;;Chapel Hill;Orange;No;;2012-04-30;Bicyclist Left Turn / Merge;18;Non-Intersection;01-04-01;0001-01-01T13:30:58-04:56;Bicyclist Left Turn - Opposite Direction;;2012;O: No Injury;Residential;25-29;27;No;31-35 mph;O: No Injury;White;Male;Passenger Car;No;No;Daylight;Urban (>70% Developed);1 lane;2;Curve - Grade;Local Street;Dry;Two-Way, Not Divided;None;No Special Feature;Smooth Asphalt;Piedmont;Urban;30 - 35  MPH;No Control Present;Clear;No;35.91593, -79.0644
248;249;No;50-59;52;No;Not Applicable;B: Evident Injury;;White;Female;None - Rural Crash;Wake;No;01-01-07;2012-04-29;Bicyclist Failed to Yield - Midblock;16;Non-Intersection;01-04-01;0001-01-01T12:00:58-04:56;Bicyclist Ride Out - Midblock -;;2012;B: Evident Injury;Residential;;;Missing;36-40 mph;Injury;/Missing;;;No;Yes;Daylight;Rural (<30% Developed);2 lanes;2;Curve - Grade;State Secondary Route;Dry;Two-Way, Not Divided;None;No Special Feature;Smooth Asphalt;Piedmont;Rural;40 - 45  MPH;Double Yellow Line, No Passing Zone;Clear;No;35.78601, -78.923