FID;OBJECTID;AmbulanceR;BikeAge_Gr;Bike_Age;Bike_Alc_D;Bike_Dir;Bike_Injur;Bike_Pos;Bike_Race;Bike_Sex;City;County;CrashAlcoh;CrashDay;Crash_Date;Crash_Grp;Crash_Hour;Crash_Loc;Crash_Mont;Crash_Time;Crash_Type;Crash_Ty_1;Crash_Year;Crsh_Sevri;Developmen;DrvrAge_Gr;Drvr_Age;Drvr_Alc_D;Drvr_EstSp;Drvr_Injur;Drvr_Race;Drvr_Sex;Drvr_VehTy;ExcsSpdInd;Hit_Run;Light_Cond;Locality;Num_Lanes;Num_Units;Rd_Charact;Rd_Class;Rd_Conditi;Rd_Config;Rd_Defects;Rd_Feature;Rd_Surface;Region;Rural_Urba;Speed_Limi;Traff_Cntr;Weather;Workzone_I;Location
251;252;Yes;16-19;16;No;Facing Traffic;C: Possible Injury;Travel Lane;Black;Female;None - Rural Crash;Wayne;No;;2012-05-07;Head-On;20;Non-Intersection;01-05-01;0001-01-01T15:53:58-04:56;Head-On - Bicyclist;;2012;C: Possible Injury;Farms, Woods, Pastures;40-49;49;No;41-45 mph;O: No Injury;Black;Male;Passenger Car;No;No;Dark - Roadway Not Lighted;Rural (<30% Developed);2 lanes;2;Straight - Level;State Secondary Route;Dry;Two-Way, Not Divided;None;No Special Feature;Smooth Asphalt;Coastal;Rural;40 - 45  MPH;Double Yellow Line, No Passing Zone;Clear;No;35.40624, -77.9785
258;259;No;40-49;40;No;Facing Traffic;C: Possible Injury;Sidewalk / Crosswalk / Driveway Crossing;White;Female;Washington;Beaufort;No;;2012-04-23;Motorist Failed to Yield - Midblock;16;Non-Intersection;01-04-01;0001-01-01T11:49:58-04:56;Motorist Drive Out - Commercial Driveway / Alley;;2012;C: Possible Injury;Commercial;20-24;23;No;0-5 mph;O: No Injury;White;Male;Passenger Car;No;No;Daylight;Urban (>70% Developed);;2;Straight - Level;Public Vehicular Area;Dry;Two-Way, Not Divided;None;Driveway, Public;Coarse Asphalt;Coastal;Urban;30 - 35  MPH;No Control Present;Clear;No;35.54614, -77.0304
259;260;No;30-39;36;No;Facing Traffic;C: Possible Injury;Sidewalk / Crosswalk / Driveway Crossing;White;Male;Stanley;Gaston;No;01-01-04;2012-03-01;Loss of Control / Turning Error;17;Non-Intersection;01-03-01;0001-01-01T12:13:58-04:56;Bicyclist Lost Control - Mechanical Problems;;2012;C: Possible Injury;Commercial;70;70;No;;O: No Injury;White;Female;Passenger Car;No;No;Daylight;Urban (>70% Developed);;2;Straight - Grade;Public Vehicular Area;Dry;Two-Way, Not Divided;None;T-Intersection;Smooth Asphalt;Piedmont;Rural;;No Control Present;Clear;No;35.35504, -81.0912
267;268;Yes;15-Nov;12;No;With Traffic;C: Possible Injury;Travel Lane;White;Male;None - Rural Crash;Lenoir;No;01-01-05;2012-05-11;Bicyclist Left Turn / Merge;19;Non-Intersection;01-05-01;0001-01-01T14:33:58-04:56;Bicyclist Left Turn - Opposite Direction;;2012;C: Possible Injury;Residential;0-19;18;No;41-45 mph;O: No Injury;White;Male;Passenger Car;No;No;Daylight;Mixed (30% To 70% Developed);2 lanes;2;Straight - Level;State Secondary Route;Dry;Two-Way, Not Divided;None;No Special Feature;Smooth Asphalt;Coastal;Rural;50 - 55  MPH;No Control Present;Clear;No;35.24266, -77.6125
270;271;No;40-49;46;Yes;;C: Possible Injury;;Black;Female;Rocky Mount;Nash;Yes;01-01-05;2012-04-13;Crossing Paths - Other Circumstances;21;Intersection-Related;01-04-01;0001-01-01T16:18:58-04:56;Signalized Intersection - Other /;;2012;C: Possible Injury;Residential;20-24;20;No;6-10 mph;O: No Injury;Black;Male;Passenger Car;No;No;Dark - Lighted Roadway;Urban (>70% Developed);5 lanes;2;Straight - Level;Local Street;Dry;Two-Way, Not Divided;None;Four-Way Intersection;Coarse Asphalt;Coastal;Urban;30 - 35  MPH;Stop And Go Signal;Clear;No;35.93568, -77.8047
274;275;Yes;60-69;64;No;With Traffic;B: Evident Injury;Travel Lane;White;Male;Sanford;Lee;No;;2012-04-30;Bicyclist Left Turn / Merge;19;Intersection;01-04-01;0001-01-01T14:05:58-04:56;Bicyclist Left Turn - Same Direction;;2012;B: Evident Injury;Residential;0-19;18;No;41-45 mph;O: No Injury;White;Male;Pickup;No;No;Daylight;Urban (>70% Developed);2 lanes;2;Straight - Level;Local Street;Dry;Two-Way, Not Divided;None;Four-Way Intersection;Coarse Asphalt;Piedmont;Urban;40 - 45  MPH;No Control Present;Clear;No;35.45287, -79.2263
275;276;No;60-69;69;No;With Traffic;C: Possible Injury;Travel Lane;White;Male;Wrightsville Beach;New Hanover;No;01-01-07;2012-05-06;Motorist Left Turn / Merge;16;Intersection;01-05-01;0001-01-01T11:50:58-04:56;Motorist Left Turn - Opposite Direction;;2012;C: Possible Injury;Residential;20-24;20;No;0-5 mph;O: No Injury;White;Male;Passenger Car;No;No;Daylight;Urban (>70% Developed);2 lanes;2;Straight - Level;Local Street;Dry;Two-Way, Not Divided;None;Four-Way Intersection;Grooved Concrete;Coastal;Rural;20 - 25  MPH;Stop Sign;Cloudy;No;34.21407, -77.7914
276;277;No;20-24;20;No;Facing Traffic;Injury;Travel Lane;Black;Male;Durham;Durham;No;01-01-04;2012-03-29;Motorist Failed to Yield - Sign-Controlled Intersection;11;Intersection;01-03-01;0001-01-01T06:43:58-04:56;Motorist Drive Out - Sign-Controlled Intersection;;2012;O: No Injury;Residential;30-39;39;No;0-5 mph;O: No Injury;Black;Male;Van;No;No;Daylight;Mixed (30% To 70% Developed);2 lanes;2;Curve - Grade;Local Street;Dry;Two-Way, Not Divided;None;No Special Feature;Coarse Asphalt;Piedmont;Urban;30 - 35  MPH;No Control Present;Clear;No;35.97351, -78.9028
285;286;Yes;0-5;4;No;With Traffic;A: Disabling Injury;Travel Lane;Hispanic;Male;Winston-Salem;Forsyth;No;01-01-06;2012-04-21;Bicyclist Failed to Yield - Sign-Controlled Intersection;9;Intersection;01-04-01;0001-01-01T05:00:58-04:56;Bicyclist Ride Through - Sign-Controlled Intersection;;2012;A: Disabling Injury;Residential;25-29;25;No;21-25 mph;O: No Injury;Black;Female;Sport Utility;No;No;Daylight;Urban (>70% Developed);2 lanes;2;Straight - Level;Local Street;Dry;Two-Way, Not Divided;None;Four-Way Intersection;Smooth Asphalt;Piedmont;Urban;30 - 35  MPH;No Control Present;Clear;No;36.12415, -80.2197
287;288;No;25-29;27;No;Facing Traffic;O: No Injury;Sidewalk / Crosswalk / Driveway Crossing;White;Male;Boone;Watauga;No;;2012-05-07;Motorist Failed to Yield - Midblock;17;Non-Intersection;01-05-01;0001-01-01T12:47:58-04:56;Motorist Drive Out - Commercial Driveway / Alley;;2012;O: No Injury;Commercial;30-39;38;No;;O: No Injury;White;Male;Pickup;No;No;Daylight;Urban (>70% Developed);;2;Straight - Level;Public Vehicular Area;Dry;Two-Way, Not Divided;None;Driveway, Public;Smooth Asphalt;Mountains;Urban;;Other;Clear;No;36.20647, -81.6711
289;290;No;30-39;32;No;With Traffic;B: Evident Injury;Travel Lane;White;Male;Morrisville;Wake;No;01-01-04;2012-05-17;Motorist Right Turn / Merge;9;Intersection;01-05-01;0001-01-01T04:45:58-04:56;Motorist Right Turn - Same Direction;;2012;B: Evident Injury;Commercial;20-24;21;No;41-45 mph;O: No Injury;Black;Female;Passenger Car;No;No;Daylight;Urban (>70% Developed);5 lanes;2;Straight - Level;State Secondary Route;Dry;Two-Way, Not Divided;None;No Special Feature;Coarse Asphalt;Piedmont;Urban;40 - 45  MPH;Stop And Go Signal;Cloudy;No;35.85367, -78.8252
294;295;Yes;60-69;60;No;With Traffic;B: Evident Injury;Travel Lane;White;Male;None - Rural Crash;Lenoir;No;01-01-06;2012-05-19;Loss of Control / Turning Error;17;Intersection;01-05-01;0001-01-01T12:43:58-04:56;Motorist Turning Error - Left Turn;;2012;B: Evident Injury;Residential;0-19;16;No;21-25 mph;O: No Injury;White;Male;Pickup;No;No;Daylight;Mixed (30% To 70% Developed);2 lanes;2;Straight - Level;State Secondary Route;Dry;Two-Way, Not Divided;None;T-Intersection;Coarse Asphalt;Coastal;Rural;40 - 45  MPH;Stop Sign;Clear;No;35.29614, -77.6932
297;298;Yes;40-49;42;No;Facing Traffic;C: Possible Injury;Sidewalk / Crosswalk / Driveway Crossing;White;Male;Asheville;Buncombe;No;;2012-04-23;Motorist Failed to Yield - Midblock;13;Non-Intersection;01-04-01;0001-01-01T08:09:58-04:56;Motorist Drive Out - Commercial Driveway / Alley;;2012;C: Possible Injury;Commercial;60-69;60;No;0-5 mph;O: No Injury;White;Male;Passenger Car;No;No;Daylight;Urban (>70% Developed);2 lanes;2;Straight - Level;Public Vehicular Area;Dry;Two-Way, Not Divided;None;No Special Feature;Smooth Asphalt;Mountains;Urban;5 - 15 MPH;No Control Present;Cloudy;No;35.55139, -82.5371
298;299;Yes;50-59;52;No;Facing Traffic;B: Evident Injury;Travel Lane;Black;Male;Raleigh;Wake;No;;2012-05-14;Motorist Failed to Yield - Signalized Intersection;9;Intersection;01-05-01;0001-01-01T04:51:58-04:56;Motorist Drive Out - Right Turn on Red;;2012;B: Evident Injury;Commercial;20-24;24;No;6-10 mph;O: No Injury;Hispanic;Female;Passenger Car;No;No;Daylight;Urban (>70% Developed);5 lanes;2;Straight - Level;Interstate;Dry;One-Way, Not Divided;None;On or Off Ramp;Smooth Asphalt;Piedmont;Urban;20 - 25  MPH;Stop And Go Signal;Clear;No;35.76948, -78.6484
299;300;No;30-39;31;No;With Traffic;C: Possible Injury;Travel Lane;White;Female;None - Rural Crash;Wayne;No;01-01-07;2012-05-20;Motorist Overtaking Bicyclist;15;Non-Intersection;01-05-01;0001-01-01T10:38:58-04:56;Motorist Overtaking - Other /;;2012;C: Possible Injury;Farms, Woods, Pastures;;;No;41-45 mph;Injury;/Missing;;Passenger Car;No;Yes;Daylight;Urban (>70% Developed);2 lanes;2;Straight - Level;State Secondary Route;Dry;Two-Way, Not Divided;None;No Special Feature;Smooth Asphalt;Coastal;Rural;40 - 45  MPH;Double Yellow Line, No Passing Zone;Clear;No;35.32736, -78.032
300;301;Yes;40-49;47;No;Facing Traffic;B: Evident Injury;Sidewalk / Crosswalk / Driveway Crossing;White;Female;Raleigh;Wake;No;01-01-05;2012-05-11;Motorist Failed to Yield - Signalized Intersection;19;Intersection;01-05-01;0001-01-01T14:07:58-04:56;Motorist Drive Out - Right Turn on Red;;2012;B: Evident Injury;Residential;30-39;33;No;6-10 mph;O: No Injury;White;Female;Passenger Car;No;No;Daylight;Urban (>70% Developed);4 lanes;2;Straight - Level;Local Street;Dry;Two-Way, Not Divided;None;Four-Way Intersection;Smooth Asphalt;Piedmont;Urban;30 - 35  MPH;Stop And Go Signal;Clear;No;35.8114, -78.5656
309;310;No;15-Nov;13;No;;B: Evident Injury;;Hispanic;Male;Monroe;Union;No;01-01-07;2012-05-20;Crossing Paths - Other Circumstances;15;Intersection-Related;01-05-01;0001-01-01T10:48:58-04:56;Crossing Paths - Intersection - Other /;;2012;B: Evident Injury;Commercial;40-49;40;No;31-35 mph;O: No Injury;Black;Female;Passenger Car;No;No;Daylight;Urban (>70% Developed);6 lanes;2;Straight - Level;US Route;Dry;Two-Way, Divided, Unprotected Median;None;No Special Feature;Smooth Asphalt;Piedmont;Urban;40 - 45  MPH;No Control Present;Clear;No;34.98785, -80.5309
319;320;Yes;15-Nov;15;No;With Traffic;A: Disabling Injury;Travel Lane;White;Male;None - Rural Crash;Davie;No;;2012-05-28;Motorist Overtaking Bicyclist;21;Non-Intersection;01-05-01;0001-01-01T16:33:58-04:56;Motorist Overtaking - Bicyclist Swerved;;2012;A: Disabling Injury;Farms, Woods, Pastures;30-39;32;No;36-40 mph;O: No Injury;White;Male;Pickup;No;No;Dark - Roadway Not Lighted;Rural (<30% Developed);2 lanes;2;Straight - Grade;State Secondary Route;Dry;Two-Way, Not Divided;None;No Special Feature;Smooth Asphalt;Piedmont;Rural;50 - 55  MPH;Double Yellow Line, No Passing Zone;Clear;No;35.84478, -80.4373
325;326;Yes;40-49;48;No;With Traffic;B: Evident Injury;Travel Lane;White;Male;None - Rural Crash;Davidson;No;01-01-02;2012-05-29;Parallel Paths - Other Circumstances;17;Non-Intersection;01-05-01;0001-01-01T12:05:58-04:56;Parallel Paths - Other /;;2012;B: Evident Injury;Commercial;40-49;41;No;16-20 mph;O: No Injury;White;Male;Passenger Car;No;No;;Rural (<30% Developed);2 lanes;2;Straight - Level;State Secondary Route;;Two-Way, Not Divided;None;No Special Feature;Smooth Asphalt;Piedmont;Rural;50 - 55  MPH;Double Yellow Line, No Passing Zone;Other;No;35.98315, -80.1617
327;328;Yes;15-Nov;13;No;Facing Traffic;B: Evident Injury;Sidewalk / Crosswalk / Driveway Crossing;White;Male;None - Rural Crash;Iredell;No;01-01-03;2012-05-16;Bicyclist Failed to Yield - Signalized Intersection;20;Intersection;01-05-01;0001-01-01T15:35:58-04:56;Bicyclist Ride Through - Signalized Intersection;;2012;B: Evident Injury;Commercial;40-49;44;No;26-30 mph;O: No Injury;White;Female;Van;No;No;Dark - Roadway Not Lighted;Urban (>70% Developed);9 or more lanes;2;Straight - Level;Local Street;Dry;Two-Way, Divided, Positive Median Barrier;None;Four-Way Intersection;Smooth Asphalt;Piedmont;Rural;40 - 45  MPH;Stop And Go Signal;Cloudy;No;35.56894, -80.9025
330;331;No;20-24;20;No;With Traffic;C: Possible Injury;Sidewalk / Crosswalk / Driveway Crossing;Asian;Male;Raleigh;Wake;No;01-01-02;2012-04-17;Motorist Left Turn / Merge;11;Intersection;01-04-01;0001-01-01T06:34:58-04:56;Motorist Left Turn - Opposite Direction;;2012;C: Possible Injury;Institutional;20-24;20;No;16-20 mph;O: No Injury;White;Female;Passenger Car;No;No;Daylight;Urban (>70% Developed);2 lanes;2;Straight - Level;Local Street;Dry;Two-Way, Divided, Positive Median Barrier;None;Four-Way Intersection;Coarse Asphalt;Piedmont;Urban;40 - 45  MPH;Stop And Go Signal;Clear;No;35.7838, -78.6822
331;332;Yes;50-59;50;No;With Traffic;C: Possible Injury;Travel Lane;White;Male;None - Rural Crash;Greene;No;01-01-06;2012-06-02;Motorist Overtaking Bicyclist;13;Non-Intersection;01-06-01;0001-01-01T08:49:58-04:56;Motorist Overtaking - Misjudged Space;;2012;C: Possible Injury;Farms, Woods, Pastures;;;Missing;;Injury;/Missing;;Van;No;Yes;Daylight;Rural (<30% Developed);2 lanes;2;Straight - Level;US Route;Dry;Two-Way, Not Divided;None;No Special Feature;Coarse Asphalt;Coastal;Rural;50 - 55  MPH;Double Yellow Line, No Passing Zone;Clear;No;35.3758, -77.667
337;338;Yes;10-Jun;7;No;Facing Traffic;K: Killed;Travel Lane;Hispanic;Male;None - Rural Crash;Johnston;No;01-01-03;2012-05-30;Bicyclist Right Turn / Merge;16;Non-Intersection;01-05-01;0001-01-01T11:52:58-04:56;Bicyclist Right Turn - Opposite Direction;;2012;K: Killed;Residential;30-39;38;No;51-55 mph;O: No Injury;White;Male;Pickup;No;No;Dark - Roadway Not Lighted;Rural (<30% Developed);2 lanes;2;Curve - Level;State Secondary Route;Dry;Two-Way, Not Divided;None;No Special Feature;Coarse Asphalt;Coastal;Rural;50 - 55  MPH;Double Yellow Line, No Passing Zone;Clear;No;35.62076, -78.4015
342;343;Yes;15-Nov;14;No;Not Applicable;B: Evident Injury;Driveway / Alley;Hispanic;Male;Siler City;Chatham;No;01-01-05;2012-05-25;Bicyclist Failed to Yield - Midblock;18;Non-Intersection;01-05-01;0001-01-01T13:42:58-04:56;Bicyclist Ride Out - Residential Driveway;;2012;B: Evident Injury;Residential;70;70;No;16-20 mph;O: No Injury;Black;Female;Passenger Car;No;No;Daylight;Urban (>70% Developed);2 lanes;2;Straight - Level;Local Street;Dry;Two-Way, Not Divided;None;No Special Feature;Coarse Asphalt;Piedmont;Urban;5 - 15 MPH;No Control Present;Clear;No;35.73078, -79.4416
348;349;Yes;50-59;51;Yes;With Traffic;K: Killed;Travel Lane;Black;Male;None - Rural Crash;Orange;Yes;01-01-07;2012-06-03;Motorist Overtaking Bicyclist;0;Non-Intersection;01-06-01;0000-12-31T19:45:58-04:56;Motorist Overtaking - Other /;;2012;K: Killed;Farms, Woods, Pastures;25-29;27;No;51-55 mph;O: No Injury;Black;Female;Passenger Car;No;No;Dark - Roadway Not Lighted;Rural (<30% Developed);2 lanes;2;Curve - Level;NC Route;Dry;Two-Way, Not Divided;None;No Special Feature;Coarse Asphalt;Piedmont;Rural;50 - 55  MPH;Double Yellow Line, No Passing Zone;Clear;No;35.92478, -79.1196
349;350;No;40-49;47;No;With Traffic;O: No Injury;;Black;Male;Rocky Mount;Nash;No;01-01-03;2012-05-02;Crossing Paths - Other Circumstances;15;Intersection;01-05-01;0001-01-01T10:10:58-04:56;Signalized Intersection - Other /;;2012;O: No Injury;Residential;20-24;22;No;0-5 mph;O: No Injury;Black;Male;Passenger Car;No;No;Daylight;Urban (>70% Developed);2 lanes;2;Straight - Level;Local Street;Dry;One-Way, Not Divided;None;No Special Feature;Smooth Asphalt;Coastal;Urban;30 - 35  MPH;Stop And Go Signal;Clear;No;35.9552, -77.7999
351;352;Yes;20-24;20;No;With Traffic;B: Evident Injury;Bike Lane / Paved Shoulder;White;Male;None - Rural Crash;Buncombe;No;01-01-04;2012-06-07;Motorist Left Turn / Merge;17;Non-Intersection;01-06-01;0001-01-01T12:45:58-04:56;Motorist Left Turn - Opposite Direction;;2012;B: Evident Injury;Commercial;;;No;6-10 mph;Injury;/Missing;;Van;No;Yes;Daylight;Urban (>70% Developed);2 lanes;2;Straight - Grade;NC Route;Dry;Two-Way, Not Divided;None;Driveway, Public;Smooth Asphalt;Mountains;Rural;40 - 45  MPH;Double Yellow Line, No Passing Zone;Clear;No;35.46925, -82.5781
353;354;No;15-Nov;14;No;With Traffic;C: Possible Injury;Travel Lane;White;Female;Wilmington;New Hanover;No;;2012-06-04;Motorist Overtaking Bicyclist;16;Intersection-Related;01-06-01;0001-01-01T11:48:58-04:56;Motorist Overtaking - Other /;;2012;C: Possible Injury;Residential;;;Missing;6-10 mph;Injury;/Missing;;;No;Yes;Daylight;Urban (>70% Developed);2 lanes;2;Straight - Level;Local Street;Dry;Two-Way, Divided, Unprotected Median;None;No Special Feature;Coarse Asphalt;Coastal;Urban;20 - 25  MPH;No Control Present;Clear;No;34.22312, -77.9092
354;355;Yes;15-Nov;15;No;With Traffic;B: Evident Injury;Travel Lane;Black;Male;Lenoir;Caldwell;No;01-01-05;2012-06-08;Bicyclist Failed to Yield - Sign-Controlled Intersection;13;Intersection;01-06-01;0001-01-01T08:33:58-04:56;Bicyclist Ride Through - Sign-Controlled Intersection;;2012;B: Evident Injury;Residential;50-59;57;No;11-15 mph;O: No Injury;White;Female;Passenger Car;No;No;Daylight;Urban (>70% Developed);2 lanes;2;Straight - Grade;Local Street;Dry;Two-Way, Not Divided;None;No Special Feature;Coarse Asphalt;Mountains;Urban;20 - 25  MPH;Stop Sign;Clear;No;35.91885, -81.5305
360;361;Yes;10-Jun;9;No;Facing Traffic;B: Evident Injury;Travel Lane;White;Male;Fayetteville;Cumberland;No;01-01-04;2012-05-24;Bicyclist Failed to Yield - Sign-Controlled Intersection;16;Intersection;01-05-01;0001-01-01T11:26:58-04:56;Bicyclist Ride Through - Sign-Controlled Intersection;;2012;B: Evident Injury;Residential;40-49;45;No;0-5 mph;O: No Injury;Black;Female;Sport Utility;No;No;Daylight;Urban (>70% Developed);2 lanes;2;Straight - Level;Local Street;Dry;Two-Way, Not Divided;None;T-Intersection;Coarse Asphalt;Coastal;Urban;20 - 25  MPH;Stop Sign;Clear;No;35.02468, -78.9878
377;378;Yes;60-69;67;No;With Traffic;B: Evident Injury;Travel Lane;White;Male;None - Rural Crash;Randolph;No;01-01-06;2012-06-16;Motorist Failed to Yield - Sign-Controlled Intersection;10;Intersection;01-06-01;0001-01-01T05:37:58-04:56;Motorist Drive Out - Sign-Controlled Intersection;;2012;B: Evident Injury;Farms, Woods, Pastures;50-59;54;No;0-5 mph;O: No Injury;White;Male;Passenger Car;No;No;Daylight;Rural (<30% Developed);2 lanes;2;Straight - Grade;State Secondary Route;Dry;Two-Way, Not Divided;None;T-Intersection;Smooth Asphalt;Piedmont;Rural;50 - 55  MPH;Stop Sign;Clear;No;35.67323, -79.9274
380;381;No;15-Nov;11;No;Facing Traffic;B: Evident Injury;Travel Lane;Black;Male;New Bern;Craven;No;01-01-02;2012-04-10;Motorist Failed to Yield - Sign-Controlled Intersection;21;Intersection;01-04-01;0001-01-01T16:21:58-04:56;Motorist Drive Out - Sign-Controlled Intersection;;2012;B: Evident Injury;Residential;20-24;22;No;0-5 mph;O: No Injury;White;Male;Passenger Car;No;No;Daylight;Urban (>70% Developed);2 lanes;2;Straight - Level;Local Street;Dry;Two-Way, Divided, Positive Median Barrier;None;T-Intersection;Smooth Asphalt;Coastal;Urban;20 - 25  MPH;Stop Sign;Clear;No;35.11842, -77.0918
393;394;No;20-24;21;No;With Traffic;B: Evident Injury;Sidewalk / Crosswalk / Driveway Crossing;White;Female;Raleigh;Wake;No;;2012-06-11;Motorist Right Turn / Merge;17;Intersection;01-06-01;0001-01-01T12:58:58-04:56;Motorist Right Turn - Same Direction;;2012;B: Evident Injury;Residential;60-69;63;No;6-10 mph;O: No Injury;White;Male;Pickup;No;No;Daylight;Urban (>70% Developed);9 or more lanes;2;Straight - Level;Local Street;Wet;Two-Way, Divided, Unprotected Median;None;Four-Way Intersection;Smooth Asphalt;Piedmont;Urban;40 - 45  MPH;Stop And Go Signal;Cloudy;No;35.77721, -78.6786
398;399;No;50-59;50;No;With Traffic;C: Possible Injury;Travel Lane;White;Female;None - Rural Crash;Ashe;No;01-01-03;2012-06-20;Motorist Overtaking Bicyclist;16;Non-Intersection;01-06-01;0001-01-01T11:33:58-04:56;Motorist Overtaking - Misjudged Space;;2012;C: Possible Injury;Farms, Woods, Pastures;40-49;40;No;11-15 mph;O: No Injury;White;Male;Pickup;No;No;Daylight;Rural (<30% Developed);2 lanes;2;Curve - Level;State Secondary Route;Dry;Two-Way, Not Divided;None;No Special Feature;Smooth Asphalt;Mountains;Rural;50 - 55  MPH;Double Yellow Line, No Passing Zone;Clear;No;36.30572, -81.5097
399;400;Yes;50-59;51;No;Facing Traffic;C: Possible Injury;Sidewalk / Crosswalk / Driveway Crossing;Black;Male;Raleigh;Wake;No;01-01-04;2012-06-21;Motorist Failed to Yield - Midblock;17;Non-Intersection;01-06-01;0001-01-01T12:31:58-04:56;Motorist Drive Out - Commercial Driveway / Alley;;2012;C: Possible Injury;Commercial;30-39;38;No;0-5 mph;O: No Injury;Black;Male;Passenger Car;No;No;Daylight;Urban (>70% Developed);3 lanes;2;Straight - Level;Local Street;Wet;Two-Way, Divided, Unprotected Median;Other;Driveway, Public;Coarse Asphalt;Piedmont;Urban;40 - 45  MPH;Stop Sign;Rain;No;35.77006, -78.6134
401;402;No;60-69;66;No;Facing Traffic;O: No Injury;Travel Lane;Black;Male;Fayetteville;Cumberland;No;;2012-06-25;Motorist Failed to Yield - Sign-Controlled Intersection;7;Intersection;01-06-01;0001-01-01T02:31:58-04:56;Motorist Drive Out - Sign-Controlled Intersection;;2012;O: No Injury;Commercial;25-29;29;No;0-5 mph;O: No Injury;White;Male;Passenger Car;No;No;Daylight;Urban (>70% Developed);5 lanes;2;Curve - Hillcrest;Local Street;Wet;Two-Way, Divided, Positive Median Barrier;None;T-Intersection;Coarse Asphalt;Coastal;Urban;40 - 45  MPH;Stop Sign;Cloudy;Yes;35.08742, -78.9517
407;408;No;60-69;66;No;With Traffic;C: Possible Injury;Sidewalk / Crosswalk / Driveway Crossing;Black;Male;Charlotte;Mecklenburg;No;01-01-06;2012-06-23;Parallel Paths - Other Circumstances;0;Intersection-Related;01-06-01;0000-12-31T19:28:58-04:56;Bicyclist Ride Out - Parallel Path;;2012;C: Possible Injury;Commercial;60-69;64;No;16-20 mph;O: No Injury;Black;Female;Other Bus;No;No;Dark - Lighted Roadway;Urban (>70% Developed);4 lanes;2;Straight - Level;Local Street;Dry;Two-Way, Not Divided;None;No Special Feature;Smooth Asphalt;Piedmont;Urban;20 - 25  MPH;Stop And Go Signal;Clear;No;35.22698, -80.843
408;409;Yes;40-49;43;No;With Traffic;B: Evident Injury;Travel Lane;White;Male;None - Rural Crash;Wake;No;01-01-03;2012-06-27;Motorist Failed to Yield - Sign-Controlled Intersection;7;Intersection;01-06-01;0001-01-01T02:13:58-04:56;Motorist Drive Out - Sign-Controlled Intersection;;2012;B: Evident Injury;Farms, Woods, Pastures;30-39;35;No;0-5 mph;O: No Injury;Hispanic;Male;Pickup;No;No;Daylight;Rural (<30% Developed);4 lanes;2;Straight - Level;State Secondary Route;Dry;Two-Way, Not Divided;None;T-Intersection;Coarse Asphalt;Piedmont;Rural;50 - 55  MPH;Stop Sign;Clear;No;35.59024, -78.8384
416;417;Yes;16-19;16;No;Not Applicable;C: Possible Injury;Non-Roadway;Black;Male;Greensboro;Guilford;No;01-01-05;2012-06-29;Bicyclist Failed to Yield - Midblock;11;Non-Intersection;01-06-01;0001-01-01T06:05:58-04:56;Bicyclist Ride Out - Commercial Driveway / Alley;;2012;C: Possible Injury;Residential;20-24;23;No;6-10 mph;O: No Injury;Black;Female;Passenger Car;Yes;No;Daylight;Urban (>70% Developed);2 lanes;2;Straight - Level;Local Street;Dry;Two-Way, Not Divided;None;Driveway, Private;Smooth Asphalt;Piedmont;Urban;30 - 35  MPH;No Control Present;Clear;No;36.09509, -79.7619
425;426;Yes;10-Jun;9;No;Not Applicable;B: Evident Injury;Driveway / Alley;White;Male;Asheboro;Randolph;No;01-01-03;2012-06-20;Bicyclist Failed to Yield - Midblock;21;Non-Intersection;01-06-01;0001-01-01T16:24:58-04:56;Bicyclist Ride Out - Residential Driveway;;2012;B: Evident Injury;Residential;0-19;19;No;16-20 mph;O: No Injury;White;Male;Passenger Car;No;No;Dusk;Urban (>70% Developed);2 lanes;2;Straight - Grade;Local Street;Dry;Two-Way, Not Divided;None;No Special Feature;Smooth Asphalt;Piedmont;Urban;30 - 35  MPH;No Control Present;Clear;No;35.70165, -79.7956
435;436;Yes;16-19;19;No;With Traffic;B: Evident Injury;Travel Lane;Hispanic;Male;Raleigh;Wake;No;01-01-05;2012-06-22;Bicyclist Failed to Yield - Signalized Intersection;21;Intersection;01-06-01;0001-01-01T16:39:58-04:56;Bicyclist Ride Through - Signalized Intersection;;2012;B: Evident Injury;Commercial;50-59;54;No;26-30 mph;C: Possible Injury;White;Male;Pickup;No;No;Dark - Roadway Not Lighted;Urban (>70% Developed);8 lanes;2;Straight - Level;Local Street;Water (Standing, Moving);Two-Way, Not Divided;None;No Special Feature;Coarse Asphalt;Piedmont;Urban;40 - 45  MPH;Stop And Go Signal;Rain;No;35.7312, -78.6274
437;438;Yes;30-39;30;No;With Traffic;B: Evident Injury;Travel Lane;White;Male;Raleigh;Wake;No;01-01-02;2012-06-19;Motorist Overtaking Bicyclist;9;Non-Intersection;01-06-01;0001-01-01T04:39:58-04:56;Motorist Overtaking - Other /;;2012;B: Evident Injury;Commercial;;;Missing;31-35 mph;Injury;/Missing;;;No;Yes;Daylight;Urban (>70% Developed);5 lanes;2;Straight - Level;Local Street;Dry;Two-Way, Not Divided;None;No Special Feature;Coarse Asphalt;Piedmont;Urban;40 - 45  MPH;No Control Present;Clear;No;35.81612, -78.6571