FID;OBJECTID;AmbulanceR;BikeAge_Gr;Bike_Age;Bike_Alc_D;Bike_Dir;Bike_Injur;Bike_Pos;Bike_Race;Bike_Sex;City;County;CrashAlcoh;CrashDay;Crash_Date;Crash_Grp;Crash_Hour;Crash_Loc;Crash_Mont;Crash_Time;Crash_Type;Crash_Ty_1;Crash_Year;Crsh_Sevri;Developmen;DrvrAge_Gr;Drvr_Age;Drvr_Alc_D;Drvr_EstSp;Drvr_Injur;Drvr_Race;Drvr_Sex;Drvr_VehTy;ExcsSpdInd;Hit_Run;Light_Cond;Locality;Num_Lanes;Num_Units;Rd_Charact;Rd_Class;Rd_Conditi;Rd_Config;Rd_Defects;Rd_Feature;Rd_Surface;Region;Rural_Urba;Speed_Limi;Traff_Cntr;Weather;Workzone_I;Location
440;441;Yes;25-29;27;No;Facing Traffic;C: Possible Injury;Bike Lane / Paved Shoulder;Black;Male;None - Rural Crash;Harnett;No;;2012-07-02;Loss of Control / Turning Error;12;Non-Intersection;01-07-01;0001-01-01T07:05:58-04:56;Motorist Lost Control - Other /;;2012;C: Possible Injury;Farms, Woods, Pastures;20-24;24;No;41-45 mph;O: No Injury;White;Female;Van;No;No;Daylight;Rural (<30% Developed);2 lanes;2;Straight - Level;State Secondary Route;Dry;Two-Way, Not Divided;None;No Special Feature;Coarse Asphalt;Coastal;Rural;50 - 55  MPH;No Control Present;Clear;No;35.37403, -78.6989
448;449;Yes;60-69;66;Missing;With Traffic;B: Evident Injury;Travel Lane;White;Male;Charlotte;Mecklenburg;No;01-01-07;2012-07-08;Bicyclist Failed to Yield - Signalized Intersection;8;Intersection;01-07-01;0001-01-01T03:54:58-04:56;Bicyclist Ride Through - Signalized Intersection;;2012;B: Evident Injury;Commercial;50-59;52;No;;O: No Injury;Other;Male;Passenger Car;No;No;Daylight;Urban (>70% Developed);6 lanes;2;Straight - Level;Local Street;Dry;Two-Way, Not Divided;None;Four-Way Intersection;Smooth Asphalt;Piedmont;Urban;30 - 35  MPH;Stop And Go Signal;Clear;No;35.19575, -80.8272
454;455;Yes;50-59;51;No;Facing Traffic;C: Possible Injury;Travel Lane;Black;Male;High Point;Guilford;No;01-01-04;2012-06-28;Motorist Failed to Yield - Sign-Controlled Intersection;20;Intersection;01-06-01;0001-01-01T15:29:58-04:56;Motorist Drive Out - Sign-Controlled Intersection;;2012;C: Possible Injury;Commercial;0-19;19;No;0-5 mph;O: No Injury;White;Male;Sport Utility;No;No;Daylight;Urban (>70% Developed);5 lanes;2;Straight - Level;NC Route;Dry;Two-Way, Not Divided;None;No Special Feature;Smooth Asphalt;Piedmont;Urban;40 - 45  MPH;Stop Sign;Clear;No;35.98403, -80.0135
455;456;Yes;60-69;64;No;Facing Traffic;C: Possible Injury;Travel Lane;White;Male;Garner;Wake;No;01-01-05;2012-06-29;Motorist Failed to Yield - Sign-Controlled Intersection;10;Intersection;01-06-01;0001-01-01T05:09:58-04:56;Motorist Drive Out - Sign-Controlled Intersection;;2012;C: Possible Injury;Residential;20-24;21;No;6-10 mph;O: No Injury;White;Female;Passenger Car;No;No;Daylight;Urban (>70% Developed);5 lanes;2;Straight - Grade;Local Street;Dry;Two-Way, Not Divided;None;No Special Feature;Smooth Asphalt;Piedmont;Urban;30 - 35  MPH;Stop Sign;Clear;No;35.67701, -78.6249
458;459;Yes;60-69;62;No;With Traffic;B: Evident Injury;Travel Lane;White;Male;Durham;Durham;No;01-01-07;2012-07-15;Motorist Left Turn / Merge;17;Intersection;01-07-01;0001-01-01T12:50:58-04:56;Motorist Left Turn - Opposite Direction;;2012;B: Evident Injury;Residential;70;70;No;16-20 mph;O: No Injury;White;Female;Passenger Car;No;No;Daylight;Urban (>70% Developed);3 lanes;2;Straight - Level;Local Street;Dry;Two-Way, Not Divided;None;No Special Feature;Smooth Asphalt;Piedmont;Urban;30 - 35  MPH;Stop And Go Signal;Clear;No;36.01723, -78.9216
460;461;Yes;10-Jun;6;No;Not Applicable;C: Possible Injury;Non-Roadway;Black;Male;Charlotte;Mecklenburg;No;01-01-07;2012-07-15;Bicyclist Failed to Yield - Midblock;20;Non-Intersection;01-07-01;0001-01-01T15:03:58-04:56;Bicyclist Ride Out - Commercial Driveway / Alley;;2012;C: Possible Injury;Residential;0-19;18;No;21-25 mph;O: No Injury;White;Female;Passenger Car;No;No;Daylight;Urban (>70% Developed);2 lanes;2;Straight - Level;Local Street;Dry;Two-Way, Not Divided;None;No Special Feature;Smooth Asphalt;Piedmont;Urban;20 - 25  MPH;No Control Present;Clear;No;35.25861, -80.8045
467;468;Yes;15-Nov;14;No;Facing Traffic;B: Evident Injury;Travel Lane;White;Male;Spindale;Rutherford;No;01-01-06;2012-06-16;Parallel Paths - Other Circumstances;17;Intersection;01-06-01;0001-01-01T12:31:58-04:56;Bicyclist Ride Out - Parallel Path;;2012;B: Evident Injury;Commercial;50-59;52;No;16-20 mph;O: No Injury;White;Female;Passenger Car;No;No;Daylight;Mixed (30% To 70% Developed);2 lanes;2;Straight - Hillcrest;Local Street;Dry;Two-Way, Not Divided;None;No Special Feature;Smooth Asphalt;Mountains;Rural;30 - 35  MPH;Stop And Go Signal;Clear;No;35.34915, -81.9178
469;470;Yes;10-Jun;6;No;Facing Traffic;C: Possible Injury;Travel Lane;Black;Male;None - Rural Crash;Vance;No;01-01-07;2012-07-15;Bicyclist Failed to Yield - Sign-Controlled Intersection;20;Intersection;01-07-01;0001-01-01T16:00:58-04:56;Bicyclist Ride Through - Sign-Controlled Intersection;;2012;C: Possible Injury;Residential;20-24;21;No;31-35 mph;O: No Injury;White;Male;Pickup;No;No;Dark - Roadway Not Lighted;Mixed (30% To 70% Developed);2 lanes;2;Straight - Level;State Secondary Route;Dry;Two-Way, Not Divided;None;T-Intersection;Smooth Asphalt;Piedmont;Rural;50 - 55  MPH;Stop Sign;Clear;No;36.33938, -78.3893
474;475;No;16-19;18;No;Facing Traffic;C: Possible Injury;Sidewalk / Crosswalk / Driveway Crossing;Other;Male;Asheville;Buncombe;No;01-01-04;2012-06-21;Loss of Control / Turning Error;13;Intersection-Related;01-06-01;0001-01-01T08:18:58-04:56;Motorist Lost Control - Other /;;2012;C: Possible Injury;Commercial;;;No;31-35 mph;Injury;/Missing;;Passenger Car;No;Yes;Daylight;Urban (>70% Developed);3 lanes;2;Straight - Level;US Route;Dry;Two-Way, Divided, Positive Median Barrier;None;No Special Feature;Smooth Asphalt;Mountains;Urban;30 - 35  MPH;No Control Present;Clear;No;35.58739, -82.5868
482;483;Yes;60-69;61;Yes;With Traffic;B: Evident Injury;Sidewalk / Crosswalk / Driveway Crossing;White;Male;Apex;Wake;Yes;01-01-05;2012-07-20;Motorist Failed to Yield - Midblock;20;Non-Intersection;01-07-01;0001-01-01T15:46:58-04:56;Motorist Drive Out - Commercial Driveway / Alley;;2012;B: Evident Injury;Commercial;30-39;39;No;0-5 mph;O: No Injury;White;Male;Pickup;No;No;Dark - Lighted Roadway;Urban (>70% Developed);3 lanes;2;Straight - Grade;Local Street;Wet;Two-Way, Divided, Unprotected Median;None;No Special Feature;Smooth Asphalt;Piedmont;Urban;40 - 45  MPH;Stop Sign;Cloudy;No;35.73621, -78.8665
492;493;Yes;15-Nov;15;No;With Traffic;B: Evident Injury;Travel Lane;Black;Male;Goldsboro;Wayne;No;01-01-04;2012-07-12;Bicyclist Failed to Yield - Sign-Controlled Intersection;20;Intersection;01-07-01;0001-01-01T15:49:58-04:56;Bicyclist Ride Out - Sign-Controlled Intersection;;2012;B: Evident Injury;Residential;70;70;No;16-20 mph;O: No Injury;Black;Female;Passenger Car;No;No;Dark - Lighted Roadway;Rural (<30% Developed);2 lanes;2;Straight - Level;Local Street;Wet;Two-Way, Not Divided;None;Four-Way Intersection;Coarse Asphalt;Coastal;Urban;20 - 25  MPH;Stop Sign;Cloudy;No;35.3803, -77.9722
497;498;Yes;25-29;26;No;;B: Evident Injury;Travel Lane;White;Female;None - Rural Crash;Cumberland;No;01-01-05;2012-07-13;Parallel Paths - Other Circumstances;2;Non-Intersection;01-07-01;0000-12-31T21:33:58-04:56;Parallel Paths - Other /;;2012;B: Evident Injury;Residential;;;Missing;;Injury;/Missing;;;No;Yes;Dark - Roadway Not Lighted;Rural (<30% Developed);2 lanes;2;Curve - Level;Public Vehicular Area;Dry;Two-Way, Not Divided;None;No Special Feature;Smooth Asphalt;Coastal;Rural;;No Control Present;Cloudy;No;35.03585, -78.8351
500;501;Yes;25-29;27;No;;Injury;;Hispanic;Male;Charlotte;Mecklenburg;No;01-01-03;2012-03-21;Crossing Paths - Other Circumstances;13;Intersection;01-03-01;0001-01-01T08:20:58-04:56;Crossing Paths - Uncontrolled Intersection;;2012;O: No Injury;Commercial;;;Missing;16-20 mph;O: No Injury;Black;Male;;No;Yes;Daylight;Urban (>70% Developed);5 lanes;2;Straight - Level;Local Street;Dry;Two-Way, Divided, Unprotected Median;None;No Special Feature;Smooth Asphalt;Piedmont;Urban;30 - 35  MPH;Stop And Go Signal;Clear;No;35.19302, -80.7952
504;505;Yes;40-49;40;No;Facing Traffic;C: Possible Injury;Travel Lane;White;Male;Charlotte;Mecklenburg;No;01-01-03;2012-05-23;Motorist Failed to Yield - Signalized Intersection;17;Intersection;01-05-01;0001-01-01T12:25:58-04:56;Motorist Drive Out - Signalized Intersection;;2012;C: Possible Injury;Commercial;30-39;39;No;0-5 mph;O: No Injury;White;Female;Sport Utility;No;No;Daylight;Urban (>70% Developed);2 lanes;2;Straight - Grade;Local Street;Dry;Two-Way, Not Divided;None;Four-Way Intersection;Smooth Asphalt;Piedmont;Urban;30 - 35  MPH;Stop And Go Signal;Clear;No;35.22118, -80.8184
510;511;Yes;50-59;55;No;With Traffic;B: Evident Injury;Travel Lane;White;Male;Surf City;Pender;No;01-01-07;2012-07-29;Motorist Left Turn / Merge;8;Intersection;01-07-01;0001-01-01T03:03:58-04:56;Motorist Left Turn - Opposite Direction;;2012;B: Evident Injury;Residential;0-19;16;No;26-30 mph;O: No Injury;White;Female;Passenger Car;No;No;Daylight;Mixed (30% To 70% Developed);2 lanes;2;Straight - Level;Local Street;Dry;Two-Way, Not Divided;None;T-Intersection;Coarse Asphalt;Coastal;Rural;30 - 35  MPH;No Control Present;Clear;No;34.41971, -77.5571
517;518;No;40-49;49;No;Facing Traffic;C: Possible Injury;Sidewalk / Crosswalk / Driveway Crossing;Black;Male;High Point;Guilford;No;01-01-04;2012-07-12;Motorist Failed to Yield - Midblock;9;Non-Intersection;01-07-01;0001-01-01T04:53:58-04:56;Motorist Drive Out - Commercial Driveway / Alley;;2012;C: Possible Injury;Commercial;40-49;47;No;6-10 mph;O: No Injury;White;Male;Sport Utility;No;No;Daylight;Urban (>70% Developed);3 lanes;2;Straight - Level;Public Vehicular Area;Dry;One-Way, Not Divided;None;Driveway, Public;Smooth Asphalt;Piedmont;Urban;;Stop Sign;Cloudy;No;35.95431, -80.0008
521;522;Yes;50-59;50;No;With Traffic;B: Evident Injury;Multi-use Path;White;Male;Raleigh;Wake;No;01-01-02;2012-07-31;Bicyclist Failed to Yield - Signalized Intersection;15;Intersection;01-07-01;0001-01-01T10:55:58-04:56;Bicyclist Ride Through - Signalized Intersection;;2012;B: Evident Injury;Institutional;60-69;63;No;0-5 mph;B: Evident Injury;White;Female;Taxicab;No;No;Daylight;Urban (>70% Developed);2 lanes;2;Straight - Grade;Local Street;Dry;Two-Way, Not Divided;None;Related To Intersection;Smooth Asphalt;Piedmont;Urban;30 - 35  MPH;Stop And Go Signal;Clear;No;35.77471, -78.6567
526;527;Yes;20-24;21;No;With Traffic;B: Evident Injury;Travel Lane;Black;Male;Wilmington;New Hanover;No;01-01-04;2012-07-26;Motorist Failed to Yield - Signalized Intersection;1;Intersection;01-07-01;0000-12-31T20:16:58-04:56;Motorist Drive Through - Signalized Intersection;;2012;B: Evident Injury;Commercial;;;Missing;;Injury;/Missing;;;No;Yes;Dark - Lighted Roadway;Urban (>70% Developed);3 lanes;2;Straight - Level;NC Route;Dry;Two-Way, Not Divided;None;No Special Feature;Coarse Asphalt;Coastal;Urban;;Flashing Stop And Go Signal;Clear;No;34.22593, -77.9241
528;529;Yes;40-49;48;No;With Traffic;C: Possible Injury;Travel Lane;Black;Male;Greenville;Pitt;No;01-01-04;2012-07-26;Motorist Overtaking Bicyclist;18;Non-Intersection;01-07-01;0001-01-01T13:34:58-04:56;Motorist Overtaking - Misjudged Space;;2012;C: Possible Injury;Commercial;40-49;46;No;6-10 mph;O: No Injury;Black;Male;Pickup;No;No;Daylight;Urban (>70% Developed);5 lanes;2;Straight - Level;State Secondary Route;Dry;Two-Way, Not Divided;None;No Special Feature;Coarse Asphalt;Coastal;Urban;40 - 45  MPH;No Control Present;Clear;No;35.60148, -77.3755
527;528;Yes;40-49;44;No;With Traffic;B: Evident Injury;Travel Lane;White;Female;Stanfield;Stanly;No;01-01-04;2012-07-26;Bicyclist Left Turn / Merge;3;Intersection;01-07-01;0000-12-31T22:07:58-04:56;Bicyclist Left Turn - Same Direction;;2012;B: Evident Injury;Commercial;;;Missing;36-40 mph;Injury;/Missing;;;No;Yes;Daylight;Mixed (30% To 70% Developed);2 lanes;2;Straight - Hillcrest;State Secondary Route;Dry;Two-Way, Not Divided;None;T-Intersection;Smooth Asphalt;Piedmont;Rural;40 - 45  MPH;Stop Sign;Clear;No;35.23404, -80.4505
530;531;No;30-39;36;No;With Traffic;C: Possible Injury;Travel Lane;White;Female;None - Rural Crash;Bladen;No;01-01-05;2012-08-03;Loss of Control / Turning Error;21;Intersection;01-08-01;0001-01-01T16:21:58-04:56;Motorist Turning Error - Left Turn;;2012;C: Possible Injury;Farms, Woods, Pastures;0-19;17;No;21-25 mph;O: No Injury;White;Male;Passenger Car;No;No;Dark - Roadway Not Lighted;Rural (<30% Developed);2 lanes;2;Straight - Level;State Secondary Route;Dry;Two-Way, Not Divided;None;T-Intersection;Smooth Asphalt;Coastal;Rural;50 - 55  MPH;Stop Sign;Clear;No;34.64101, -78.7926
533;534;Yes;40-49;40;No;With Traffic;C: Possible Injury;Travel Lane;White;Male;Garner;Wake;No;01-01-02;2012-05-01;Motorist Right Turn / Merge;8;Non-Intersection;01-05-01;0001-01-01T03:55:58-04:56;Motorist Right Turn - Same Direction;;2012;C: Possible Injury;Residential;50-59;55;No;6-10 mph;O: No Injury;White;Female;Passenger Car;No;No;Daylight;Urban (>70% Developed);2 lanes;2;Straight - Level;Local Street;Dry;Two-Way, Not Divided;None;No Special Feature;Smooth Asphalt;Piedmont;Urban;30 - 35  MPH;No Control Present;Cloudy;No;35.71675, -78.6238
549;550;Yes;20-24;23;No;Facing Traffic;C: Possible Injury;Sidewalk / Crosswalk / Driveway Crossing;White;Male;Greenville;Pitt;No;01-01-05;2012-08-10;Motorist Failed to Yield - Midblock;16;Non-Intersection;01-08-01;0001-01-01T11:07:58-04:56;Motorist Drive Out - Commercial Driveway / Alley;;2012;C: Possible Injury;Commercial;25-29;27;No;0-5 mph;O: No Injury;White;Male;Passenger Car;No;No;Daylight;Urban (>70% Developed);;2;Straight - Level;Public Vehicular Area;Dry;Two-Way, Not Divided;None;Driveway, Public;Smooth Asphalt;Coastal;Urban;5 - 15 MPH;No Control Present;Cloudy;No;35.5912, -77.3787
552;553;Yes;40-49;46;No;Not Applicable;K: Killed;Non-Roadway;White;Male;None - Rural Crash;Onslow;No;01-01-04;2012-08-09;Bicyclist Failed to Yield - Midblock;18;Non-Intersection;01-08-01;0001-01-01T13:32:58-04:56;Bicyclist Ride Out - Commercial Driveway / Alley;;2012;K: Killed;Commercial;30-39;39;No;31-35 mph;O: No Injury;White;Female;Pickup;No;No;Daylight;Urban (>70% Developed);3 lanes;2;Straight - Level;State Secondary Route;Dry;Two-Way, Not Divided;None;Driveway, Public;Smooth Asphalt;Coastal;Rural;40 - 45  MPH;Stop Sign;Clear;No;34.71831, -77.3203
559;560;Yes;50-59;52;No;With Traffic;B: Evident Injury;Travel Lane;White;Male;None - Rural Crash;Iredell;No;;2012-08-13;Motorist Overtaking Bicyclist;12;Non-Intersection;01-08-01;0001-01-01T07:27:58-04:56;Motorist Overtaking - Other /;;2012;B: Evident Injury;Residential;20-24;23;No;31-35 mph;O: No Injury;White;Male;Pickup;No;No;Daylight;Urban (>70% Developed);2 lanes;2;Straight - Level;State Secondary Route;Dry;Two-Way, Not Divided;None;No Special Feature;Smooth Asphalt;Piedmont;Rural;40 - 45  MPH;No Control Present;Clear;No;35.55584, -80.9231
562;563;Yes;50-59;56;No;With Traffic;B: Evident Injury;Travel Lane;White;Male;Winston-Salem;Forsyth;No;01-01-06;2012-07-28;Motorist Left Turn / Merge;7;Intersection;01-07-01;0001-01-01T02:23:58-04:56;Motorist Left Turn - Opposite Direction;;2012;B: Evident Injury;Residential;60-69;64;No;11-15 mph;O: No Injury;Black;Male;Sport Utility;No;No;Daylight;Mixed (30% To 70% Developed);2 lanes;2;Straight - Level;Local Street;Dry;Two-Way, Divided, Unprotected Median;None;T-Intersection;Smooth Asphalt;Piedmont;Urban;40 - 45  MPH;Stop And Go Signal;Clear;No;36.1231, -80.3314
565;566;No;10-Jun;9;No;Not Applicable;O: No Injury;Non-Roadway;White;Female;None - Rural Crash;Onslow;No;;2012-08-13;Non-Roadway;22;Non-Roadway;01-08-01;0001-01-01T17:52:58-04:56;Non-Roadway;;2012;O: No Injury;Commercial;;;Missing;0-5 mph;Injury;/Missing;;Passenger Car;No;No;Daylight;Urban (>70% Developed);;2;Straight - Level;Public Vehicular Area;Dry;Two-Way, Not Divided;None;Driveway, Public;Smooth Asphalt;Coastal;Rural;5 - 15 MPH;No Control Present;Clear;No;34.67785, -77.2106
566;567;No;25-29;25;No;Facing Traffic;C: Possible Injury;Sidewalk / Crosswalk / Driveway Crossing;Black;Male;Havelock;Craven;No;01-01-07;2012-07-01;Motorist Failed to Yield - Midblock;13;Non-Intersection;01-07-01;0001-01-01T08:38:58-04:56;Motorist Drive Out - Commercial Driveway / Alley;;2012;C: Possible Injury;Commercial;40-49;42;No;6-10 mph;O: No Injury;White;Male;Passenger Car;No;No;Daylight;Urban (>70% Developed);4 lanes;2;Straight - Level;US Route;Dry;Two-Way, Divided, Unprotected Median;None;Driveway, Public;Smooth Asphalt;Coastal;Urban;;No Control Present;Clear;No;34.87639, -76.9037
577;578;No;;0;No;Facing Traffic;O: No Injury;Travel Lane;Black;Male;Greenville;Pitt;No;;2012-07-16;Motorist Failed to Yield - Sign-Controlled Intersection;22;Intersection-Related;01-07-01;0001-01-01T17:03:58-04:56;Motorist Drive Out - Sign-Controlled Intersection;;2012;O: No Injury;Institutional;70;70;No;6-10 mph;O: No Injury;Asian;Male;Commercial Bus;No;No;Dark - Roadway Not Lighted;Urban (>70% Developed);2 lanes;2;Straight - Level;Local Street;Dry;Two-Way, Divided, Unprotected Median;None;T-Intersection;Smooth Asphalt;Coastal;Urban;40 - 45  MPH;Stop Sign;Clear;No;35.61147, -77.4147
589;590;No;60-69;61;No;With Traffic;O: No Injury;Travel Lane;White;Male;Cary;Wake;No;01-01-05;2012-08-10;Motorist Failed to Yield - Sign-Controlled Intersection;13;Intersection;01-08-01;0001-01-01T08:39:58-04:56;Motorist Drive Out - Sign-Controlled Intersection;;2012;O: No Injury;Residential;70;70;No;0-5 mph;O: No Injury;White;Female;Passenger Car;No;No;Daylight;Urban (>70% Developed);2 lanes;2;Straight - Level;Local Street;Dry;Two-Way, Not Divided;None;No Special Feature;Smooth Asphalt;Piedmont;Urban;30 - 35  MPH;Stop Sign;Clear;No;35.82801, -78.9153
593;594;Yes;25-29;25;No;With Traffic;C: Possible Injury;Bike Lane / Paved Shoulder;White;Male;Greensboro;Guilford;No;01-01-04;2012-08-23;Motorist Right Turn / Merge;17;Intersection;01-08-01;0001-01-01T12:03:58-04:56;Motorist Right Turn - Same Direction;;2012;C: Possible Injury;Institutional;20-24;20;No;0-5 mph;O: No Injury;White;Female;Passenger Car;No;No;Daylight;Urban (>70% Developed);2 lanes;2;Straight - Level;Local Street;Dry;Two-Way, Divided, Positive Median Barrier;None;T-Intersection;Smooth Asphalt;Piedmont;Urban;20 - 25  MPH;Stop And Go Signal;Clear;No;36.06623, -79.8074
620;621;Yes;20-24;20;No;Facing Traffic;C: Possible Injury;Sidewalk / Crosswalk / Driveway Crossing;White;Female;Raleigh;Wake;No;01-01-05;2012-08-24;Motorist Failed to Yield - Signalized Intersection;8;Intersection;01-08-01;0001-01-01T03:43:58-04:56;Motorist Drive Out - Signalized Intersection;;2012;C: Possible Injury;Commercial;30-39;31;Missing;0-5 mph;O: No Injury;White;Male;Van;No;No;Dark - Lighted Roadway;Urban (>70% Developed);2 lanes;2;Straight - Level;Local Street;Dry;Two-Way, Not Divided;None;No Special Feature;Coarse Asphalt;Piedmont;Urban;40 - 45  MPH;Stop And Go Signal;Clear;No;35.7751, -78.6566
626;627;Yes;10-Jun;8;No;Not Applicable;B: Evident Injury;Non-Roadway;Asian;Male;Asheville;Buncombe;No;01-01-07;2012-08-26;Bicyclist Failed to Yield - Midblock;18;Non-Intersection;01-08-01;0001-01-01T13:43:58-04:56;Bicyclist Ride Out - Other Midblock;;2012;B: Evident Injury;Commercial;60-69;63;No;21-25 mph;O: No Injury;White;Female;Passenger Car;No;No;Daylight;Urban (>70% Developed);2 lanes;2;Straight - Level;Local Street;Dry;Two-Way, Not Divided;None;No Special Feature;Smooth Asphalt;Mountains;Urban;20 - 25  MPH;No Control Present;Clear;No;35.62984, -82.5539
631;632;Yes;30-39;35;No;With Traffic;B: Evident Injury;Travel Lane;White;Male;Wilmington;New Hanover;No;;2012-08-27;Bicyclist Left Turn / Merge;18;Intersection;01-08-01;0001-01-01T13:38:58-04:56;Bicyclist Left Turn - Opposite Direction;;2012;B: Evident Injury;Residential;;;Missing;;Injury;/Missing;;;No;Yes;Daylight;Urban (>70% Developed);2 lanes;2;Straight - Level;Local Street;Dry;Two-Way, Divided, Unprotected Median;None;T-Intersection;Coarse Asphalt;Coastal;Urban;30 - 35  MPH;No Control Present;Clear;No;34.23571, -77.9044
639;640;Yes;16-19;18;No;With Traffic;C: Possible Injury;Bike Lane / Paved Shoulder;Black;Male;Winterville;Pitt;No;;2012-07-30;Motorist Overtaking Bicyclist;21;Non-Intersection;01-07-01;0001-01-01T16:58:58-04:56;Motorist Overtaking - Other /;;2012;C: Possible Injury;Farms, Woods, Pastures;;;Missing;51-55 mph;Injury;/Missing;;;No;Yes;Dark - Roadway Not Lighted;Rural (<30% Developed);2 lanes;2;Straight - Level;NC Route;Dry;Two-Way, Not Divided;None;No Special Feature;Smooth Asphalt;Coastal;Urban;50 - 55  MPH;No Control Present;Clear;No;35.51076, -77.4094
652;653;No;15-Nov;12;No;With Traffic;O: No Injury;Sidewalk / Crosswalk / Driveway Crossing;Black;Male;Winston-Salem;Forsyth;No;01-01-02;2012-08-21;Bicyclist Failed to Yield - Signalized Intersection;16;Intersection-Related;01-08-01;0001-01-01T11:17:58-04:56;Bicyclist Ride Through - Signalized Intersection;;2012;O: No Injury;Commercial;50-59;58;No;6-10 mph;O: No Injury;White;Female;Sport Utility;No;No;Daylight;Urban (>70% Developed);2 lanes;2;Straight - Level;Local Street;Dry;Two-Way, Divided, Unprotected Median;None;Related To Intersection;Smooth Asphalt;Piedmont;Urban;30 - 35  MPH;Stop And Go Signal;Clear;No;36.06876, -80.2067
656;657;No;40-49;49;No;Facing Traffic;C: Possible Injury;Multi-use Path;White;Female;Kitty Hawk;Dare;No;01-01-07;2012-08-12;Motorist Failed to Yield - Midblock;11;Non-Intersection;01-08-01;0001-01-01T06:08:58-04:56;Motorist Drive Out - Commercial Driveway / Alley;;2012;C: Possible Injury;Commercial;40-49;43;No;0-5 mph;O: No Injury;White;Male;Van;No;No;Daylight;Urban (>70% Developed);5 lanes;2;Straight - Level;US Route;Dry;Two-Way, Not Divided;None;No Special Feature;Coarse Asphalt;Coastal;Rural;60 - 75 MPH;No Control Present;Clear;No;36.09845, -75.7231
657;658;Yes;50-59;51;Yes;With Traffic;B: Evident Injury;Travel Lane;White;Male;Chapel Hill;Orange;Yes;01-01-04;2012-08-30;Bicyclist Right Turn / Merge;16;Intersection-Related;01-08-01;0001-01-01T11:09:58-04:56;Bicyclist Right Turn - Same Direction;;2012;B: Evident Injury;Commercial;20-24;24;No;0-5 mph;O: No Injury;White;Female;Passenger Car;No;No;Daylight;Urban (>70% Developed);6 lanes;2;Straight - Level;NC Route;Dry;Two-Way, Divided, Unprotected Median;None;No Special Feature;Smooth Asphalt;Piedmont;Urban;40 - 45  MPH;No Control Present;Clear;No;35.90298, -79.0108
659;660;Yes;25-29;25;No;Facing Traffic;C: Possible Injury;Travel Lane;White;Female;Durham;Durham;No;;2012-09-10;Crossing Paths - Other Circumstances;7;Intersection;01-09-01;0001-01-01T02:05:58-04:56;Signalized Intersection - Other /;;2012;C: Possible Injury;Commercial;25-29;27;No;31-35 mph;O: No Injury;Asian;Female;Passenger Car;No;No;Daylight;Urban (>70% Developed);4 lanes;2;Straight - Level;Local Street;Dry;Two-Way, Not Divided;None;Four-Way Intersection;Smooth Asphalt;Piedmont;Urban;30 - 35  MPH;Stop And Go Signal;Clear;No;36.0032, -78.9513
665;666;Yes;15-Nov;14;No;With Traffic;B: Evident Injury;Travel Lane;White;Male;None - Rural Crash;Johnston;No;01-01-02;2012-09-04;Motorist Overtaking Bicyclist;17;Non-Intersection;01-09-01;0001-01-01T12:24:58-04:56;Motorist Overtaking - Bicyclist Swerved;;2012;B: Evident Injury;Residential;30-39;30;No;51-55 mph;B: Evident Injury;Black;Male;Motorcycle;No;No;Daylight;Rural (<30% Developed);2 lanes;2;Straight - Level;State Secondary Route;Dry;Two-Way, Not Divided;None;No Special Feature;Gravel;Coastal;Rural;40 - 45  MPH;Double Yellow Line, No Passing Zone;Clear;No;35.54112, -78.6295
669;670;Yes;30-39;36;Yes;With Traffic;A: Disabling Injury;Travel Lane;Black;Male;Durham;Durham;Yes;01-01-07;2012-09-09;Crossing Paths - Other Circumstances;1;Intersection;01-09-01;0000-12-31T20:43:58-04:56;Signalized Intersection - Other /;;2012;A: Disabling Injury;Residential;;;Missing;31-35 mph;Injury;/Missing;;Passenger Car;No;Yes;Dark -  Lighting;Urban (>70% Developed);4 lanes;2;Straight - Level;Local Street;Wet;Two-Way, Divided, Unprotected Median;None;No Special Feature;Coarse Asphalt;Piedmont;Urban;40 - 45  MPH;Other;Rain;No;35.97946, -78.8918
672;673;No;30-39;33;No;Facing Traffic;O: No Injury;Sidewalk / Crosswalk / Driveway Crossing;Black;Male;Charlotte;Mecklenburg;No;01-01-04;2012-09-13;Motorist Failed to Yield - Midblock;13;Non-Intersection;01-09-01;0001-01-01T08:18:58-04:56;Motorist Drive Out - Commercial Driveway / Alley;;2012;O: No Injury;Commercial;;;Missing;0-5 mph;Injury;/Missing;;;No;Yes;Daylight;Urban (>70% Developed);6 lanes;2;Straight - Level;;Dry;Two-Way, Divided, Positive Median Barrier;None;No Special Feature;Concrete;Piedmont;Urban;5 - 15 MPH;No Control Present;Clear;No;35.23949, -80.8856
679;680;Yes;60-69;61;No;With Traffic;K: Killed;Travel Lane;Black;Male;None - Rural Crash;Harnett;No;;2012-09-10;Bicyclist Left Turn / Merge;20;Non-Intersection;01-09-01;0001-01-01T15:27:58-04:56;Bicyclist Left Turn - Same Direction;;2012;K: Killed;Farms, Woods, Pastures;20-24;22;No;46-50 mph;O: No Injury;White;Male;Pickup;No;Yes;Dark - Roadway Not Lighted;Mixed (30% To 70% Developed);2 lanes;2;Straight - Level;State Secondary Route;Dry;Two-Way, Not Divided;None;No Special Feature;Coarse Asphalt;Coastal;Rural;50 - 55  MPH;No Control Present;Clear;No;35.32498, -78.5677