FID;OBJECTID;AmbulanceR;BikeAge_Gr;Bike_Age;Bike_Alc_D;Bike_Dir;Bike_Injur;Bike_Pos;Bike_Race;Bike_Sex;City;County;CrashAlcoh;CrashDay;Crash_Date;Crash_Grp;Crash_Hour;Crash_Loc;Crash_Mont;Crash_Time;Crash_Type;Crash_Ty_1;Crash_Year;Crsh_Sevri;Developmen;DrvrAge_Gr;Drvr_Age;Drvr_Alc_D;Drvr_EstSp;Drvr_Injur;Drvr_Race;Drvr_Sex;Drvr_VehTy;ExcsSpdInd;Hit_Run;Light_Cond;Locality;Num_Lanes;Num_Units;Rd_Charact;Rd_Class;Rd_Conditi;Rd_Config;Rd_Defects;Rd_Feature;Rd_Surface;Region;Rural_Urba;Speed_Limi;Traff_Cntr;Weather;Workzone_I;Location
683;684;Yes;10-Jun;8;No;Not Applicable;C: Possible Injury;Non-Roadway;Black;Male;Durham;Durham;No;01-01-03;2012-09-19;Non-Roadway;16;Non-Roadway;01-09-01;0001-01-01T11:22:58-04:56;Non-Roadway;;2012;C: Possible Injury;Residential;0-19;17;No;6-10 mph;O: No Injury;Asian;Female;Sport Utility;No;No;Daylight;Urban (>70% Developed);;2;Straight - Level;Public Vehicular Area;Dry;One-Way, Not Divided;None;No Special Feature;Coarse Asphalt;Piedmont;Urban;5 - 15 MPH;No Control Present;Clear;No;35.97832, -78.8095
685;686;Yes;16-19;18;No;Not Applicable;B: Evident Injury;Non-Roadway;Hispanic;Male;None - Rural Crash;Cumberland;No;01-01-02;2012-09-18;Bicyclist Failed to Yield - Midblock;14;Non-Intersection;01-09-01;0001-01-01T09:34:58-04:56;Bicyclist Ride Out - Other Midblock;;2012;B: Evident Injury;Residential;;;Missing;31-35 mph;Injury;/Missing;;Passenger Car;No;Yes;Daylight;Urban (>70% Developed);2 lanes;2;Straight - Level;State Secondary Route;Dry;Two-Way, Not Divided;None;No Special Feature;Smooth Asphalt;Coastal;Rural;40 - 45  MPH;No Control Present;Cloudy;No;35.01913, -78.9402
686;687;Yes;25-29;25;Yes;With Traffic;C: Possible Injury;Travel Lane;Black;Male;None - Rural Crash;Orange;Yes;01-01-05;2012-09-14;Bicyclist Failed to Yield - Sign-Controlled Intersection;2;Intersection;01-09-01;0000-12-31T21:50:58-04:56;Bicyclist Ride Through - Sign-Controlled Intersection;;2012;C: Possible Injury;Residential;40-49;49;No;31-35 mph;O: No Injury;Black;Male;Van;No;No;Dark - Lighted Roadway;Urban (>70% Developed);2 lanes;2;Straight - Level;Local Street;Dry;Two-Way, Not Divided;None;No Special Feature;Smooth Asphalt;Piedmont;Rural;30 - 35  MPH;Stop Sign;Clear;No;35.96385, -79.0476
688;689;Yes;60-69;65;No;With Traffic;B: Evident Injury;Travel Lane;White;Male;Sanford;Lee;No;01-01-03;2012-09-12;Motorist Left Turn / Merge;9;Intersection;01-09-01;0001-01-01T04:43:58-04:56;Motorist Left Turn - Opposite Direction;;2012;B: Evident Injury;Commercial;70;70;No;11-15 mph;O: No Injury;White;Female;Van;No;No;Daylight;Urban (>70% Developed);5 lanes;2;Straight - Hillcrest;Local Street;Dry;Two-Way, Not Divided;None;No Special Feature;Coarse Asphalt;Piedmont;Urban;30 - 35  MPH;Stop Sign;Clear;No;35.4805, -79.181
689;690;No;40-49;49;No;With Traffic;C: Possible Injury;Travel Lane;White;Male;None - Rural Crash;Cumberland;No;01-01-06;2012-09-22;Backing Vehicle;9;Non-Intersection;01-09-01;0001-01-01T04:10:58-04:56;Backing Vehicle;;2012;C: Possible Injury;Residential;40-49;48;No;0-5 mph;O: No Injury;White;Male;Sport Utility;No;No;Daylight;Mixed (30% To 70% Developed);2 lanes;2;Straight - Level;US Route;Dry;Two-Way, Not Divided;None;Driveway, Private;Smooth Asphalt;Coastal;Rural;;No Control Present;Clear;No;35.12304, -78.7408
690;691;Yes;30-39;33;No;With Traffic;C: Possible Injury;Travel Lane;Hispanic;Male;Durham;Durham;No;01-01-06;2012-09-22;Crossing Paths - Other Circumstances;0;Intersection;01-09-01;0000-12-31T19:15:58-04:56;Signalized Intersection - Other /;;2012;C: Possible Injury;Commercial;50-59;50;No;36-40 mph;O: No Injury;White;Male;Passenger Car;No;No;Dark - Roadway Not Lighted;Mixed (30% To 70% Developed);2 lanes;2;Straight - Level;Local Street;Dry;Two-Way, Not Divided;None;No Special Feature;Smooth Asphalt;Piedmont;Urban;30 - 35  MPH;Stop And Go Signal;Clear;No;35.98087, -78.8822
705;706;No;25-29;26;No;With Traffic;C: Possible Injury;Sidewalk / Crosswalk / Driveway Crossing;White;Male;Raleigh;Wake;No;01-01-04;2012-09-20;Motorist Failed to Yield - Signalized Intersection;9;Intersection;01-09-01;0001-01-01T04:03:58-04:56;Motorist Drive Out - Signalized Intersection;;2012;C: Possible Injury;Residential;25-29;26;No;31-35 mph;O: No Injury;White;Male;Passenger Car;No;No;Daylight;Urban (>70% Developed);2 lanes;2;Straight - Level;Local Street;Dry;Two-Way, Not Divided;None;No Special Feature;Concrete;Piedmont;Urban;30 - 35  MPH;Stop And Go Signal;Clear;No;35.76905, -78.6912
707;708;Yes;40-49;46;No;With Traffic;A: Disabling Injury;Travel Lane;Black;Male;Raleigh;Wake;No;;2012-09-24;Motorist Overtaking Bicyclist;14;Non-Intersection;01-09-01;0001-01-01T09:08:58-04:56;Motorist Overtaking - Other /;;2012;A: Disabling Injury;Commercial;25-29;29;No;36-40 mph;O: No Injury;White;Male;Single Unit Truck (2-Axle, 6-Tire);No;No;Daylight;Urban (>70% Developed);6 lanes;2;Straight - Level;NC Route;Dry;Two-Way, Divided, Unprotected Median;None;No Special Feature;Smooth Asphalt;Piedmont;Urban;40 - 45  MPH;No Control Present;Clear;No;35.85777, -78.553
710;711;Yes;20-24;21;No;With Traffic;B: Evident Injury;Travel Lane;White;Male;Wilmington;New Hanover;No;01-01-04;2012-09-20;Motorist Left Turn / Merge;9;Intersection;01-09-01;0001-01-01T04:27:58-04:56;Motorist Left Turn - Opposite Direction;;2012;B: Evident Injury;Residential;70;70;No;6-10 mph;O: No Injury;White;Male;Passenger Car;No;No;Daylight;Urban (>70% Developed);2 lanes;2;Straight - Level;Local Street;Dry;Two-Way, Not Divided;None;T-Intersection;Coarse Asphalt;Coastal;Urban;20 - 25  MPH;No Control Present;Clear;No;34.23327, -77.8598
712;713;Yes;30-39;35;No;With Traffic;B: Evident Injury;Travel Lane;Hispanic;Male;None - Rural Crash;Mecklenburg;No;01-01-04;2012-09-27;Motorist Right Turn / Merge;17;Non-Intersection;01-09-01;0001-01-01T12:05:58-04:56;Motorist Right Turn - Same Direction;;2012;B: Evident Injury;Commercial;20-24;22;No;0-5 mph;O: No Injury;White;Male;Passenger Car;No;No;Daylight;Urban (>70% Developed);4 lanes;2;Straight - Level;Local Street;Dry;Two-Way, Not Divided;None;No Special Feature;Smooth Asphalt;Piedmont;Rural;20 - 25  MPH;No Control Present;Clear;No;35.22397, -80.8478
713;714;No;10-Jun;8;No;Not Applicable;O: No Injury;Non-Roadway;Hispanic;Female;Lenoir;Caldwell;No;01-01-04;2012-09-27;Non-Roadway;17;Non-Roadway;01-09-01;0001-01-01T12:29:58-04:56;Non-Roadway;;2012;O: No Injury;Residential;60-69;64;No;6-10 mph;O: No Injury;White;Male;Passenger Car;No;No;Daylight;Urban (>70% Developed);;3;Straight - Level;Public Vehicular Area;Dry;Two-Way, Not Divided;None;Driveway, Private;Coarse Asphalt;Mountains;Urban;5 - 15 MPH;No Control Present;Clear;No;35.86618, -81.5241
721;722;Yes;10-Jun;9;No;Facing Traffic;C: Possible Injury;Travel Lane;White;Male;Sanford;Lee;No;01-01-05;2012-09-14;Crossing Paths - Other Circumstances;19;Intersection;01-09-01;0001-01-01T14:44:58-04:56;Sign-Controlled Intersection - Other /;;2012;C: Possible Injury;Residential;30-39;35;No;31-35 mph;O: No Injury;Black;Female;Sport Utility;No;No;Dark - Lighted Roadway;Urban (>70% Developed);4 lanes;2;Straight - Level;Local Street;Dry;Two-Way, Not Divided;None;No Special Feature;Coarse Asphalt;Piedmont;Urban;30 - 35  MPH;No Control Present;Clear;No;35.47754, -79.1705
724;725;No;20-24;22;No;With Traffic;O: No Injury;Travel Lane;White;Male;Burlington;Alamance;No;01-01-05;2012-09-28;Bicyclist Overtaking Motorist;10;Non-Intersection;01-09-01;0001-01-01T05:18:58-04:56;Bicyclist Overtaking - Parked Vehicle;;2012;O: No Injury;Residential;;;Missing;0-5 mph;Injury;/Missing;;Pickup;No;No;Daylight;Urban (>70% Developed);2 lanes;2;Straight - Level;Local Street;Dry;Two-Way, Not Divided;None;No Special Feature;Smooth Asphalt;Piedmont;Urban;30 - 35  MPH;No Control Present;Clear;No;36.10049, -79.4367
730;731;Yes;16-19;19;No;With Traffic;C: Possible Injury;Travel Lane;Black;Female;Winston-Salem;Forsyth;No;01-01-04;2012-09-13;Bicyclist Failed to Yield - Signalized Intersection;9;Intersection;01-09-01;0001-01-01T04:29:58-04:56;Bicyclist Ride Through - Signalized Intersection;;2012;C: Possible Injury;Residential;60-69;63;No;6-10 mph;O: No Injury;White;Female;Passenger Car;No;No;Daylight;Urban (>70% Developed);4 lanes;2;Straight - Level;Local Street;Dry;Two-Way, Not Divided;None;Four-Way Intersection;Smooth Asphalt;Piedmont;Urban;30 - 35  MPH;Stop And Go Signal;Clear;No;36.13932, -80.2781
731;732;Yes;30-39;34;No;With Traffic;B: Evident Injury;Travel Lane;Black;Male;Wilson;Wilson;No;01-01-04;2012-08-30;Motorist Overtaking Bicyclist;23;Non-Intersection;01-08-01;0001-01-01T18:28:58-04:56;Motorist Overtaking - Other /;;2012;B: Evident Injury;Residential;;;No;26-30 mph;Injury;/Missing;;;No;Yes;Dark - Lighted Roadway;Urban (>70% Developed);2 lanes;2;Curve - Grade;Local Street;Dry;Two-Way, Divided, Unprotected Median;None;No Special Feature;Coarse Asphalt;Coastal;Urban;40 - 45  MPH;No Control Present;Clear;No;35.71157, -77.8991
738;739;Yes;10-Jun;8;No;With Traffic;C: Possible Injury;Travel Lane;Black;Male;None - Rural Crash;Guilford;No;01-01-05;2012-09-21;Loss of Control / Turning Error;22;Intersection;01-09-01;0001-01-01T17:03:58-04:56;Bicyclist Lost Control - Mechanical Problems;;2012;C: Possible Injury;Residential;40-49;48;No;26-30 mph;O: No Injury;Black;Female;Pickup;No;No;Daylight;Urban (>70% Developed);2 lanes;2;Straight - Level;Local Street;Dry;Two-Way, Not Divided;None;Related To Intersection;Smooth Asphalt;Piedmont;Rural;30 - 35  MPH;Stop Sign;Clear;No;35.95928, -79.9609
742;743;Yes;15-Nov;14;No;Facing Traffic;B: Evident Injury;Travel Lane;White;Male;None - Rural Crash;Pender;No;01-01-04;2012-10-04;Bicyclist Right Turn / Merge;19;Intersection;01-10-01;0001-01-01T14:44:58-04:56;Bicyclist Right Turn - Same Direction;;2012;B: Evident Injury;Farms, Woods, Pastures;30-39;31;No;26-30 mph;O: No Injury;Hispanic;Male;Pickup;No;No;Dusk;Rural (<30% Developed);2 lanes;2;Straight - Level;State Secondary Route;Dry;Two-Way, Not Divided;None;T-Intersection;Smooth Asphalt;Coastal;Rural;50 - 55  MPH;No Control Present;Clear;No;34.51785, -77.8431
746;747;Yes;50-59;54;No;With Traffic;B: Evident Injury;Travel Lane;White;Male;Lenoir;Caldwell;No;01-01-07;2012-10-07;Motorist Overtaking Bicyclist;6;Non-Intersection;01-10-01;0001-01-01T01:16:58-04:56;Motorist Overtaking - Other /;;2012;B: Evident Injury;Commercial;20-24;22;No;36-40 mph;O: No Injury;White;Male;Passenger Car;No;No;Dark - Lighted Roadway;Mixed (30% To 70% Developed);5 lanes;2;Straight - Level;Local Street;Wet;Two-Way, Not Divided;None;No Special Feature;Smooth Asphalt;Mountains;Urban;40 - 45  MPH;No Control Present;Rain;No;35.90223, -81.5456
747;748;No;25-29;27;No;With Traffic;O: No Injury;Travel Lane;Hispanic;Male;None - Rural Crash;Stanly;No;01-01-02;2012-09-25;Motorist Overtaking Bicyclist;6;Non-Intersection;01-09-01;0001-01-01T01:17:58-04:56;Motorist Overtaking - Bicyclist Swerved;;2012;O: No Injury;Farms, Woods, Pastures;30-39;38;No;51-55 mph;O: No Injury;White;Male;Passenger Car;No;No;Dark - Roadway Not Lighted;Rural (<30% Developed);2 lanes;2;Straight - Level;NC Route;Dry;Two-Way, Not Divided;None;No Special Feature;Smooth Asphalt;Piedmont;Rural;50 - 55  MPH;Double Yellow Line, No Passing Zone;Fog, Smog, Smoke;No;35.20512, -80.0875
751;752;Yes;40-49;44;No;With Traffic;B: Evident Injury;Travel Lane;Black;Male;None - Rural Crash;Hoke;No;01-01-07;2012-10-07;Motorist Overtaking Bicyclist;19;Non-Intersection;01-10-01;0001-01-01T15:01:58-04:56;Motorist Overtaking - Other /;;2012;B: Evident Injury;Commercial;70;70;No;51-55 mph;C: Possible Injury;Native American;Male;Passenger Car;No;No;Dark - Roadway Not Lighted;Rural (<30% Developed);2 lanes;2;Straight - Grade;State Secondary Route;Dry;Two-Way, Not Divided;None;No Special Feature;Coarse Asphalt;Coastal;Rural;50 - 55  MPH;No Control Present;Clear;No;34.90576, -79.2319
754;755;No;30-39;30;No;With Traffic;C: Possible Injury;Travel Lane;White;Male;Cary;Wake;No;01-01-07;2012-09-23;Motorist Failed to Yield - Sign-Controlled Intersection;17;Intersection;01-09-01;0001-01-01T12:31:58-04:56;Motorist Drive Out - Sign-Controlled Intersection;;2012;C: Possible Injury;Residential;30-39;39;No;6-10 mph;O: No Injury;Other;Female;;No;Yes;Daylight;Urban (>70% Developed);2 lanes;2;Straight - Level;Local Street;Dry;Two-Way, Not Divided;None;T-Intersection;Smooth Asphalt;Piedmont;Urban;30 - 35  MPH;Stop Sign;Clear;No;35.82471, -78.8422
760;761;No;20-24;20;No;With Traffic;C: Possible Injury;Travel Lane;White;Male;Wilmington;New Hanover;No;01-01-04;2012-10-11;Motorist Left Turn / Merge;22;Intersection;01-10-01;0001-01-01T17:18:58-04:56;Motorist Left Turn - Opposite Direction;;2012;C: Possible Injury;Institutional;20-24;20;No;0-5 mph;O: No Injury;White;Female;Passenger Car;No;No;Dark - Lighted Roadway;Urban (>70% Developed);2 lanes;2;Straight - Level;Local Street;Dry;Two-Way, Not Divided;None;Four-Way Intersection;Smooth Asphalt;Coastal;Urban;20 - 25  MPH;Other;Clear;No;34.22886, -77.871
769;770;Yes;16-19;18;No;With Traffic;C: Possible Injury;Travel Lane;White;Female;None - Rural Crash;Johnston;No;01-01-07;2012-10-07;Motorist Overtaking Bicyclist;21;Non-Intersection;01-10-01;0001-01-01T16:10:58-04:56;Motorist Overtaking - Bicyclist Swerved;;2012;C: Possible Injury;Farms, Woods, Pastures;70;70;No;51-55 mph;Injury;White;Male;;No;Yes;Dark - Roadway Not Lighted;Mixed (30% To 70% Developed);2 lanes;2;Straight - Level;US Route;Dry;Two-Way, Not Divided;None;No Special Feature;Coarse Asphalt;Coastal;Rural;50 - 55  MPH;No Control Present;Cloudy;No;35.48997, -78.2037
774;775;No;10-Jun;10;No;;C: Possible Injury;;Black;Male;Farmville;Pitt;No;01-01-02;2012-10-09;Bicyclist Failed to Yield - Midblock;0;Non-Intersection;01-10-01;0000-12-31T19:03:58-04:56;Bicyclist Ride Out - Midblock -;;2012;C: Possible Injury;Residential;30-39;30;No;16-20 mph;O: No Injury;White;Female;Passenger Car;No;No;Daylight;Urban (>70% Developed);2 lanes;2;Straight - Level;Local Street;Dry;Two-Way, Not Divided;None;No Special Feature;Smooth Asphalt;Coastal;Rural;30 - 35  MPH;No Control Present;Cloudy;No;35.59911, -77.5875
776;777;Yes;10-Jun;10;No;;B: Evident Injury;Travel Lane;White;Male;Raleigh;Wake;No;01-01-03;2012-10-10;Crossing Paths - Other Circumstances;8;Intersection-Related;01-10-01;0001-01-01T03:48:58-04:56;Sign-Controlled Intersection - Other /;;2012;B: Evident Injury;Residential;30-39;30;No;11-15 mph;O: No Injury;Hispanic;Female;Passenger Car;No;No;Daylight;Urban (>70% Developed);2 lanes;2;Straight - Level;.;Dry;Two-Way, Not Divided;None;No Special Feature;Smooth Asphalt;Piedmont;Urban;30 - 35  MPH;No Control Present;Clear;No;35.84297, -78.6236
781;782;Yes;30-39;36;No;Facing Traffic;C: Possible Injury;Travel Lane;White;Female;Wilson;Wilson;Yes;01-01-05;2012-09-28;Motorist Failed to Yield - Sign-Controlled Intersection;18;Intersection;01-09-01;0001-01-01T13:19:58-04:56;Motorist Drive Out - Sign-Controlled Intersection;;2012;C: Possible Injury;Commercial;60-69;67;Yes;21-25 mph;O: No Injury;White;Male;Pickup;No;No;Dusk;Urban (>70% Developed);5 lanes;2;Straight - Level;Local Street;Dry;Two-Way, Not Divided;None;T-Intersection;Smooth Asphalt;Coastal;Urban;40 - 45  MPH;Stop Sign;Cloudy;No;35.70908, -77.9466
790;791;Yes;20-24;21;No;Facing Traffic;B: Evident Injury;Sidewalk / Crosswalk / Driveway Crossing;White;Female;Cary;Wake;No;01-01-06;2012-10-06;Motorist Failed to Yield - Sign-Controlled Intersection;15;Intersection;01-10-01;0001-01-01T10:48:58-04:56;Motorist Drive Out - Sign-Controlled Intersection;;2012;B: Evident Injury;Residential;25-29;28;No;0-5 mph;O: No Injury;White;Female;Passenger Car;No;No;Daylight;Urban (>70% Developed);2 lanes;2;Straight - Level;Local Street;Dry;Two-Way, Divided, Unprotected Median;None;Related To Intersection;Smooth Asphalt;Piedmont;Urban;20 - 25  MPH;Stop Sign;Clear;No;35.79161, -78.823
797;798;Yes;16-19;17;No;With Traffic;B: Evident Injury;Travel Lane;White;Female;Durham;Durham;No;01-01-06;2012-10-20;Bicyclist Overtaking Motorist;15;Intersection;01-10-01;0001-01-01T10:19:58-04:56;Bicyclist Overtaking - Extended Door;;2012;B: Evident Injury;Commercial;60-69;62;Missing;0-5 mph;O: No Injury;White;Female;Passenger Car;No;No;Daylight;Urban (>70% Developed);4 lanes;2;Straight - Grade;Local Street;Dry;Two-Way, Not Divided;None;No Special Feature;Smooth Asphalt;Piedmont;Urban;30 - 35  MPH;No Control Present;Clear;No;36.01367, -78.9218
799;800;Yes;0-5;4;No;Not Applicable;C: Possible Injury;Driveway / Alley;Black;Female;Charlotte;Mecklenburg;No;01-01-06;2012-10-20;Bicyclist Failed to Yield - Midblock;18;Non-Intersection;01-10-01;0001-01-01T13:09:58-04:56;Bicyclist Ride Out - Residential Driveway;;2012;C: Possible Injury;Residential;30-39;38;No;0-5 mph;O: No Injury;Black;Female;Passenger Car;No;No;Daylight;Urban (>70% Developed);1 lane;2;Straight - Level;Local Street;Dry;Two-Way, Not Divided;None;No Special Feature;Smooth Asphalt;Piedmont;Urban;20 - 25  MPH;No Control Present;Clear;No;35.17403, -80.7132
803;804;Yes;60-69;62;No;With Traffic;B: Evident Injury;Travel Lane;White;Male;None - Rural Crash;Caldwell;No;01-01-05;2012-10-19;Motorist Right Turn / Merge;11;Intersection;01-10-01;0001-01-01T06:47:58-04:56;Motorist Right Turn - Same Direction;;2012;B: Evident Injury;Farms, Woods, Pastures;50-59;57;No;26-30 mph;O: No Injury;White;Female;Passenger Car;No;No;Daylight;Rural (<30% Developed);2 lanes;2;Straight - Level;State Secondary Route;Dry;Two-Way, Not Divided;None;T-Intersection;Smooth Asphalt;Mountains;Rural;50 - 55  MPH;Double Yellow Line, No Passing Zone;Clear;No;35.86001, -81.3446
806;807;No;30-39;36;No;With Traffic;C: Possible Injury;Travel Lane;Black;Male;Gastonia;Gaston;No;01-01-07;2012-10-07;Motorist Failed to Yield - Sign-Controlled Intersection;19;Intersection;01-10-01;0001-01-01T14:31:58-04:56;Motorist Drive Through - Sign-Controlled Intersection;;2012;C: Possible Injury;Residential;;;Missing;21-25 mph;Injury;/Missing;;;No;Yes;Dark - Lighted Roadway;Urban (>70% Developed);2 lanes;2;Straight - Level;Local Street;Dry;Two-Way, Not Divided;None;No Special Feature;Smooth Asphalt;Piedmont;Urban;20 - 25  MPH;No Control Present;Clear;No;35.2576, -81.2109
815;816;No;50-59;56;No;With Traffic;C: Possible Injury;Travel Lane;White;Male;Winston-Salem;Forsyth;No;01-01-07;2012-10-14;Motorist Right Turn / Merge;18;Intersection;01-10-01;0001-01-01T13:33:58-04:56;Motorist Right Turn - Same Direction;;2012;C: Possible Injury;Commercial;40-49;44;No;11-15 mph;O: No Injury;Hispanic;Female;Sport Utility;No;No;Dusk;Urban (>70% Developed);7 lanes;2;Straight - Grade;Local Street;Dry;Two-Way, Divided, Positive Median Barrier;None;Four-Way Intersection;Smooth Asphalt;Piedmont;Urban;30 - 35  MPH;Stop And Go Signal;Clear;No;36.12906, -80.2875
820;821;No;20-24;21;No;With Traffic;C: Possible Injury;Travel Lane;White;Male;None - Rural Crash;Guilford;No;01-01-04;2012-10-18;Motorist Right Turn / Merge;10;Intersection;01-10-01;0001-01-01T05:36:58-04:56;Motorist Right Turn - Same Direction;;2012;C: Possible Injury;Institutional;0-19;19;No;21-25 mph;O: No Injury;White;Female;Passenger Car;No;No;Daylight;Urban (>70% Developed);2 lanes;2;Straight - Level;Local Street;Dry;Two-Way, Divided, Positive Median Barrier;None;No Special Feature;Smooth Asphalt;Piedmont;Rural;20 - 25  MPH;Stop Sign;Clear;No;36.06529, -79.8127
825;826;Yes;20-24;24;No;With Traffic;B: Evident Injury;Travel Lane;White;Female;Chapel Hill;Orange;No;;2012-10-22;Motorist Left Turn / Merge;16;Intersection;01-10-01;0001-01-01T11:42:58-04:56;Motorist Left Turn - Opposite Direction;;2012;B: Evident Injury;Residential;70;70;No;6-10 mph;O: No Injury;White;Female;Passenger Car;No;No;Daylight;Urban (>70% Developed);4 lanes;2;Straight - Grade;Local Street;Dry;Two-Way, Not Divided;None;Four-Way Intersection;Smooth Asphalt;Piedmont;Urban;30 - 35  MPH;Stop And Go Signal;Clear;No;35.91688, -79.0459
826;827;Yes;15-Nov;13;No;Facing Traffic;C: Possible Injury;Travel Lane;White;Male;Durham;Durham;No;;2012-10-29;Head-On;15;Intersection;01-10-01;0001-01-01T10:21:58-04:56;Head-On - Bicyclist;;2012;C: Possible Injury;Residential;70;70;No;31-35 mph;O: No Injury;White;Male;Sport Utility;No;No;Daylight;Urban (>70% Developed);2 lanes;2;Straight - Level;Local Street;Dry;Two-Way, Divided, Unprotected Median;None;No Special Feature;Smooth Asphalt;Piedmont;Urban;30 - 35  MPH;Stop Sign;Cloudy;No;36.03254, -78.9843
830;831;Yes;60-69;67;No;Facing Traffic;C: Possible Injury;Sidewalk / Crosswalk / Driveway Crossing;Black;Male;Fayetteville;Cumberland;No;01-01-02;2012-10-23;Motorist Failed to Yield - Sign-Controlled Intersection;11;Intersection;01-10-01;0001-01-01T07:01:58-04:56;Motorist Drive Out - Sign-Controlled Intersection;;2012;C: Possible Injury;Commercial;25-29;25;No;0-5 mph;O: No Injury;/Missing;Male;Police;No;No;Daylight;Urban (>70% Developed);2 lanes;2;Straight - Level;Local Street;Dry;Two-Way, Not Divided;None;T-Intersection;Coarse Asphalt;Coastal;Urban;30 - 35  MPH;Stop Sign;Clear;No;35.06493, -78.8898
836;837;Yes;15-Nov;11;No;With Traffic;B: Evident Injury;Travel Lane;Hispanic;Male;Maiden;Catawba;No;;2012-08-06;Bicyclist Failed to Yield - Sign-Controlled Intersection;11;Intersection;01-08-01;0001-01-01T06:28:58-04:56;Bicyclist Ride Through - Sign-Controlled Intersection;;2012;B: Evident Injury;Residential;40-49;42;No;31-35 mph;O: No Injury;White;Female;Passenger Car;No;No;Daylight;Urban (>70% Developed);2 lanes;2;Straight - Hillcrest;Local Street;Dry;Two-Way, Not Divided;None;T-Intersection;Smooth Asphalt;Piedmont;Rural;30 - 35  MPH;Stop Sign;Cloudy;No;35.57626, -81.206
839;840;Yes;50-59;56;No;Facing Traffic;C: Possible Injury;Travel Lane;White;Female;Fayetteville;Cumberland;No;01-01-03;2012-10-24;Motorist Failed to Yield - Midblock;16;Non-Intersection;01-10-01;0001-01-01T11:21:58-04:56;Motorist Drive Out - Commercial Driveway / Alley;;2012;C: Possible Injury;Commercial;25-29;28;No;0-5 mph;O: No Injury;White;Male;Passenger Car;No;No;Daylight;Urban (>70% Developed);6 lanes;2;Straight - Level;Local Street;Dry;Two-Way, Not Divided;None;No Special Feature;Smooth Asphalt;Coastal;Urban;30 - 35  MPH;No Control Present;Clear;No;35.04631, -78.8654
851;852;No;20-24;23;No;With Traffic;C: Possible Injury;Sidewalk / Crosswalk / Driveway Crossing;Black;Male;Fayetteville;Cumberland;No;;2012-10-29;Crossing Paths - Other Circumstances;6;Intersection;01-10-01;0001-01-01T01:04:58-04:56;Signalized Intersection - Other /;;2012;C: Possible Injury;Commercial;;;Missing;16-20 mph;Injury;/Missing;;;No;Yes;Dark - Lighted Roadway;Urban (>70% Developed);5 lanes;2;Straight - Level;Local Street;Dry;Two-Way, Not Divided;None;Four-Way Intersection;Coarse Asphalt;Coastal;Urban;30 - 35  MPH;Stop And Go Signal;Clear;No;35.05044, -78.8791
852;853;Yes;50-59;57;Yes;With Traffic;B: Evident Injury;Travel Lane;Asian;Male;None - Rural Crash;Davidson;Yes;01-01-02;2012-11-06;Motorist Overtaking Bicyclist;10;Non-Intersection;01-11-01;0001-01-01T05:19:58-04:56;Motorist Overtaking - Bicyclist Swerved;;2012;B: Evident Injury;Farms, Woods, Pastures;70;70;No;36-40 mph;O: No Injury;Black;Male;Van;No;No;Daylight;Rural (<30% Developed);4 lanes;2;Curve - Level;NC Route;Dry;Two-Way, Not Divided;None;No Special Feature;Smooth Asphalt;Piedmont;Rural;40 - 45  MPH;No Control Present;Cloudy;No;35.76274, -80.2635
859;860;Yes;20-24;24;No;With Traffic;C: Possible Injury;Travel Lane;White;Male;Asheville;Buncombe;No;01-01-03;2012-10-24;Motorist Left Turn / Merge;19;Intersection;01-10-01;0001-01-01T14:20:58-04:56;Motorist Left Turn - Opposite Direction;;2012;C: Possible Injury;Commercial;20-24;20;No;0-5 mph;O: No Injury;White;Female;Passenger Car;No;No;Dark - Lighted Roadway;Urban (>70% Developed);3 lanes;2;Straight - Grade;Local Street;Dry;Two-Way, Not Divided;None;Four-Way Intersection;Coarse Asphalt;Mountains;Urban;30 - 35  MPH;Stop And Go Signal;Clear;No;35.59792, -82.5537
860;861;Yes;40-49;47;No;With Traffic;C: Possible Injury;Bike Lane / Paved Shoulder;White;Male;Charlotte;Mecklenburg;No;01-01-05;2012-11-02;Motorist Right Turn / Merge;11;Intersection;01-11-01;0001-01-01T06:59:58-04:56;Motorist Right Turn - Same Direction;;2012;C: Possible Injury;Commercial;20-24;24;No;41-45 mph;O: No Injury;White;Female;Sport Utility;No;No;Daylight;Urban (>70% Developed);6 lanes;2;Straight - Level;Local Street;Dry;Two-Way, Divided, Unprotected Median;None;Four-Way Intersection;Smooth Asphalt;Piedmont;Urban;40 - 45  MPH;Stop And Go Signal;Clear;No;35.05448, -80.8501
862;863;Yes;40-49;48;Yes;With Traffic;K: Killed;Travel Lane;Black;Male;None - Rural Crash;Lee;Yes;01-01-02;2012-11-06;Motorist Overtaking Bicyclist;20;Non-Intersection;01-11-01;0001-01-01T15:32:58-04:56;Motorist Overtaking - Other /;;2012;K: Killed;Farms, Woods, Pastures;30-39;36;No;51-55 mph;O: No Injury;White;Male;Passenger Car;No;No;Dark - Roadway Not Lighted;Rural (<30% Developed);2 lanes;2;Curve - Level;State Secondary Route;Dry;Two-Way, Not Divided;None;No Special Feature;Smooth Asphalt;Piedmont;Rural;50 - 55  MPH;Double Yellow Line, No Passing Zone;Clear;No;35.41306, -79.1492
864;865;Yes;16-19;17;No;Facing Traffic;C: Possible Injury;Sidewalk / Crosswalk / Driveway Crossing;Black;Male;Charlotte;Mecklenburg;No;01-01-06;2012-11-10;Crossing Paths - Other Circumstances;12;Intersection;01-11-01;0001-01-01T07:47:58-04:56;Signalized Intersection - Other /;;2012;C: Possible Injury;Commercial;;;Missing;31-35 mph;Injury;/Missing;;;No;Yes;Daylight;Urban (>70% Developed);4 lanes;2;Straight - Level;Local Street;Dry;Two-Way, Divided, Unprotected Median;None;No Special Feature;Smooth Asphalt;Piedmont;Urban;30 - 35  MPH;Stop And Go Signal;Clear;No;35.21606, -80.8836