FID;OBJECTID;AmbulanceR;BikeAge_Gr;Bike_Age;Bike_Alc_D;Bike_Dir;Bike_Injur;Bike_Pos;Bike_Race;Bike_Sex;City;County;CrashAlcoh;CrashDay;Crash_Date;Crash_Grp;Crash_Hour;Crash_Loc;Crash_Mont;Crash_Time;Crash_Type;Crash_Ty_1;Crash_Year;Crsh_Sevri;Developmen;DrvrAge_Gr;Drvr_Age;Drvr_Alc_D;Drvr_EstSp;Drvr_Injur;Drvr_Race;Drvr_Sex;Drvr_VehTy;ExcsSpdInd;Hit_Run;Light_Cond;Locality;Num_Lanes;Num_Units;Rd_Charact;Rd_Class;Rd_Conditi;Rd_Config;Rd_Defects;Rd_Feature;Rd_Surface;Region;Rural_Urba;Speed_Limi;Traff_Cntr;Weather;Workzone_I;Location
491;492;Yes;15-Nov;15;No;With Traffic;C: Possible Injury;Travel Lane;White;Male;Durham;Durham;No;;2009-09-07;Loss of Control / Turning Error;18;Intersection;01-09-01;0001-01-01T13:10:58-04:56;Bicyclist Lost Control - Surface Conditions;111124;2009;C: Possible Injury;Residential;50-59;52;No;31-35 mph;O: No Injury;Black;Male;Sport Utility;No;No;Daylight;Urban (>70% Developed);2 lanes;2;Straight - Hillcrest;Local Street;Wet;Two-Way, Not Divided;None;No Special Feature;Coarse Asphalt;Piedmont;Urban;30 - 35  MPH;Stop Sign;Rain;No;35.97676, -78.906845
498;499;Yes;16-19;16;No;Facing Traffic;C: Possible Injury;Sidewalk / Crosswalk / Driveway Crossing;White;Male;Apex;Wake;No;;2009-08-31;Motorist Left Turn / Merge;15;Intersection;01-08-01;0001-01-01T10:40:58-04:56;Motorist Left Turn - Same Direction;132211;2009;C: Possible Injury;Residential;40-49;40;No;41-45 mph;O: No Injury;White;Female;Sport Utility;No;No;Daylight;Urban (>70% Developed);3 lanes;2;Straight - Grade;Local Street;Wet;Two-Way, Not Divided;None;Four-Way Intersection;Smooth Asphalt;Piedmont;Urban;40 - 45  MPH;No Control Present;Rain;No;35.737278, -78.879875
500;501;Yes;40-49;44;No;With Traffic;C: Possible Injury;Travel Lane;Native American;Female;Lumberton;Robeson;No;01-01-02;2009-08-18;Motorist Failed to Yield - Sign-Controlled Intersection;13;Intersection;01-08-01;0001-01-01T08:24:58-04:56;Motorist Drive Out - Sign-Controlled Intersection;111141;2009;C: Possible Injury;Residential;50-59;55;No;31-35 mph;O: No Injury;White;Female;Passenger Car;No;No;Daylight;Urban (>70% Developed);2 lanes;2;Straight - Level;Local Street;Dry;Two-Way, Not Divided;None;Four-Way Intersection;Gravel;Coastal;Urban;30 - 35  MPH;Stop Sign;Clear;No;34.62674, -79.0033
505;506;Yes;25-29;29;No;Facing Traffic;O: No Injury;Travel Lane;Black;Male;Gastonia;Gaston;No;01-01-02;2009-09-01;Crossing Paths - Other Circumstances;20;Intersection;01-09-01;0001-01-01T15:26:58-04:56;Signalized Intersection - Other /;112158;2009;O: No Injury;Commercial;70+;;No;0-5 mph;O: No Injury;White;Female;Passenger Car;No;No;Dark - Lighted Roadway;Rural (<30% Developed);2 lanes;2;Straight - Level;Local Street;Dry;Two-Way, Divided, Positive Median Barrier;None;Four-Way Intersection;Coarse Asphalt;Piedmont;Urban;30 - 35  MPH;Stop And Go Signal;Clear;No;35.262222, -81.15272
305;306;No;60-69;60;No;With Traffic;C: Possible Injury;Sidewalk / Crosswalk / Driveway Crossing;White;Male;Charlotte;Mecklenburg;No;01-01-05;2012-05-18;Motorist Failed to Yield - Midblock;13;Non-Intersection;01-05-01;0001-01-01T08:23:58-04:56;Motorist Drive Out - Commercial Driveway / Alley;;2012;C: Possible Injury;Residential;40-49;44;No;6-10 mph;O: No Injury;Asian;Female;Van;No;No;Daylight;Urban (>70% Developed);4 lanes;2;Straight - Level;Local Street;Dry;Two-Way, Divided, Positive Median Barrier;None;No Special Feature;Smooth Asphalt;Piedmont;Urban;40 - 45  MPH;Stop Sign;Clear;No;35.08575, -80.8178
311;312;No;25-29;29;No;With Traffic;C: Possible Injury;Travel Lane;White;Female;Durham;Durham;No;01-01-07;2012-05-20;Crossing Paths - Other Circumstances;10;Intersection;01-05-01;0001-01-01T05:54:58-04:56;Signalized Intersection - Other /;;2012;C: Possible Injury;Residential;30-39;38;No;6-10 mph;O: No Injury;Black;Female;Sport Utility;No;No;Daylight;Mixed (30% To 70% Developed);2 lanes;2;Straight - Level;NC Route;Dry;Two-Way, Divided, Unprotected Median;None;T-Intersection;Smooth Asphalt;Piedmont;Urban;30 - 35  MPH;Stop And Go Signal;Clear;No;35.93108, -78.8887
314;315;Yes;50-59;58;No;With Traffic;C: Possible Injury;Travel Lane;Black;Male;Wilson;Wilson;No;01-01-03;2012-05-02;Crossing Paths - Other Circumstances;14;Intersection;01-05-01;0001-01-01T10:01:58-04:56;Signalized Intersection - Other /;;2012;C: Possible Injury;Residential;70;70;No;0-5 mph;O: No Injury;White;Female;Passenger Car;No;No;Daylight;Urban (>70% Developed);5 lanes;2;Straight - Level;Local Street;Dry;Two-Way, Not Divided;None;Four-Way Intersection;Smooth Asphalt;Coastal;Urban;40 - 45  MPH;Stop And Go Signal;Clear;No;35.72008, -77.9458
323;324;Yes;60-69;60;No;With Traffic;B: Evident Injury;Travel Lane;White;Female;None - Rural Crash;Catawba;No;;2012-05-28;Bicyclist Overtaking Motorist;9;Non-Intersection;01-05-01;0001-01-01T04:08:58-04:56;Bicyclist Overtaking - Other /;;2012;B: Evident Injury;Farms, Woods, Pastures;40-49;46;No;0-5 mph;O: No Injury;White;Male;Single Unit Truck (3 Or More Axles);No;No;Daylight;Mixed (30% To 70% Developed);2 lanes;2;Straight - Level;State Secondary Route;Dry;Two-Way, Not Divided;None;Driveway, Private;Coarse Asphalt;Piedmont;Rural;40 - 45  MPH;Double Yellow Line, No Passing Zone;Cloudy;No;35.78857, -81.2355
324;325;Yes;25-29;28;No;Facing Traffic;C: Possible Injury;Sidewalk / Crosswalk / Driveway Crossing;Black;Male;Charlotte;Mecklenburg;No;01-01-02;2012-05-29;Motorist Failed to Yield - Midblock;14;Non-Intersection;01-05-01;0001-01-01T09:03:58-04:56;Motorist Drive Out - Commercial Driveway / Alley;;2012;C: Possible Injury;Commercial;70;70;No;16-20 mph;O: No Injury;White;Female;Passenger Car;No;Yes;Daylight;Urban (>70% Developed);2 lanes;2;Straight - Level;Local Street;Dry;Two-Way, Not Divided;None;No Special Feature;Smooth Asphalt;Piedmont;Urban;40 - 45  MPH;Stop Sign;Clear;No;35.13813, -80.7388
333;334;No;25-29;25;No;With Traffic;B: Evident Injury;Travel Lane;White;Male;Raleigh;Wake;No;01-01-04;2012-05-24;Motorist Overtaking Bicyclist;13;Intersection-Related;01-05-01;0001-01-01T08:45:58-04:56;Motorist Overtaking - Other /;;2012;B: Evident Injury;Residential;0-19;18;No;21-25 mph;O: No Injury;White;Female;Passenger Car;No;No;Daylight;Urban (>70% Developed);2 lanes;2;Straight - Level;Local Street;Dry;Two-Way, Not Divided;None;No Special Feature;Coarse Asphalt;Piedmont;Urban;30 - 35  MPH;No Control Present;Clear;No;35.77707, -78.6829
340;341;Yes;25-29;29;No;With Traffic;C: Possible Injury;Travel Lane;White;Male;Raleigh;Wake;No;01-01-03;2012-05-30;Bicyclist Overtaking Motorist;15;Non-Intersection;01-05-01;0001-01-01T10:54:58-04:56;Bicyclist Overtaking - Extended Door;;2012;C: Possible Injury;Industrial;30-39;39;Missing;0-5 mph;O: No Injury;White;Male;Police;No;No;Daylight;Urban (>70% Developed);2 lanes;2;Straight - Level;Local Street;Dry;One-Way, Not Divided;None;No Special Feature;Smooth Asphalt;Piedmont;Urban;30 - 35  MPH;Stop And Go Signal;Clear;Yes;35.77608, -78.6404
345;346;Yes;40-49;49;No;With Traffic;B: Evident Injury;Travel Lane;White;Male;Huntersville;Mecklenburg;No;01-01-05;2012-05-25;Motorist Overtaking Bicyclist;22;Intersection-Related;01-05-01;0001-01-01T17:34:58-04:56;Motorist Overtaking - Undetected Bicyclist;;2012;B: Evident Injury;Commercial;30-39;30;No;41-45 mph;O: No Injury;White;Male;Passenger Car;No;No;Dark - Lighted Roadway;Urban (>70% Developed);2 lanes;2;Straight - Grade;NC Route;Dry;Two-Way, Not Divided;None;No Special Feature;Smooth Asphalt;Piedmont;Urban;40 - 45  MPH;Double Yellow Line, No Passing Zone;Clear;No;35.41599, -80.8568
347;348;No;25-29;25;No;With Traffic;C: Possible Injury;Travel Lane;Black;Male;Winston-Salem;Forsyth;No;01-01-06;2012-06-02;Motorist Overtaking Bicyclist;23;Non-Intersection;01-06-01;0001-01-01T18:08:58-04:56;Motorist Overtaking - Other /;;2012;C: Possible Injury;Commercial;;;No;6-10 mph;Injury;/Missing;;;No;Yes;Daylight;Urban (>70% Developed);2 lanes;2;Straight - Level;Local Street;Dry;Two-Way, Divided, Unprotected Median;None;No Special Feature;Smooth Asphalt;Piedmont;Urban;30 - 35  MPH;No Control Present;Clear;No;36.10796, -80.2477
352;353;Yes;50-59;51;No;With Traffic;B: Evident Injury;Travel Lane;White;Female;Salter Path;Carteret;No;01-01-02;2012-05-29;Motorist Overtaking Bicyclist;18;Non-Intersection;01-05-01;0001-01-01T13:48:58-04:56;Motorist Overtaking - Misjudged Space;;2012;B: Evident Injury;Commercial;40-49;43;No;0-5 mph;O: No Injury;White;Male;Single Unit Truck (3 Or More Axles);No;No;Daylight;Mixed (30% To 70% Developed);3 lanes;2;Straight - Level;NC Route;Dry;Two-Way, Not Divided;None;Driveway, Public;Smooth Asphalt;Coastal;Rural;30 - 35  MPH;No Control Present;Clear;No;34.68877, -76.8817
355;356;No;50-59;53;No;Facing Traffic;B: Evident Injury;Bike Lane / Paved Shoulder;White;Male;None - Rural Crash;Caldwell;No;01-01-05;2012-06-01;Motorist Failed to Yield - Sign-Controlled Intersection;15;Intersection;01-06-01;0001-01-01T10:23:58-04:56;Motorist Drive Out - Sign-Controlled Intersection;;2012;B: Evident Injury;Commercial;50-59;56;No;6-10 mph;O: No Injury;White;Female;Sport Utility;No;No;Daylight;Mixed (30% To 70% Developed);2 lanes;2;Straight - Grade;US Route;Dry;Two-Way, Not Divided;None;Four-Way Intersection;Smooth Asphalt;Mountains;Rural;50 - 55  MPH;Stop Sign;Clear;No;35.85556, -81.608
363;364;Yes;50-59;50;No;Facing Traffic;C: Possible Injury;Sidewalk / Crosswalk / Driveway Crossing;Black;Male;Charlotte;Mecklenburg;No;01-01-02;2012-06-12;Bicyclist Failed to Yield - Signalized Intersection;22;Intersection;01-06-01;0001-01-01T17:31:58-04:56;Bicyclist Ride Through - Signalized Intersection;;2012;C: Possible Injury;Residential;40-49;44;No;0-5 mph;O: No Injury;Black;Female;Sport Utility;No;No;Dark - Lighted Roadway;Rural (<30% Developed);4 lanes;2;Straight - Level;Local Street;Wet;Two-Way, Not Divided;None;Four-Way Intersection;Smooth Asphalt;Piedmont;Urban;30 - 35  MPH;Stop And Go Signal;Rain;No;35.26307, -80.8546
364;365;No;40-49;45;No;With Traffic;B: Evident Injury;Travel Lane;White;Male;Harrisburg;Cabarrus;No;01-01-06;2012-05-26;Motorist Overtaking Bicyclist;11;Non-Intersection;01-05-01;0001-01-01T07:00:58-04:56;Motorist Overtaking - Misjudged Space;;2012;B: Evident Injury;Residential;40-49;46;No;36-40 mph;O: No Injury;White;Female;Passenger Car;No;No;Daylight;Rural (<30% Developed);2 lanes;2;Straight - Grade;Local Street;Dry;Two-Way, Not Divided;None;No Special Feature;Smooth Asphalt;Piedmont;Urban;40 - 45  MPH;No Control Present;Clear;No;35.33086, -80.6183
369;370;Yes;50-59;51;No;With Traffic;C: Possible Injury;Travel Lane;Black;Female;None - Rural Crash;Columbus;No;01-01-04;2012-06-07;Motorist Overtaking Bicyclist;6;Non-Intersection;01-06-01;0001-01-01T01:41:58-04:56;Motorist Overtaking - Other /;;2012;C: Possible Injury;Residential;;;Missing;36-40 mph;Injury;/Missing;;Passenger Car;No;Yes;Daylight;Mixed (30% To 70% Developed);2 lanes;2;Straight - Level;State Secondary Route;Dry;Two-Way, Not Divided;None;No Special Feature;Coarse Asphalt;Coastal;Rural;50 - 55  MPH;No Control Present;Clear;No;34.42376, -78.8066
371;372;Yes;10-Jun;8;No;Not Applicable;C: Possible Injury;Driveway / Alley;Black;Female;Ramseur;Randolph;No;01-01-07;2012-06-10;Bicyclist Failed to Yield - Midblock;18;Non-Intersection;01-06-01;0001-01-01T13:03:58-04:56;Bicyclist Ride Out - Residential Driveway;;2012;C: Possible Injury;Residential;60-69;64;No;11-15 mph;O: No Injury;White;Male;Pickup;No;No;Daylight;Urban (>70% Developed);2 lanes;2;Straight - Grade;Local Street;Dry;Two-Way, Not Divided;None;No Special Feature;Coarse Asphalt;Piedmont;Rural;30 - 35  MPH;No Control Present;Clear;No;35.73743, -79.651
372;373;No;20-24;24;No;Facing Traffic;C: Possible Injury;Sidewalk / Crosswalk / Driveway Crossing;Black;Male;Wilson;Wilson;No;01-01-02;2012-05-29;Motorist Failed to Yield - Midblock;15;Non-Intersection;01-05-01;0001-01-01T10:04:58-04:56;Motorist Drive Out - Commercial Driveway / Alley;;2012;C: Possible Injury;Commercial;0-19;19;No;0-5 mph;O: No Injury;White;Male;Passenger Car;No;No;Daylight;Urban (>70% Developed);5 lanes;2;Straight - Level;Local Street;Dry;Two-Way, Not Divided;None;T-Intersection;Smooth Asphalt;Coastal;Urban;40 - 45  MPH;No Control Present;Clear;No;35.75656, -77.9575
379;380;Yes;50-59;50;No;Not Applicable;K: Killed;;White;Male;Havelock;Craven;No;01-01-05;2012-05-11;Crossing Paths - Other Circumstances;22;Non-Intersection;01-05-01;0001-01-01T17:31:58-04:56;Crossing Paths - Midblock - Other /;;2012;K: Killed;Commercial;40-49;49;No;46-50 mph;C: Possible Injury;Black;Male;Passenger Car;No;No;Dark - Roadway Not Lighted;Urban (>70% Developed);4 lanes;2;Straight - Grade;US Route;Dry;Two-Way, Divided, Unprotected Median;None;No Special Feature;Smooth Asphalt;Coastal;Urban;50 - 55  MPH;No Control Present;Clear;No;34.89253, -76.924
388;389;No;16-19;16;No;With Traffic;B: Evident Injury;Travel Lane;White;Male;None - Rural Crash;Craven;No;01-01-04;2012-06-14;Bicyclist Left Turn / Merge;17;Non-Intersection;01-06-01;0001-01-01T12:13:58-04:56;Bicyclist Left Turn - Same Direction;;2012;B: Evident Injury;Residential;40-49;40;No;26-30 mph;O: No Injury;White;Male;Pickup;No;No;Daylight;Urban (>70% Developed);2 lanes;2;Straight - Level;State Secondary Route;Dry;Two-Way, Not Divided;None;No Special Feature;Coarse Asphalt;Coastal;Rural;40 - 45  MPH;Double Yellow Line, No Passing Zone;Clear;No;34.90703, -76.9375
389;390;Yes;40-49;48;No;;B: Evident Injury;Travel Lane;Hispanic;Male;Matthews;Mecklenburg;No;01-01-03;2012-06-13;Other /  - Insufficient Details;8;Non-Intersection;01-06-01;0001-01-01T03:33:58-04:56;Approach Paths;;2012;B: Evident Injury;Commercial;50-59;53;No;41-45 mph;O: No Injury;White;Male;Passenger Car;No;No;Daylight;Urban (>70% Developed);2 lanes;2;Straight - Level;US Route;Dry;Two-Way, Divided, Unprotected Median;None;No Special Feature;Smooth Asphalt;Piedmont;Urban;40 - 45  MPH;No Control Present;Clear;No;35.14024, -80.7181
391;392;No;;0;No;;C: Possible Injury;Travel Lane;White;Male;Emerald Isle;Carteret;No;01-01-06;2012-06-09;Crossing Paths - Other Circumstances;18;Intersection-Related;01-06-01;0001-01-01T13:23:58-04:56;Crossing Paths - Uncontrolled Intersection;;2012;C: Possible Injury;Commercial;40-49;40;No;0-5 mph;O: No Injury;Black;Male;Van;No;No;Daylight;Urban (>70% Developed);2 lanes;2;Straight - Level;Local Street;Dry;Two-Way, Not Divided;None;No Special Feature;Smooth Asphalt;Coastal;Rural;20 - 25  MPH;No Control Present;Clear;No;34.66473, -77.0349
392;393;No;16-19;17;No;Facing Traffic;C: Possible Injury;Travel Lane;White;Male;Salisbury;Rowan;No;01-01-03;2012-06-20;Motorist Failed to Yield - Sign-Controlled Intersection;11;Intersection;01-06-01;0001-01-01T06:40:58-04:56;Motorist Drive Out - Sign-Controlled Intersection;;2012;C: Possible Injury;Commercial;20-24;22;No;;O: No Injury;Hispanic;Male;Passenger Car;No;No;Daylight;Urban (>70% Developed);2 lanes;2;Straight - Level;Local Street;Dry;Two-Way, Not Divided;None;T-Intersection;Smooth Asphalt;Piedmont;Urban;;Stop Sign;Clear;No;35.64114, -80.5098
404;405;Yes;15-Nov;15;No;Facing Traffic;B: Evident Injury;Travel Lane;Black;Male;Henderson;Vance;No;01-01-05;2012-06-15;Motorist Left Turn / Merge;16;Intersection;01-06-01;0001-01-01T11:05:58-04:56;Motorist Left Turn - Same Direction;;2012;B: Evident Injury;Residential;60-69;61;No;6-10 mph;O: No Injury;Black;Female;Passenger Car;No;No;Daylight;Urban (>70% Developed);2 lanes;2;Straight - Hillcrest;Local Street;Dry;Two-Way, Not Divided;None;T-Intersection;Smooth Asphalt;Piedmont;Urban;30 - 35  MPH;Stop Sign;Clear;No;36.33002, -78.4299
406;407;Yes;15-Nov;15;No;With Traffic;B: Evident Injury;Travel Lane;Asian;Female;Huntersville;Mecklenburg;No;01-01-05;2012-06-15;Bicyclist Left Turn / Merge;12;Non-Intersection;01-06-01;0001-01-01T07:59:58-04:56;Bicyclist Left Turn - Same Direction;;2012;B: Evident Injury;Residential;50-59;52;No;41-45 mph;O: No Injury;White;Male;Pickup;No;No;Daylight;Mixed (30% To 70% Developed);2 lanes;2;Straight - Level;NC Route;Dry;Two-Way, Not Divided;None;No Special Feature;Smooth Asphalt;Piedmont;Urban;40 - 45  MPH;Double Yellow Line, No Passing Zone;Clear;No;35.43469, -80.905
410;411;Yes;15-Nov;15;No;With Traffic;C: Possible Injury;Travel Lane;Black;Male;Winston-Salem;Forsyth;No;01-01-06;2012-06-16;Motorist Overtaking Bicyclist;20;Non-Intersection;01-06-01;0001-01-01T15:35:58-04:56;Motorist Overtaking - Bicyclist Swerved;;2012;C: Possible Injury;Residential;;;Missing;31-35 mph;Injury;/Missing;;;No;Yes;Daylight;Urban (>70% Developed);2 lanes;2;Straight - Level;Local Street;Dry;Two-Way, Not Divided;None;No Special Feature;Smooth Asphalt;Piedmont;Urban;30 - 35  MPH;No Control Present;Clear;No;36.151, -80.2137
414;415;Yes;50-59;51;No;;A: Disabling Injury;;Black;Male;Smithfield;Johnston;No;01-01-06;2012-06-16;Other /  - Insufficient Details;14;Intersection-Related;01-06-01;0001-01-01T09:49:58-04:56;Approach Paths;;2012;A: Disabling Injury;Commercial;30-39;35;No;31-35 mph;O: No Injury;Hispanic;Female;Passenger Car;No;No;Daylight;Urban (>70% Developed);5 lanes;2;Straight - Level;US Route;Dry;Two-Way, Not Divided;None;No Special Feature;Coarse Asphalt;Coastal;Urban;30 - 35  MPH;No Control Present;Clear;No;35.5134, -78.3326
417;418;Yes;40-49;47;No;With Traffic;C: Possible Injury;Travel Lane;White;Female;Cary;Wake;No;01-01-04;2012-06-14;Motorist Failed to Yield - Midblock;13;Non-Intersection;01-06-01;0001-01-01T08:36:58-04:56;Motorist Drive Out - Commercial Driveway / Alley;;2012;C: Possible Injury;Commercial;25-29;29;No;6-10 mph;O: No Injury;Black;Female;Passenger Car;No;No;Daylight;Urban (>70% Developed);5 lanes;2;Straight - Grade;State Secondary Route;Dry;Two-Way, Not Divided;None;No Special Feature;Coarse Asphalt;Piedmont;Urban;;No Control Present;Clear;No;35.76376, -78.7444
422;423;No;16-19;19;No;With Traffic;O: No Injury;Sidewalk / Crosswalk / Driveway Crossing;White;Male;Raleigh;Wake;No;01-01-07;2012-06-24;Motorist Failed to Yield - Midblock;16;Non-Intersection;01-06-01;0001-01-01T11:34:58-04:56;Motorist Drive Out - Midblock -;;2012;O: No Injury;Residential;;;Missing;0-5 mph;Injury;/Missing;;Passenger Car;No;Yes;Daylight;Mixed (30% To 70% Developed);2 lanes;2;Straight - Level;Local Street;Dry;Two-Way, Not Divided;None;No Special Feature;Smooth Asphalt;Piedmont;Urban;20 - 25  MPH;No Control Present;Clear;No;35.78393, -78.6606
430;431;Yes;20-24;21;No;Facing Traffic;C: Possible Injury;Sidewalk / Crosswalk / Driveway Crossing;Black;Male;Raleigh;Wake;No;01-01-06;2012-06-23;Bicyclist Failed to Yield - Signalized Intersection;21;Intersection;01-06-01;0001-01-01T16:41:58-04:56;Bicyclist Failed to Clear - Trapped;;2012;C: Possible Injury;Commercial;40-49;48;No;11-15 mph;O: No Injury;Other;Male;Taxicab;No;Yes;Dark - Lighted Roadway;Mixed (30% To 70% Developed);4 lanes;2;Straight - Level;Local Street;Dry;One-Way, Not Divided;None;Four-Way Intersection;Smooth Asphalt;Piedmont;Urban;30 - 35  MPH;Stop And Go Signal;Clear;No;35.77983, -78.6222
436;437;Yes;20-24;24;No;Facing Traffic;C: Possible Injury;Sidewalk / Crosswalk / Driveway Crossing;White;Male;Raleigh;Wake;No;01-01-03;2012-06-27;Motorist Failed to Yield - Signalized Intersection;18;Intersection;01-06-01;0001-01-01T13:52:58-04:56;Motorist Drive Out - Right Turn on Red;;2012;C: Possible Injury;Institutional;50-59;59;No;0-5 mph;O: No Injury;White;Male;Pickup;No;No;Daylight;Urban (>70% Developed);2 lanes;2;Straight - Level;Public Vehicular Area;Dry;Two-Way, Not Divided;None;Four-Way Intersection;Smooth Asphalt;Piedmont;Urban;5 - 15 MPH;Stop And Go Signal;Clear;No;35.77516, -78.6567
449;450;Yes;40-49;43;Missing;Facing Traffic;C: Possible Injury;Sidewalk / Crosswalk / Driveway Crossing;Black;Male;Charlotte;Mecklenburg;No;01-01-03;2012-07-11;Motorist Failed to Yield - Sign-Controlled Intersection;12;Intersection;01-07-01;0001-01-01T07:06:58-04:56;Motorist Drive Out - Sign-Controlled Intersection;;2012;C: Possible Injury;Commercial;30-39;33;No;;O: No Injury;White;Male;Sport Utility;No;No;Daylight;Urban (>70% Developed);4 lanes;2;Curve - Grade;Local Street;Dry;Two-Way, Not Divided;None;Four-Way Intersection;Smooth Asphalt;Piedmont;Urban;30 - 35  MPH;Stop Sign;Cloudy;No;35.21629, -80.852
453;454;Yes;;0;No;With Traffic;B: Evident Injury;Travel Lane;White;Male;Wrightsville Beach;New Hanover;No;01-01-05;2012-06-22;Bicyclist Overtaking Motorist;7;Non-Intersection;01-06-01;0001-01-01T02:51:58-04:56;Bicyclist Overtaking - Extended Door;;2012;B: Evident Injury;Residential;40-49;47;No;;O: No Injury;White;Male;Passenger Car;No;No;Daylight;Urban (>70% Developed);;2;;.;Dry;;None;No Special Feature;;Coastal;Rural;20 - 25  MPH;No Control Present;Clear;No;34.18989, -77.8094
459;460;Yes;40-49;43;No;With Traffic;B: Evident Injury;Travel Lane;White;Female;None - Rural Crash;Onslow;No;01-01-07;2012-07-08;Motorist Failed to Yield - Sign-Controlled Intersection;10;Intersection;01-07-01;0001-01-01T05:18:58-04:56;Motorist Drive Out - Sign-Controlled Intersection;;2012;B: Evident Injury;Commercial;50-59;58;No;0-5 mph;O: No Injury;White;Male;Sport Utility;No;No;Daylight;Mixed (30% To 70% Developed);2 lanes;2;Straight - Level;State Secondary Route;Water (Standing, Moving);Two-Way, Not Divided;None;T-Intersection;Smooth Asphalt;Coastal;Rural;40 - 45  MPH;Stop Sign;Clear;No;34.7175, -77.3203
463;464;Yes;15-Nov;12;No;With Traffic;C: Possible Injury;Travel Lane;Black;Female;Gastonia;Gaston;No;01-01-04;2012-06-21;Bicyclist Left Turn / Merge;16;Non-Intersection;01-06-01;0001-01-01T11:03:58-04:56;Bicyclist Left Turn - Same Direction;;2012;C: Possible Injury;Residential;;;Missing;31-35 mph;Injury;/Missing;;;No;Yes;Daylight;Urban (>70% Developed);5 lanes;2;Straight - Grade;NC Route;Dry;Two-Way, Not Divided;None;No Special Feature;Smooth Asphalt;Piedmont;Urban;30 - 35  MPH;No Control Present;Clear;No;35.25401, -81.1764
464;465;No;10-Jun;6;No;With Traffic;O: No Injury;Travel Lane;Black;Male;Farmville;Pitt;No;01-01-02;2012-07-10;Bicyclist Failed to Yield - Sign-Controlled Intersection;16;Intersection;01-07-01;0001-01-01T11:38:58-04:56;Bicyclist Ride Through - Sign-Controlled Intersection;;2012;C: Possible Injury;Residential;70;70;No;26-30 mph;O: No Injury;Black;Female;Passenger Car;No;No;Daylight;Urban (>70% Developed);2 lanes;2;Straight - Level;Local Street;Dry;Two-Way, Not Divided;None;No Special Feature;Smooth Asphalt;Coastal;Rural;30 - 35  MPH;Stop Sign;Clear;No;35.58913, -77.5928
476;477;No;50-59;58;No;With Traffic;O: No Injury;Travel Lane;Black;Male;Wilmington;New Hanover;No;;2012-07-02;Bicyclist Left Turn / Merge;9;Non-Intersection;01-07-01;0001-01-01T04:26:58-04:56;Bicyclist Left Turn - Opposite Direction;;2012;O: No Injury;Commercial;20-24;22;No;26-30 mph;O: No Injury;Black;Male;Passenger Car;No;No;Daylight;Urban (>70% Developed);2 lanes;2;Straight - Level;Local Street;Dry;Two-Way, Not Divided;None;No Special Feature;Coarse Asphalt;Coastal;Urban;30 - 35  MPH;No Control Present;Clear;No;34.24255, -77.892
479;480;Yes;40-49;41;No;With Traffic;B: Evident Injury;Travel Lane;Black;Male;None - Rural Crash;Mecklenburg;No;01-01-05;2012-07-20;Motorist Overtaking Bicyclist;5;Intersection;01-07-01;0001-01-01T00:31:58-04:56;Motorist Overtaking - Other /;;2012;B: Evident Injury;Residential;60-69;63;No;26-30 mph;O: No Injury;White;Male;Passenger Car;No;No;Dark - Lighted Roadway;Urban (>70% Developed);4 lanes;2;Straight - Level;Local Street;Dry;Two-Way, Not Divided;None;No Special Feature;Smooth Asphalt;Piedmont;Rural;30 - 35  MPH;No Control Present;Clear;No;35.23639, -80.8306
481;482;Yes;25-29;29;No;Facing Traffic;C: Possible Injury;Sidewalk / Crosswalk / Driveway Crossing;Other;Male;Kitty Hawk;Dare;No;01-01-04;2012-06-21;Motorist Failed to Yield - Midblock;11;Non-Intersection;01-06-01;0001-01-01T06:55:58-04:56;Motorist Drive Out - Commercial Driveway / Alley;;2012;C: Possible Injury;Commercial;20-24;21;No;0-5 mph;O: No Injury;White;Male;Pickup;No;No;Daylight;Urban (>70% Developed);5 lanes;2;Straight - Level;US Route;Dry;Two-Way, Divided, Unprotected Median;None;No Special Feature;Smooth Asphalt;Coastal;Rural;50 - 55  MPH;No Control Present;Clear;No;36.06598, -75.6933
491;492;Yes;50-59;58;No;With Traffic;B: Evident Injury;Travel Lane;White;Male;Pine Knoll Shores;Carteret;No;01-01-02;2012-07-24;Motorist Left Turn / Merge;7;Intersection;01-07-01;0001-01-01T02:36:58-04:56;Motorist Left Turn - Opposite Direction;;2012;B: Evident Injury;Residential;60-69;61;No;11-15 mph;O: No Injury;White;Male;Pickup;No;No;Daylight;Urban (>70% Developed);2 lanes;2;Straight - Level;Local Street;Dry;Two-Way, Not Divided;None;T-Intersection;Smooth Asphalt;Coastal;Rural;40 - 45  MPH;Stop And Go Signal;Clear;No;34.69526, -76.8218
507;508;Yes;60-69;60;No;Facing Traffic;C: Possible Injury;Travel Lane;Black;Male;Ayden;Pitt;No;01-01-07;2012-06-24;Backing Vehicle;21;Non-Intersection;01-06-01;0001-01-01T16:54:58-04:56;Backing Vehicle;;2012;C: Possible Injury;Residential;50-59;55;No;16-20 mph;O: No Injury;Black;Male;Passenger Car;No;No;Dark - Lighted Roadway;Urban (>70% Developed);2 lanes;2;Straight - Level;Local Street;Dry;Two-Way, Not Divided;None;No Special Feature;Smooth Asphalt;Coastal;Rural;20 - 25  MPH;No Control Present;Clear;No;35.46561, -77.4205