FID;OBJECTID;AmbulanceR;BikeAge_Gr;Bike_Age;Bike_Alc_D;Bike_Dir;Bike_Injur;Bike_Pos;Bike_Race;Bike_Sex;City;County;CrashAlcoh;CrashDay;Crash_Date;Crash_Grp;Crash_Hour;Crash_Loc;Crash_Mont;Crash_Time;Crash_Type;Crash_Ty_1;Crash_Year;Crsh_Sevri;Developmen;DrvrAge_Gr;Drvr_Age;Drvr_Alc_D;Drvr_EstSp;Drvr_Injur;Drvr_Race;Drvr_Sex;Drvr_VehTy;ExcsSpdInd;Hit_Run;Light_Cond;Locality;Num_Lanes;Num_Units;Rd_Charact;Rd_Class;Rd_Conditi;Rd_Config;Rd_Defects;Rd_Feature;Rd_Surface;Region;Rural_Urba;Speed_Limi;Traff_Cntr;Weather;Workzone_I;Location
748;749;No;40-49;46;No;With Traffic;C: Possible Injury;Travel Lane;White;Male;Apex;Wake;No;01-01-07;2012-10-07;Motorist Overtaking Bicyclist;13;Non-Intersection;01-10-01;0001-01-01T08:18:58-04:56;Motorist Overtaking - Other /;;2012;C: Possible Injury;Farms, Woods, Pastures;;;Missing;31-35 mph;Injury;/Missing;;Passenger Car;No;Yes;Daylight;Rural (<30% Developed);2 lanes;2;Straight - Level;Local Street;Wet;Two-Way, Not Divided;None;No Special Feature;Coarse Asphalt;Piedmont;Urban;40 - 45  MPH;No Control Present;Cloudy;No;35.75797, -78.8864
750;751;Yes;16-19;19;No;Not Applicable;C: Possible Injury;Multi-use Path;White;Male;Raleigh;Wake;No;01-01-03;2012-09-26;Bicyclist Failed to Yield - Midblock;12;Non-Intersection;01-09-01;0001-01-01T07:28:58-04:56;Bicyclist Ride Out - Other Midblock;;2012;C: Possible Injury;Institutional;25-29;27;No;0-5 mph;O: No Injury;White;Female;Passenger Car;No;No;Daylight;Urban (>70% Developed);2 lanes;2;Straight - Grade;Local Street;Dry;Two-Way, Not Divided;None;Other;Coarse Asphalt;Piedmont;Urban;20 - 25  MPH;No Control Present;Clear;No;35.78771, -78.6746
756;757;Yes;16-19;19;No;Not Applicable;C: Possible Injury;Sidewalk / Crosswalk / Driveway Crossing;Black;Male;Charlotte;Mecklenburg;No;01-01-03;2012-10-10;Non-Roadway;9;Non-Roadway;01-10-01;0001-01-01T04:03:58-04:56;Non-Roadway;;2012;C: Possible Injury;Commercial;40-49;44;No;0-5 mph;O: No Injury;White;Male;Light Truck (Mini-Van, Panel);No;No;Daylight;Urban (>70% Developed);2 lanes;2;Straight - Level;Private Road, Driveway;Dry;Two-Way, Not Divided;None;Driveway, Private;Other;Piedmont;Urban;5 - 15 MPH;No Control Present;Clear;No;35.22799, -80.8381
786;787;Yes;16-19;17;No;Facing Traffic;C: Possible Injury;Travel Lane;Black;Male;Charlotte;Mecklenburg;No;01-01-06;2009-09-05;Motorist Failed to Yield - Sign-Controlled Intersection;20;Intersection;01-09-01;0001-01-01T15:27:58-04:56;Motorist Drive Out - Sign-Controlled Intersection;112141;2009;C: Possible Injury;Commercial;;;Missing;6-10 mph;Injury;/Missing;;;No;Yes;Dark - Lighted Roadway;Urban (>70% Developed);2 lanes;2;Straight - Level;Local Street;Dry;Two-Way, Divided, Positive Median Barrier;None;T-Intersection;Smooth Asphalt;Piedmont;Urban;5 - 15 MPH;Stop Sign;Clear;No;35.099022, -80.78193
801;802;Yes;50-59;52;No;Facing Traffic;B: Evident Injury;Sidewalk / Crosswalk / Driveway Crossing;White;Female;Greensboro;Guilford;No;;2009-07-27;Motorist Failed to Yield - Sign-Controlled Intersection;15;Intersection;01-07-01;0001-01-01T10:49:58-04:56;Motorist Drive Out - Sign-Controlled Intersection;132141;2009;B: Evident Injury;Residential;25-29;28;No;;O: No Injury;Black;Female;Sport Utility;No;No;Daylight;Urban (>70% Developed);4 lanes;2;Straight - Bottom;Local Street;Dry;Two-Way, Divided, Positive Median Barrier;None;T-Intersection;Smooth Asphalt;Piedmont;Urban;30 - 35  MPH;Human Control;Cloudy;No;36.020294, -79.82413
802;803;No;20-24;24;No;Facing Traffic;C: Possible Injury;Travel Lane;Hispanic;Male;Charlotte;Mecklenburg;No;01-01-05;2009-05-29;Motorist Left Turn / Merge;11;Intersection;01-05-01;0001-01-01T06:10:58-04:56;Motorist Left Turn - Opposite Direction;112212;2009;C: Possible Injury;Commercial;50-59;55;No;0-5 mph;O: No Injury;Black;Male;Passenger Car;No;No;Daylight;Urban (>70% Developed);5 lanes;2;Straight - Level;Local Street;Dry;Two-Way, Divided, Unprotected Median;None;No Special Feature;Smooth Asphalt;Piedmont;Urban;30 - 35  MPH;Stop And Go Signal;Clear;No;35.152557, -80.87632
809;810;Yes;60-69;60;No;With Traffic;C: Possible Injury;Travel Lane;Black;Male;Charlotte;Mecklenburg;No;;2009-02-09;Bicyclist Failed to Yield - Midblock;14;Non-Intersection;01-02-01;0001-01-01T09:51:58-04:56;Bicyclist Ride Out - Other Midblock;311318;2009;C: Possible Injury;Commercial;60-69;69;No;0-5 mph;O: No Injury;Black;Female;Passenger Car;No;No;Daylight;Urban (>70% Developed);5 lanes;2;Straight - Level;Local Street;Dry;Two-Way, Divided, Unprotected Median;None;Four-Way Intersection;Smooth Asphalt;Piedmont;Urban;30 - 35  MPH;Stop And Go Signal;Clear;No;35.26269, -80.85479
3;4;Yes;15-Nov;12;No;With Traffic;B: Evident Injury;Travel Lane;Asian;Male;None - Rural Crash;Mcdowell;No;01-01-05;2010-01-15;Crossing Paths - Other Circumstances;16;Non-Intersection;;0001-01-01T11:53:58-04:56;Crossing Paths - Midblock - Other /;0;2010;B: Evident Injury;Residential;40-49;45;No;36-40 mph;O: No Injury;White;Male;Pickup;No;No;Daylight;Mixed (30% To 70% Developed);2 lanes;2;Straight - Grade;State Secondary Route;Dry;Two-Way, Not Divided;None;No Special Feature;Smooth Asphalt;Mountains;Rural;50 - 55  MPH;No Control Present;Clear;No;35.655247, -81.86706
6;7;Yes;50-59;56;No;With Traffic;A: Disabling Injury;Travel Lane;White;Male;None - Rural Crash;Columbus;No;;2010-01-18;Motorist Overtaking Bicyclist;11;Non-Intersection;;0001-01-01T06:13:58-04:56;Motorist Overtaking - Undetected Bicyclist;0;2010;A: Disabling Injury;Farms, Woods, Pastures;70+;;No;46-50 mph;O: No Injury;White;Female;Passenger Car;No;No;Daylight;Rural (<30% Developed);2 lanes;2;Straight - Level;NC Route;Dry;Two-Way, Not Divided;None;No Special Feature;Smooth Asphalt;Coastal;Rural;50 - 55  MPH;No Control Present;Clear;No;34.03773, -78.64558
22;23;No;16-19;18;No;With Traffic;O: No Injury;Travel Lane;Black;Male;Raleigh;Wake;No;01-01-03;2010-01-13;Crossing Paths - Other Circumstances;16;Intersection;;0001-01-01T12:01:58-04:56;Signalized Intersection - Other /;0;2010;O: No Injury;Commercial;;;Missing;16-20 mph;Injury;/Missing;;;No;Yes;Dusk;Mixed (30% To 70% Developed);4 lanes;2;Straight - Grade;Local Street;Dry;Two-Way, Not Divided;None;No Special Feature;Smooth Asphalt;Piedmont;Urban;30 - 35  MPH;Stop And Go Signal;Clear;No;35.761044, -78.613884
40;41;Yes;15-Nov;14;No;Facing Traffic;B: Evident Injury;Travel Lane;Black;Female;Fayetteville;Cumberland;No;01-01-02;2010-02-16;Bicyclist Failed to Yield - Signalized Intersection;16;Intersection;01-02-01;0001-01-01T11:50:58-04:56;Bicyclist Ride Out - Signalized  Intersection;0;2010;B: Evident Injury;Commercial;60-69;67;No;6-10 mph;O: No Injury;White;Male;Pickup;No;No;Daylight;Urban (>70% Developed);2 lanes;2;Straight - Level;Local Street;Dry;Two-Way, Not Divided;None;Four-Way Intersection;Concrete;Coastal;Urban;20 - 25  MPH;Stop And Go Signal;Clear;No;35.05373, -78.885605
41;42;Yes;20-24;22;No;With Traffic;B: Evident Injury;Travel Lane;White;Male;Raleigh;Wake;No;01-01-03;2010-01-20;Motorist Failed to Yield - Sign-Controlled Intersection;19;Intersection;;0001-01-01T14:16:58-04:56;Motorist Drive Out - Sign-Controlled Intersection;0;2010;B: Evident Injury;Residential;25-29;25;No;11-15 mph;O: No Injury;Black;Female;Passenger Car;No;No;Dark - Lighted Roadway;Urban (>70% Developed);2 lanes;2;Straight - Grade;Local Street;Dry;Two-Way, Divided, Unprotected Median;None;Four-Way Intersection;Smooth Asphalt;Piedmont;Urban;30 - 35  MPH;No Control Present;Clear;No;35.78361, -78.688324
47;48;No;10-Jun;9;No;Not Applicable;O: No Injury;Non-Roadway;Black;Male;Durham;Durham;No;01-01-07;2010-02-28;Non-Roadway;8;Non-Roadway;01-02-01;0001-01-01T03:52:58-04:56;Non-Roadway;0;2010;O: No Injury;Residential;25-29;25;No;11-15 mph;O: No Injury;Hispanic;Male;Sport Utility;No;No;Daylight;Urban (>70% Developed);1 lane;2;Straight - Level;Private Road, Driveway;Dry;Two-Way, Not Divided;None;No Special Feature;Smooth Asphalt;Piedmont;Urban;20 - 25  MPH;No Control Present;Clear;No;35.998848, -78.86436
63;64;Yes;15-Nov;14;No;With Traffic;C: Possible Injury;Travel Lane;White;Female;Reidsville;Rockingham;No;01-01-06;2010-02-27;Bicyclist Failed to Yield - Sign-Controlled Intersection;16;Intersection;01-02-01;0001-01-01T11:53:58-04:56;Bicyclist Ride Through - Sign-Controlled Intersection;0;2010;C: Possible Injury;Residential;60-69;67;No;21-25 mph;O: No Injury;White;Female;Passenger Car;No;No;Daylight;Urban (>70% Developed);2 lanes;2;Straight - Grade;Local Street;Dry;Two-Way, Not Divided;None;T-Intersection;Smooth Asphalt;Piedmont;Urban;30 - 35  MPH;Stop Sign;Clear;No;36.34692, -79.67299
67;68;Yes;40-49;47;No;With Traffic;B: Evident Injury;Travel Lane;Black;Male;Wilmington;New Hanover;No;01-01-03;2010-02-17;Motorist Failed to Yield - Sign-Controlled Intersection;18;Intersection;01-02-01;0001-01-01T13:03:58-04:56;Motorist Drive Through - Sign-Controlled Intersection;0;2010;B: Evident Injury;Residential;;;Missing;36-40 mph;Injury;/Missing;;;No;Yes;Daylight;Urban (>70% Developed);4 lanes;2;Straight - Level;Local Street;Dry;Two-Way, Not Divided;None;Four-Way Intersection;Coarse Asphalt;Coastal;Urban;30 - 35  MPH;Stop Sign;Clear;No;34.219448, -77.94003
68;69;Yes;50-59;53;No;With Traffic;K: Killed;Travel Lane;Black;Male;Red Springs;Robeson;No;01-01-06;2010-02-20;Motorist Overtaking Bicyclist;17;Non-Intersection;01-02-01;0001-01-01T12:45:58-04:56;Motorist Overtaking - Undetected Bicyclist;0;2010;K: Killed;Residential;20-24;20;No;31-35 mph;O: No Injury;Native American;Female;Passenger Car;No;No;Daylight;Urban (>70% Developed);2 lanes;2;Straight - Level;Local Street;Dry;Two-Way, Not Divided;None;No Special Feature;Coarse Asphalt;Coastal;Rural;30 - 35  MPH;No Control Present;Clear;No;34.803738, -79.18837
77;78;No;40-49;48;Yes;Not Applicable;O: No Injury;Driveway / Alley;Black;Male;None - Rural Crash;Pitt;Yes;01-01-05;2010-03-19;Bicyclist Failed to Yield - Midblock;18;Non-Intersection;01-03-01;0001-01-01T13:18:58-04:56;Bicyclist Ride Out - Residential Driveway;0;2010;O: No Injury;Residential;60-69;68;No;51-55 mph;O: No Injury;White;Female;Passenger Car;No;No;Daylight;Mixed (30% To 70% Developed);2 lanes;2;Curve - Level;NC Route;Dry;Two-Way, Not Divided;None;Driveway, Private;Smooth Asphalt;Coastal;Rural;50 - 55  MPH;Double Yellow Line, No Passing Zone;Clear;No;35.587906, -77.230835
81;82;Yes;25-29;29;Yes;Facing Traffic;C: Possible Injury;Travel Lane;Black;Male;Statesville;Iredell;Yes;01-01-04;2010-03-04;Motorist Left Turn / Merge;14;Non-Intersection;01-03-01;0001-01-01T09:03:58-04:56;Motorist Left Turn - Same Direction;0;2010;C: Possible Injury;Residential;;;Missing;11-15 mph;Injury;/Missing;;;No;Yes;Daylight;Urban (>70% Developed);2 lanes;2;Straight - Grade;Local Street;Dry;Two-Way, Not Divided;None;No Special Feature;Smooth Asphalt;Piedmont;Urban;30 - 35  MPH;No Control Present;Clear;No;35.78174, -80.88143
86;87;Yes;25-29;28;No;Facing Traffic;B: Evident Injury;Travel Lane;Black;Male;Forest City;Rutherford;No;01-01-03;2010-03-10;Motorist Left Turn / Merge;15;Non-Intersection;01-03-01;0001-01-01T10:18:58-04:56;Motorist Left Turn - Same Direction;0;2010;B: Evident Injury;Residential;0-19;17;No;21-25 mph;O: No Injury;Hispanic;Male;Passenger Car;No;No;Daylight;Urban (>70% Developed);2 lanes;2;Straight - Grade;Local Street;Dry;Two-Way, Not Divided;None;No Special Feature;Coarse Asphalt;Mountains;Urban;30 - 35  MPH;No Control Present;Cloudy;No;35.35612, -81.87332
88;89;Yes;15-Nov;13;No;With Traffic;B: Evident Injury;Travel Lane;White;Male;None - Rural Crash;Onslow;No;01-01-05;2010-03-05;Bicyclist Left Turn / Merge;19;Non-Intersection;01-03-01;0001-01-01T14:17:58-04:56;Bicyclist Left Turn - Same Direction;0;2010;B: Evident Injury;Farms, Woods, Pastures;25-29;25;No;51-55 mph;O: No Injury;White;Male;Pickup;No;No;Dark - Roadway Not Lighted;Rural (<30% Developed);2 lanes;2;Straight - Level;State Secondary Route;Dry;Two-Way, Not Divided;None;No Special Feature;Coarse Asphalt;Coastal;Rural;50 - 55  MPH;Double Yellow Line, No Passing Zone;Clear;No;34.657177, -77.20122
95;96;Yes;;;Missing;Facing Traffic;Injury;Sidewalk / Crosswalk / Driveway Crossing;/Missing;;Raleigh;Wake;No;01-01-03;2010-03-17;Motorist Failed to Yield - Signalized Intersection;17;Intersection;01-03-01;0001-01-01T12:47:58-04:56;Motorist Drive Out - Right Turn on Red;0;2010;C: Possible Injury;Commercial;60-69;63;No;0-5 mph;O: No Injury;White;Male;Pickup;No;No;Daylight;Urban (>70% Developed);4 lanes;2;Straight - Level;Local Street;Dry;Two-Way, Divided, Unprotected Median;None;Four-Way Intersection;Smooth Asphalt;Piedmont;Urban;30 - 35  MPH;Stop And Go Signal;Clear;No;35.815186, -78.626144
102;103;No;50-59;58;No;With Traffic;B: Evident Injury;Travel Lane;Black;Female;None - Rural Crash;Guilford;No;01-01-06;2010-04-03;Motorist Overtaking Bicyclist;12;Non-Intersection;01-04-01;0001-01-01T07:06:58-04:56;Motorist Overtaking - Misjudged Space;0;2010;B: Evident Injury;Farms, Woods, Pastures;;;No;21-25 mph;Injury;/Missing;;Tractor/Semi-Trailer;No;Yes;Daylight;Rural (<30% Developed);2 lanes;2;Straight - Level;State Secondary Route;Dry;Two-Way, Not Divided;None;No Special Feature;Smooth Asphalt;Piedmont;Rural;40 - 45  MPH;Double Yellow Line, No Passing Zone;Clear;No;36.059444, -79.71857
115;116;No;15-Nov;15;No;With Traffic;Injury;Travel Lane;/Missing;;Charlotte;Mecklenburg;No;01-01-04;2010-04-01;Crossing Paths - Other Circumstances;14;Intersection;01-04-01;0001-01-01T09:31:58-04:56;Crossing Paths - Intersection - Other /;0;2010;O: No Injury;Commercial;40-49;47;No;0-5 mph;O: No Injury;White;Male;Passenger Car;No;No;Daylight;Rural (<30% Developed);4 lanes;2;Straight - Level;Local Street;Dry;Two-Way, Divided, Positive Median Barrier;None;No Special Feature;Smooth Asphalt;Piedmont;Urban;30 - 35  MPH;Stop And Go Signal;Clear;No;35.11796, -80.85581
120;121;Yes;15-Nov;15;No;With Traffic;C: Possible Injury;Sidewalk / Crosswalk / Driveway Crossing;Black;Male;Dunn;Harnett;No;01-01-03;2010-03-31;Parallel Paths - Other Circumstances;16;Non-Intersection;01-03-01;0001-01-01T11:56:58-04:56;Parallel Paths - Other /;0;2010;C: Possible Injury;Commercial;50-59;51;No;11-15 mph;O: No Injury;/Missing;Male;Pickup;No;No;Daylight;Urban (>70% Developed);4 lanes;3;Straight - Level;US Route;Dry;Two-Way, Not Divided;None;No Special Feature;Coarse Asphalt;Coastal;Urban;30 - 35  MPH;No Control Present;Clear;No;35.303215, -78.60354
121;122;No;40-49;44;No;With Traffic;B: Evident Injury;Travel Lane;White;Female;Charlotte;Mecklenburg;No;01-01-04;2010-04-01;Bicyclist Left Turn / Merge;19;Intersection;01-04-01;0001-01-01T14:45:58-04:56;Bicyclist Left Turn - Same Direction;0;2010;B: Evident Injury;Residential;30-39;36;No;0-5 mph;O: No Injury;White;Female;Sport Utility;No;No;Daylight;Urban (>70% Developed);2 lanes;2;Straight - Level;Local Street;Dry;Two-Way, Not Divided;None;No Special Feature;Smooth Asphalt;Piedmont;Urban;20 - 25  MPH;Stop Sign;Clear;No;35.174107, -80.836494
124;125;No;20-24;21;No;With Traffic;O: No Injury;Travel Lane;White;Male;Boone;Watauga;No;;2010-04-12;Bicyclist Overtaking Motorist;7;Non-Intersection;01-04-01;0001-01-01T02:55:58-04:56;Bicyclist Overtaking - Passing on Left;0;2010;O: No Injury;Institutional;40-49;44;No;11-15 mph;O: No Injury;White;Female;Pickup;No;No;Daylight;Urban (>70% Developed);2 lanes;2;Straight - Hillcrest;Local Street;Dry;One-Way, Not Divided;None;No Special Feature;Coarse Asphalt;Mountains;Urban;20 - 25  MPH;No Control Present;Clear;No;36.210297, -81.6774
129;130;No;20-24;24;No;With Traffic;C: Possible Injury;Travel Lane;Black;Female;Wilmington;New Hanover;No;01-01-06;2010-04-03;Bicyclist Left Turn / Merge;18;Non-Intersection;01-04-01;0001-01-01T13:37:58-04:56;Bicyclist Left Turn - Same Direction;0;2010;C: Possible Injury;Commercial;40-49;49;No;41-45 mph;O: No Injury;White;Male;Passenger Car;No;No;Daylight;Urban (>70% Developed);5 lanes;2;Straight - Level;US Route;Dry;Two-Way, Divided, Unprotected Median;None;No Special Feature;Coarse Asphalt;Coastal;Urban;40 - 45  MPH;No Control Present;Clear;No;34.243145, -77.86062
131;132;No;30-39;37;No;With Traffic;C: Possible Injury;Travel Lane;Black;Male;Wilson;Wilson;No;01-01-02;2010-02-09;Motorist Failed to Yield - Sign-Controlled Intersection;14;Intersection;01-02-01;0001-01-01T09:33:58-04:56;Motorist Drive Out - Sign-Controlled Intersection;0;2010;C: Possible Injury;Commercial;50-59;53;No;31-35 mph;O: No Injury;White;Male;Sport Utility;No;No;Daylight;Urban (>70% Developed);2 lanes;2;Straight - Level;Local Street;Wet;Two-Way, Not Divided;None;No Special Feature;Coarse Asphalt;Coastal;Urban;30 - 35  MPH;Stop Sign;Rain;No;35.757267, -77.9326
138;139;No;40-49;49;No;With Traffic;O: No Injury;Travel Lane;White;Male;Wrightsville Beach;New Hanover;No;01-01-03;2010-04-07;Bicyclist Left Turn / Merge;17;Intersection-Related;01-04-01;0001-01-01T12:13:58-04:56;Bicyclist Left Turn - Opposite Direction;0;2010;C: Possible Injury;Residential;20-24;24;No;21-25 mph;O: No Injury;White;Female;Passenger Car;No;No;Daylight;Urban (>70% Developed);2 lanes;2;Straight - Level;Local Street;Dry;Two-Way, Not Divided;None;No Special Feature;Smooth Asphalt;Coastal;Rural;20 - 25  MPH;No Control Present;Clear;No;34.212627, -77.792496
139;140;Yes;60-69;65;No;With Traffic;C: Possible Injury;Sidewalk / Crosswalk / Driveway Crossing;White;Male;Greensboro;Guilford;No;01-01-05;2010-04-16;Motorist Right Turn / Merge;12;Intersection;01-04-01;0001-01-01T07:53:58-04:56;Motorist Right Turn - Same Direction;0;2010;C: Possible Injury;Institutional;20-24;21;No;11-15 mph;O: No Injury;Asian;Female;Passenger Car;No;No;Daylight;Urban (>70% Developed);2 lanes;2;Straight - Level;Local Street;Dry;Two-Way, Divided, Unprotected Median;None;Four-Way Intersection;Smooth Asphalt;Piedmont;Urban;20 - 25  MPH;Stop And Go Signal;Clear;No;36.065292, -79.8128
141;142;Yes;10-Jun;10;No;Not Applicable;C: Possible Injury;Non-Roadway;Black;Female;Durham;Durham;No;01-01-07;2010-04-18;Non-Roadway;16;Non-Roadway;01-04-01;0001-01-01T12:02:58-04:56;Non-Roadway;0;2010;C: Possible Injury;Commercial;;;Missing;0-5 mph;Injury;/Missing;;Sport Utility;No;Yes;Daylight;Urban (>70% Developed);;2;Straight - Level;Public Vehicular Area;Dry;Two-Way, Not Divided;None;No Special Feature;Smooth Asphalt;Piedmont;Urban;20 - 25  MPH;No Control Present;Clear;No;35.89951, -78.89824
143;144;No;50-59;52;No;With Traffic;O: No Injury;Travel Lane;White;Male;Wilson;Wilson;No;01-01-05;2010-01-15;Bicyclist Left Turn / Merge;12;Non-Intersection;;0001-01-01T07:21:58-04:56;Bicyclist Left Turn - Same Direction;0;2010;O: No Injury;Commercial;30-39;32;No;41-45 mph;O: No Injury;White;Female;Passenger Car;No;No;Daylight;Urban (>70% Developed);4 lanes;2;Straight - Hillcrest;Local Street;Dry;Two-Way, Not Divided;None;Bridge;Coarse Asphalt;Coastal;Urban;40 - 45  MPH;No Control Present;Clear;No;35.73216, -77.90005
146;147;Yes;50-59;52;Yes;With Traffic;C: Possible Injury;Travel Lane;Black;Male;Rocky Mount;Edgecombe;Yes;01-01-07;2010-03-07;Bicyclist Left Turn / Merge;19;Non-Intersection;01-03-01;0001-01-01T14:40:58-04:56;Bicyclist Left Turn - Same Direction;0;2010;C: Possible Injury;Residential;70+;;No;16-20 mph;O: No Injury;Black;Male;Pickup;No;No;Dark - Lighted Roadway;Urban (>70% Developed);4 lanes;2;Straight - Level;Local Street;Dry;Two-Way, Not Divided;None;No Special Feature;Smooth Asphalt;Coastal;Urban;30 - 35  MPH;No Control Present;Clear;No;35.94308, -77.780426
152;153;Yes;16-19;18;No;With Traffic;B: Evident Injury;Travel Lane;Black;Male;Greensboro;Guilford;No;01-01-05;2010-04-09;Bicyclist Failed to Yield - Sign-Controlled Intersection;16;Intersection;01-04-01;0001-01-01T11:58:58-04:56;Bicyclist Ride Through - Sign-Controlled Intersection;0;2010;B: Evident Injury;Residential;50-59;50;No;31-35 mph;O: No Injury;White;Female;Passenger Car;No;No;Daylight;Urban (>70% Developed);4 lanes;2;Straight - Level;Local Street;Dry;Two-Way, Divided, Unprotected Median;None;T-Intersection;Smooth Asphalt;Piedmont;Urban;30 - 35  MPH;No Control Present;Clear;No;36.100212, -79.7651
157;158;No;20-24;23;No;With Traffic;C: Possible Injury;Travel Lane;White;Male;Raleigh;Wake;No;01-01-02;2010-03-30;Loss of Control / Turning Error;8;Intersection;01-03-01;0001-01-01T03:42:58-04:56;Bicyclist Lost Control - Surface Conditions;0;2010;C: Possible Injury;Commercial;50-59;57;No;11-15 mph;O: No Injury;White;Female;Passenger Car;No;No;Daylight;Urban (>70% Developed);5 lanes;2;Straight - Level;Local Street;Dry;Two-Way, Not Divided;None;No Special Feature;Smooth Asphalt;Piedmont;Urban;30 - 35  MPH;Stop And Go Signal;Clear;No;35.788815, -78.67323
160;161;Yes;30-39;34;No;With Traffic;A: Disabling Injury;Travel Lane;White;Female;None - Rural Crash;Wayne;No;01-01-05;2010-04-09;Motorist Overtaking Bicyclist;19;Non-Intersection;01-04-01;0001-01-01T14:30:58-04:56;Motorist Overtaking - Other /;0;2010;A: Disabling Injury;Farms, Woods, Pastures;30-39;32;No;51-55 mph;O: No Injury;White;Male;Sport Utility;No;No;Daylight;Rural (<30% Developed);2 lanes;2;Straight - Level;State Secondary Route;Dry;Two-Way, Not Divided;None;No Special Feature;Coarse Asphalt;Coastal;Rural;50 - 55  MPH;No Control Present;Clear;No;35.40876, -78.122
162;163;Yes;40-49;40;Yes;Not Applicable;B: Evident Injury;Travel Lane;Black;Female;Wilson;Wilson;Yes;01-01-05;2010-04-02;Crossing Paths - Other Circumstances;16;Intersection-Related;01-04-01;0001-01-01T11:31:58-04:56;Crossing Paths - Uncontrolled Intersection;0;2010;B: Evident Injury;Residential;50-59;50;No;11-15 mph;O: No Injury;Black;Male;Van;No;No;Daylight;Urban (>70% Developed);2 lanes;2;Straight - Level;Local Street;Dry;Two-Way, Not Divided;None;No Special Feature;Coarse Asphalt;Coastal;Urban;30 - 35  MPH;No Control Present;Clear;No;35.7093, -77.92154
166;167;No;20-24;21;No;Facing Traffic;B: Evident Injury;Travel Lane;Black;Male;Warsaw;Duplin;No;;2010-04-19;Head-On;20;Non-Intersection;01-04-01;0001-01-01T15:03:58-04:56;Head-On - Bicyclist;0;2010;B: Evident Injury;Residential;;;Missing;31-35 mph;Injury;/Missing;;Passenger Car;No;Yes;Daylight;Rural (<30% Developed);2 lanes;2;Straight - Level;Local Street;Dry;Two-Way, Not Divided;None;No Special Feature;Coarse Asphalt;Coastal;Rural;30 - 35  MPH;No Control Present;Clear;No;35.00399, -78.08487
171;172;Yes;50-59;59;No;With Traffic;B: Evident Injury;Travel Lane;White;Female;Charlotte;Mecklenburg;No;01-01-02;2010-04-13;Motorist Overtaking Bicyclist;13;Non-Intersection;01-04-01;0001-01-01T08:19:58-04:56;Motorist Overtaking - Bicyclist Swerved;0;2010;B: Evident Injury;Residential;30-39;36;No;36-40 mph;O: No Injury;Black;Female;Sport Utility;No;No;Daylight;Urban (>70% Developed);4 lanes;2;Straight - Level;Local Street;Dry;Two-Way, Not Divided;None;No Special Feature;Smooth Asphalt;Piedmont;Urban;40 - 45  MPH;No Control Present;Clear;No;35.16861, -80.79537
707;708;Yes;30-39;38;No;With Traffic;B: Evident Injury;Travel Lane;Black;Female;High Point;Guilford;No;01-01-04;2011-10-06;Motorist Failed to Yield - Sign-Controlled Intersection;11;Intersection;01-10-01;0001-01-01T06:24:58-04:56;Motorist Drive Out - Sign-Controlled Intersection;111141;2011;B: Evident Injury;Commercial;70+;;No;6-10 mph;O: No Injury;White;Female;Passenger Car;No;No;Daylight;Urban (>70% Developed);5 lanes;2;Straight - Grade;NC Route;Dry;Two-Way, Not Divided;None;T-Intersection;Coarse Asphalt;Piedmont;Urban;30 - 35  MPH;Stop Sign;Clear;No;35.98405, -80.0135
710;711;Yes;30-39;30;No;With Traffic;C: Possible Injury;Sidewalk / Crosswalk / Driveway Crossing;White;Male;Morrisville;Wake;No;;2011-10-17;Motorist Right Turn / Merge;16;Intersection;01-10-01;0001-01-01T11:44:58-04:56;Motorist Right Turn - Same Direction;131213;2011;C: Possible Injury;Commercial;60-69;60;No;;O: No Injury;Black;Male;Sport Utility;No;No;Daylight;Urban (>70% Developed);2 lanes;2;Straight - Grade;State Secondary Route;Dry;Two-Way, Divided, Unprotected Median;None;Four-Way Intersection;Smooth Asphalt;Piedmont;Urban;;Stop And Go Signal;Clear;No;35.80485, -78.8133
717;718;Yes;30-39;33;No;With Traffic;B: Evident Injury;Travel Lane;White;Male;Cary;Wake;No;;2011-10-10;Motorist Right Turn / Merge;8;Non-Intersection;01-10-01;0001-01-01T03:49:58-04:56;Motorist Right Turn - Same Direction;311213;2011;B: Evident Injury;Commercial;40-49;46;No;0-5 mph;O: No Injury;White;Male;Truck/Trailer;No;No;Daylight;Urban (>70% Developed);4 lanes;2;Straight - Level;State Secondary Route;Dry;Two-Way, Divided, Unprotected Median;None;Driveway, Public;Smooth Asphalt;Piedmont;Urban;40 - 45  MPH;No Control Present;Clear;No;35.79008, -78.8506
718;719;Yes;30-39;32;No;Not Applicable;B: Evident Injury;Travel Lane;White;Male;Greensboro;Guilford;No;01-01-07;2011-09-25;Bicyclist Failed to Yield - Signalized Intersection;19;Intersection-Related;01-09-01;0001-01-01T14:54:58-04:56;Bicyclist Ride Out - Signalized  Intersection;213153;2011;B: Evident Injury;Commercial;40-49;41;No;16-20 mph;O: No Injury;White;Female;Passenger Car;No;No;Dark - Lighted Roadway;Urban (>70% Developed);5 lanes;2;Straight - Level;Local Street;Wet;Two-Way, Divided, Unprotected Median;None;No Special Feature;Smooth Asphalt;Piedmont;Urban;30 - 35  MPH;Stop And Go Signal;Rain;No;36.06196, -79.8155