FID;OBJECTID;AmbulanceR;BikeAge_Gr;Bike_Age;Bike_Alc_D;Bike_Dir;Bike_Injur;Bike_Pos;Bike_Race;Bike_Sex;City;County;CrashAlcoh;CrashDay;Crash_Date;Crash_Grp;Crash_Hour;Crash_Loc;Crash_Mont;Crash_Time;Crash_Type;Crash_Ty_1;Crash_Year;Crsh_Sevri;Developmen;DrvrAge_Gr;Drvr_Age;Drvr_Alc_D;Drvr_EstSp;Drvr_Injur;Drvr_Race;Drvr_Sex;Drvr_VehTy;ExcsSpdInd;Hit_Run;Light_Cond;Locality;Num_Lanes;Num_Units;Rd_Charact;Rd_Class;Rd_Conditi;Rd_Config;Rd_Defects;Rd_Feature;Rd_Surface;Region;Rural_Urba;Speed_Limi;Traff_Cntr;Weather;Workzone_I;Location
739;740;No;20-24;22;No;With Traffic;B: Evident Injury;Travel Lane;White;Male;Mount Airy;Surry;No;;2011-10-17;Motorist Overtaking Bicyclist;21;Non-Intersection;01-10-01;0001-01-01T16:42:58-04:56;Motorist Overtaking - Other /;311239;2011;A: Disabling Injury;Residential;40-49;42;No;21-25 mph;O: No Injury;White;Male;Sport Utility;No;No;Dark - Lighted Roadway;Urban (>70% Developed);2 lanes;2;Straight - Grade;Local Street;Dry;Two-Way, Not Divided;None;No Special Feature;Smooth Asphalt;Mountains;Urban;20 - 25  MPH;No Control Present;Clear;No;36.48702, -80.6183
753;754;Yes;40-49;45;No;With Traffic;K: Killed;Travel Lane;White;Male;None - Rural Crash;Davidson;No;01-01-02;2011-11-01;Motorist Overtaking Bicyclist;19;Non-Intersection;01-11-01;0001-01-01T14:14:58-04:56;Motorist Overtaking - Misjudged Space;311232;2011;K: Killed;Residential;30-39;30;No;51-55 mph;O: No Injury;White;Male;Pickup;No;Yes;Dark - Roadway Not Lighted;Rural (<30% Developed);2 lanes;2;Straight - Level;State Secondary Route;Dry;Two-Way, Not Divided;None;No Special Feature;Smooth Asphalt;Piedmont;Rural;50 - 55  MPH;Double Yellow Line, No Passing Zone;Clear;No;35.73918, -80.1028
754;755;Yes;40-49;45;No;Facing Traffic;C: Possible Injury;Travel Lane;Black;Male;Greensboro;Guilford;No;01-01-07;2011-10-09;Loss of Control / Turning Error;11;Intersection;01-10-01;0001-01-01T06:48:58-04:56;Bicyclist Turning Error - Left Turn;112114;2011;C: Possible Injury;Residential;30-39;30;No;0-5 mph;O: No Injury;Black;Female;Passenger Car;No;No;Daylight;Urban (>70% Developed);2 lanes;2;Straight - Level;Local Street;Dry;Two-Way, Not Divided;None;No Special Feature;Smooth Asphalt;Piedmont;Urban;30 - 35  MPH;Stop Sign;Clear;No;36.05145, -79.7645
756;757;Yes;20-24;20;No;With Traffic;B: Evident Injury;Travel Lane;White;Male;Wilmington;New Hanover;No;;2011-10-17;Motorist Left Turn / Merge;22;Intersection;01-10-01;0001-01-01T17:59:58-04:56;Motorist Left Turn - Opposite Direction;111212;2011;B: Evident Injury;Commercial;20-24;21;No;6-10 mph;O: No Injury;White;Female;Sport Utility;No;No;Dark - Lighted Roadway;Urban (>70% Developed);2 lanes;2;Straight - Level;Local Street;Dry;Two-Way, Not Divided;None;T-Intersection;Smooth Asphalt;Coastal;Urban;20 - 25  MPH;Stop Sign;Clear;No;34.22363, -77.8728
759;760;No;25-29;26;No;With Traffic;C: Possible Injury;Travel Lane;Black;Male;Greensboro;Guilford;No;01-01-06;2011-10-15;Motorist Overtaking Bicyclist;6;Non-Intersection;01-10-01;0001-01-01T01:07:58-04:56;Motorist Overtaking - Other /;311239;2011;C: Possible Injury;Residential;20-24;22;No;26-30 mph;O: No Injury;White;Male;Passenger Car;No;No;Dark - Roadway Not Lighted;Urban (>70% Developed);5 lanes;2;Straight - Bottom;Local Street;Dry;Two-Way, Divided, Unprotected Median;None;No Special Feature;Smooth Asphalt;Piedmont;Urban;;No Control Present;Clear;No;36.03917, -79.9004
783;784;No;25-29;25;No;With Traffic;B: Evident Injury;Travel Lane;White;Male;Boone;Watauga;No;01-01-06;2011-11-12;Motorist Left Turn / Merge;10;Non-Intersection;01-11-01;0001-01-01T05:49:58-04:56;Motorist Left Turn - Opposite Direction;311212;2011;B: Evident Injury;Institutional;70+;;No;0-5 mph;O: No Injury;White;Male;Sport Utility;No;No;Daylight;Urban (>70% Developed);4 lanes;2;Straight - Level;Local Street;Dry;Two-Way, Not Divided;None;Other;Coarse Asphalt;Mountains;Urban;20 - 25  MPH;No Control Present;Clear;No;36.21036, -81.6771
18;19;Yes;30-39;37;No;With Traffic;B: Evident Injury;Travel Lane;White;Male;Walkertown;Forsyth;No;01-01-04;2012-01-26;Motorist Overtaking Bicyclist;6;Non-Intersection;;0001-01-01T01:19:58-04:56;Motorist Overtaking - Other /;;2012;B: Evident Injury;Residential;40-49;46;No;41-45 mph;O: No Injury;White;Male;Truck/Trailer;No;No;Dark - Roadway Not Lighted;Mixed (30% To 70% Developed);2 lanes;2;Straight - Level;NC Route;Dry;Two-Way, Not Divided;None;No Special Feature;Smooth Asphalt;Piedmont;Rural;40 - 45  MPH;Double Yellow Line, No Passing Zone;Cloudy;No;36.17859, -80.1921
25;26;No;40-49;44;No;With Traffic;C: Possible Injury;Travel Lane;Black;Male;Durham;Durham;No;01-01-04;2012-02-02;Motorist Overtaking Bicyclist;13;Non-Intersection;01-02-01;0001-01-01T08:15:58-04:56;Motorist Overtaking - Other /;;2012;C: Possible Injury;Residential;;;Missing;31-35 mph;Injury;/Missing;;Passenger Car;No;Yes;Daylight;Urban (>70% Developed);2 lanes;2;Straight - Level;Local Street;Dry;Two-Way, Not Divided;None;No Special Feature;Smooth Asphalt;Piedmont;Urban;30 - 35  MPH;No Control Present;Clear;No;35.9934, -78.886
188;189;Yes;40-49;45;No;With Traffic;B: Evident Injury;Travel Lane;Black;Male;Fayetteville;Cumberland;No;01-01-06;2012-04-07;Bicyclist Failed to Yield - Sign-Controlled Intersection;21;Intersection;01-04-01;0001-01-01T16:24:58-04:56;Bicyclist Ride Out - Sign-Controlled Intersection;;2012;B: Evident Injury;Commercial;20-24;22;No;36-40 mph;O: No Injury;Black;Female;Passenger Car;No;No;Dark - Lighted Roadway;Urban (>70% Developed);6 lanes;2;Straight - Level;Local Street;Dry;Two-Way, Divided, Unprotected Median;None;No Special Feature;Smooth Asphalt;Coastal;Urban;30 - 35  MPH;Stop Sign;Clear;No;35.08169, -78.9024
192;193;Yes;15-Nov;15;No;With Traffic;B: Evident Injury;Travel Lane;Hispanic;Male;None - Rural Crash;Robeson;No;01-01-02;2012-04-17;Motorist Overtaking Bicyclist;23;Non-Intersection;01-04-01;0001-01-01T18:08:58-04:56;Motorist Overtaking - Other /;;2012;B: Evident Injury;Residential;0-19;19;No;41-45 mph;O: No Injury;Native American;Female;Passenger Car;No;No;Dark - Roadway Not Lighted;Mixed (30% To 70% Developed);2 lanes;2;Straight - Level;US Route;Dry;Two-Way, Not Divided;None;No Special Feature;Smooth Asphalt;Coastal;Rural;50 - 55  MPH;Double Yellow Line, No Passing Zone;Cloudy;No;34.70936, -79.0062
194;195;No;40-49;49;No;Facing Traffic;C: Possible Injury;Travel Lane;White;Male;Sanford;Lee;No;01-01-02;2012-04-10;Motorist Failed to Yield - Signalized Intersection;15;Intersection;01-04-01;0001-01-01T10:49:58-04:56;Motorist Drive Out - Right Turn on Red;;2012;C: Possible Injury;Commercial;60-69;60;No;6-10 mph;O: No Injury;Black;Female;Sport Utility;No;No;Daylight;Urban (>70% Developed);6 lanes;2;Straight - Grade;Local Street;Dry;Two-Way, Not Divided;None;Four-Way Intersection;Smooth Asphalt;Piedmont;Urban;40 - 45  MPH;Stop And Go Signal;Clear;No;35.46008, -79.1162
197;198;Yes;40-49;44;No;With Traffic;B: Evident Injury;Travel Lane;White;Male;Wilmington;New Hanover;No;01-01-02;2012-04-10;Motorist Left Turn / Merge;17;Intersection;01-04-01;0001-01-01T12:39:58-04:56;Motorist Left Turn - Opposite Direction;;2012;B: Evident Injury;Residential;20-24;22;No;6-10 mph;O: No Injury;White;Male;Passenger Car;No;No;Daylight;Urban (>70% Developed);3 lanes;2;Curve - Grade;Local Street;Dry;Two-Way, Not Divided;None;T-Intersection;Smooth Asphalt;Coastal;Urban;40 - 45  MPH;Stop And Go Signal;Clear;No;34.19515, -77.8708
215;216;No;40-49;49;No;Not Applicable;B: Evident Injury;Travel Lane;Black;Male;Raleigh;Wake;No;;2012-04-16;Bicyclist Failed to Yield - Midblock;4;Non-Intersection;01-04-01;0000-12-31T23:27:58-04:56;Bicyclist Ride Out - Midblock -;;2012;B: Evident Injury;Residential;25-29;28;No;31-35 mph;O: No Injury;Hispanic;Female;Passenger Car;No;No;Daylight;Urban (>70% Developed);3 lanes;2;Straight - Level;Local Street;Dry;One-Way, Not Divided;None;No Special Feature;Smooth Asphalt;Piedmont;Urban;30 - 35  MPH;No Control Present;Clear;No;35.78005, -78.627
249;250;No;40-49;47;No;Facing Traffic;C: Possible Injury;Sidewalk / Crosswalk / Driveway Crossing;Black;Male;Charlotte;Mecklenburg;No;;2012-05-07;Crossing Paths - Other Circumstances;16;Intersection-Related;01-05-01;0001-01-01T11:31:58-04:56;Crossing Paths - Uncontrolled Intersection;;2012;C: Possible Injury;Residential;50-59;55;No;0-5 mph;O: No Injury;Black;Female;Passenger Car;No;No;Daylight;Rural (<30% Developed);1 lane;2;Straight - Level;Local Street;Dry;Two-Way, Not Divided;None;No Special Feature;Smooth Asphalt;Piedmont;Urban;20 - 25  MPH;No Control Present;Clear;No;35.20236, -80.7302
250;251;No;50-59;51;No;With Traffic;B: Evident Injury;Travel Lane;White;Male;None - Rural Crash;Gaston;No;01-01-04;2012-05-03;Motorist Overtaking Bicyclist;19;Non-Intersection;01-05-01;0001-01-01T14:48:58-04:56;Motorist Overtaking - Misjudged Space;;2012;B: Evident Injury;Commercial;30-39;33;No;51-55 mph;O: No Injury;White;Male;Pickup;No;No;Daylight;Mixed (30% To 70% Developed);4 lanes;2;Straight - Grade;NC Route;Dry;Two-Way, Divided, Unprotected Median;None;No Special Feature;Smooth Asphalt;Piedmont;Rural;50 - 55  MPH;No Control Present;Clear;No;35.40177, -81.3357
278;279;No;40-49;49;No;With Traffic;C: Possible Injury;Bike Lane / Paved Shoulder;White;Male;None - Rural Crash;Davidson;No;01-01-02;2012-05-15;Motorist Overtaking Bicyclist;6;Non-Intersection;01-05-01;0001-01-01T01:04:58-04:56;Motorist Overtaking - Misjudged Space;;2012;C: Possible Injury;Residential;50-59;58;No;41-45 mph;O: No Injury;White;Female;Passenger Car;No;No;Daylight;Mixed (30% To 70% Developed);2 lanes;2;Straight - Level;NC Route;Wet;Two-Way, Not Divided;None;No Special Feature;Smooth Asphalt;Piedmont;Rural;50 - 55  MPH;Double Yellow Line, No Passing Zone;Cloudy;No;35.84377, -80.3332
281;282;Yes;20-24;22;No;With Traffic;B: Evident Injury;Travel Lane;Hispanic;Male;None - Rural Crash;Johnston;No;01-01-05;2012-05-11;Motorist Overtaking Bicyclist;16;Non-Intersection;01-05-01;0001-01-01T11:43:58-04:56;Motorist Overtaking - Bicyclist Swerved;;2012;B: Evident Injury;Residential;0-19;19;No;41-45 mph;O: No Injury;White;Female;Sport Utility;No;No;Daylight;Rural (<30% Developed);2 lanes;2;Straight - Level;State Secondary Route;Dry;Two-Way, Not Divided;None;Driveway, Public;Coarse Asphalt;Coastal;Rural;50 - 55  MPH;Double Yellow Line, No Passing Zone;Clear;No;35.40848, -78.5917
282;283;No;16-19;18;No;With Traffic;B: Evident Injury;Bike Lane / Paved Shoulder;White;Female;Macclesfield;Edgecombe;No;01-01-03;2012-03-14;Motorist Overtaking Bicyclist;16;Non-Intersection;01-03-01;0001-01-01T12:00:58-04:56;Motorist Overtaking - Misjudged Space;;2012;B: Evident Injury;Residential;;;No;26-30 mph;Injury;/Missing;;Passenger Car;No;Yes;Daylight;Urban (>70% Developed);2 lanes;2;Straight - Level;Local Street;Dry;Two-Way, Not Divided;None;No Special Feature;Coarse Asphalt;Coastal;Rural;30 - 35  MPH;Double Yellow Line, No Passing Zone;Clear;No;35.75139, -77.6721
284;285;Yes;15-Nov;11;No;Not Applicable;B: Evident Injury;Driveway / Alley;Black;Male;Eden;Rockingham;No;01-01-07;2012-05-06;Bicyclist Failed to Yield - Midblock;17;Non-Intersection;01-05-01;0001-01-01T12:08:58-04:56;Bicyclist Ride Out - Residential Driveway;;2012;B: Evident Injury;Residential;0-19;17;No;21-25 mph;O: No Injury;White;Male;Passenger Car;No;No;Daylight;Urban (>70% Developed);2 lanes;2;Straight - Level;Local Street;Dry;Two-Way, Not Divided;None;No Special Feature;Coarse Asphalt;Piedmont;Urban;20 - 25  MPH;No Control Present;Clear;No;36.48974, -79.7825
290;291;Yes;20-24;21;No;;C: Possible Injury;;Black;Male;Greensboro;Guilford;No;01-01-03;2012-05-16;Bicyclist Failed to Yield - Midblock;16;Non-Intersection;01-05-01;0001-01-01T11:52:58-04:56;Bicyclist Ride Out - Other Midblock;;2012;C: Possible Injury;Commercial;30-39;33;No;0-5 mph;O: No Injury;Black;Male;Passenger Car;No;No;Daylight;Mixed (30% To 70% Developed);6 lanes;2;Straight - Level;Local Street;Dry;Two-Way, Divided, Unprotected Median;None;Four-Way Intersection;Smooth Asphalt;Piedmont;Urban;30 - 35  MPH;Stop And Go Signal;Clear;No;36.05351, -79.8324
291;292;Yes;10-Jun;9;No;Not Applicable;C: Possible Injury;Sidewalk / Crosswalk / Driveway Crossing;Black;Female;Asheville;Buncombe;No;01-01-02;2012-04-24;Bicyclist Failed to Yield - Midblock;16;Non-Intersection;01-04-01;0001-01-01T11:24:58-04:56;Bicyclist Ride Out - Other Midblock;;2012;C: Possible Injury;Residential;25-29;27;No;11-15 mph;O: No Injury;White;Male;Passenger Car;No;No;Daylight;Urban (>70% Developed);2 lanes;2;Straight - Level;Local Street;Dry;Two-Way, Not Divided;None;No Special Feature;Coarse Asphalt;Mountains;Urban;20 - 25  MPH;No Control Present;Clear;No;35.59503, -82.5708
301;302;No;30-39;39;Yes;Facing Traffic;B: Evident Injury;Sidewalk / Crosswalk / Driveway Crossing;Hispanic;Male;Whiteville;Columbus;Yes;;2012-05-14;Motorist Failed to Yield - Midblock;15;Non-Intersection;01-05-01;0001-01-01T11:01:58-04:56;Motorist Drive Out - Commercial Driveway / Alley;;2012;B: Evident Injury;Commercial;40-49;41;No;;O: No Injury;White;Male;Pickup;No;No;Daylight;Urban (>70% Developed);5 lanes;2;Straight - Level;Public Vehicular Area;Dry;Two-Way, Not Divided;None;Driveway, Public;Smooth Asphalt;Coastal;Urban;5 - 15 MPH;No Control Present;Cloudy;No;34.33579, -78.7084
2;3;Yes;10-Jun;6;No;Facing Traffic;O: No Injury;Travel Lane;Black;Male;Charlotte;Mecklenburg;No;;2008-01-21;Bicyclist Right Turn / Merge;15;Non-Intersection;;0001-01-01T10:36:58-04:56;Bicyclist Right Turn - Same Direction;312223;2008;O: No Injury;Residential;40-49;41;No;21-25 mph;O: No Injury;White;Female;Passenger Car;No;No;Daylight;Urban (>70% Developed);2 lanes;2;Straight - Level;Local Street;Dry;Two-Way, Not Divided;None;No Special Feature;Concrete;Piedmont;Urban;20 - 25  MPH;No Control Present;Clear;No;0.0, 0.0
8;9;Yes;40-49;41;No;With Traffic;C: Possible Injury;Bike Lane / Paved Shoulder;Hispanic;Male;Benson;Johnston;No;01-01-04;2008-02-14;Motorist Overtaking Bicyclist;18;Non-Intersection;01-02-01;0001-01-01T14:02:58-04:56;Motorist Overtaking - Undetected Bicyclist;321231;2008;C: Possible Injury;Residential;70+;;No;26-30 mph;O: No Injury;White;Male;Light Truck (Mini-Van, Panel);No;No;Dark - Lighted Roadway;Rural (<30% Developed);2 lanes;2;Curve - Level;Local Street;Dry;Two-Way, Not Divided;None;No Special Feature;Smooth Asphalt;Coastal;Rural;40 - 45  MPH;Double Yellow Line, No Passing Zone;Clear;No;0.0, 0.0
9;10;No;10-Jun;8;No;Facing Traffic;B: Evident Injury;Sidewalk / Crosswalk / Driveway Crossing;Black;Female;Charlotte;Mecklenburg;No;01-01-06;2008-02-16;Motorist Failed to Yield - Sign-Controlled Intersection;18;Intersection;01-02-01;0001-01-01T13:27:58-04:56;Motorist Drive Out - Sign-Controlled Intersection;132141;2008;B: Evident Injury;Residential;0-19;18;No;0-5 mph;O: No Injury;White;Male;Passenger Car;No;No;Dusk;Mixed (30% To 70% Developed);2 lanes;2;Straight - Level;Local Street;Dry;Two-Way, Not Divided;None;Four-Way Intersection;Smooth Asphalt;Piedmont;Urban;30 - 35  MPH;Stop Sign;Clear;No;0.0, 0.0
11;12;No;10-Jun;9;No;With Traffic;C: Possible Injury;Travel Lane;Black;Female;Charlotte;Mecklenburg;No;;2008-02-18;Bicyclist Failed to Yield - Sign-Controlled Intersection;11;Intersection-Related;01-02-01;0001-01-01T06:53:58-04:56;Bicyclist Ride Through - Sign-Controlled Intersection;211144;2008;C: Possible Injury;Residential;20-24;20;No;6-10 mph;O: No Injury;Black;Female;Passenger Car;No;No;Daylight;Urban (>70% Developed);2 lanes;2;Straight - Grade;Local Street;Dry;Two-Way, Not Divided;None;T-Intersection;Smooth Asphalt;Piedmont;Urban;20 - 25  MPH;Stop Sign;Clear;No;0.0, 0.0
12;13;No;50-59;54;Yes;With Traffic;O: No Injury;Travel Lane;Black;Male;Charlotte;Mecklenburg;Yes;01-01-07;2008-02-24;Parallel Paths - Other Circumstances;20;Intersection;01-02-01;0001-01-01T15:11:58-04:56;Motorist Turn / Merge - Other /;111219;2008;O: No Injury;Residential;25-29;25;No;0-5 mph;O: No Injury;White;Male;Truck/Trailer;No;No;Dark - Lighted Roadway;Urban (>70% Developed);2 lanes;2;Straight - Level;Local Street;Dry;Two-Way, Not Divided;None;No Special Feature;Smooth Asphalt;Piedmont;Urban;20 - 25  MPH;No Control Present;Clear;No;0.0, 0.0
15;16;Yes;60-69;61;No;With Traffic;C: Possible Injury;Travel Lane;White;Male;Charlotte;Mecklenburg;No;;2008-02-25;Bicyclist Left Turn / Merge;7;Non-Intersection;01-02-01;0001-01-01T03:00:58-04:56;Bicyclist Left Turn - Same Direction;311221;2008;C: Possible Injury;Commercial;30-39;35;No;31-35 mph;O: No Injury;Black;Female;Sport Utility;No;No;Daylight;Urban (>70% Developed);3 lanes;2;Straight - Level;Local Street;Dry;Two-Way, Not Divided;None;No Special Feature;Smooth Asphalt;Piedmont;Urban;30 - 35  MPH;No Control Present;Fog, Smog, Smoke;No;0.0, 0.0
20;21;No;30-39;32;No;Facing Traffic;O: No Injury;Travel Lane;Black;Male;Charlotte;Mecklenburg;No;01-01-03;2008-03-05;Motorist Failed to Yield - Sign-Controlled Intersection;14;Intersection;01-03-01;0001-01-01T09:23:58-04:56;Motorist Drive Out - Sign-Controlled Intersection;112141;2008;O: No Injury;Commercial;40-49;46;No;0-5 mph;O: No Injury;Black;Female;Commercial Bus;No;No;Daylight;Urban (>70% Developed);3 lanes;2;Straight - Level;Local Street;Dry;Two-Way, Not Divided;None;T-Intersection;Smooth Asphalt;Piedmont;Urban;30 - 35  MPH;Stop Sign;Clear;No;0.0, 0.0
23;24;No;40-49;46;No;With Traffic;O: No Injury;Travel Lane;White;Female;Cary;Wake;No;01-01-02;2008-03-18;Motorist Overtaking Bicyclist;18;Non-Intersection;01-03-01;0001-01-01T13:03:58-04:56;Motorist Overtaking - Misjudged Space;311232;2008;O: No Injury;Residential;;;Missing;36-40 mph;Injury;/Missing;;Pickup;No;Yes;Dusk;Mixed (30% To 70% Developed);2 lanes;2;Straight - Grade;State Secondary Route;Dry;Two-Way, Not Divided;None;No Special Feature;Coarse Asphalt;Piedmont;Urban;40 - 45  MPH;No Control Present;Clear;No;0.0, 0.0
26;27;No;30-39;35;No;With Traffic;B: Evident Injury;Travel Lane;White;Male;None - Rural Crash;Caswell;No;01-01-05;2008-01-04;Motorist Overtaking Bicyclist;17;Non-Intersection;;0001-01-01T12:21:58-04:56;Motorist Overtaking - Misjudged Space;311232;2008;B: Evident Injury;Farms, Woods, Pastures;70+;;No;46-50 mph;O: No Injury;White;Female;Passenger Car;No;No;Dusk;Rural (<30% Developed);2 lanes;2;Straight - Level;State Secondary Route;Dry;Two-Way, Not Divided;None;No Special Feature;Coarse Asphalt;Piedmont;Rural;50 - 55  MPH;Double Yellow Line, No Passing Zone;Clear;No;0.0, 0.0
31;32;No;15-Nov;14;No;With Traffic;C: Possible Injury;Travel Lane;White;Male;Charlotte;Mecklenburg;No;01-01-03;2008-04-02;Motorist Left Turn / Merge;15;Intersection;01-04-01;0001-01-01T10:45:58-04:56;Motorist Left Turn - Opposite Direction;111212;2008;C: Possible Injury;Commercial;20-24;24;No;11-15 mph;O: No Injury;White;Female;Passenger Car;No;No;Daylight;Urban (>70% Developed);2 lanes;2;Straight - Level;Local Street;Dry;Two-Way, Divided, Unprotected Median;None;Four-Way Intersection;Smooth Asphalt;Piedmont;Urban;30 - 35  MPH;Stop And Go Signal;Clear;No;0.0, 0.0
33;34;No;25-29;28;No;With Traffic;O: No Injury;Travel Lane;White;Male;Garner;Wake;No;01-01-02;2008-01-08;Crossing Paths - Other Circumstances;11;Intersection;;0001-01-01T06:23:58-04:56;Sign-Controlled Intersection - Other /;111148;2008;O: No Injury;Institutional;0-19;17;No;11-15 mph;O: No Injury;Black;Male;Sport Utility;No;Yes;Daylight;Mixed (30% To 70% Developed);2 lanes;2;Straight - Level;Local Street;Dry;Two-Way, Not Divided;None;No Special Feature;Smooth Asphalt;Piedmont;Urban;20 - 25  MPH;No Control Present;Clear;No;0.0, 0.0
40;41;No;30-39;31;No;Not Applicable;O: No Injury;Non-Roadway;Black;Male;Raleigh;Wake;No;01-01-04;2008-01-10;Non-Roadway;22;Non-Roadway;;0001-01-01T17:06:58-04:56;Non-Roadway;460910;2008;O: No Injury;Commercial;40-49;40;No;0-5 mph;O: No Injury;White;Male;Light Truck (Mini-Van, Panel);No;No;Dark - Lighted Roadway;Urban (>70% Developed);;2;Straight - Level;Public Vehicular Area;Dry;Two-Way, Not Divided;None;Driveway, Public;Smooth Asphalt;Piedmont;Urban;30 - 35  MPH;No Control Present;Clear;No;0.0, 0.0
45;46;No;60-69;64;Yes;With Traffic;B: Evident Injury;Travel Lane;Black;Male;Kannapolis;Cabarrus;Yes;01-01-05;2008-01-11;Crossing Paths - Other Circumstances;22;Intersection;;0001-01-01T17:04:58-04:56;Sign-Controlled Intersection - Other /;111148;2008;B: Evident Injury;Residential;70+;;No;6-10 mph;O: No Injury;White;Male;Sport Utility;No;No;Dark - Lighted Roadway;Urban (>70% Developed);2 lanes;2;Straight - Level;Local Street;Dry;Two-Way, Not Divided;None;No Special Feature;Smooth Asphalt;Piedmont;Urban;40 - 45  MPH;Stop Sign;Clear;No;0.0, 0.0
46;47;No;40-49;41;No;Not Applicable;O: No Injury;Multi-use Path;White;Male;Raleigh;Wake;No;;2008-01-14;Non-Roadway;17;Non-Roadway;;0001-01-01T12:36:58-04:56;Non-Roadway;440910;2008;O: No Injury;Commercial;20-24;22;No;0-5 mph;O: No Injury;White;Female;Passenger Car;No;No;Dark - Lighted Roadway;Mixed (30% To 70% Developed);2 lanes;2;Straight - Level;Public Vehicular Area;Dry;Two-Way, Not Divided;None;Driveway, Public;Smooth Asphalt;Piedmont;Urban;5 - 15 MPH;Flashing Signal With Stop Sign;Clear;No;0.0, 0.0
52;53;Yes;40-49;46;No;With Traffic;A: Disabling Injury;Travel Lane;Other;Female;Fayetteville;Cumberland;No;01-01-02;2008-03-25;Motorist Overtaking Bicyclist;6;Non-Intersection;01-03-01;0001-01-01T01:49:58-04:56;Motorist Overtaking - Bicyclist Swerved;311235;2008;A: Disabling Injury;Farms, Woods, Pastures;40-49;47;No;46-50 mph;O: No Injury;White;Male;Single Unit Truck (2-Axle, 6-Tire);No;No;Dark - Roadway Not Lighted;Rural (<30% Developed);4 lanes;2;Straight - Grade;Local Street;Dry;Two-Way, Divided, Unprotected Median;None;No Special Feature;Coarse Asphalt;Coastal;Urban;50 - 55  MPH;No Control Present;Clear;No;0.0, 0.0
56;57;Yes;50-59;52;Yes;With Traffic;B: Evident Injury;Travel Lane;Black;Male;None - Rural Crash;Cumberland;Yes;01-01-07;2008-01-20;Loss of Control / Turning Error;19;Intersection-Related;;0001-01-01T14:30:58-04:56;Bicylist Lost Control - Alcohol / Drug Impairment;211123;2008;B: Evident Injury;Residential;50-59;56;No;31-35 mph;O: No Injury;Black;Male;Passenger Car;No;No;Dark - Lighted Roadway;Urban (>70% Developed);2 lanes;2;Straight - Grade;State Secondary Route;Dry;Two-Way, Not Divided;None;No Special Feature;Coarse Asphalt;Coastal;Rural;30 - 35  MPH;Double Yellow Line, No Passing Zone;Clear;No;0.0, 0.0
57;58;No;10-Jun;9;No;;B: Evident Injury;;Black;Male;Charlotte;Mecklenburg;No;01-01-03;2008-04-09;Loss of Control / Turning Error;17;Intersection;01-04-01;0001-01-01T12:39:58-04:56;Bicyclist Lost Control - Mechanical Problems;199121;2008;B: Evident Injury;Residential;40-49;43;No;21-25 mph;O: No Injury;Hispanic;Female;Passenger Car;No;No;Daylight;Urban (>70% Developed);1 lane;2;Straight - Level;Local Street;Dry;Two-Way, Not Divided;None;Four-Way Intersection;Smooth Asphalt;Piedmont;Urban;20 - 25  MPH;No Control Present;Clear;No;0.0, 0.0
59;60;Yes;10-Jun;9;No;With Traffic;A: Disabling Injury;Travel Lane;Black;Male;Charlotte;Mecklenburg;No;01-01-06;2008-03-22;Crossing Paths - Other Circumstances;18;Intersection;01-03-01;0001-01-01T13:54:58-04:56;Sign-Controlled Intersection - Other /;111148;2008;A: Disabling Injury;Residential;20-24;24;No;21-25 mph;O: No Injury;Black;Female;Sport Utility;No;No;Daylight;Urban (>70% Developed);2 lanes;2;Straight - Level;Local Street;Dry;Two-Way, Not Divided;None;No Special Feature;Concrete;Piedmont;Urban;30 - 35  MPH;No Control Present;Clear;No;0.0, 0.0
60;61;Yes;16-19;18;No;With Traffic;C: Possible Injury;Travel Lane;Black;Male;Charlotte;Mecklenburg;No;01-01-05;2008-04-11;Bicyclist Right Turn / Merge;15;Non-Intersection;01-04-01;0001-01-01T10:38:58-04:56;Bicyclist Right Turn - Same Direction;311223;2008;C: Possible Injury;Commercial;40-49;43;No;26-30 mph;O: No Injury;Black;Female;Passenger Car;No;No;Daylight;Urban (>70% Developed);5 lanes;2;Straight - Level;Local Street;Dry;Two-Way, Not Divided;None;No Special Feature;Coarse Asphalt;Piedmont;Urban;40 - 45  MPH;No Control Present;Cloudy;No;0.0, 0.0
72;73;Yes;30-39;35;No;With Traffic;B: Evident Injury;Sidewalk / Crosswalk / Driveway Crossing;White;Male;Hickory;Catawba;No;01-01-02;2008-01-29;Motorist Right Turn / Merge;11;Intersection;;0001-01-01T06:44:58-04:56;Motorist Right Turn - Same Direction;131213;2008;B: Evident Injury;Commercial;25-29;27;No;0-5 mph;O: No Injury;White;Female;Passenger Car;No;No;Daylight;Urban (>70% Developed);2 lanes;2;Straight - Grade;Public Vehicular Area;Dry;Two-Way, Not Divided;None;No Special Feature;Coarse Asphalt;Piedmont;Urban;5 - 15 MPH;No Control Present;Cloudy;No;0.0, 0.0
74;75;Yes;25-29;29;No;With Traffic;B: Evident Injury;Travel Lane;White;Male;Carrboro;Orange;No;01-01-03;2008-01-30;Bicyclist Failed to Yield - Signalized Intersection;11;Intersection;;0001-01-01T06:29:58-04:56;Bicyclist Failed to Clear - Multiple Threat;111157;2008;B: Evident Injury;Commercial;50-59;52;No;26-30 mph;O: No Injury;Black;Female;Passenger Car;No;No;Daylight;Urban (>70% Developed);4 lanes;2;Curve - Hillcrest;NC Route;Dry;Two-Way, Divided, Unprotected Median;None;Four-Way Intersection;Smooth Asphalt;Piedmont;Urban;40 - 45  MPH;Stop And Go Signal;Clear;No;0.0, 0.0