FID;OBJECTID;AmbulanceR;BikeAge_Gr;Bike_Age;Bike_Alc_D;Bike_Dir;Bike_Injur;Bike_Pos;Bike_Race;Bike_Sex;City;County;CrashAlcoh;CrashDay;Crash_Date;Crash_Grp;Crash_Hour;Crash_Loc;Crash_Mont;Crash_Time;Crash_Type;Crash_Ty_1;Crash_Year;Crsh_Sevri;Developmen;DrvrAge_Gr;Drvr_Age;Drvr_Alc_D;Drvr_EstSp;Drvr_Injur;Drvr_Race;Drvr_Sex;Drvr_VehTy;ExcsSpdInd;Hit_Run;Light_Cond;Locality;Num_Lanes;Num_Units;Rd_Charact;Rd_Class;Rd_Conditi;Rd_Config;Rd_Defects;Rd_Feature;Rd_Surface;Region;Rural_Urba;Speed_Limi;Traff_Cntr;Weather;Workzone_I;Location
88;89;Yes;16-19;17;No;With Traffic;B: Evident Injury;Travel Lane;White;Male;None - Rural Crash;Richmond;No;;2008-02-04;Motorist Overtaking Bicyclist;14;Non-Intersection;01-02-01;0001-01-01T09:03:58-04:56;Motorist Overtaking - Other /;311239;2008;B: Evident Injury;Commercial;;;Missing;41-45 mph;Injury;/Missing;;;No;Yes;Daylight;Urban (>70% Developed);2 lanes;2;Straight - Grade;State Secondary Route;Wet;Two-Way, Not Divided;None;No Special Feature;Smooth Asphalt;Piedmont;Rural;40 - 45  MPH;Double Yellow Line, No Passing Zone;Cloudy;No;0.0, 0.0
90;91;Yes;40-49;46;No;With Traffic;Injury;Bike Lane / Paved Shoulder;Black;Female;Kenly;Johnston;No;01-01-02;2008-04-15;Bicyclist Left Turn / Merge;16;Non-Intersection;01-04-01;0001-01-01T11:33:58-04:56;Bicyclist Left Turn - Same Direction;321221;2008;O: No Injury;Commercial;30-39;31;No;31-35 mph;O: No Injury;White;Female;Passenger Car;No;No;Daylight;Mixed (30% To 70% Developed);2 lanes;2;Straight - Level;Local Street;Dry;Two-Way, Not Divided;None;No Special Feature;Concrete;Coastal;Rural;30 - 35  MPH;No Control Present;Clear;No;0.0, 0.0
93;94;No;30-39;33;No;;C: Possible Injury;;Black;Male;Greensboro;Guilford;No;01-01-04;2008-02-07;Other /  - Insufficient Details;17;Intersection;01-02-01;0001-01-01T12:18:58-04:56;Approach Paths;1990970;2008;C: Possible Injury;Commercial;20-24;22;No;11-15 mph;O: No Injury;Black;Female;Passenger Car;No;No;Dusk;Urban (>70% Developed);3 lanes;2;Straight - Level;Local Street;Dry;Two-Way, Divided, Unprotected Median;None;T-Intersection;Smooth Asphalt;Piedmont;Urban;20 - 25  MPH;Stop Sign;Clear;No;0.0, 0.0
94;95;No;16-19;19;No;With Traffic;C: Possible Injury;Travel Lane;Black;Male;Fayetteville;Cumberland;No;01-01-03;2008-02-06;Bicyclist Left Turn / Merge;7;Non-Intersection;01-02-01;0001-01-01T02:23:58-04:56;Bicyclist Left Turn - Same Direction;311221;2008;C: Possible Injury;Industrial;25-29;27;No;41-45 mph;O: No Injury;White;Female;Passenger Car;No;No;Daylight;Rural (<30% Developed);2 lanes;2;Straight - Level;Local Street;Dry;Two-Way, Not Divided;None;No Special Feature;Grooved Concrete;Coastal;Urban;40 - 45  MPH;Missing;Clear;No;0.0, 0.0
102;103;No;30-39;31;No;Facing Traffic;O: No Injury;Sidewalk / Crosswalk / Driveway Crossing;White;Male;Charlotte;Mecklenburg;No;01-01-02;2008-04-22;Motorist Failed to Yield - Sign-Controlled Intersection;20;Intersection;01-04-01;0001-01-01T15:24:58-04:56;Motorist Drive Out - Sign-Controlled Intersection;132141;2008;O: No Injury;Residential;40-49;41;No;6-10 mph;O: No Injury;White;Male;Passenger Car;No;No;Dark - Lighted Roadway;Urban (>70% Developed);3 lanes;2;Straight - Level;Local Street;Dry;Two-Way, Not Divided;None;Four-Way Intersection;Smooth Asphalt;Piedmont;Urban;20 - 25  MPH;Stop Sign;Clear;No;0.0, 0.0
104;105;Yes;30-39;30;Yes;With Traffic;C: Possible Injury;Travel Lane;White;Male;None - Rural Crash;Pitt;Yes;01-01-02;2008-04-22;Motorist Overtaking Bicyclist;21;Non-Intersection;01-04-01;0001-01-01T16:43:58-04:56;Motorist Overtaking - Other /;311239;2008;C: Possible Injury;Residential;;;Missing;;Injury;/Missing;;;No;Yes;Dark - Roadway Not Lighted;Mixed (30% To 70% Developed);2 lanes;2;Straight - Level;State Secondary Route;Dry;Two-Way, Not Divided;None;No Special Feature;Smooth Asphalt;Coastal;Rural;40 - 45  MPH;Double Yellow Line, No Passing Zone;Cloudy;No;0.0, 0.0
106;107;No;16-19;19;No;Facing Traffic;C: Possible Injury;Sidewalk / Crosswalk / Driveway Crossing;White;Male;Kings Mountain;Cleveland;No;01-01-05;2008-02-15;Motorist Left Turn / Merge;17;Non-Intersection;01-02-01;0001-01-01T12:05:58-04:56;Motorist Left Turn - Same Direction;332211;2008;C: Possible Injury;Commercial;40-49;49;No;0-5 mph;O: No Injury;White;Male;Sport Utility;No;No;Daylight;Urban (>70% Developed);;2;Straight - Grade;Local Street;Dry;One-Way, Not Divided;None;Driveway, Public;Smooth Asphalt;Mountains;Urban;30 - 35  MPH;No Control Present;Clear;No;0.0, 0.0
110;111;Yes;50-59;52;No;With Traffic;B: Evident Injury;Travel Lane;Black;Male;None - Rural Crash;Wilson;No;01-01-05;2008-02-15;Motorist Overtaking Bicyclist;6;Non-Intersection;01-02-01;0001-01-01T01:06:58-04:56;Motorist Overtaking - Undetected Bicyclist;311231;2008;B: Evident Injury;Farms, Woods, Pastures;40-49;41;No;36-40 mph;O: No Injury;White;Male;Pickup;No;No;Dark - Roadway Not Lighted;Rural (<30% Developed);8 lanes;2;Straight - Level;US Route;Dry;Two-Way, Divided, Unprotected Median;None;No Special Feature;Smooth Asphalt;Coastal;Rural;40 - 45  MPH;No Control Present;Clear;No;0.0, 0.0
124;125;No;40-49;42;No;With Traffic;C: Possible Injury;Travel Lane;White;Female;Fayetteville;Cumberland;No;01-01-03;2008-04-09;Motorist Failed to Yield - Sign-Controlled Intersection;16;Intersection;01-04-01;0001-01-01T11:38:58-04:56;Motorist Drive Out - Sign-Controlled Intersection;111141;2008;C: Possible Injury;Residential;0-19;18;No;0-5 mph;O: No Injury;White;Male;Sport Utility;No;No;Daylight;Urban (>70% Developed);3 lanes;2;Straight - Level;Local Street;Dry;Two-Way, Not Divided;None;No Special Feature;Smooth Asphalt;Coastal;Urban;30 - 35  MPH;Stop Sign;Clear;No;0.0, 0.0
126;127;Yes;15-Nov;15;No;With Traffic;B: Evident Injury;Travel Lane;White;Male;None - Rural Crash;Wayne;No;01-01-07;2008-02-24;Motorist Overtaking Bicyclist;14;Non-Intersection;01-02-01;0001-01-01T09:13:58-04:56;Motorist Overtaking - Bicyclist Swerved;311235;2008;B: Evident Injury;Farms, Woods, Pastures;30-39;36;No;36-40 mph;O: No Injury;Hispanic;Male;Passenger Car;No;No;Daylight;Rural (<30% Developed);2 lanes;2;Straight - Level;State Secondary Route;Dry;Two-Way, Not Divided;None;No Special Feature;Coarse Asphalt;Coastal;Rural;50 - 55  MPH;No Control Present;Clear;No;0.0, 0.0
136;137;Yes;15-Nov;13;No;;C: Possible Injury;Bike Lane / Paved Shoulder;Black;Male;None - Rural Crash;Moore;No;01-01-07;2008-05-04;Other /  - Insufficient Details;15;Non-Intersection;01-05-01;0001-01-01T10:03:58-04:56;Approach Paths;3290970;2008;C: Possible Injury;Residential;20-24;23;No;21-25 mph;O: No Injury;Black;Female;Sport Utility;No;No;Daylight;Mixed (30% To 70% Developed);2 lanes;2;Straight - Grade;State Secondary Route;Dry;Two-Way, Not Divided;None;No Special Feature;Smooth Asphalt;Piedmont;Rural;20 - 25  MPH;No Control Present;Clear;No;0.0, 0.0
145;146;No;50-59;51;No;Facing Traffic;C: Possible Injury;Sidewalk / Crosswalk / Driveway Crossing;Black;Male;Wilmington;New Hanover;No;01-01-02;2008-03-04;Motorist Failed to Yield - Sign-Controlled Intersection;16;Intersection;01-03-01;0001-01-01T11:52:58-04:56;Motorist Drive Out - Sign-Controlled Intersection;132141;2008;C: Possible Injury;Residential;40-49;47;No;0-5 mph;O: No Injury;White;Male;Van;No;No;Daylight;Urban (>70% Developed);4 lanes;2;Straight - Level;Local Street;Dry;Two-Way, Not Divided;None;T-Intersection;Smooth Asphalt;Coastal;Urban;30 - 35  MPH;Stop Sign;Cloudy;No;0.0, 0.0
151;152;Yes;60-69;65;No;Not Applicable;B: Evident Injury;Non-Roadway;Black;Male;High Point;Guilford;No;01-01-04;2008-03-06;Non-Roadway;13;Non-Roadway;01-03-01;0001-01-01T08:11:58-04:56;Non-Roadway;460910;2008;B: Evident Injury;Residential;40-49;45;No;0-5 mph;O: No Injury;White;Male;Van;No;No;Daylight;Urban (>70% Developed);;2;Straight - Level;Public Vehicular Area;Dry;One-Way, Not Divided;None;Driveway, Public;Coarse Asphalt;Piedmont;Urban;;Missing;Clear;No;0.0, 0.0
157;158;Yes;40-49;40;Yes;Facing Traffic;B: Evident Injury;Travel Lane;Black;Male;Greensboro;Guilford;Yes;01-01-07;2008-03-09;Bicyclist Right Turn / Merge;0;Intersection;01-03-01;0000-12-31T19:14:58-04:56;Bicyclist Right Turn - Same Direction;112223;2008;B: Evident Injury;Commercial;40-49;42;No;41-45 mph;O: No Injury;Black;Female;Passenger Car;No;No;Dark - Lighted Roadway;Urban (>70% Developed);6 lanes;2;Straight - Grade;Local Street;Dry;Two-Way, Divided, Positive Median Barrier;None;T-Intersection;Smooth Asphalt;Piedmont;Urban;40 - 45  MPH;Missing;Clear;No;0.0, 0.0
158;159;Yes;60-69;69;No;Facing Traffic;B: Evident Injury;Other;White;Male;Gastonia;Gaston;No;01-01-02;2008-03-11;Loss of Control / Turning Error;16;Intersection-Related;01-03-01;0001-01-01T11:36:58-04:56;Motorist Lost Control - Oversteering, Improper Braking, Speed;282132;2008;B: Evident Injury;Residential;0-19;16;No;26-30 mph;O: No Injury;Black;Male;Passenger Car;No;No;Daylight;Urban (>70% Developed);2 lanes;2;Curve - Grade;Local Street;Dry;Two-Way, Not Divided;None;T-Intersection;Coarse Asphalt;Piedmont;Urban;30 - 35  MPH;Missing;Cloudy;No;0.0, 0.0
167;168;Yes;30-39;30;No;Facing Traffic;C: Possible Injury;Sidewalk / Crosswalk / Driveway Crossing;Black;Male;Charlotte;Mecklenburg;No;01-01-06;2008-05-10;Motorist Failed to Yield - Sign-Controlled Intersection;11;Intersection;01-05-01;0001-01-01T06:57:58-04:56;Motorist Drive Out - Sign-Controlled Intersection;132141;2008;C: Possible Injury;Residential;40-49;42;No;0-5 mph;O: No Injury;White;Female;Van;No;No;Daylight;Urban (>70% Developed);4 lanes;2;Straight - Level;Local Street;Dry;Two-Way, Divided, Unprotected Median;None;T-Intersection;Smooth Asphalt;Piedmont;Urban;20 - 25  MPH;Stop Sign;Clear;No;0.0, 0.0
172;173;Yes;40-49;48;No;With Traffic;C: Possible Injury;Travel Lane;White;Female;Chapel Hill;Orange;No;01-01-07;2008-03-16;Motorist Left Turn / Merge;18;Intersection;01-03-01;0001-01-01T13:04:58-04:56;Motorist Left Turn - Opposite Direction;111212;2008;C: Possible Injury;Residential;70+;;No;16-20 mph;O: No Injury;White;Female;Passenger Car;No;No;Daylight;Urban (>70% Developed);2 lanes;2;Straight - Level;Local Street;Dry;Two-Way, Not Divided;None;Four-Way Intersection;Smooth Asphalt;Piedmont;Urban;30 - 35  MPH;No Control Present;Clear;No;0.0, 0.0
604;605;No;50-59;59;No;With Traffic;C: Possible Injury;Bike Lane / Paved Shoulder;White;Male;None - Rural Crash;Randolph;No;;2011-09-05;Parallel Paths - Other Circumstances;12;Non-Intersection;01-09-01;0001-01-01T07:33:58-04:56;Parallel Paths - Other /;321280;2011;C: Possible Injury;Farms, Woods, Pastures;;;No;51-55 mph;Injury;/Missing;;Pickup;No;Yes;Daylight;Mixed (30% To 70% Developed);2 lanes;2;Straight - Level;State Secondary Route;Dry;Two-Way, Not Divided;None;No Special Feature;Coarse Asphalt;Piedmont;Rural;50 - 55  MPH;Double Yellow Line, No Passing Zone;Clear;No;35.86706, -79.5692
605;606;Yes;40-49;43;No;Facing Traffic;C: Possible Injury;Sidewalk / Crosswalk / Driveway Crossing;Black;Male;Wilmington;New Hanover;No;01-01-05;2011-08-26;Motorist Left Turn / Merge;8;Non-Intersection;01-08-01;0001-01-01T03:31:58-04:56;Motorist Left Turn - Same Direction;332211;2011;C: Possible Injury;Commercial;50-59;59;No;6-10 mph;O: No Injury;White;Female;Pickup;No;No;Daylight;Urban (>70% Developed);;2;Straight - Level;Local Street;Wet;Two-Way, Divided, Unprotected Median;None;No Special Feature;Smooth Asphalt;Coastal;Urban;30 - 35  MPH;No Control Present;Cloudy;No;34.23136, -77.8789
609;610;Yes;15-Nov;14;No;With Traffic;B: Evident Injury;Travel Lane;Black;Male;Reidsville;Rockingham;No;01-01-02;2011-08-09;Bicyclist Failed to Yield - Signalized Intersection;15;Intersection;01-08-01;0001-01-01T10:51:58-04:56;Bicyclist Ride Through - Signalized Intersection;111155;2011;B: Evident Injury;Commercial;50-59;54;No;31-35 mph;O: No Injury;Black;Female;Passenger Car;No;No;Daylight;Urban (>70% Developed);2 lanes;2;Straight - Level;Local Street;Dry;Two-Way, Not Divided;None;Four-Way Intersection;Smooth Asphalt;Piedmont;Urban;30 - 35  MPH;Stop And Go Signal;Clear;No;36.35851, -79.6767
612;613;Yes;60-69;65;Yes;Not Applicable;K: Killed;Driveway / Alley;White;Male;None - Rural Crash;Hertford;Yes;01-01-03;2011-09-07;Bicyclist Failed to Yield - Midblock;17;Non-Intersection;01-09-01;0001-01-01T12:23:58-04:56;Bicyclist Ride Out - Residential Driveway;353311;2011;K: Killed;Residential;40-49;44;No;41-45 mph;O: No Injury;White;Male;Passenger Car;No;No;Daylight;Rural (<30% Developed);2 lanes;2;Straight - Level;US Route;Wet;Two-Way, Not Divided;None;Driveway, Private;Coarse Asphalt;Coastal;Rural;40 - 45  MPH;Double Yellow Line, No Passing Zone;Cloudy;No;36.43953, -77.1272
618;619;Yes;40-49;45;Yes;With Traffic;B: Evident Injury;Travel Lane;White;Male;Carolina Beach;New Hanover;Yes;;2011-08-22;Bicyclist Left Turn / Merge;17;Intersection-Related;01-08-01;0001-01-01T12:37:58-04:56;Bicyclist Left Turn - Same Direction;211221;2011;B: Evident Injury;Commercial;40-49;44;No;16-20 mph;O: No Injury;White;Male;Passenger Car;No;No;Daylight;Urban (>70% Developed);2 lanes;2;Straight - Level;Local Street;Wet;Two-Way, Not Divided;None;Four-Way Intersection;Smooth Asphalt;Coastal;Urban;20 - 25  MPH;Stop Sign;Rain;No;34.02724, -77.8954
623;624;No;40-49;48;No;With Traffic;O: No Injury;Travel Lane;Hispanic;Male;None - Rural Crash;New Hanover;No;01-01-05;2011-09-16;Motorist Overtaking Bicyclist;17;Non-Intersection;01-09-01;0001-01-01T12:52:58-04:56;Motorist Overtaking - Misjudged Space;311232;2011;O: No Injury;Commercial;50-59;55;No;41-45 mph;O: No Injury;White;Female;Passenger Car;No;No;Daylight;Urban (>70% Developed);4 lanes;2;Straight - Level;US Route;Dry;Two-Way, Divided, Unprotected Median;None;No Special Feature;Smooth Asphalt;Coastal;Rural;50 - 55  MPH;No Control Present;Clear;No;34.10539, -77.8998
630;631;Yes;50-59;51;No;With Traffic;B: Evident Injury;Sidewalk / Crosswalk / Driveway Crossing;White;Male;Wilmington;New Hanover;No;01-01-03;2011-09-07;Motorist Failed to Yield - Midblock;18;Non-Intersection;01-09-01;0001-01-01T13:57:58-04:56;Motorist Drive Out - Other Midblock;331328;2011;B: Evident Injury;Residential;60-69;67;No;0-5 mph;O: No Injury;White;Female;Passenger Car;No;No;Daylight;Urban (>70% Developed);2 lanes;2;Straight - Level;Local Street;Dry;Two-Way, Divided, Unprotected Median;;No Special Feature;Coarse Asphalt;Coastal;Urban;20 - 25  MPH;No Control Present;Clear;No;34.19452, -77.88
640;641;Yes;50-59;57;No;Facing Traffic;B: Evident Injury;Travel Lane;Hispanic;Male;Raleigh;Wake;No;01-01-02;2011-09-20;Crossing Paths - Other Circumstances;13;Intersection;01-09-01;0001-01-01T08:22:58-04:56;Signalized Intersection - Other /;112158;2011;B: Evident Injury;Commercial;40-49;46;No;16-20 mph;O: No Injury;White;Male;Sport Utility;No;No;Daylight;Urban (>70% Developed);6 lanes;2;Straight - Level;Local Street;Dry;Two-Way, Divided, Unprotected Median;None;On or Off Ramp;Smooth Asphalt;Piedmont;Urban;40 - 45  MPH;Stop And Go Signal;Cloudy;No;35.75152, -78.6483
644;645;Yes;20-24;21;No;With Traffic;C: Possible Injury;Travel Lane;White;Male;Boone;Watauga;No;;2011-09-12;Bicyclist Left Turn / Merge;9;Non-Intersection;01-09-01;0001-01-01T04:46:58-04:56;Bicyclist Left Turn - Same Direction;311221;2011;C: Possible Injury;Commercial;20-24;20;No;41-45 mph;O: No Injury;White;Male;Passenger Car;No;No;Daylight;Urban (>70% Developed);4 lanes;2;Straight - Grade;US Route;Dry;Two-Way, Not Divided;None;No Special Feature;Smooth Asphalt;Mountains;Urban;40 - 45  MPH;Double Yellow Line, No Passing Zone;Clear;No;36.18722, -81.6528
648;649;Yes;25-29;28;No;With Traffic;B: Evident Injury;Travel Lane;White;Female;Chapel Hill;Orange;No;01-01-02;2011-09-20;Motorist Left Turn / Merge;22;Intersection;01-09-01;0001-01-01T17:54:58-04:56;Motorist Left Turn - Opposite Direction;111212;2011;B: Evident Injury;Commercial;0-19;19;No;0-5 mph;O: No Injury;White;Male;Passenger Car;No;No;Dark - Lighted Roadway;Urban (>70% Developed);4 lanes;2;Straight - Level;Local Street;Dry;Two-Way, Not Divided;None;No Special Feature;Smooth Asphalt;Piedmont;Urban;20 - 25  MPH;No Control Present;Clear;No;35.91121, -79.0605
664;665;Yes;40-49;48;No;With Traffic;B: Evident Injury;Sidewalk / Crosswalk / Driveway Crossing;Hispanic;Female;Charlotte;Mecklenburg;No;01-01-04;2011-09-22;Motorist Failed to Yield - Signalized Intersection;19;Intersection;01-09-01;0001-01-01T14:05:58-04:56;Motorist Drive Out - Right Turn on Red;131151;2011;B: Evident Injury;Commercial;25-29;28;No;0-5 mph;O: No Injury;Black;Female;Passenger Car;No;No;Daylight;Urban (>70% Developed);5 lanes;2;Straight - Level;Local Street;Dry;Two-Way, Divided, Unprotected Median;None;T-Intersection;Smooth Asphalt;Piedmont;Urban;30 - 35  MPH;Stop And Go Signal;Clear;No;35.22437, -80.8911
224;225;Yes;16-19;16;No;With Traffic;C: Possible Injury;Travel Lane;Black;Male;Kenly;Johnston;No;01-01-06;2009-06-06;Motorist Left Turn / Merge;13;Intersection;01-06-01;0001-01-01T08:28:58-04:56;Motorist Left Turn - Opposite Direction;111212;2009;C: Possible Injury;Residential;70+;;No;0-5 mph;O: No Injury;White;Male;Pickup;No;No;Daylight;Urban (>70% Developed);2 lanes;2;Straight - Level;Local Street;Dry;Two-Way, Divided, Unprotected Median;None;No Special Feature;Coarse Asphalt;Coastal;Rural;30 - 35  MPH;Stop Sign;Cloudy;No;35.596935, -78.12538
225;226;Yes;20-24;20;No;Not Applicable;B: Evident Injury;Travel Lane;White;Male;Cary;Wake;No;01-01-06;2009-06-06;Non-Roadway;13;Non-Roadway;01-06-01;0001-01-01T08:10:58-04:56;Non-Roadway;410910;2009;B: Evident Injury;Commercial;40-49;41;No;6-10 mph;O: No Injury;White;Male;Sport Utility;No;No;Daylight;Urban (>70% Developed);;2;Straight - Level;Public Vehicular Area;Dry;Two-Way, Not Divided;None;Alley Intersection;Smooth Asphalt;Piedmont;Urban;5 - 15 MPH;No Control Present;Clear;No;35.785946, -78.87347
227;228;Yes;40-49;42;No;With Traffic;B: Evident Injury;Travel Lane;White;Male;None - Rural Crash;Guilford;No;01-01-07;2009-05-24;Motorist Overtaking Bicyclist;9;Non-Intersection;01-05-01;0001-01-01T04:40:58-04:56;Motorist Overtaking - Misjudged Space;311232;2009;B: Evident Injury;Farms, Woods, Pastures;70+;;No;41-45 mph;O: No Injury;White;Female;Passenger Car;No;No;Daylight;Rural (<30% Developed);2 lanes;2;Straight - Level;NC Route;Wet;Two-Way, Not Divided;None;No Special Feature;Smooth Asphalt;Piedmont;Rural;40 - 45  MPH;Double Yellow Line, No Passing Zone;Cloudy;No;35.923332, -79.93904
229;230;No;15-Nov;13;No;Facing Traffic;B: Evident Injury;Sidewalk / Crosswalk / Driveway Crossing;White;Male;Cary;Wake;No;;2009-06-08;Motorist Right Turn / Merge;14;Intersection;01-06-01;0001-01-01T09:21:58-04:56;Motorist Right Turn - Same Direction;132213;2009;B: Evident Injury;Commercial;;;Missing;0-5 mph;Injury;/Missing;;Light Truck (Mini-Van, Panel);No;Yes;Daylight;Urban (>70% Developed);5 lanes;2;Straight - Grade;NC Route;Dry;Two-Way, Divided, Unprotected Median;None;Four-Way Intersection;Smooth Asphalt;Piedmont;Urban;40 - 45  MPH;Stop And Go Signal;Clear;No;35.798923, -78.79616
235;236;Yes;16-19;18;No;Facing Traffic;B: Evident Injury;Travel Lane;White;Male;Southern Pines;Moore;No;01-01-03;2009-05-27;Bicyclist Failed to Yield - Sign-Controlled Intersection;14;Intersection;01-05-01;0001-01-01T10:00:58-04:56;Bicyclist Ride Through - Sign-Controlled Intersection;112144;2009;B: Evident Injury;Commercial;70+;;No;16-20 mph;O: No Injury;White;Female;Passenger Car;No;No;Daylight;Urban (>70% Developed);4 lanes;2;Straight - Level;Local Street;Dry;Two-Way, Divided, Positive Median Barrier;None;Four-Way Intersection;Coarse Asphalt;Piedmont;Urban;20 - 25  MPH;Stop Sign;Cloudy;No;35.174446, -79.3906
246;247;Yes;20-24;24;No;With Traffic;B: Evident Injury;Travel Lane;Black;Male;Salisbury;Rowan;No;01-01-04;2009-06-11;Bicyclist Failed to Yield - Sign-Controlled Intersection;17;Intersection;01-06-01;0001-01-01T12:28:58-04:56;Bicyclist Ride Through - Sign-Controlled Intersection;111144;2009;B: Evident Injury;Residential;0-19;19;No;21-25 mph;O: No Injury;White;Male;Passenger Car;No;No;Daylight;Urban (>70% Developed);2 lanes;2;Straight - Level;Local Street;Wet;Two-Way, Not Divided;None;Four-Way Intersection;Coarse Asphalt;Piedmont;Urban;20 - 25  MPH;Stop Sign;Cloudy;No;35.6646, -80.46022
248;249;Yes;40-49;44;Yes;With Traffic;B: Evident Injury;Travel Lane;White;Male;None - Rural Crash;Brunswick;Yes;01-01-04;2009-06-11;Motorist Overtaking Bicyclist;20;Non-Intersection;01-06-01;0001-01-01T15:42:58-04:56;Motorist Overtaking - Misjudged Space;311232;2009;B: Evident Injury;Farms, Woods, Pastures;;;Missing;;Injury;/Missing;;;No;Yes;Dark - Roadway Not Lighted;Rural (<30% Developed);2 lanes;2;Curve - Level;State Secondary Route;Dry;Two-Way, Not Divided;None;No Special Feature;Coarse Asphalt;Coastal;Rural;50 - 55  MPH;Double Yellow Line, No Passing Zone;Clear;No;34.30124, -78.06965
251;252;Yes;70+;;No;Not Applicable;C: Possible Injury;Non-Roadway;White;Male;Chapel Hill;Orange;No;01-01-02;2009-06-02;Non-Roadway;7;Non-Roadway;01-06-01;0001-01-01T02:28:58-04:56;Non-Roadway;460910;2009;C: Possible Injury;Commercial;25-29;25;No;0-5 mph;O: No Injury;White;Female;Passenger Car;No;No;Daylight;Urban (>70% Developed);;2;Straight - Level;Public Vehicular Area;Dry;Two-Way, Not Divided;None;No Special Feature;Smooth Asphalt;Piedmont;Urban;;No Control Present;Clear;No;35.904778, -79.0119
253;254;Yes;40-49;44;No;;C: Possible Injury;;Black;Male;Elizabeth City;Pasquotank;No;01-01-02;2009-06-02;Other /  - Insufficient Details;5;Intersection;01-06-01;0001-01-01T00:20:58-04:56;Approach Paths;199970;2009;C: Possible Injury;Residential;30-39;37;No;21-25 mph;O: No Injury;White;Male;Van;No;No;Daylight;Mixed (30% To 70% Developed);4 lanes;2;Straight - Grade;Local Street;Wet;Two-Way, Divided, Unprotected Median;None;No Special Feature;Smooth Asphalt;Coastal;Urban;30 - 35  MPH;Stop And Go Signal;Clear;No;36.301373, -76.21926
256;257;Yes;40-49;44;No;;B: Evident Injury;Sidewalk / Crosswalk / Driveway Crossing;Black;Male;Greenville;Pitt;No;01-01-03;2009-06-03;Parallel Paths - Other Circumstances;16;Non-Intersection;01-06-01;0001-01-01T11:33:58-04:56;Bicyclist Ride Out - Parallel Path;339225;2009;B: Evident Injury;Residential;30-39;38;No;21-25 mph;O: No Injury;Hispanic;Male;Passenger Car;No;No;Daylight;Urban (>70% Developed);2 lanes;2;Straight - Level;Local Street;Dry;Two-Way, Not Divided;None;Four-Way Intersection;Coarse Asphalt;Coastal;Urban;20 - 25  MPH;Stop Sign;Clear;No;35.60956, -77.36746
258;259;Yes;16-19;17;No;Facing Traffic;C: Possible Injury;Travel Lane;White;Male;Greensboro;Guilford;No;01-01-04;2009-06-04;Bicyclist Failed to Yield - Signalized Intersection;15;Intersection;01-06-01;0001-01-01T10:50:58-04:56;Bicyclist Ride Through - Signalized Intersection;112155;2009;C: Possible Injury;Commercial;30-39;34;No;21-25 mph;O: No Injury;Black;Female;Passenger Car;No;No;Daylight;Urban (>70% Developed);;2;Straight - Level;Local Street;Wet;Two-Way, Divided, Unprotected Median;None;T-Intersection;Coarse Asphalt;Piedmont;Urban;30 - 35  MPH;Stop And Go Signal;Cloudy;No;36.11033, -79.788506
267;268;Yes;30-39;37;No;With Traffic;C: Possible Injury;Travel Lane;Black;Male;Lumberton;Robeson;No;01-01-05;2009-06-12;Motorist Overtaking Bicyclist;22;Intersection;01-06-01;0001-01-01T17:22:58-04:56;Motorist Overtaking - Other /;111239;2009;C: Possible Injury;Residential;40-49;45;No;26-30 mph;O: No Injury;Black;Male;Passenger Car;No;Yes;Dark - Lighted Roadway;Urban (>70% Developed);4 lanes;2;Straight - Level;Local Street;Dry;Two-Way, Not Divided;None;Four-Way Intersection;Coarse Asphalt;Coastal;Urban;30 - 35  MPH;No Control Present;Clear;No;34.616318, -78.999825
273;274;Yes;10-Jun;7;No;Facing Traffic;C: Possible Injury;Travel Lane;Black;Male;Durham;Durham;No;01-01-02;2009-06-23;Bicyclist Failed to Yield - Sign-Controlled Intersection;14;Intersection;01-06-01;0001-01-01T09:07:58-04:56;Bicyclist Ride Out - Sign-Controlled Intersection;112142;2009;C: Possible Injury;Residential;20-24;22;No;26-30 mph;O: No Injury;Black;Male;Passenger Car;No;No;Daylight;Urban (>70% Developed);2 lanes;2;Straight - Grade;Local Street;Dry;Two-Way, Not Divided;None;Four-Way Intersection;Smooth Asphalt;Piedmont;Urban;30 - 35  MPH;Stop Sign;Clear;No;35.975304, -78.8884
280;281;No;30-39;33;No;Facing Traffic;O: No Injury;Sidewalk / Crosswalk / Driveway Crossing;White;Male;Salisbury;Rowan;No;01-01-04;2009-06-25;Motorist Failed to Yield - Midblock;16;Non-Intersection;01-06-01;0001-01-01T11:50:58-04:56;Motorist Drive Out - Commercial Driveway / Alley;332322;2009;O: No Injury;Commercial;50-59;51;No;6-10 mph;O: No Injury;White;Male;Van;No;No;Daylight;Mixed (30% To 70% Developed);2 lanes;2;Straight - Level;Local Street;Dry;Two-Way, Not Divided;None;No Special Feature;Coarse Asphalt;Piedmont;Urban;30 - 35  MPH;No Control Present;Clear;No;35.673916, -80.47812
283;284;No;10-Jun;6;No;Not Applicable;O: No Injury;Non-Roadway;Hispanic;Male;Raleigh;Wake;No;01-01-04;2009-05-14;Non-Roadway;19;Non-Roadway;01-05-01;0001-01-01T14:30:58-04:56;Non-Roadway;460910;2009;O: No Injury;Residential;40-49;44;No;;O: No Injury;White;Male;Passenger Car;No;No;Daylight;Urban (>70% Developed);;2;Straight - Level;Public Vehicular Area;Dry;Two-Way, Not Divided;None;No Special Feature;Smooth Asphalt;Piedmont;Urban;;No Control Present;Clear;No;35.73893, -78.63489