FID;OBJECTID;AmbulanceR;BikeAge_Gr;Bike_Age;Bike_Alc_D;Bike_Dir;Bike_Injur;Bike_Pos;Bike_Race;Bike_Sex;City;County;CrashAlcoh;CrashDay;Crash_Date;Crash_Grp;Crash_Hour;Crash_Loc;Crash_Mont;Crash_Time;Crash_Type;Crash_Ty_1;Crash_Year;Crsh_Sevri;Developmen;DrvrAge_Gr;Drvr_Age;Drvr_Alc_D;Drvr_EstSp;Drvr_Injur;Drvr_Race;Drvr_Sex;Drvr_VehTy;ExcsSpdInd;Hit_Run;Light_Cond;Locality;Num_Lanes;Num_Units;Rd_Charact;Rd_Class;Rd_Conditi;Rd_Config;Rd_Defects;Rd_Feature;Rd_Surface;Region;Rural_Urba;Speed_Limi;Traff_Cntr;Weather;Workzone_I;Location
468;469;Yes;16-19;18;No;Facing Traffic;C: Possible Injury;Travel Lane;White;Male;Charlotte;Mecklenburg;No;01-01-02;2009-08-25;Crossing Paths - Other Circumstances;17;Intersection;01-08-01;0001-01-01T12:44:58-04:56;Crossing Paths - Intersection - Other /;112180;2009;C: Possible Injury;Residential;30-39;35;No;0-5 mph;O: No Injury;White;Male;Sport Utility;No;No;Daylight;Urban (>70% Developed);4 lanes;2;Straight - Level;NC Route;Dry;Two-Way, Divided, Positive Median Barrier;None;T-Intersection;Smooth Asphalt;Piedmont;Urban;40 - 45  MPH;No Control Present;Clear;No;35.113285, -80.96774
472;473;Yes;15-Nov;15;No;Facing Traffic;C: Possible Injury;Sidewalk / Crosswalk / Driveway Crossing;/Missing;Male;Greensboro;Guilford;No;01-01-03;2009-08-19;Motorist Failed to Yield - Midblock;20;Non-Intersection;01-08-01;0001-01-01T16:02:58-04:56;Motorist Drive Out - Commercial Driveway / Alley;332322;2009;C: Possible Injury;Commercial;40-49;43;No;0-5 mph;O: No Injury;White;Female;Passenger Car;No;No;Dusk;Urban (>70% Developed);2 lanes;3;Straight - Level;Local Street;Wet;One-Way, Not Divided;None;T-Intersection;Smooth Asphalt;Piedmont;Urban;30 - 35  MPH;Stop Sign;Cloudy;No;36.09455, -79.81639
476;477;Yes;15-Nov;12;No;With Traffic;B: Evident Injury;Travel Lane;Black;Male;None - Rural Crash;Columbus;No;01-01-04;2009-09-03;Motorist Overtaking Bicyclist;16;Non-Intersection;01-09-01;0001-01-01T11:26:58-04:56;Motorist Overtaking - Bicyclist Swerved;311235;2009;B: Evident Injury;Farms, Woods, Pastures;20-24;22;No;31-35 mph;O: No Injury;Black;Female;Passenger Car;No;No;Daylight;Rural (<30% Developed);2 lanes;2;Straight - Level;State Secondary Route;Dry;Two-Way, Not Divided;None;No Special Feature;Grooved Concrete;Coastal;Rural;30 - 35  MPH;No Control Present;Clear;No;34.310635, -78.83144
483;484;Yes;50-59;53;No;Not Applicable;C: Possible Injury;;Black;Male;Durham;Durham;No;01-01-05;2009-09-04;Head-On;13;Non-Intersection;01-09-01;0001-01-01T08:04:58-04:56;Head-On - Bicyclist;393250;2009;C: Possible Injury;Commercial;50-59;56;Missing;0-5 mph;O: No Injury;White;Male;Pickup;No;No;Daylight;Mixed (30% To 70% Developed);4 lanes;2;Straight - Level;Local Street;Dry;Two-Way, Not Divided;None;No Special Feature;Smooth Asphalt;Piedmont;Urban;30 - 35  MPH;No Control Present;Clear;No;36.05039, -78.90364
485;486;Yes;50-59;57;No;Facing Traffic;B: Evident Injury;Sidewalk / Crosswalk / Driveway Crossing;White;Male;Fayetteville;Cumberland;No;01-01-02;2009-08-25;Motorist Failed to Yield - Sign-Controlled Intersection;12;Intersection;01-08-01;0001-01-01T07:39:58-04:56;Motorist Drive Out - Sign-Controlled Intersection;132141;2009;B: Evident Injury;Residential;0-19;18;No;21-25 mph;O: No Injury;Black;Female;Passenger Car;No;No;Daylight;Urban (>70% Developed);3 lanes;2;Straight - Level;Local Street;Dry;Two-Way, Not Divided;None;T-Intersection;Coarse Asphalt;Coastal;Urban;20 - 25  MPH;Stop Sign;Clear;No;35.071106, -78.92065
489;490;No;16-19;18;No;Facing Traffic;C: Possible Injury;Travel Lane;Black;Male;Charlotte;Mecklenburg;No;01-01-05;2009-08-21;Motorist Failed to Yield - Sign-Controlled Intersection;16;Intersection;01-08-01;0001-01-01T11:31:58-04:56;Motorist Drive Out - Sign-Controlled Intersection;112141;2009;C: Possible Injury;Commercial;50-59;51;No;21-25 mph;O: No Injury;White;Male;Sport Utility;No;No;Daylight;Urban (>70% Developed);2 lanes;2;Straight - Level;Local Street;Dry;Two-Way, Not Divided;None;T-Intersection;Smooth Asphalt;Piedmont;Urban;20 - 25  MPH;Stop Sign;Clear;No;35.24644, -80.89422
494;495;Yes;40-49;46;Yes;With Traffic;C: Possible Injury;Travel Lane;White;Male;Rocky Mount;Nash;Yes;01-01-03;2009-07-29;Crossing Paths - Other Circumstances;18;Intersection;01-07-01;0001-01-01T13:03:58-04:56;Signalized Intersection - Other /;111158;2009;C: Possible Injury;Commercial;30-39;38;No;;O: No Injury;White;Female;Passenger Car;No;No;Daylight;Urban (>70% Developed);7 lanes;2;Straight - Level;Local Street;Dry;Two-Way, Divided, Unprotected Median;None;Four-Way Intersection;Coarse Asphalt;Coastal;Urban;40 - 45  MPH;Stop And Go Signal;Clear;No;35.963715, -77.84946
496;497;Yes;15-Nov;13;No;With Traffic;C: Possible Injury;Travel Lane;White;Female;Weddington;Union;No;01-01-07;2009-09-06;Bicyclist Left Turn / Merge;20;Intersection;01-09-01;0001-01-01T15:32:58-04:56;Bicyclist Left Turn - Same Direction;111221;2009;C: Possible Injury;Residential;60-69;62;No;16-20 mph;O: No Injury;White;Male;Passenger Car;No;No;Dark - Roadway Not Lighted;Mixed (30% To 70% Developed);2 lanes;2;Straight - Level;State Secondary Route;Dry;Two-Way, Not Divided;None;T-Intersection;Smooth Asphalt;Piedmont;Urban;20 - 25  MPH;No Control Present;Clear;No;35.010147, -80.79437
499;500;Yes;60-69;68;No;With Traffic;C: Possible Injury;Travel Lane;White;Female;Emerald Isle;Carteret;No;01-01-06;2009-08-29;Motorist Right Turn / Merge;11;Non-Intersection;01-08-01;0001-01-01T06:49:58-04:56;Motorist Right Turn - Same Direction;311213;2009;C: Possible Injury;Residential;70+;;No;31-35 mph;O: No Injury;White;Male;Passenger Car;No;No;Daylight;Urban (>70% Developed);2 lanes;2;Straight - Level;NC Route;Dry;Two-Way, Divided, Unprotected Median;None;No Special Feature;Smooth Asphalt;Coastal;Rural;40 - 45  MPH;No Control Present;Clear;No;34.676517, -76.96146
503;504;No;30-39;38;Yes;Facing Traffic;O: No Injury;Sidewalk / Crosswalk / Driveway Crossing;Black;Male;Salisbury;Rowan;Yes;;2009-09-14;Motorist Left Turn / Merge;23;Intersection;01-09-01;0001-01-01T18:24:58-04:56;Motorist Left Turn - Same Direction;132211;2009;O: No Injury;Commercial;30-39;39;No;21-25 mph;O: No Injury;White;Male;Police;No;No;Dark - Lighted Roadway;Urban (>70% Developed);2 lanes;2;Straight - Grade;Local Street;Dry;Two-Way, Not Divided;None;Four-Way Intersection;Smooth Asphalt;Piedmont;Urban;30 - 35  MPH;Stop Sign;Clear;No;35.664738, -80.4646
504;505;Yes;40-49;49;No;With Traffic;C: Possible Injury;Travel Lane;White;Male;None - Rural Crash;Wake;No;01-01-06;2009-09-12;Motorist Overtaking Bicyclist;8;Non-Intersection;01-09-01;0001-01-01T03:47:58-04:56;Motorist Overtaking - Other /;311239;2009;C: Possible Injury;Farms, Woods, Pastures;60-69;66;No;51-55 mph;O: No Injury;White;Female;Passenger Car;No;No;Daylight;Rural (<30% Developed);2 lanes;2;Straight - Grade;NC Route;Dry;Two-Way, Not Divided;None;No Special Feature;Smooth Asphalt;Piedmont;Rural;50 - 55  MPH;Double Yellow Line, No Passing Zone;Clear;No;35.98849, -78.699
508;509;No;20-24;24;No;With Traffic;C: Possible Injury;Sidewalk / Crosswalk / Driveway Crossing;White;Female;Wilmington;New Hanover;No;01-01-02;2009-09-01;Motorist Failed to Yield - Midblock;14;Non-Intersection;01-09-01;0001-01-01T09:33:58-04:56;Motorist Drive Out - Residential Driveway;331321;2009;C: Possible Injury;Residential;30-39;33;No;0-5 mph;O: No Injury;Black;Male;Passenger Car;No;No;Daylight;Urban (>70% Developed);2 lanes;2;Straight - Level;Local Street;Dry;Two-Way, Not Divided;None;No Special Feature;Smooth Asphalt;Coastal;Urban;20 - 25  MPH;No Control Present;Clear;No;34.202274, -77.88651
523;524;Yes;20-24;22;No;With Traffic;B: Evident Injury;Travel Lane;White;Male;Raleigh;Wake;No;01-01-02;2009-09-08;Bicyclist Left Turn / Merge;15;Intersection;01-09-01;0001-01-01T10:41:58-04:56;Bicyclist Left Turn - Same Direction;111221;2009;B: Evident Injury;Institutional;20-24;24;No;16-20 mph;O: No Injury;Black;Male;Passenger Car;No;No;Daylight;Urban (>70% Developed);2 lanes;2;Straight - Level;Local Street;Dry;One-Way, Not Divided;None;No Special Feature;Smooth Asphalt;Piedmont;Urban;20 - 25  MPH;No Control Present;Clear;No;35.78183, -78.66772
526;527;Yes;25-29;25;No;With Traffic;B: Evident Injury;Travel Lane;White;Male;Raleigh;Wake;No;01-01-04;2009-08-20;Motorist Left Turn / Merge;11;Intersection;01-08-01;0001-01-01T06:19:58-04:56;Motorist Left Turn - Opposite Direction;111212;2009;B: Evident Injury;Commercial;70+;;No;31-35 mph;O: No Injury;White;Male;Passenger Car;No;No;Daylight;Urban (>70% Developed);3 lanes;2;Straight - Level;Local Street;Dry;Two-Way, Divided, Unprotected Median;None;Four-Way Intersection;Coarse Asphalt;Piedmont;Urban;30 - 35  MPH;Stop And Go Signal;Clear;No;35.779945, -78.64903
529;530;Yes;15-Nov;11;No;Not Applicable;C: Possible Injury;Non-Roadway;Black;Male;Concord;Cabarrus;No;01-01-05;2009-09-04;Non-Roadway;20;Non-Roadway;01-09-01;0001-01-01T15:56:58-04:56;Non-Roadway;460910;2009;C: Possible Injury;Commercial;0-19;18;No;0-5 mph;O: No Injury;White;Male;Pickup;No;No;Other;Urban (>70% Developed);1 lane;2;Straight - Level;Public Vehicular Area;Dry;One-Way, Not Divided;None;Driveway, Public;Smooth Asphalt;Piedmont;Urban;5 - 15 MPH;No Control Present;Clear;No;35.423126, -80.59182
533;534;Yes;20-24;21;No;Facing Traffic;A: Disabling Injury;Travel Lane;White;Male;None - Rural Crash;Iredell;No;01-01-02;2009-09-22;Head-On;21;Non-Intersection;01-09-01;0001-01-01T16:23:58-04:56;Head-On - Bicyclist;312250;2009;A: Disabling Injury;Farms, Woods, Pastures;0-19;16;No;56-60 mph;O: No Injury;White;Male;Passenger Car;No;No;Dark - Roadway Not Lighted;Rural (<30% Developed);2 lanes;2;Straight - Grade;US Route;Dry;Two-Way, Not Divided;None;No Special Feature;Smooth Asphalt;Piedmont;Rural;50 - 55  MPH;No Control Present;Cloudy;No;35.759304, -80.9923
540;541;Yes;50-59;51;Yes;With Traffic;C: Possible Injury;Travel Lane;Black;Male;None - Rural Crash;Caswell;Yes;01-01-04;2009-09-24;Motorist Overtaking Bicyclist;19;Non-Intersection;01-09-01;0001-01-01T14:43:58-04:56;Motorist Overtaking - Undetected Bicyclist;311231;2009;C: Possible Injury;Farms, Woods, Pastures;40-49;40;No;51-55 mph;O: No Injury;White;Male;Passenger Car;No;No;Dark - Roadway Not Lighted;Rural (<30% Developed);2 lanes;2;Straight - Level;NC Route;Dry;Two-Way, Not Divided;None;No Special Feature;Coarse Asphalt;Piedmont;Rural;50 - 55  MPH;No Control Present;Clear;No;36.50973, -79.14657
550;551;Yes;40-49;47;No;Facing Traffic;C: Possible Injury;Sidewalk / Crosswalk / Driveway Crossing;Black;Male;Gastonia;Gaston;No;01-01-06;2009-09-12;Motorist Failed to Yield - Sign-Controlled Intersection;8;Intersection;01-09-01;0001-01-01T03:34:58-04:56;Motorist Drive Out - Sign-Controlled Intersection;132141;2009;C: Possible Injury;Commercial;60-69;61;No;;O: No Injury;Black;Male;Pickup;No;No;Daylight;Urban (>70% Developed);6 lanes;2;Straight - Level;US Route;Dry;Two-Way, Not Divided;None;T-Intersection;Smooth Asphalt;Piedmont;Urban;;Stop And Go Signal;Clear;No;35.262226, -81.193245
556;557;Yes;20-24;21;No;With Traffic;B: Evident Injury;Travel Lane;White;Male;None - Rural Crash;Buncombe;No;01-01-07;2009-09-20;Motorist Overtaking Bicyclist;22;Non-Intersection;01-09-01;0001-01-01T17:59:58-04:56;Motorist Overtaking - Undetected Bicyclist;311231;2009;B: Evident Injury;Farms, Woods, Pastures;30-39;39;No;41-45 mph;O: No Injury;White;Male;Passenger Car;No;No;Dark - Roadway Not Lighted;Rural (<30% Developed);4 lanes;2;Curve - Level;US Route;Wet;Two-Way, Divided, Unprotected Median;None;No Special Feature;Smooth Asphalt;Mountains;Rural;40 - 45  MPH;No Control Present;Rain;No;35.586475, -82.45729
557;558;No;16-19;19;No;With Traffic;C: Possible Injury;Travel Lane;White;Female;None - Rural Crash;Granville;No;01-01-07;2009-09-20;Motorist Right Turn / Merge;9;Non-Intersection;01-09-01;0001-01-01T04:53:58-04:56;Motorist Right Turn - Same Direction;311213;2009;C: Possible Injury;Farms, Woods, Pastures;60-69;65;No;31-35 mph;O: No Injury;White;Female;Passenger Car;No;No;Daylight;Rural (<30% Developed);2 lanes;2;Straight - Level;State Secondary Route;Dry;Two-Way, Not Divided;None;Driveway, Private;Coarse Asphalt;Piedmont;Rural;50 - 55  MPH;Double Yellow Line, No Passing Zone;Cloudy;No;36.18342, -78.74512
558;559;No;15-Nov;14;No;Facing Traffic;C: Possible Injury;Sidewalk / Crosswalk / Driveway Crossing;White;Male;Nags Head;Dare;No;01-01-03;2009-07-08;Motorist Failed to Yield - Midblock;9;Non-Intersection;01-07-01;0001-01-01T04:23:58-04:56;Motorist Drive Out - Commercial Driveway / Alley;332322;2009;C: Possible Injury;Residential;20-24;23;No;0-5 mph;O: No Injury;White;Female;Sport Utility;No;No;Daylight;Mixed (30% To 70% Developed);1 lane;2;Straight - Level;Private Road, Driveway;Dry;Two-Way, Not Divided;None;Driveway, Private;Concrete;Coastal;Rural;;No Control Present;Clear;No;35.873775, -75.57803
559;560;No;15-Nov;12;No;Facing Traffic;O: No Injury;Travel Lane;Black;Male;Rocky Mount;Edgecombe;No;01-01-06;2009-08-08;Motorist Failed to Yield - Sign-Controlled Intersection;13;Intersection;01-08-01;0001-01-01T08:30:58-04:56;Motorist Drive Out - Sign-Controlled Intersection;112141;2009;O: No Injury;Commercial;30-39;39;No;0-5 mph;O: No Injury;White;Male;Passenger Car;No;No;Daylight;Mixed (30% To 70% Developed);4 lanes;2;Straight - Level;Local Street;Dry;Two-Way, Not Divided;None;No Special Feature;Coarse Asphalt;Coastal;Urban;30 - 35  MPH;Stop Sign;Clear;No;35.93212, -77.79228
573;574;Yes;50-59;57;No;With Traffic;B: Evident Injury;Travel Lane;White;Male;None - Rural Crash;Buncombe;No;01-01-03;2009-09-23;Motorist Overtaking Bicyclist;16;Non-Intersection;01-09-01;0001-01-01T11:32:58-04:56;Motorist Overtaking - Other /;311239;2009;B: Evident Injury;Farms, Woods, Pastures;50-59;54;No;41-45 mph;O: No Injury;White;Female;Sport Utility;No;No;Daylight;Rural (<30% Developed);5 lanes;2;Straight - Level;US Route;Dry;Two-Way, Not Divided;None;No Special Feature;Smooth Asphalt;Mountains;Rural;40 - 45  MPH;No Control Present;Clear;No;35.600357, -82.37224
577;578;Yes;10-Jun;8;No;Facing Traffic;B: Evident Injury;Travel Lane;Black;Male;Asheville;Buncombe;No;01-01-04;2009-08-27;Head-On;16;Non-Intersection;01-08-01;0001-01-01T11:59:58-04:56;Head-On - Bicyclist;312250;2009;B: Evident Injury;Residential;0-19;18;No;;O: No Injury;White;Male;Passenger Car;No;No;Daylight;Urban (>70% Developed);;2;Curve - Grade;Local Street;Wet;Two-Way, Not Divided;None;No Special Feature;Concrete;Mountains;Urban;20 - 25  MPH;No Control Present;Rain;No;35.571815, -82.62191
578;579;Yes;20-24;22;No;Facing Traffic;B: Evident Injury;Sidewalk / Crosswalk / Driveway Crossing;White;Male;Raleigh;Wake;No;01-01-05;2009-09-04;Motorist Failed to Yield - Sign-Controlled Intersection;19;Intersection;01-09-01;0001-01-01T14:04:58-04:56;Motorist Drive Out - Sign-Controlled Intersection;132141;2009;B: Evident Injury;Commercial;40-49;46;No;0-5 mph;O: No Injury;White;Female;Sport Utility;No;No;Daylight;Urban (>70% Developed);4 lanes;2;Straight - Level;Local Street;Dry;Two-Way, Divided, Unprotected Median;None;Driveway, Public;Smooth Asphalt;Piedmont;Urban;5 - 15 MPH;Stop Sign;Clear;No;35.844715, -78.64395
583;584;No;60-69;61;No;With Traffic;B: Evident Injury;Travel Lane;White;Male;Raleigh;Wake;No;01-01-02;2009-09-08;Motorist Right Turn / Merge;18;Non-Intersection;01-09-01;0001-01-01T13:26:58-04:56;Motorist Right Turn - Same Direction;311213;2009;B: Evident Injury;Commercial;;;Missing;16-20 mph;Injury;/Missing;;;No;Yes;Daylight;Urban (>70% Developed);4 lanes;2;Straight - Level;Local Street;Dry;Two-Way, Not Divided;None;No Special Feature;Coarse Asphalt;Piedmont;Urban;30 - 35  MPH;No Control Present;Clear;No;35.79087, -78.66026
588;589;Yes;60-69;63;No;With Traffic;B: Evident Injury;Travel Lane;White;Male;Weaverville;Buncombe;No;01-01-07;2009-05-17;Loss of Control / Turning Error;15;Intersection;01-05-01;0001-01-01T10:12:58-04:56;Motorist Turning Error - Right Turn;111112;2009;B: Evident Injury;Commercial;30-39;36;No;11-15 mph;O: No Injury;White;Female;Passenger Car;No;No;Daylight;Urban (>70% Developed);2 lanes;2;Straight - Grade;US Route;Wet;Two-Way, Not Divided;None;No Special Feature;Smooth Asphalt;Mountains;Rural;30 - 35  MPH;Stop And Go Signal;Cloudy;No;35.711845, -82.56074
595;596;Yes;40-49;41;Yes;Not Applicable;C: Possible Injury;;White;Male;Carrboro;Orange;Yes;01-01-04;2009-10-01;Bicyclist Failed to Yield - Midblock;15;Non-Intersection;01-10-01;0001-01-01T10:11:58-04:56;Bicyclist Ride Out - Midblock -;393319;2009;C: Possible Injury;Residential;30-39;37;No;31-35 mph;O: No Injury;Other;Male;Passenger Car;No;No;Daylight;Urban (>70% Developed);5 lanes;2;Straight - Hillcrest;Local Street;Dry;Two-Way, Not Divided;None;No Special Feature;Coarse Asphalt;Piedmont;Urban;30 - 35  MPH;No Control Present;Clear;No;35.906685, -79.083664
600;601;Yes;16-19;16;No;;B: Evident Injury;;White;Male;None - Rural Crash;Beaufort;No;01-01-07;2009-10-11;Bicyclist Failed to Yield - Midblock;21;Non-Intersection;01-10-01;0001-01-01T16:25:58-04:56;Bicyclist Ride Out - Midblock -;399319;2009;B: Evident Injury;Residential;20-24;20;No;41-45 mph;O: No Injury;White;Male;Passenger Car;No;No;Dark - Roadway Not Lighted;Rural (<30% Developed);2 lanes;2;Straight - Level;State Secondary Route;Dry;Two-Way, Not Divided;None;No Special Feature;Coarse Asphalt;Coastal;Rural;50 - 55  MPH;Double Yellow Line, No Passing Zone;Clear;No;35.558372, -76.93874
602;603;Yes;16-19;18;No;Facing Traffic;B: Evident Injury;;Black;Male;Rocky Mount;Nash;No;01-01-02;2009-09-15;Bicyclist Failed to Yield - Signalized Intersection;19;Intersection;01-09-01;0001-01-01T14:35:58-04:56;Bicyclist Ride Through - Signalized Intersection;192155;2009;B: Evident Injury;Commercial;70+;;No;31-35 mph;O: No Injury;White;Male;Pickup;No;No;Dark - Lighted Roadway;Urban (>70% Developed);3 lanes;2;Straight - Level;Local Street;Dry;One-Way, Not Divided;None;Four-Way Intersection;Coarse Asphalt;Coastal;Urban;30 - 35  MPH;Stop And Go Signal;Clear;No;35.944557, -77.796165
616;617;No;40-49;44;No;With Traffic;Injury;Travel Lane;Black;Male;Charlotte;Mecklenburg;No;01-01-03;2009-09-30;Motorist Overtaking Bicyclist;19;Non-Intersection;01-09-01;0001-01-01T14:25:58-04:56;Motorist Overtaking - Bicyclist Swerved;311235;2009;C: Possible Injury;Residential;0-19;17;No;;C: Possible Injury;Black;Male;Pedestrian;No;No;Dawn;Mixed (30% To 70% Developed);2 lanes;2;Straight - Grade;Local Street;Water (Standing, Moving);Two-Way, Not Divided;None;No Special Feature;Smooth Asphalt;Piedmont;Urban;;No Control Present;Clear;No;35.24186, -80.6617
535;536;Yes;40-49;48;No;With Traffic;C: Possible Injury;Travel Lane;Black;Female;Rocky Mount;Nash;No;01-01-02;2012-07-24;Crossing Paths - Other Circumstances;10;Intersection;01-07-01;0001-01-01T05:12:58-04:56;Signalized Intersection - Other /;;2012;C: Possible Injury;Commercial;60-69;61;No;6-10 mph;O: No Injury;White;Female;Passenger Car;No;No;Daylight;Urban (>70% Developed);9 or more lanes;2;Straight - Level;Local Street;Dry;Two-Way, Divided, Unprotected Median;None;No Special Feature;Coarse Asphalt;Coastal;Urban;30 - 35  MPH;Stop And Go Signal;Clear;No;35.94595, -77.8007
543;544;Yes;30-39;31;No;With Traffic;C: Possible Injury;Travel Lane;Black;Male;Enfield;Halifax;No;01-01-05;2012-07-27;Motorist Overtaking Bicyclist;15;Intersection;01-07-01;0001-01-01T10:23:58-04:56;Motorist Overtaking - Misjudged Space;;2012;C: Possible Injury;Commercial;40-49;46;No;16-20 mph;O: No Injury;Black;Female;Passenger Car;No;No;Daylight;Urban (>70% Developed);2 lanes;2;Straight - Level;Local Street;Dry;Two-Way, Not Divided;None;T-Intersection;Smooth Asphalt;Coastal;Rural;20 - 25  MPH;No Control Present;Clear;No;36.18073, -77.6661
546;547;Yes;40-49;44;No;With Traffic;C: Possible Injury;Travel Lane;White;Female;None - Rural Crash;New Hanover;No;01-01-07;2012-08-12;Motorist Overtaking Bicyclist;17;Non-Intersection;01-08-01;0001-01-01T13:00:58-04:56;Motorist Overtaking - Misjudged Space;;2012;C: Possible Injury;Commercial;;;Missing;36-40 mph;Injury;/Missing;;;No;Yes;Daylight;Urban (>70% Developed);4 lanes;2;Straight - Level;US Route;Dry;Two-Way, Not Divided;None;No Special Feature;Smooth Asphalt;Coastal;Rural;50 - 55  MPH;No Control Present;Clear;No;34.12457, -77.9
547;548;No;16-19;17;No;With Traffic;C: Possible Injury;Travel Lane;White;Male;None - Rural Crash;Rockingham;No;01-01-03;2012-08-08;Bicyclist Left Turn / Merge;6;Non-Intersection;01-08-01;0001-01-01T01:41:58-04:56;Bicyclist Left Turn - Same Direction;;2012;C: Possible Injury;Residential;;;No;41-45 mph;Injury;/Missing;;Passenger Car;No;Yes;Daylight;Rural (<30% Developed);2 lanes;2;Straight - Level;State Secondary Route;Dry;Two-Way, Not Divided;None;No Special Feature;Smooth Asphalt;Piedmont;Rural;40 - 45  MPH;Double Yellow Line, No Passing Zone;Clear;No;36.49643, -79.7929
553;554;Yes;;0;Missing;With Traffic;Injury;Travel Lane;/Missing;;Fayetteville;Cumberland;No;;2012-07-30;Bicyclist Failed to Yield - Sign-Controlled Intersection;15;Intersection;01-07-01;0001-01-01T10:09:58-04:56;Bicyclist Ride Out - Sign-Controlled Intersection;;2012;O: No Injury;Commercial;60-69;60;No;21-25 mph;O: No Injury;Native American;Female;Passenger Car;No;No;Daylight;Urban (>70% Developed);4 lanes;2;Straight - Level;Local Street;Dry;Two-Way, Divided, Unprotected Median;None;No Special Feature;Smooth Asphalt;Coastal;Urban;30 - 35  MPH;Stop Sign;Clear;No;35.0416, -78.8491
554;555;Yes;40-49;46;Yes;With Traffic;B: Evident Injury;Travel Lane;White;Male;Laurinburg;Scotland;Yes;;2012-08-06;Bicyclist Overtaking Motorist;15;Intersection-Related;01-08-01;0001-01-01T10:23:58-04:56;Bicyclist Overtaking - Parked Vehicle;;2012;B: Evident Injury;Residential;;;Missing;;Injury;/Missing;;Passenger Car;No;No;Daylight;Urban (>70% Developed);2 lanes;2;Straight - Grade;Local Street;Dry;Two-Way, Not Divided;None;No Special Feature;Coarse Asphalt;Coastal;Urban;;No Control Present;Clear;No;34.77184, -79.4514
555;556;No;16-19;19;No;With Traffic;C: Possible Injury;Travel Lane;White;Male;Charlotte;Mecklenburg;No;;2012-08-13;Parallel Paths - Other Circumstances;20;Non-Intersection;01-08-01;0001-01-01T15:09:58-04:56;Parallel Paths - Other /;;2012;C: Possible Injury;Commercial;50-59;51;No;11-15 mph;O: No Injury;White;Male;Sport Utility;No;No;Dusk;Urban (>70% Developed);2 lanes;2;Straight - Level;Local Street;Dry;Two-Way, Not Divided;None;No Special Feature;Smooth Asphalt;Piedmont;Urban;30 - 35  MPH;No Control Present;Clear;No;35.2181, -80.8144
556;557;Yes;10-Jun;9;No;With Traffic;B: Evident Injury;Travel Lane;Black;Female;None - Rural Crash;Iredell;No;;2012-08-13;Head-On;18;Non-Intersection;01-08-01;0001-01-01T13:33:58-04:56;Head-On - Motorist;;2012;B: Evident Injury;Residential;;;No;16-20 mph;Injury;/Missing;;Motorcycle;No;Yes;Daylight;Rural (<30% Developed);2 lanes;2;Straight - Grade;State Secondary Route;Dry;Two-Way, Not Divided;None;No Special Feature;Smooth Asphalt;Piedmont;Rural;30 - 35  MPH;No Control Present;Clear;No;35.781, -80.8403
563;564;Yes;10-Jun;9;No;Not Applicable;C: Possible Injury;Non-Roadway;Black;Male;None - Rural Crash;Mecklenburg;No;01-01-03;2012-08-15;Bicyclist Failed to Yield - Midblock;17;Non-Intersection;01-08-01;0001-01-01T12:33:58-04:56;Bicyclist Ride Out - Other Midblock;;2012;C: Possible Injury;Residential;20-24;22;No;16-20 mph;O: No Injury;Black;Female;Passenger Car;No;No;Daylight;Mixed (30% To 70% Developed);2 lanes;2;Straight - Level;Local Street;Dry;Two-Way, Not Divided;None;No Special Feature;Smooth Asphalt;Piedmont;Rural;20 - 25  MPH;No Control Present;Clear;No;35.29313, -80.8033
564;565;Yes;50-59;52;No;With Traffic;C: Possible Injury;Travel Lane;White;Male;None - Rural Crash;Henderson;No;01-01-04;2012-08-16;Motorist Overtaking Bicyclist;9;Non-Intersection;01-08-01;0001-01-01T04:32:58-04:56;Motorist Overtaking - Other /;;2012;C: Possible Injury;Farms, Woods, Pastures;50-59;55;No;26-30 mph;O: No Injury;White;Male;Pickup;No;No;Daylight;Rural (<30% Developed);2 lanes;2;Curve - Level;State Secondary Route;Dry;Two-Way, Not Divided;None;No Special Feature;Smooth Asphalt;Mountains;Rural;40 - 45  MPH;Double Yellow Line, No Passing Zone;Clear;No;35.42164, -82.4993
569;570;No;40-49;49;No;Not Applicable;C: Possible Injury;Travel Lane;White;Female;Morrisville;Wake;No;01-01-06;2012-08-18;Non-Roadway;16;Non-Roadway;01-08-01;0001-01-01T11:03:58-04:56;Non-Roadway;;2012;C: Possible Injury;Commercial;30-39;38;No;0-5 mph;O: No Injury;White;Male;Sport Utility;No;No;Daylight;Urban (>70% Developed);;2;Straight - Level;Public Vehicular Area;Dry;Two-Way, Not Divided;None;Driveway, Public;Smooth Asphalt;Piedmont;Urban;5 - 15 MPH;Stop Sign;Clear;No;35.81889, -78.8464
575;576;No;20-24;20;No;With Traffic;O: No Injury;Bike Lane / Paved Shoulder;White;Male;Boone;Watauga;No;;2012-08-20;Motorist Right Turn / Merge;13;Non-Intersection;01-08-01;0001-01-01T08:33:58-04:56;Motorist Right Turn - Same Direction;;2012;O: No Injury;Institutional;30-39;30;No;0-5 mph;O: No Injury;White;Male;Passenger Car;No;No;Daylight;Urban (>70% Developed);6 lanes;2;Straight - Level;Local Street;Dry;Two-Way, Not Divided;None;No Special Feature;Smooth Asphalt;Mountains;Urban;20 - 25  MPH;No Control Present;Clear;No;36.21241, -81.6808