FID;OBJECTID;AmbulanceR;BikeAge_Gr;Bike_Age;Bike_Alc_D;Bike_Dir;Bike_Injur;Bike_Pos;Bike_Race;Bike_Sex;City;County;CrashAlcoh;CrashDay;Crash_Date;Crash_Grp;Crash_Hour;Crash_Loc;Crash_Mont;Crash_Time;Crash_Type;Crash_Ty_1;Crash_Year;Crsh_Sevri;Developmen;DrvrAge_Gr;Drvr_Age;Drvr_Alc_D;Drvr_EstSp;Drvr_Injur;Drvr_Race;Drvr_Sex;Drvr_VehTy;ExcsSpdInd;Hit_Run;Light_Cond;Locality;Num_Lanes;Num_Units;Rd_Charact;Rd_Class;Rd_Conditi;Rd_Config;Rd_Defects;Rd_Feature;Rd_Surface;Region;Rural_Urba;Speed_Limi;Traff_Cntr;Weather;Workzone_I;Location
230;231;No;60-69;62;No;Facing Traffic;B: Evident Injury;Sidewalk / Crosswalk / Driveway Crossing;White;Male;Raleigh;Wake;No;01-01-05;2012-04-13;Motorist Failed to Yield - Midblock;17;Non-Intersection;01-04-01;0001-01-01T12:45:58-04:56;Motorist Drive Out - Commercial Driveway / Alley;;2012;B: Evident Injury;Commercial;25-29;26;No;0-5 mph;O: No Injury;White;Female;Passenger Car;No;No;Daylight;Urban (>70% Developed);1 lane;2;Straight - Level;Local Street;Dry;One-Way, Not Divided;None;Driveway, Private;Concrete;Piedmont;Urban;5 - 15 MPH;Other;Clear;No;35.77978, -78.6422
231;232;Yes;30-39;38;No;With Traffic;B: Evident Injury;Bike Lane / Paved Shoulder;White;Male;Raleigh;Wake;Yes;01-01-07;2012-04-29;Loss of Control / Turning Error;21;Non-Intersection;01-04-01;0001-01-01T16:56:58-04:56;Motorist Lost Control - Other /;;2012;B: Evident Injury;Farms, Woods, Pastures;30-39;39;Yes;41-45 mph;O: No Injury;White;Female;Van;No;No;Dark - Roadway Not Lighted;Urban (>70% Developed);4 lanes;2;Straight - Level;Local Street;Dry;Two-Way, Divided, Unprotected Median;None;No Special Feature;Smooth Asphalt;Piedmont;Urban;40 - 45  MPH;No Control Present;Clear;No;35.79552, -78.7019
233;234;Yes;60-69;65;No;With Traffic;C: Possible Injury;Travel Lane;Black;Male;Raleigh;Wake;No;01-01-05;2012-04-13;Motorist Left Turn / Merge;15;Intersection;01-04-01;0001-01-01T10:42:58-04:56;Motorist Left Turn - Opposite Direction;;2012;C: Possible Injury;Commercial;60-69;62;No;6-10 mph;O: No Injury;Black;Female;Passenger Car;No;No;Daylight;Urban (>70% Developed);4 lanes;2;Straight - Level;Local Street;Dry;One-Way, Not Divided;None;No Special Feature;Smooth Asphalt;Piedmont;Urban;30 - 35  MPH;No Control Present;Clear;No;35.77979, -78.6206
235;236;Yes;10-Jun;7;No;With Traffic;C: Possible Injury;Sidewalk / Crosswalk / Driveway Crossing;White;Female;Cary;Wake;No;01-01-06;2012-04-21;Parallel Paths - Other Circumstances;15;Non-Intersection;01-04-01;0001-01-01T10:39:58-04:56;Parallel Paths - Other /;;2012;C: Possible Injury;Commercial;50-59;50;No;;C: Possible Injury;Black;Male;Passenger Car;No;No;Daylight;Urban (>70% Developed);4 lanes;3;Straight - Grade;State Secondary Route;Dry;Two-Way, Divided, Unprotected Median;None;Related To Intersection;Smooth Asphalt;Piedmont;Urban;40 - 45  MPH;No Control Present;Clear;No;35.78981, -78.8274
252;253;Yes;20-24;20;No;Facing Traffic;C: Possible Injury;Sidewalk / Crosswalk / Driveway Crossing;White;Female;Raleigh;Wake;No;01-01-02;2012-04-24;Motorist Failed to Yield - Midblock;12;Non-Intersection;01-04-01;0001-01-01T07:17:58-04:56;Motorist Drive Out - Commercial Driveway / Alley;;2012;C: Possible Injury;Commercial;40-49;44;No;0-5 mph;O: No Injury;White;Male;Passenger Car;No;No;Daylight;Urban (>70% Developed);2 lanes;2;Straight - Level;Public Vehicular Area;Dry;Two-Way, Not Divided;None;Driveway, Public;Smooth Asphalt;Piedmont;Urban;30 - 35  MPH;Other;Clear;No;35.77862, -78.6383
253;254;Yes;15-Nov;15;No;With Traffic;B: Evident Injury;Travel Lane;Black;Male;Raleigh;Wake;No;01-01-06;2012-05-05;Bicyclist Failed to Yield - Sign-Controlled Intersection;14;Intersection;01-05-01;0001-01-01T09:47:58-04:56;Bicyclist Ride Through - Sign-Controlled Intersection;;2012;B: Evident Injury;Residential;40-49;46;No;21-25 mph;O: No Injury;Black;Male;Pickup;No;No;Daylight;Urban (>70% Developed);;2;Straight - Grade;Local Street;Water (Standing, Moving);Two-Way, Not Divided;None;Four-Way Intersection;Smooth Asphalt;Piedmont;Urban;30 - 35  MPH;Stop Sign;Cloudy;No;35.73687, -78.5409
254;255;Yes;50-59;55;No;Facing Traffic;C: Possible Injury;Bike Lane / Paved Shoulder;Black;Male;Fayetteville;Cumberland;No;;2012-04-16;Crossing Paths - Other Circumstances;14;Intersection;01-04-01;0001-01-01T09:48:58-04:56;Crossing Paths - Intersection - Other /;;2012;C: Possible Injury;Commercial;20-24;24;No;0-5 mph;O: No Injury;Hispanic;Female;Passenger Car;No;No;Daylight;Urban (>70% Developed);5 lanes;2;Straight - Level;Local Street;Dry;Two-Way, Divided, Positive Median Barrier;None;No Special Feature;Coarse Asphalt;Coastal;Urban;40 - 45  MPH;Stop And Go Signal;Clear;No;35.12218, -78.8795
207;208;Yes;60-69;61;No;With Traffic;C: Possible Injury;Travel Lane;Black;Male;Murfreesboro;Hertford;No;01-01-03;2011-04-20;Bicyclist Left Turn / Merge;14;Intersection-Related;01-04-01;0001-01-01T09:30:58-04:56;Bicyclist Left Turn - Same Direction;211221;2011;C: Possible Injury;Commercial;70+;;No;16-20 mph;O: No Injury;Black;Female;Passenger Car;No;No;Daylight;Urban (>70% Developed);3 lanes;2;Straight - Level;US Route;Dry;Two-Way, Not Divided;None;Driveway, Public;Coarse Asphalt;Coastal;Rural;30 - 35  MPH;Double Yellow Line, No Passing Zone;Clear;No;36.44167, -77.1191
209;210;Yes;40-49;48;No;Facing Traffic;C: Possible Injury;Travel Lane;Black;Male;Raleigh;Wake;No;01-01-02;2011-05-03;Loss of Control / Turning Error;17;Intersection-Related;01-05-01;0001-01-01T12:56:58-04:56;Bicyclist Turning Error - Left Turn;212114;2011;C: Possible Injury;Residential;60-69;63;No;31-35 mph;O: No Injury;Black;Female;Passenger Car;No;No;Daylight;Urban (>70% Developed);3 lanes;2;Straight - Level;Local Street;Dry;One-Way, Not Divided;None;No Special Feature;Smooth Asphalt;Piedmont;Urban;30 - 35  MPH;Stop And Go Signal;Clear;No;35.7809, -78.6297
212;213;Yes;16-19;18;No;With Traffic;B: Evident Injury;Travel Lane;White;Female;Raleigh;Wake;No;01-01-07;2011-05-01;Motorist Failed to Yield - Sign-Controlled Intersection;23;Intersection;01-05-01;0001-01-01T18:46:58-04:56;Motorist Drive Out - Sign-Controlled Intersection;111141;2011;B: Evident Injury;Commercial;40-49;44;No;11-15 mph;O: No Injury;Black;Male;Passenger Car;No;No;Dark - Lighted Roadway;Urban (>70% Developed);2 lanes;2;Curve - Level;Local Street;Dry;Two-Way, Divided, Unprotected Median;None;Traffic Circle/Roundabout;Smooth Asphalt;Piedmont;Urban;30 - 35  MPH;Yield Sign;Clear;No;35.78315, -78.6653
215;216;No;25-29;26;No;With Traffic;O: No Injury;Travel Lane;White;Male;Durham;Durham;No;01-01-02;2011-05-10;Motorist Left Turn / Merge;17;Non-Intersection;01-05-01;0001-01-01T12:19:58-04:56;Motorist Left Turn - Opposite Direction;311212;2011;O: No Injury;Commercial;60-69;65;No;26-30 mph;O: No Injury;White;Male;Passenger Car;No;No;Daylight;Urban (>70% Developed);2 lanes;2;Straight - Level;Local Street;Dry;Two-Way, Not Divided;None;No Special Feature;Smooth Asphalt;Piedmont;Urban;30 - 35  MPH;No Control Present;Clear;No;35.99478, -78.9028
222;223;No;20-24;23;No;Facing Traffic;O: No Injury;Sidewalk / Crosswalk / Driveway Crossing;White;Male;Charlotte;Mecklenburg;No;;2011-05-09;Motorist Failed to Yield - Midblock;19;Non-Intersection;01-05-01;0001-01-01T14:36:58-04:56;Motorist Drive Out - Commercial Driveway / Alley;332322;2011;O: No Injury;Commercial;;;Missing;0-5 mph;Injury;/Missing;;Taxicab;No;Yes;Daylight;Urban (>70% Developed);;2;Straight - Level;Private Road, Driveway;Dry;One-Way, Not Divided;None;Driveway, Private;Concrete;Piedmont;Urban;5 - 15 MPH;No Control Present;Clear;No;35.22565, -80.8453
244;245;Yes;25-29;27;No;With Traffic;B: Evident Injury;Travel Lane;White;Male;Asheville;Buncombe;No;01-01-04;2011-05-12;Bicyclist Overtaking Motorist;13;Non-Intersection;01-05-01;0001-01-01T08:27:58-04:56;Bicyclist Overtaking - Passing on Left;311242;2011;B: Evident Injury;Commercial;25-29;25;No;0-5 mph;O: No Injury;White;Female;Passenger Car;No;No;Daylight;Urban (>70% Developed);;2;Straight - Grade;Local Street;Dry;Two-Way, Not Divided;None;No Special Feature;Smooth Asphalt;Mountains;Urban;30 - 35  MPH;No Control Present;Clear;No;35.59677, -82.5482
257;258;No;30-39;32;No;With Traffic;B: Evident Injury;Travel Lane;White;Female;Charlotte;Mecklenburg;No;;2011-05-09;Motorist Failed to Yield - Sign-Controlled Intersection;15;Intersection;01-05-01;0001-01-01T10:15:58-04:56;Motorist Drive Out - Sign-Controlled Intersection;111141;2011;B: Evident Injury;Residential;40-49;42;No;0-5 mph;O: No Injury;White;Female;Sport Utility;No;No;Daylight;Urban (>70% Developed);2 lanes;2;Straight - Level;Local Street;Dry;Two-Way, Divided, Unprotected Median;None;No Special Feature;Smooth Asphalt;Piedmont;Urban;30 - 35  MPH;Stop Sign;Clear;No;35.1449, -80.8451
278;279;Yes;60-69;60;No;With Traffic;B: Evident Injury;Travel Lane;White;Male;Davidson;Mecklenburg;No;01-01-06;2011-05-14;Bicyclist Failed to Yield - Sign-Controlled Intersection;9;Intersection;01-05-01;0001-01-01T04:22:58-04:56;Bicyclist Ride Through - Sign-Controlled Intersection;111144;2011;B: Evident Injury;Residential;40-49;47;No;6-10 mph;O: No Injury;White;Male;Pickup;No;No;Daylight;Urban (>70% Developed);2 lanes;2;Straight - Grade;Local Street;Dry;Two-Way, Not Divided;None;No Special Feature;Coarse Asphalt;Piedmont;Urban;20 - 25  MPH;Stop Sign;Cloudy;No;35.4714, -80.7872
286;287;Yes;10-Jun;9;No;Facing Traffic;A: Disabling Injury;Travel Lane;White;Female;Raleigh;Wake;No;01-01-07;2011-05-22;Bicyclist Failed to Yield - Sign-Controlled Intersection;16;Intersection;01-05-01;0001-01-01T11:30:58-04:56;Bicyclist Ride Through - Sign-Controlled Intersection;112144;2011;A: Disabling Injury;Residential;40-49;41;No;31-35 mph;O: No Injury;White;Male;Sport Utility;No;No;Daylight;Urban (>70% Developed);2 lanes;2;Straight - Hillcrest;Local Street;Dry;Two-Way, Not Divided;None;T-Intersection;Smooth Asphalt;Piedmont;Urban;30 - 35  MPH;Stop Sign;Clear;No;35.85485, -78.6354
291;292;Yes;16-19;18;No;With Traffic;B: Evident Injury;Bike Lane / Paved Shoulder;White;Male;None - Rural Crash;Wake;No;01-01-05;2011-06-10;Motorist Overtaking Bicyclist;18;Non-Intersection;01-06-01;0001-01-01T13:18:58-04:56;Motorist Overtaking - Bicyclist Swerved;321235;2011;B: Evident Injury;Residential;40-49;44;No;41-45 mph;O: No Injury;White;Male;Motor Home/Recreational Vehicle;No;No;Daylight;Mixed (30% To 70% Developed);2 lanes;2;Straight - Level;NC Route;Dry;Two-Way, Not Divided;None;No Special Feature;Smooth Asphalt;Piedmont;Rural;50 - 55  MPH;Double Yellow Line, No Passing Zone;Clear;No;35.97785, -78.4438
306;307;No;40-49;40;No;With Traffic;O: No Injury;Travel Lane;White;Male;None - Rural Crash;Henderson;No;01-01-03;2011-06-15;Motorist Left Turn / Merge;18;Intersection;01-06-01;0001-01-01T13:28:58-04:56;Motorist Left Turn - Opposite Direction;111212;2011;O: No Injury;Residential;20-24;20;No;16-20 mph;O: No Injury;Black;Female;Passenger Car;No;No;Dusk;Rural (<30% Developed);2 lanes;2;Straight - Bottom;State Secondary Route;Wet;Two-Way, Not Divided;None;T-Intersection;Smooth Asphalt;Mountains;Rural;30 - 35  MPH;Double Yellow Line, No Passing Zone;Cloudy;No;35.30222, -82.4319
341;342;Yes;15-Nov;12;No;With Traffic;B: Evident Injury;Travel Lane;Black;Male;Raleigh;Wake;No;01-01-06;2011-06-18;Motorist Right Turn / Merge;12;Intersection;01-06-01;0001-01-01T07:47:58-04:56;Motorist Right Turn - Same Direction;111213;2011;B: Evident Injury;Residential;0-19;19;No;0-5 mph;O: No Injury;White;Female;Passenger Car;No;No;Daylight;Urban (>70% Developed);5 lanes;2;Straight - Hillcrest;Local Street;Dry;Two-Way, Divided, Unprotected Median;None;Four-Way Intersection;Smooth Asphalt;Piedmont;Urban;40 - 45  MPH;Stop Sign;Clear;No;35.75728, -78.6998
346;347;Yes;50-59;59;No;;C: Possible Injury;;Black;Male;Henderson;Vance;No;01-01-03;2011-06-08;Motorist Right Turn / Merge;15;Intersection;01-06-01;0001-01-01T10:42:58-04:56;Motorist Right Turn - Opposite Direction;199214;2011;C: Possible Injury;Commercial;25-29;29;No;26-30 mph;Injury;Black;Male;;No;Yes;Daylight;Urban (>70% Developed);2 lanes;2;Straight - Level;Local Street;Dry;Two-Way, Not Divided;None;No Special Feature;Concrete;Piedmont;Urban;30 - 35  MPH;Yield Sign;Clear;No;36.32773, -78.3944
358;359;Yes;15-Nov;11;No;With Traffic;B: Evident Injury;Travel Lane;Black;Female;Jacksonville;Onslow;No;;2011-06-13;Head-On;17;Non-Intersection;01-06-01;0001-01-01T12:07:58-04:56;Head-On - Motorist;311255;2011;B: Evident Injury;Residential;20-24;23;No;16-20 mph;C: Possible Injury;Hispanic;Male;Motorcycle;No;No;Daylight;Urban (>70% Developed);2 lanes;2;Straight - Level;Local Street;Dry;Two-Way, Not Divided;None;No Special Feature;Smooth Asphalt;Coastal;Urban;20 - 25  MPH;No Control Present;Clear;No;34.76684, -77.3697
366;367;No;50-59;52;No;With Traffic;C: Possible Injury;Travel Lane;White;Male;Siler City;Chatham;No;01-01-04;2011-06-09;Motorist Overtaking Bicyclist;1;Non-Intersection;01-06-01;0000-12-31T20:58:58-04:56;Motorist Overtaking - Undetected Bicyclist;311231;2011;C: Possible Injury;Residential;;;Missing;41-45 mph;Injury;/Missing;;Heavy Truck;No;Yes;Dark - Lighted Roadway;Urban (>70% Developed);5 lanes;2;Straight - Level;Local Street;Dry;Two-Way, Divided, Unprotected Median;None;No Special Feature;Smooth Asphalt;Piedmont;Urban;40 - 45  MPH;No Control Present;Clear;No;35.73327, -79.46
370;371;Yes;50-59;50;No;With Traffic;B: Evident Injury;Travel Lane;White;Male;Apex;Wake;No;;2011-07-04;Bicyclist Overtaking Motorist;10;Non-Intersection;01-07-01;0001-01-01T05:31:58-04:56;Bicyclist Overtaking - Other /;311249;2011;B: Evident Injury;Commercial;60-69;63;No;0-5 mph;O: No Injury;White;Female;Passenger Car;No;No;Daylight;Urban (>70% Developed);2 lanes;2;Straight - Grade;Local Street;Dry;Two-Way, Not Divided;None;No Special Feature;Coarse Asphalt;Piedmont;Urban;30 - 35  MPH;Double Yellow Line, No Passing Zone;Clear;No;35.74377, -78.8213
415;416;No;16-19;17;No;Not Applicable;O: No Injury;Other;Black;Male;None - Rural Crash;Cumberland;No;01-01-05;2011-07-15;Bicyclist Failed to Yield - Midblock;12;Non-Intersection;01-07-01;0001-01-01T07:22:58-04:56;Bicyclist Ride Out - Other Midblock;383318;2011;O: No Injury;Farms, Woods, Pastures;40-49;44;No;41-45 mph;O: No Injury;White;Male;Pickup;No;No;Daylight;Mixed (30% To 70% Developed);2 lanes;2;Straight - Level;State Secondary Route;Dry;Two-Way, Not Divided;None;Non-Intersection Median Crossing;Coarse Asphalt;Coastal;Rural;40 - 45  MPH;Double Yellow Line, No Passing Zone;Clear;No;34.9901, -78.9041
422;423;Yes;16-19;18;No;With Traffic;B: Evident Injury;Sidewalk / Crosswalk / Driveway Crossing;White;Male;Wilmington;New Hanover;No;01-01-02;2011-06-28;Motorist Right Turn / Merge;16;Intersection;01-06-01;0001-01-01T11:08:58-04:56;Motorist Right Turn on Red - Same Direction;131217;2011;B: Evident Injury;Commercial;25-29;27;No;11-15 mph;O: No Injury;White;Male;Passenger Car;No;No;Daylight;Urban (>70% Developed);6 lanes;2;Straight - Level;Local Street;Dry;Two-Way, Divided, Positive Median Barrier;None;Four-Way Intersection;Coarse Asphalt;Coastal;Urban;30 - 35  MPH;Stop And Go Signal;Clear;No;34.23854, -77.828
437;438;Yes;50-59;56;No;With Traffic;B: Evident Injury;Travel Lane;White;Male;Wilmington;New Hanover;No;;2011-07-04;Motorist Overtaking Bicyclist;17;Non-Intersection;01-07-01;0001-01-01T12:45:58-04:56;Motorist Overtaking - Other /;311239;2011;B: Evident Injury;Residential;70+;;No;31-35 mph;O: No Injury;White;Male;Passenger Car;No;No;Daylight;Urban (>70% Developed);2 lanes;2;Straight - Level;Local Street;Dry;Two-Way, Not Divided;None;No Special Feature;Coarse Asphalt;Coastal;Urban;30 - 35  MPH;No Control Present;Clear;No;34.21966, -77.8617
443;444;No;15-Nov;14;No;With Traffic;B: Evident Injury;Travel Lane;Native American;Male;Lumberton;Robeson;No;01-01-07;2011-07-24;Bicyclist Left Turn / Merge;19;Intersection-Related;01-07-01;0001-01-01T14:07:58-04:56;Bicyclist Left Turn - Opposite Direction;211222;2011;B: Evident Injury;Residential;70+;;No;26-30 mph;O: No Injury;White;Male;Passenger Car;No;No;Daylight;Urban (>70% Developed);2 lanes;2;Straight - Level;Local Street;Wet;Two-Way, Not Divided;None;No Special Feature;Coarse Asphalt;Coastal;Urban;30 - 35  MPH;No Control Present;Rain;No;34.61149, -78.9754
460;461;Yes;20-24;20;No;With Traffic;B: Evident Injury;Travel Lane;White;Female;Raleigh;Wake;No;01-01-03;2011-07-27;Loss of Control / Turning Error;23;Intersection;01-07-01;0001-01-01T18:31:58-04:56;Bicyclist Lost Control - Other /;111129;2011;B: Evident Injury;Residential;30-39;33;No;31-35 mph;O: No Injury;White;Male;Passenger Car;No;No;Dark - Roadway Not Lighted;Mixed (30% To 70% Developed);2 lanes;2;Straight - Grade;Local Street;Dry;Two-Way, Not Divided;None;Four-Way Intersection;Smooth Asphalt;Piedmont;Urban;30 - 35  MPH;Stop Sign;Clear;No;35.8366, -78.6216
500;501;Yes;16-19;18;No;With Traffic;B: Evident Injury;Travel Lane;Black;Male;Charlotte;Mecklenburg;No;01-01-02;2011-07-26;Bicyclist Left Turn / Merge;20;Non-Intersection;01-07-01;0001-01-01T15:31:58-04:56;Bicyclist Left Turn - Same Direction;311221;2011;B: Evident Injury;Residential;40-49;40;No;31-35 mph;O: No Injury;Hispanic;Female;Passenger Car;No;No;Dusk;Urban (>70% Developed);2 lanes;2;Straight - Level;Local Street;Dry;Two-Way, Not Divided;None;No Special Feature;Concrete;Piedmont;Urban;30 - 35  MPH;No Control Present;Clear;No;35.2954, -80.8146
709;710;No;16-19;16;No;Facing Traffic;C: Possible Injury;Sidewalk / Crosswalk / Driveway Crossing;Black;Male;Charlotte;Mecklenburg;No;01-01-05;2011-10-07;Motorist Failed to Yield - Midblock;21;Non-Intersection;01-10-01;0001-01-01T16:03:58-04:56;Motorist Drive Out - Commercial Driveway / Alley;332322;2011;C: Possible Injury;Residential;;;Missing;6-10 mph;Injury;/Missing;;;No;Yes;Dark -  Lighting;Urban (>70% Developed);2 lanes;2;Straight - Grade;Local Street;Dry;Two-Way, Not Divided;None;Driveway, Public;Concrete;Piedmont;Urban;5 - 15 MPH;No Control Present;Clear;No;35.25238, -80.7803
716;717;Yes;30-39;39;No;With Traffic;B: Evident Injury;Sidewalk / Crosswalk / Driveway Crossing;White;Male;Cary;Wake;No;;2011-10-10;Parallel Paths - Other Circumstances;13;Non-Intersection;01-10-01;0001-01-01T08:44:58-04:56;Bicyclist Ride Out - Parallel Path;331225;2011;B: Evident Injury;Residential;40-49;40;No;31-35 mph;O: No Injury;White;Female;Passenger Car;No;No;Daylight;Urban (>70% Developed);4 lanes;2;Straight - Grade;State Secondary Route;Dry;Two-Way, Not Divided;None;No Special Feature;Coarse Asphalt;Piedmont;Urban;30 - 35  MPH;No Control Present;Cloudy;No;35.7666, -78.7731
720;721;Yes;15-Nov;14;No;Facing Traffic;C: Possible Injury;Sidewalk / Crosswalk / Driveway Crossing;Black;Male;Raleigh;Wake;No;01-01-04;2011-10-20;Motorist Failed to Yield - Sign-Controlled Intersection;18;Intersection;01-10-01;0001-01-01T13:54:58-04:56;Motorist Drive Out - Sign-Controlled Intersection;132141;2011;C: Possible Injury;Commercial;0-19;19;No;0-5 mph;O: No Injury;White;Female;Passenger Car;No;No;Dark - Lighted Roadway;Mixed (30% To 70% Developed);2 lanes;2;Straight - Level;Public Vehicular Area;Dry;Two-Way, Not Divided;None;Driveway, Private;Smooth Asphalt;Piedmont;Urban;20 - 25  MPH;Stop Sign;Clear;No;35.78467, -78.688
725;726;No;25-29;26;No;With Traffic;C: Possible Injury;Travel Lane;White;Male;Raleigh;Wake;No;01-01-06;2011-10-22;Motorist Left Turn / Merge;17;Non-Intersection;01-10-01;0001-01-01T12:26:58-04:56;Motorist Left Turn - Same Direction;311211;2011;C: Possible Injury;Residential;;;Missing;0-5 mph;Injury;/Missing;;Commercial Bus;No;Yes;Daylight;Urban (>70% Developed);5 lanes;2;Straight - Level;Local Street;Dry;Two-Way, Not Divided;None;No Special Feature;Smooth Asphalt;Piedmont;Urban;30 - 35  MPH;No Control Present;Clear;No;35.78572, -78.6613
727;728;Yes;20-24;20;Yes;Not Applicable;B: Evident Injury;Travel Lane;White;Male;None - Rural Crash;New Hanover;Yes;01-01-06;2011-10-22;Bicyclist Failed to Yield - Midblock;5;Non-Intersection;01-10-01;0001-01-01T00:48:58-04:56;Bicyclist Ride Out - Commercial Driveway / Alley;313312;2011;B: Evident Injury;Residential;40-49;48;No;51-55 mph;O: No Injury;White;Female;Passenger Car;No;No;Dark - Roadway Not Lighted;Urban (>70% Developed);5 lanes;2;Straight - Grade;US Route;Dry;Two-Way, Divided, Unprotected Median;None;Related To Intersection;Coarse Asphalt;Coastal;Rural;50 - 55  MPH;No Control Present;Cloudy;No;34.26826, -77.869
728;729;Yes;40-49;40;No;Facing Traffic;B: Evident Injury;Travel Lane;White;Female;Goldsboro;Wayne;No;01-01-04;2011-10-13;Motorist Failed to Yield - Sign-Controlled Intersection;17;Intersection;01-10-01;0001-01-01T12:38:58-04:56;Motorist Drive Out - Sign-Controlled Intersection;112141;2011;B: Evident Injury;Residential;30-39;32;No;0-5 mph;O: No Injury;White;Male;Passenger Car;No;No;Daylight;Urban (>70% Developed);3 lanes;2;Straight - Level;Local Street;Dry;Two-Way, Not Divided;None;No Special Feature;Smooth Asphalt;Coastal;Urban;30 - 35  MPH;Stop Sign;Clear;No;35.3893, -77.9222
733;734;Yes;20-24;21;No;Facing Traffic;C: Possible Injury;Sidewalk / Crosswalk / Driveway Crossing;White;Male;Jacksonville;Onslow;No;01-01-04;2011-10-06;Motorist Failed to Yield - Midblock;16;Non-Intersection;01-10-01;0001-01-01T11:13:58-04:56;Motorist Drive Out - Commercial Driveway / Alley;332322;2011;C: Possible Injury;Commercial;50-59;51;No;0-5 mph;O: No Injury;White;Male;Passenger Car;No;No;Daylight;Urban (>70% Developed);;2;Straight - Level;Public Vehicular Area;Dry;Two-Way, Not Divided;None;Driveway, Private;Smooth Asphalt;Coastal;Urban;;No Control Present;Clear;No;34.75181, -77.4444
735;736;No;60-69;61;No;Not Applicable;O: No Injury;Travel Lane;Black;Male;Rocky Mount;Edgecombe;No;01-01-03;2011-09-28;Parallel Paths - Other Circumstances;11;Non-Intersection;01-09-01;0001-01-01T07:02:58-04:56;Bicyclist Ride Out - Parallel Path;313225;2011;O: No Injury;Residential;20-24;24;No;6-10 mph;O: No Injury;Black;Male;Sport Utility;No;No;Daylight;Urban (>70% Developed);2 lanes;2;Straight - Level;Local Street;Dry;Two-Way, Not Divided;None;Four-Way Intersection;Smooth Asphalt;Coastal;Urban;30 - 35  MPH;Stop Sign;Clear;No;35.95023, -77.7854
736;737;No;70+;;No;Facing Traffic;C: Possible Injury;Travel Lane;Black;Male;Rocky Mount;Edgecombe;No;;2011-10-17;Motorist Failed to Yield - Sign-Controlled Intersection;13;Intersection;01-10-01;0001-01-01T08:28:58-04:56;Motorist Drive Out - Sign-Controlled Intersection;112141;2011;C: Possible Injury;Residential;25-29;27;No;31-35 mph;O: No Injury;White;Male;Pickup;No;No;Daylight;Urban (>70% Developed);2 lanes;2;Straight - Level;Local Street;Dry;Two-Way, Not Divided;None;No Special Feature;Coarse Asphalt;Coastal;Urban;30 - 35  MPH;Stop Sign;Clear;No;35.94099, -77.7877
737;738;No;20-24;22;No;With Traffic;B: Evident Injury;Travel Lane;White;Female;Charlotte;Mecklenburg;No;01-01-02;2011-10-18;Motorist Overtaking Bicyclist;4;Non-Intersection;01-10-01;0000-12-31T23:51:58-04:56;Motorist Overtaking - Other /;311239;2011;B: Evident Injury;Residential;;;Missing;21-25 mph;Injury;/Missing;;;No;Yes;Daylight;Urban (>70% Developed);5 lanes;2;Straight - Level;Local Street;Dry;Two-Way, Divided, Positive Median Barrier;None;No Special Feature;Smooth Asphalt;Piedmont;Urban;40 - 45  MPH;No Control Present;Clear;No;35.11277, -80.8572
743;744;No;50-59;56;No;With Traffic;Injury;Travel Lane;/Missing;Female;Columbia;Tyrrell;No;01-01-04;2011-10-06;Motorist Overtaking Bicyclist;18;Non-Intersection;01-10-01;0001-01-01T13:11:58-04:56;Motorist Overtaking - Bicyclist Swerved;311235;2011;O: No Injury;Residential;0-19;18;No;21-25 mph;O: No Injury;Black;Male;Passenger Car;No;No;Daylight;Urban (>70% Developed);1 lane;2;Straight - Level;Local Street;Dry;Two-Way, Not Divided;None;No Special Feature;Smooth Asphalt;Coastal;Rural;30 - 35  MPH;No Control Present;Clear;No;35.91603, -76.2498
747;748;Yes;50-59;51;No;With Traffic;B: Evident Injury;Travel Lane;White;Male;Raleigh;Wake;No;01-01-07;2011-10-16;Motorist Left Turn / Merge;7;Non-Intersection;01-10-01;0001-01-01T02:40:58-04:56;Motorist Left Turn - Opposite Direction;311212;2011;B: Evident Injury;Institutional;20-24;21;No;6-10 mph;O: No Injury;White;Female;Passenger Car;No;No;Dawn;Urban (>70% Developed);2 lanes;2;Straight - Level;Local Street;Dry;Two-Way, Not Divided;None;Driveway, Public;Coarse Asphalt;Piedmont;Urban;20 - 25  MPH;No Control Present;Clear;No;35.78515, -78.6756
752;753;Yes;16-19;17;No;With Traffic;C: Possible Injury;Travel Lane;White;Male;None - Rural Crash;Yadkin;No;;2011-10-31;Motorist Overtaking Bicyclist;22;Non-Intersection;01-10-01;0001-01-01T17:31:58-04:56;Motorist Overtaking - Undetected Bicyclist;311231;2011;C: Possible Injury;Farms, Woods, Pastures;0-19;18;No;46-50 mph;O: No Injury;White;Female;Passenger Car;No;No;Dark - Roadway Not Lighted;Rural (<30% Developed);2 lanes;2;Straight - Level;State Secondary Route;Dry;Two-Way, Not Divided;None;No Special Feature;Coarse Asphalt;Mountains;Rural;50 - 55  MPH;No Control Present;Clear;No;36.20137, -80.5035