FID;OBJECTID;AmbulanceR;BikeAge_Gr;Bike_Age;Bike_Alc_D;Bike_Dir;Bike_Injur;Bike_Pos;Bike_Race;Bike_Sex;City;County;CrashAlcoh;CrashDay;Crash_Date;Crash_Grp;Crash_Hour;Crash_Loc;Crash_Mont;Crash_Time;Crash_Type;Crash_Ty_1;Crash_Year;Crsh_Sevri;Developmen;DrvrAge_Gr;Drvr_Age;Drvr_Alc_D;Drvr_EstSp;Drvr_Injur;Drvr_Race;Drvr_Sex;Drvr_VehTy;ExcsSpdInd;Hit_Run;Light_Cond;Locality;Num_Lanes;Num_Units;Rd_Charact;Rd_Class;Rd_Conditi;Rd_Config;Rd_Defects;Rd_Feature;Rd_Surface;Region;Rural_Urba;Speed_Limi;Traff_Cntr;Weather;Workzone_I;Location
758;759;No;50-59;59;No;With Traffic;B: Evident Injury;Sidewalk / Crosswalk / Driveway Crossing;White;Male;Wilmington;New Hanover;No;01-01-07;2011-10-16;Bicyclist Failed to Yield - Signalized Intersection;10;Intersection;01-10-01;0001-01-01T06:01:58-04:56;Bicyclist Ride Out - Signalized  Intersection;131153;2011;B: Evident Injury;Commercial;30-39;32;No;31-35 mph;O: No Injury;White;Male;Single Unit Truck (2-Axle, 6-Tire);No;No;Daylight;Urban (>70% Developed);9 or more lanes;2;Straight - Level;Local Street;Dry;Two-Way, Divided, Unprotected Median;None;No Special Feature;Coarse Asphalt;Coastal;Urban;30 - 35  MPH;Stop And Go Signal;Clear;No;34.24819, -77.9476
763;764;Yes;15-Nov;14;No;Facing Traffic;B: Evident Injury;Travel Lane;Hispanic;Male;None - Rural Crash;Beaufort;No;01-01-02;2011-10-11;Bicyclist Right Turn / Merge;17;Non-Intersection;01-10-01;0001-01-01T12:16:58-04:56;Bicyclist Right Turn - Same Direction;312223;2011;B: Evident Injury;Residential;20-24;20;No;41-45 mph;O: No Injury;Black;Female;Passenger Car;No;No;Daylight;Urban (>70% Developed);2 lanes;2;Straight - Level;State Secondary Route;Dry;Two-Way, Not Divided;None;No Special Feature;Coarse Asphalt;Coastal;Rural;40 - 45  MPH;Double Yellow Line, No Passing Zone;Clear;No;35.52382, -77.0096
769;770;Yes;20-24;21;No;Facing Traffic;B: Evident Injury;Sidewalk / Crosswalk / Driveway Crossing;White;Male;Raleigh;Wake;No;01-01-05;2011-11-04;Motorist Failed to Yield - Sign-Controlled Intersection;16;Intersection;01-11-01;0001-01-01T11:37:58-04:56;Motorist Drive Out - Sign-Controlled Intersection;132141;2011;B: Evident Injury;Commercial;30-39;38;No;0-5 mph;O: No Injury;Other;Female;Sport Utility;No;No;Daylight;Urban (>70% Developed);2 lanes;2;Straight - Grade;Local Street;Wet;Two-Way, Not Divided;Road Surface Condition;T-Intersection;Smooth Asphalt;Piedmont;Urban;20 - 25  MPH;Stop Sign;Cloudy;No;35.7721, -78.6386
771;772;No;50-59;56;No;With Traffic;B: Evident Injury;Bike Lane / Paved Shoulder;White;Male;Wilmington;New Hanover;No;01-01-07;2011-10-23;Loss of Control / Turning Error;2;Non-Intersection;01-10-01;0000-12-31T21:33:58-04:56;Motorist Lost Control - Other /;321139;2011;B: Evident Injury;Residential;;;Missing;51-55 mph;Injury;/Missing;;;No;Yes;Dark - Roadway Not Lighted;Mixed (30% To 70% Developed);6 lanes;2;Straight - Level;US Route;Dry;Two-Way, Divided, Unprotected Median;None;No Special Feature;Smooth Asphalt;Coastal;Urban;50 - 55  MPH;No Control Present;Clear;No;34.25471, -77.8793
772;773;No;16-19;16;No;With Traffic;C: Possible Injury;Sidewalk / Crosswalk / Driveway Crossing;Black;Female;Charlotte;Mecklenburg;No;01-01-05;2011-10-07;Crossing Paths - Other Circumstances;18;Intersection;01-10-01;0001-01-01T13:33:58-04:56;Signalized Intersection - Other /;131158;2011;C: Possible Injury;Residential;0-19;19;No;16-20 mph;O: No Injury;Black;Male;Passenger Car;No;No;Daylight;Urban (>70% Developed);2 lanes;2;Straight - Level;Local Street;Dry;Two-Way, Divided, Unprotected Median;None;No Special Feature;Smooth Asphalt;Piedmont;Urban;30 - 35  MPH;Stop And Go Signal;Clear;No;35.23805, -80.8753
785;786;No;25-29;26;No;With Traffic;C: Possible Injury;Travel Lane;White;Male;Asheville;Buncombe;No;01-01-04;2011-10-27;Motorist Failed to Yield - Signalized Intersection;13;Intersection;01-10-01;0001-01-01T08:33:58-04:56;Motorist Drive Out - Signalized Intersection;111152;2011;C: Possible Injury;Commercial;;;Missing;11-15 mph;Injury;/Missing;;;No;Yes;Daylight;Urban (>70% Developed);4 lanes;2;Straight - Grade;US Route;Dry;Two-Way, Not Divided;None;No Special Feature;Smooth Asphalt;Mountains;Urban;20 - 25  MPH;Double Yellow Line, No Passing Zone;Clear;Yes;35.59311, -82.5513
787;788;Yes;60-69;65;No;With Traffic;C: Possible Injury;Travel Lane;White;Male;None - Rural Crash;Randolph;No;01-01-06;2011-11-12;Motorist Overtaking Bicyclist;14;Intersection-Related;01-11-01;0001-01-01T09:47:58-04:56;Motorist Overtaking - Misjudged Space;211232;2011;C: Possible Injury;Commercial;;;No;31-35 mph;Injury;/Missing;;Passenger Car;No;Yes;Daylight;Urban (>70% Developed);3 lanes;2;Straight - Level;US Route;Dry;Two-Way, Not Divided;None;T-Intersection;Smooth Asphalt;Piedmont;Rural;40 - 45  MPH;Stop And Go Signal;Clear;No;35.66957, -79.8217
791;792;Yes;50-59;50;No;With Traffic;C: Possible Injury;Travel Lane;White;Male;Greensboro;Guilford;No;01-01-03;2011-10-26;Motorist Overtaking Bicyclist;21;Non-Intersection;01-10-01;0001-01-01T16:19:58-04:56;Motorist Overtaking - Misjudged Space;311232;2011;C: Possible Injury;Residential;70+;;No;36-40 mph;O: No Injury;White;Female;;No;Yes;Dark - Lighted Roadway;Urban (>70% Developed);4 lanes;2;Straight - Grade;Local Street;Dry;Two-Way, Divided, Positive Median Barrier;None;No Special Feature;Smooth Asphalt;Piedmont;Urban;40 - 45  MPH;No Control Present;Clear;No;36.06857, -79.8481
830;831;Yes;70+;;No;With Traffic;Injury;Sidewalk / Crosswalk / Driveway Crossing;White;Male;Wilmington;New Hanover;No;01-01-02;2011-11-08;Loss of Control / Turning Error;6;Non-Intersection;01-11-01;0001-01-01T01:58:58-04:56;Bicyclist Turning Error - Right Turn;331115;2011;O: No Injury;Commercial;60-69;65;No;0-5 mph;O: No Injury;White;Male;Taxicab;No;No;Daylight;Urban (>70% Developed);2 lanes;2;Straight - Level;Public Vehicular Area;Dry;Two-Way, Not Divided;None;Driveway, Public;Concrete;Coastal;Urban;20 - 25  MPH;No Control Present;Clear;No;34.21974, -77.8867
839;840;Yes;20-24;21;No;With Traffic;A: Disabling Injury;Travel Lane;White;Male;Raleigh;Wake;No;01-01-02;2011-11-15;Motorist Left Turn / Merge;18;Non-Intersection;01-11-01;0001-01-01T13:28:58-04:56;Motorist Left Turn - Opposite Direction;311212;2011;A: Disabling Injury;Institutional;0-19;19;No;16-20 mph;O: No Injury;White;Male;Sport Utility;No;No;Dark - Lighted Roadway;Urban (>70% Developed);2 lanes;2;Straight - Grade;Local Street;Dry;Two-Way, Not Divided;None;T-Intersection;Coarse Asphalt;Piedmont;Urban;20 - 25  MPH;No Control Present;Clear;No;35.78375, -78.6771
845;846;No;50-59;56;No;With Traffic;B: Evident Injury;Sidewalk / Crosswalk / Driveway Crossing;White;Female;Raleigh;Wake;No;01-01-02;2011-12-13;Motorist Failed to Yield - Midblock;18;Non-Intersection;01-12-01;0001-01-01T13:22:58-04:56;Motorist Drive Out - Commercial Driveway / Alley;331322;2011;B: Evident Injury;Residential;40-49;47;No;0-5 mph;O: No Injury;White;Male;Passenger Car;No;No;Daylight;Urban (>70% Developed);1 lane;2;Straight - Grade;Local Street;Dry;Two-Way, Not Divided;None;Driveway, Private;Coarse Asphalt;Piedmont;Urban;5 - 15 MPH;No Control Present;Clear;No;35.92622, -78.5683
846;847;Yes;30-39;38;No;Facing Traffic;C: Possible Injury;Sidewalk / Crosswalk / Driveway Crossing;White;Male;Charlotte;Mecklenburg;No;01-01-02;2011-12-06;Motorist Right Turn / Merge;7;Intersection;01-12-01;0001-01-01T02:30:58-04:56;Motorist Right Turn - Opposite Direction;132214;2011;C: Possible Injury;Commercial;40-49;49;No;6-10 mph;O: No Injury;White;Male;Passenger Car;No;No;Dusk;Urban (>70% Developed);4 lanes;2;Straight - Level;Local Street;Wet;Two-Way, Not Divided;None;No Special Feature;Smooth Asphalt;Piedmont;Urban;30 - 35  MPH;Stop And Go Signal;Rain;No;35.22492, -80.8464
854;855;Yes;16-19;19;No;With Traffic;K: Killed;Travel Lane;White;Female;None - Rural Crash;Avery;No;01-01-04;2011-12-15;Head-On;14;Non-Intersection;01-12-01;0001-01-01T09:29:58-04:56;Head-On - Motorist;311255;2011;K: Killed;Farms, Woods, Pastures;0-19;19;No;41-45 mph;O: No Injury;White;Male;Pickup;No;No;Daylight;Mixed (30% To 70% Developed);2 lanes;2;Straight - Grade;US Route;Dry;Two-Way, Not Divided;None;No Special Feature;Smooth Asphalt;Mountains;Rural;40 - 45  MPH;Double Yellow Line, No Passing Zone;Cloudy;No;35.98765, -81.948
856;857;Yes;40-49;40;Yes;With Traffic;B: Evident Injury;Travel Lane;White;Male;Mooresville;Iredell;Yes;01-01-02;2011-11-22;Motorist Overtaking Bicyclist;21;Non-Intersection;01-11-01;0001-01-01T16:18:58-04:56;Motorist Overtaking - Bicyclist Swerved;311235;2011;B: Evident Injury;Residential;30-39;39;No;31-35 mph;O: No Injury;White;Male;Passenger Car;No;No;Dark - Roadway Not Lighted;Mixed (30% To 70% Developed);2 lanes;2;Curve - Level;Local Street;Dry;Two-Way, Not Divided;None;No Special Feature;Smooth Asphalt;Piedmont;Urban;30 - 35  MPH;No Control Present;Clear;No;35.59211, -80.8156
857;858;Yes;25-29;25;Yes;With Traffic;B: Evident Injury;Travel Lane;White;Female;None - Rural Crash;Brunswick;Yes;01-01-04;2011-11-17;Motorist Overtaking Bicyclist;23;Non-Intersection;01-11-01;0001-01-01T18:39:58-04:56;Motorist Overtaking - Misjudged Space;311232;2011;B: Evident Injury;Farms, Woods, Pastures;50-59;52;No;41-45 mph;O: No Injury;White;Male;Pickup;No;No;Dark - Roadway Not Lighted;Mixed (30% To 70% Developed);3 lanes;2;Straight - Level;NC Route;Dry;Two-Way, Not Divided;None;No Special Feature;Coarse Asphalt;Coastal;Rural;40 - 45  MPH;Double Yellow Line, No Passing Zone;Clear;No;33.90115, -78.4885
859;860;Yes;60-69;60;No;With Traffic;C: Possible Injury;Travel Lane;White;Male;Winston-Salem;Forsyth;No;01-01-02;2011-11-29;Motorist Left Turn / Merge;9;Non-Intersection;01-11-01;0001-01-01T04:53:58-04:56;Motorist Left Turn - Opposite Direction;311212;2011;C: Possible Injury;Commercial;40-49;47;No;11-15 mph;O: No Injury;Black;Male;Van;No;No;Daylight;Urban (>70% Developed);4 lanes;2;Straight - Grade;Local Street;Dry;Two-Way, Not Divided;None;T-Intersection;Smooth Asphalt;Piedmont;Urban;30 - 35  MPH;No Control Present;Cloudy;No;36.08928, -80.2712
868;869;Yes;10-Jun;8;No;;C: Possible Injury;;Native American;Male;Red Springs;Robeson;No;01-01-06;2011-11-19;Crossing Paths - Other Circumstances;17;Intersection-Related;01-11-01;0001-01-01T12:48:58-04:56;Sign-Controlled Intersection - Other /;299148;2011;C: Possible Injury;Residential;0-19;18;No;16-20 mph;O: No Injury;Other;Male;Passenger Car;No;No;Daylight;Urban (>70% Developed);2 lanes;2;Straight - Level;Local Street;Wet;Two-Way, Not Divided;None;No Special Feature;Coarse Asphalt;Coastal;Rural;30 - 35  MPH;Stop Sign;Rain;No;34.82768, -79.174
762;763;No;15-Nov;12;No;With Traffic;C: Possible Injury;Travel Lane;Black;Male;Charlotte;Mecklenburg;No;01-01-06;2012-10-13;Motorist Overtaking Bicyclist;17;Non-Intersection;01-10-01;0001-01-01T12:18:58-04:56;Motorist Overtaking - Other /;;2012;C: Possible Injury;Farms, Woods, Pastures;70;70;No;6-10 mph;O: No Injury;White;Male;Passenger Car;No;No;Daylight;Rural (<30% Developed);2 lanes;2;Straight - Level;Local Street;Dry;Two-Way, Not Divided;None;No Special Feature;Smooth Asphalt;Piedmont;Urban;40 - 45  MPH;No Control Present;Clear;No;35.254, -80.7077
763;764;Yes;50-59;51;No;With Traffic;B: Evident Injury;Travel Lane;White;Male;None - Rural Crash;Moore;No;01-01-06;2012-10-13;Motorist Overtaking Bicyclist;17;Non-Intersection;01-10-01;0001-01-01T12:31:58-04:56;Motorist Overtaking - Other /;;2012;B: Evident Injury;Commercial;;;Missing;;Injury;/Missing;;Sport Utility;No;Yes;Daylight;Rural (<30% Developed);2 lanes;2;Straight - Grade;US Route;Dry;Two-Way, Not Divided;None;No Special Feature;Smooth Asphalt;Piedmont;Rural;;Double Yellow Line, No Passing Zone;Clear;No;35.30195, -79.2515
768;769;Yes;16-19;16;No;Facing Traffic;C: Possible Injury;Travel Lane;Black;Male;Fayetteville;Cumberland;No;01-01-05;2012-09-28;Head-On;18;Intersection-Related;01-09-01;0001-01-01T13:28:58-04:56;Head-On - Bicyclist;;2012;C: Possible Injury;Commercial;30-39;34;No;31-35 mph;O: No Injury;White;Male;Motorcycle;No;No;Daylight;Urban (>70% Developed);2 lanes;2;Straight - Level;Local Street;Dry;Two-Way, Not Divided;None;No Special Feature;Coarse Asphalt;Coastal;Urban;40 - 45  MPH;No Control Present;Clear;No;35.03582, -78.8402
777;778;Yes;16-19;17;No;Facing Traffic;B: Evident Injury;Sidewalk / Crosswalk / Driveway Crossing;White;Male;Raleigh;Wake;No;01-01-06;2012-10-13;Motorist Failed to Yield - Signalized Intersection;12;Intersection;01-10-01;0001-01-01T07:36:58-04:56;Motorist Drive Out - Right Turn on Red;;2012;B: Evident Injury;Commercial;20-24;22;No;0-5 mph;O: No Injury;White;Female;Sport Utility;No;No;Daylight;Urban (>70% Developed);3 lanes;2;Straight - Level;Local Street;Dry;Two-Way, Not Divided;None;T-Intersection;Smooth Asphalt;Piedmont;Urban;40 - 45  MPH;Stop And Go Signal;Clear;No;35.87953, -78.6252
779;780;Yes;30-39;35;Yes;With Traffic;C: Possible Injury;Travel Lane;White;Male;Goldsboro;Wayne;Yes;01-01-06;2012-10-06;Motorist Overtaking Bicyclist;1;Intersection;01-10-01;0000-12-31T20:18:58-04:56;Motorist Overtaking - Bicyclist Swerved;;2012;C: Possible Injury;Residential;40-49;47;No;31-35 mph;O: No Injury;Black;Male;Passenger Car;No;No;Dark - Lighted Roadway;Urban (>70% Developed);5 lanes;2;Straight - Level;Local Street;Dry;Two-Way, Not Divided;None;T-Intersection;Coarse Asphalt;Coastal;Urban;40 - 45  MPH;No Control Present;Clear;No;35.38438, -77.9266
783;784;Yes;30-39;31;No;Not Applicable;B: Evident Injury;Sidewalk / Crosswalk / Driveway Crossing;White;Male;Jacksonville;Onslow;No;01-01-03;2012-09-26;Bicyclist Failed to Yield - Midblock;15;Non-Intersection;01-09-01;0001-01-01T10:27:58-04:56;Bicyclist Ride Out - Other Midblock;;2012;B: Evident Injury;Residential;40-49;48;No;31-35 mph;O: No Injury;Other;Female;Passenger Car;No;No;Daylight;Urban (>70% Developed);4 lanes;2;Straight - Level;Local Street;Dry;Two-Way, Divided, Unprotected Median;None;No Special Feature;Smooth Asphalt;Coastal;Urban;30 - 35  MPH;Other;Clear;No;34.76049, -77.4011
785;786;Yes;16-19;19;No;With Traffic;B: Evident Injury;Travel Lane;White;Male;Rockwell;Rowan;No;01-01-05;2012-10-05;Motorist Overtaking Bicyclist;18;Non-Intersection;01-10-01;0001-01-01T13:08:58-04:56;Motorist Overtaking - Bicyclist Swerved;;2012;B: Evident Injury;Commercial;40-49;48;No;26-30 mph;B: Evident Injury;White;Male;Motorcycle;No;No;Daylight;Urban (>70% Developed);3 lanes;2;Curve - Level;US Route;Dry;Two-Way, Not Divided;None;No Special Feature;Smooth Asphalt;Piedmont;Rural;30 - 35  MPH;No Control Present;Clear;No;35.55568, -80.4136
786;787;Yes;30-39;32;No;Not Applicable;B: Evident Injury;Non-Roadway;White;Male;Gastonia;Gaston;No;01-01-05;2012-09-28;Crossing Paths - Other Circumstances;21;Intersection-Related;01-09-01;0001-01-01T16:24:58-04:56;Crossing Paths - Uncontrolled Intersection;;2012;B: Evident Injury;Residential;;;Missing;6-10 mph;Injury;/Missing;;;No;Yes;Dark - Lighted Roadway;Urban (>70% Developed);2 lanes;2;Straight - Level;Local Street;Dry;Two-Way, Not Divided;None;No Special Feature;Coarse Asphalt;Piedmont;Urban;30 - 35  MPH;No Control Present;Clear;No;35.26307, -81.2055
792;793;Yes;40-49;46;Yes;With Traffic;C: Possible Injury;Travel Lane;Black;Male;Kinston;Lenoir;Yes;01-01-02;2012-10-16;Motorist Failed to Yield - Sign-Controlled Intersection;21;Intersection;01-10-01;0001-01-01T16:52:58-04:56;Motorist Drive Out - Sign-Controlled Intersection;;2012;C: Possible Injury;Residential;40-49;40;No;0-5 mph;O: No Injury;Black;Male;Sport Utility;No;No;Dark - Lighted Roadway;Urban (>70% Developed);4 lanes;2;Straight - Level;Local Street;Dry;Two-Way, Not Divided;None;Four-Way Intersection;Coarse Asphalt;Coastal;Urban;30 - 35  MPH;Stop Sign;Clear;No;35.26508, -77.5666
801;802;Yes;25-29;25;Yes;With Traffic;B: Evident Injury;Travel Lane;White;Female;Raleigh;Wake;Yes;01-01-05;2012-10-19;Head-On;18;Non-Intersection;01-10-01;0001-01-01T13:50:58-04:56;Head-On - Motorist;;2012;B: Evident Injury;Residential;;;Missing;21-25 mph;Injury;/Missing;;Passenger Car;No;Yes;Dusk;Urban (>70% Developed);2 lanes;2;Straight - Level;Local Street;Dry;Two-Way, Not Divided;None;No Special Feature;Smooth Asphalt;Piedmont;Urban;20 - 25  MPH;No Control Present;Clear;No;35.83068, -78.5941
509;510;No;20-24;22;No;Facing Traffic;B: Evident Injury;Sidewalk / Crosswalk / Driveway Crossing;White;Male;Raleigh;Wake;No;;2009-08-24;Motorist Left Turn / Merge;18;Intersection;01-08-01;0001-01-01T13:15:58-04:56;Motorist Left Turn - Same Direction;132211;2009;B: Evident Injury;Institutional;40-49;47;No;6-10 mph;O: No Injury;White;Male;Passenger Car;No;No;Daylight;Urban (>70% Developed);2 lanes;2;Straight - Grade;Local Street;Dry;Two-Way, Not Divided;None;T-Intersection;Smooth Asphalt;Piedmont;Urban;20 - 25  MPH;Stop Sign;Clear;No;35.78381, -78.67712
513;514;Yes;20-24;24;No;With Traffic;A: Disabling Injury;Sidewalk / Crosswalk / Driveway Crossing;Hispanic;Male;Kill Devil Hills;Dare;No;01-01-07;2009-09-06;Motorist Left Turn / Merge;8;Intersection;01-09-01;0001-01-01T03:33:58-04:56;Motorist Left Turn - Opposite Direction;131212;2009;A: Disabling Injury;Commercial;40-49;44;No;16-20 mph;O: No Injury;White;Male;Pickup;No;No;Daylight;Urban (>70% Developed);5 lanes;2;Straight - Grade;US Route;Dry;Two-Way, Not Divided;None;Four-Way Intersection;Coarse Asphalt;Coastal;Urban;50 - 55  MPH;Stop And Go Signal;Cloudy;No;35.997616, -75.651375
517;518;Yes;20-24;23;No;Not Applicable;B: Evident Injury;;White;Male;Hendersonville;Henderson;No;;2009-08-03;Bicyclist Failed to Yield - Midblock;15;Non-Intersection;01-08-01;0001-01-01T10:56:58-04:56;Multiple Threat - Midblock;393357;2009;B: Evident Injury;Commercial;70+;;No;6-10 mph;C: Possible Injury;White;Female;Passenger Car;No;No;Daylight;Urban (>70% Developed);3 lanes;2;Straight - Level;Local Street;Dry;Two-Way, Not Divided;None;No Special Feature;Coarse Asphalt;Mountains;Urban;30 - 35  MPH;Stop And Go Signal;Clear;No;35.336945, -82.4458
518;519;No;20-24;21;No;With Traffic;B: Evident Injury;Travel Lane;White;Male;Raleigh;Wake;No;01-01-03;2009-09-02;Backing Vehicle;12;Non-Intersection;01-09-01;0001-01-01T07:24:58-04:56;Backing Vehicle;311600;2009;B: Evident Injury;Institutional;0-19;19;No;6-10 mph;O: No Injury;White;Male;Pickup;No;No;Daylight;Urban (>70% Developed);2 lanes;2;Straight - Hillcrest;Local Street;Dry;Two-Way, Not Divided;None;Driveway, Private;Coarse Asphalt;Piedmont;Urban;20 - 25  MPH;No Control Present;Clear;No;35.78113, -78.68073
519;520;No;15-Nov;13;No;With Traffic;C: Possible Injury;Sidewalk / Crosswalk / Driveway Crossing;Black;Male;Charlotte;Mecklenburg;No;01-01-07;2009-08-30;Motorist Right Turn / Merge;16;Non-Intersection;01-08-01;0001-01-01T11:59:58-04:56;Motorist Right Turn - Same Direction;331213;2009;C: Possible Injury;Residential;60-69;63;No;6-10 mph;O: No Injury;Black;Female;Passenger Car;No;No;Daylight;Mixed (30% To 70% Developed);2 lanes;2;Straight - Hillcrest;Local Street;Dry;Two-Way, Not Divided;None;Driveway, Private;Smooth Asphalt;Piedmont;Urban;20 - 25  MPH;No Control Present;Clear;No;35.23838, -80.71249
520;521;Yes;15-Nov;14;No;Not Applicable;B: Evident Injury;Driveway / Alley;Black;Male;None - Rural Crash;Washington;No;01-01-05;2009-09-18;Bicyclist Failed to Yield - Midblock;18;Non-Intersection;01-09-01;0001-01-01T13:38:58-04:56;Bicyclist Ride Out - Residential Driveway;353311;2009;B: Evident Injury;Residential;70+;;No;26-30 mph;O: No Injury;White;Female;Passenger Car;No;No;Daylight;Mixed (30% To 70% Developed);2 lanes;2;Straight - Level;State Secondary Route;Dry;Two-Way, Not Divided;None;Driveway, Private;Smooth Asphalt;Coastal;Rural;50 - 55  MPH;No Control Present;Clear;No;35.865334, -76.39653
521;522;Yes;20-24;21;No;With Traffic;B: Evident Injury;Travel Lane;White;Male;Chapel Hill;Orange;No;01-01-03;2009-09-09;Motorist Left Turn / Merge;10;Intersection;01-09-01;0001-01-01T05:55:58-04:56;Motorist Left Turn - Opposite Direction;111212;2009;B: Evident Injury;Institutional;40-49;40;No;6-10 mph;Injury;Black;Male;Pickup;No;No;;Urban (>70% Developed);6 lanes;2;Straight - Bottom;Local Street;Dry;Two-Way, Divided, Unprotected Median;None;No Special Feature;Smooth Asphalt;Piedmont;Urban;20 - 25  MPH;No Control Present;Clear;No;35.90214, -79.04427
524;525;Yes;16-19;19;No;Not Applicable;B: Evident Injury;Travel Lane;White;Female;Nags Head;Dare;No;01-01-07;2009-06-14;Bicyclist Failed to Yield - Midblock;21;Non-Intersection;01-06-01;0001-01-01T16:47:58-04:56;Bicyclist Ride Out - Midblock -;313319;2009;B: Evident Injury;Commercial;60-69;68;No;46-50 mph;O: No Injury;White;Male;Van;No;No;Dark - Roadway Not Lighted;Urban (>70% Developed);5 lanes;2;Straight - Level;US Route;Dry;Two-Way, Divided, Unprotected Median;None;No Special Feature;Smooth Asphalt;Coastal;Rural;50 - 55  MPH;No Control Present;Clear;No;35.983757, -75.64382
530;531;Yes;20-24;20;No;Facing Traffic;B: Evident Injury;Sidewalk / Crosswalk / Driveway Crossing;Black;Male;Charlotte;Mecklenburg;No;01-01-05;2009-09-04;Motorist Failed to Yield - Midblock;1;Non-Intersection;01-09-01;0000-12-31T20:15:58-04:56;Motorist Drive Out - Other Midblock;332328;2009;B: Evident Injury;Commercial;50-59;51;No;0-5 mph;O: No Injury;Black;Male;Taxicab;No;No;Dark - Lighted Roadway;Urban (>70% Developed);2 lanes;2;Straight - Grade;Public Vehicular Area;Dry;Two-Way, Not Divided;None;Driveway, Public;Concrete;Piedmont;Urban;20 - 25  MPH;No Control Present;Clear;No;35.225685, -80.84321
531;532;Yes;40-49;41;No;With Traffic;C: Possible Injury;Travel Lane;White;Male;Wilmington;New Hanover;No;01-01-04;2009-09-10;Motorist Left Turn / Merge;10;Intersection;01-09-01;0001-01-01T05:54:58-04:56;Motorist Left Turn - Opposite Direction;111212;2009;C: Possible Injury;Commercial;60-69;67;No;16-20 mph;O: No Injury;Black;Female;Passenger Car;No;No;Daylight;Urban (>70% Developed);2 lanes;2;Straight - Level;Local Street;Dry;Two-Way, Not Divided;None;No Special Feature;Smooth Asphalt;Coastal;Urban;20 - 25  MPH;Stop And Go Signal;Cloudy;No;34.238792, -77.9491
538;539;No;50-59;55;No;With Traffic;B: Evident Injury;Travel Lane;White;Male;Durham;Durham;No;01-01-03;2009-09-23;Motorist Left Turn / Merge;17;Intersection;01-09-01;0001-01-01T13:00:58-04:56;Motorist Left Turn - Opposite Direction;111212;2009;B: Evident Injury;Commercial;60-69;61;No;6-10 mph;O: No Injury;Black;Female;Passenger Car;No;No;Daylight;Urban (>70% Developed);4 lanes;2;Straight - Level;Local Street;Dry;Two-Way, Not Divided;None;No Special Feature;Smooth Asphalt;Piedmont;Urban;30 - 35  MPH;No Control Present;Clear;No;35.971127, -78.9583
553;554;No;16-19;18;No;Facing Traffic;C: Possible Injury;Travel Lane;Black;Male;Goldsboro;Wayne;No;01-01-06;2009-09-19;Crossing Paths - Other Circumstances;12;Intersection;01-09-01;0001-01-01T07:48:58-04:56;Signalized Intersection - Other /;112158;2009;C: Possible Injury;Commercial;60-69;65;No;6-10 mph;O: No Injury;Black;Female;Passenger Car;No;No;Dark - Lighted Roadway;Urban (>70% Developed);8 lanes;2;Straight - Hillcrest;Local Street;Dry;Two-Way, Not Divided;None;Four-Way Intersection;Coarse Asphalt;Coastal;Urban;30 - 35  MPH;Stop And Go Signal;Clear;No;35.39693, -77.966736
555;556;Yes;30-39;37;Yes;Not Applicable;C: Possible Injury;Non-Roadway;White;Male;Kill Devil Hills;Dare;Yes;01-01-04;2009-09-17;Non-Roadway;16;Non-Roadway;01-09-01;0001-01-01T11:35:58-04:56;Non-Roadway;460910;2009;C: Possible Injury;Commercial;40-49;46;No;0-5 mph;O: No Injury;White;Male;Passenger Car;No;No;Daylight;Urban (>70% Developed);;2;Straight - Level;Public Vehicular Area;Dry;Two-Way, Not Divided;None;Driveway, Public;Coarse Asphalt;Coastal;Urban;;No Control Present;Clear;No;36.013023, -75.661415
567;568;Yes;16-19;19;No;With Traffic;B: Evident Injury;Travel Lane;Hispanic;Male;None - Rural Crash;New Hanover;No;01-01-02;2009-09-22;Motorist Overtaking Bicyclist;19;Non-Intersection;01-09-01;0001-01-01T14:53:58-04:56;Motorist Overtaking - Other /;311239;2009;B: Evident Injury;Residential;;;Missing;41-45 mph;Injury;/Missing;;;No;Yes;Dark - Roadway Not Lighted;Urban (>70% Developed);2 lanes;2;Straight - Level;State Secondary Route;Wet;Two-Way, Not Divided;None;No Special Feature;Smooth Asphalt;Coastal;Rural;40 - 45  MPH;Double Yellow Line, No Passing Zone;Cloudy;No;34.12228, -77.87881
584;585;Yes;40-49;47;No;With Traffic;C: Possible Injury;Travel Lane;Hispanic;Male;None - Rural Crash;Catawba;No;01-01-05;2009-10-09;Motorist Overtaking Bicyclist;20;Non-Intersection;01-10-01;0001-01-01T15:07:58-04:56;Motorist Overtaking - Misjudged Space;311232;2009;C: Possible Injury;Residential;;;No;41-45 mph;Injury;/Missing;;Pickup;No;Yes;Dark - Roadway Not Lighted;Mixed (30% To 70% Developed);2 lanes;2;Straight - Grade;State Secondary Route;Dry;Two-Way, Not Divided;None;No Special Feature;Coarse Asphalt;Piedmont;Rural;40 - 45  MPH;Double Yellow Line, No Passing Zone;Cloudy;No;35.68663, -81.177505
589;590;Yes;50-59;58;No;With Traffic;B: Evident Injury;Travel Lane;White;Male;Winston-Salem;Forsyth;No;01-01-06;2009-10-03;Motorist Left Turn / Merge;12;Intersection;01-10-01;0001-01-01T07:33:58-04:56;Motorist Left Turn - Opposite Direction;111212;2009;B: Evident Injury;Residential;50-59;55;No;31-35 mph;O: No Injury;White;Female;Passenger Car;No;No;Dawn;Urban (>70% Developed);2 lanes;2;Curve - Level;Local Street;Dry;Two-Way, Not Divided;None;T-Intersection;Smooth Asphalt;Piedmont;Urban;30 - 35  MPH;Stop Sign;Clear;No;36.109894, -80.325676