FID;OBJECTID;AmbulanceR;BikeAge_Gr;Bike_Age;Bike_Alc_D;Bike_Dir;Bike_Injur;Bike_Pos;Bike_Race;Bike_Sex;City;County;CrashAlcoh;CrashDay;Crash_Date;Crash_Grp;Crash_Hour;Crash_Loc;Crash_Mont;Crash_Time;Crash_Type;Crash_Ty_1;Crash_Year;Crsh_Sevri;Developmen;DrvrAge_Gr;Drvr_Age;Drvr_Alc_D;Drvr_EstSp;Drvr_Injur;Drvr_Race;Drvr_Sex;Drvr_VehTy;ExcsSpdInd;Hit_Run;Light_Cond;Locality;Num_Lanes;Num_Units;Rd_Charact;Rd_Class;Rd_Conditi;Rd_Config;Rd_Defects;Rd_Feature;Rd_Surface;Region;Rural_Urba;Speed_Limi;Traff_Cntr;Weather;Workzone_I;Location
8;9;No;60-69;63;No;With Traffic;C: Possible Injury;Travel Lane;White;Female;Durham;Durham;No;;2010-01-18;Bicyclist Left Turn / Merge;13;Intersection-Related;;0001-01-01T08:41:58-04:56;Bicyclist Left Turn - Same Direction;0;2010;C: Possible Injury;Commercial;60-69;64;No;11-15 mph;O: No Injury;Black;Male;Sport Utility;No;No;Daylight;Urban (>70% Developed);2 lanes;2;Straight - Level;Local Street;Dry;Two-Way, Not Divided;None;No Special Feature;Smooth Asphalt;Piedmont;Urban;30 - 35  MPH;Stop Sign;Clear;No;35.95755, -78.87871
14;15;Yes;50-59;50;Yes;With Traffic;B: Evident Injury;Travel Lane;White;Male;None - Rural Crash;Brunswick;Yes;;2010-01-11;Parallel Paths - Other Circumstances;18;Non-Intersection;;0001-01-01T13:20:58-04:56;Bicyclist Ride Out - Parallel Path;0;2010;B: Evident Injury;Farms, Woods, Pastures;40-49;40;No;41-45 mph;O: No Injury;White;Male;Single Unit Truck (2-Axle, 6-Tire);No;No;Dark - Roadway Not Lighted;Rural (<30% Developed);2 lanes;2;Curve - Level;State Secondary Route;Dry;Two-Way, Not Divided;None;No Special Feature;Smooth Asphalt;Coastal;Rural;50 - 55  MPH;Double Yellow Line, No Passing Zone;Clear;No;34.23165, -78.05655
17;18;Yes;25-29;26;No;With Traffic;C: Possible Injury;Travel Lane;White;Male;Chapel Hill;Orange;No;01-01-04;2010-01-14;Motorist Right Turn / Merge;11;Intersection;;0001-01-01T06:16:58-04:56;Motorist Right Turn - Same Direction;0;2010;C: Possible Injury;Residential;50-59;59;No;16-20 mph;O: No Injury;Black;Male;Pickup;No;No;Daylight;Urban (>70% Developed);2 lanes;2;Straight - Level;Local Street;Dry;Two-Way, Not Divided;None;No Special Feature;Smooth Asphalt;Piedmont;Urban;20 - 25  MPH;Other;Clear;No;35.90739, -79.06315
25;26;No;10-Jun;6;No;With Traffic;B: Evident Injury;Travel Lane;Black;Male;Charlotte;Mecklenburg;No;01-01-02;2010-01-19;Bicyclist Failed to Yield - Sign-Controlled Intersection;17;Intersection;;0001-01-01T12:27:58-04:56;Bicyclist Ride Through - Sign-Controlled Intersection;0;2010;B: Evident Injury;Commercial;20-24;23;No;6-10 mph;O: No Injury;Black;Female;Passenger Car;No;No;Dusk;Urban (>70% Developed);;2;Straight - Grade;Public Vehicular Area;Dry;Two-Way, Not Divided;None;Four-Way Intersection;Smooth Asphalt;Piedmont;Urban;;Stop Sign;Cloudy;No;35.215828, -80.721855
30;31;Yes;25-29;26;No;With Traffic;B: Evident Injury;Travel Lane;White;Male;Wilmington;New Hanover;No;01-01-03;2010-01-27;Motorist Left Turn / Merge;20;Intersection;;0001-01-01T15:44:58-04:56;Motorist Left Turn - Opposite Direction;0;2010;B: Evident Injury;Commercial;20-24;21;No;6-10 mph;O: No Injury;White;Female;Passenger Car;No;No;Dark - Lighted Roadway;Urban (>70% Developed);4 lanes;2;Straight - Level;Local Street;Dry;Two-Way, Not Divided;;No Special Feature;Coarse Asphalt;Coastal;Urban;20 - 25  MPH;No Control Present;Clear;No;34.234184, -77.94852
31;32;No;20-24;23;No;With Traffic;C: Possible Injury;Sidewalk / Crosswalk / Driveway Crossing;White;Male;Greensboro;Guilford;No;;2010-01-25;Motorist Left Turn / Merge;11;Intersection;;0001-01-01T06:37:58-04:56;Motorist Left Turn - Opposite Direction;0;2010;C: Possible Injury;Commercial;;;Missing;6-10 mph;Injury;/Missing;;;No;Yes;Daylight;Urban (>70% Developed);3 lanes;2;Straight - Level;Local Street;Dry;Two-Way, Not Divided;None;No Special Feature;Coarse Asphalt;Piedmont;Urban;30 - 35  MPH;Stop And Go Signal;Clear;No;36.063858, -79.82378
33;34;Yes;15-Nov;15;No;With Traffic;B: Evident Injury;Travel Lane;Black;Male;Hickory;Catawba;No;;2010-01-25;Bicyclist Failed to Yield - Signalized Intersection;11;Intersection;;0001-01-01T06:08:58-04:56;Bicyclist Ride Out - Signalized  Intersection;0;2010;B: Evident Injury;Residential;50-59;57;No;6-10 mph;O: No Injury;White;Male;Van;No;No;Daylight;Mixed (30% To 70% Developed);4 lanes;2;Straight - Grade;Local Street;Dry;Two-Way, Divided, Unprotected Median;None;Four-Way Intersection;Smooth Asphalt;Piedmont;Urban;30 - 35  MPH;Stop And Go Signal;Clear;No;35.73597, -81.35213
36;37;No;20-24;24;No;With Traffic;Injury;Travel Lane;White;Male;Greenville;Pitt;No;01-01-02;2010-01-26;Motorist Overtaking Bicyclist;13;Non-Intersection;;0001-01-01T08:13:58-04:56;Motorist Overtaking - Misjudged Space;0;2010;O: No Injury;Institutional;50-59;56;No;26-30 mph;O: No Injury;White;Female;Passenger Car;No;No;Daylight;Mixed (30% To 70% Developed);2 lanes;2;Straight - Level;Local Street;Dry;Two-Way, Divided, Unprotected Median;None;No Special Feature;Concrete;Coastal;Urban;30 - 35  MPH;Stop And Go Signal;Clear;No;35.607727, -77.36305
39;40;No;60-69;61;No;With Traffic;B: Evident Injury;Other;Hispanic;Male;Charlotte;Mecklenburg;No;01-01-04;2010-02-11;Motorist Overtaking Bicyclist;17;Non-Intersection;01-02-01;0001-01-01T12:47:58-04:56;Motorist Overtaking - Bicyclist Swerved;0;2010;B: Evident Injury;Residential;40-49;45;No;21-25 mph;C: Possible Injury;Black;Male;Sport Utility;No;No;Daylight;Urban (>70% Developed);2 lanes;2;Straight - Level;Local Street;Dry;Two-Way, Not Divided;None;No Special Feature;Smooth Asphalt;Piedmont;Urban;40 - 45  MPH;No Control Present;Clear;No;35.175068, -80.71852
42;43;Yes;40-49;42;No;With Traffic;C: Possible Injury;Travel Lane;Black;Male;Charlotte;Mecklenburg;No;01-01-07;2010-01-31;Loss of Control / Turning Error;21;Non-Intersection;;0001-01-01T16:23:58-04:56;Motorist Lost Control - Surface Conditions;0;2010;C: Possible Injury;Commercial;30-39;34;No;16-20 mph;O: No Injury;Black;Female;Passenger Car;No;No;Dark - Roadway Not Lighted;Urban (>70% Developed);2 lanes;2;Straight - Level;Local Street;Ice;Two-Way, Not Divided;Road Surface Condition;No Special Feature;Smooth Asphalt;Piedmont;Urban;40 - 45  MPH;No Control Present;Clear;No;35.313454, -80.78617
45;46;No;20-24;21;No;With Traffic;O: No Injury;Travel Lane;Hispanic;Male;Zebulon;Wake;No;;2010-02-08;Bicyclist Left Turn / Merge;16;Non-Intersection;01-02-01;0001-01-01T11:03:58-04:56;Bicyclist Left Turn - Same Direction;0;2010;O: No Injury;Residential;70+;;No;31-35 mph;O: No Injury;Black;Female;Passenger Car;No;No;Daylight;Urban (>70% Developed);2 lanes;2;Straight - Level;Local Street;Dry;Two-Way, Not Divided;None;No Special Feature;Smooth Asphalt;Piedmont;Rural;30 - 35  MPH;No Control Present;Clear;No;35.815792, -78.31502
48;49;Yes;16-19;16;No;Facing Traffic;A: Disabling Injury;Travel Lane;White;Male;None - Rural Crash;Pitt;No;01-01-03;2010-01-20;Bicyclist Right Turn / Merge;15;Non-Intersection;;0001-01-01T10:21:58-04:56;Bicyclist Right Turn - Same Direction;0;2010;A: Disabling Injury;Farms, Woods, Pastures;40-49;48;No;;O: No Injury;Black;Female;Sport Utility;No;No;Daylight;Urban (>70% Developed);2 lanes;2;Straight - Level;State Secondary Route;Dry;Two-Way, Not Divided;None;No Special Feature;Coarse Asphalt;Coastal;Rural;;Double Yellow Line, No Passing Zone;Clear;No;35.60398, -77.468414
55;56;No;60-69;63;No;With Traffic;O: No Injury;Travel Lane;White;Male;Boone;Watauga;No;01-01-07;2010-02-21;Bicyclist Left Turn / Merge;12;Non-Intersection;01-02-01;0001-01-01T07:09:58-04:56;Bicyclist Left Turn - Same Direction;0;2010;O: No Injury;Commercial;;;Missing;;Injury;/Missing;;;No;Yes;Dark - Roadway Not Lighted;Urban (>70% Developed);2 lanes;2;Straight - Level;Local Street;Wet;Two-Way, Not Divided;;No Special Feature;Smooth Asphalt;Mountains;Urban;20 - 25  MPH;No Control Present;Clear;No;36.199165, -81.6703
70;71;Yes;25-29;28;No;With Traffic;B: Evident Injury;Travel Lane;White;Male;Chapel Hill;Orange;No;01-01-05;2010-03-05;Motorist Left Turn / Merge;18;Intersection;01-03-01;0001-01-01T13:35:58-04:56;Motorist Left Turn - Opposite Direction;0;2010;B: Evident Injury;Residential;25-29;26;No;16-20 mph;O: No Injury;Black;Female;Passenger Car;No;No;Daylight;Urban (>70% Developed);5 lanes;2;Curve - Grade;Local Street;Dry;Two-Way, Not Divided;None;Four-Way Intersection;Smooth Asphalt;Piedmont;Urban;30 - 35  MPH;Yield Sign;Clear;No;35.915253, -79.0568
72;73;No;30-39;34;No;With Traffic;C: Possible Injury;Travel Lane;White;Female;Cary;Wake;No;01-01-04;2010-03-18;Motorist Failed to Yield - Midblock;21;Non-Intersection;01-03-01;0001-01-01T16:44:58-04:56;Motorist Drive Out - Commercial Driveway / Alley;0;2010;C: Possible Injury;Commercial;;;Missing;0-5 mph;Injury;/Missing;;Passenger Car;No;Yes;Dark - Lighted Roadway;Urban (>70% Developed);2 lanes;2;Straight - Level;State Secondary Route;Dry;Two-Way, Not Divided;None;No Special Feature;Smooth Asphalt;Piedmont;Urban;40 - 45  MPH;No Control Present;Clear;No;35.791103, -78.757805
80;81;Yes;16-19;19;No;With Traffic;C: Possible Injury;Travel Lane;Black;Male;Charlotte;Mecklenburg;No;01-01-03;2010-03-03;Motorist Failed to Yield - Midblock;16;Non-Intersection;01-03-01;0001-01-01T11:43:58-04:56;Motorist Drive Out - Other Midblock;0;2010;C: Possible Injury;Commercial;;;Missing;6-10 mph;Injury;/Missing;;;No;Yes;Daylight;Urban (>70% Developed);4 lanes;2;Straight - Level;Local Street;Dry;Two-Way, Divided, Positive Median Barrier;None;No Special Feature;Smooth Asphalt;Piedmont;Urban;20 - 25  MPH;No Control Present;Clear;No;35.23094, -80.72944
83;84;Yes;30-39;34;No;With Traffic;K: Killed;Travel Lane;White;Male;Goldsboro;Wayne;No;01-01-04;2010-03-04;Motorist Overtaking Bicyclist;19;Non-Intersection;01-03-01;0001-01-01T14:26:58-04:56;Motorist Overtaking - Undetected Bicyclist;0;2010;K: Killed;Commercial;70+;;No;31-35 mph;O: No Injury;Black;Male;Pickup;No;No;Dark - Roadway Not Lighted;Urban (>70% Developed);2 lanes;2;Straight - Level;Local Street;Dry;Two-Way, Not Divided;None;No Special Feature;Smooth Asphalt;Coastal;Urban;40 - 45  MPH;No Control Present;Clear;No;35.402683, -77.9716
96;97;Yes;10-Jun;7;No;With Traffic;B: Evident Injury;Travel Lane;Black;Male;None - Rural Crash;Orange;No;01-01-02;2010-03-30;Motorist Overtaking Bicyclist;17;Non-Intersection;01-03-01;0001-01-01T12:20:58-04:56;Motorist Overtaking - Misjudged Space;0;2010;B: Evident Injury;Residential;30-39;35;No;41-45 mph;O: No Injury;Hispanic;Female;Pickup;No;No;Daylight;Rural (<30% Developed);2 lanes;2;Straight - Grade;State Secondary Route;Dry;Two-Way, Not Divided;None;No Special Feature;Smooth Asphalt;Piedmont;Rural;40 - 45  MPH;Double Yellow Line, No Passing Zone;Clear;No;36.04264, -79.028534
101;102;No;20-24;20;No;With Traffic;B: Evident Injury;Travel Lane;White;Male;Wesley Chapel;Union;No;01-01-03;2010-03-31;Motorist Left Turn / Merge;8;Non-Intersection;01-03-01;0001-01-01T03:38:58-04:56;Motorist Left Turn - Opposite Direction;0;2010;B: Evident Injury;Residential;40-49;49;No;31-35 mph;O: No Injury;White;Male;Pickup;No;No;Daylight;Urban (>70% Developed);2 lanes;2;Straight - Level;Local Street;Dry;Two-Way, Not Divided;None;Driveway, Private;Smooth Asphalt;Piedmont;Rural;30 - 35  MPH;No Control Present;Clear;No;35.02784, -80.66355
104;105;Yes;40-49;48;No;Not Applicable;B: Evident Injury;Non-Roadway;/Missing;Male;Greensboro;Guilford;No;01-01-03;2010-03-17;Crossing Paths - Other Circumstances;7;Intersection-Related;01-03-01;0001-01-01T02:58:58-04:56;Crossing Paths - Uncontrolled Intersection;0;2010;B: Evident Injury;Commercial;30-39;30;No;21-25 mph;O: No Injury;Black;Male;Pickup;No;No;Daylight;Urban (>70% Developed);5 lanes;2;Straight - Level;Local Street;Dry;Two-Way, Not Divided;None;No Special Feature;Smooth Asphalt;Piedmont;Urban;30 - 35  MPH;No Control Present;Clear;No;36.08458, -79.76042
105;106;Yes;20-24;20;No;Facing Traffic;B: Evident Injury;Bike Lane / Paved Shoulder;White;Male;None - Rural Crash;Edgecombe;No;01-01-02;2010-03-30;Bicyclist Right Turn / Merge;15;Non-Intersection;01-03-01;0001-01-01T10:18:58-04:56;Bicyclist Right Turn - Same Direction;0;2010;B: Evident Injury;Commercial;40-49;44;No;16-20 mph;O: No Injury;Black;Male;Passenger Car;No;No;Daylight;Rural (<30% Developed);2 lanes;2;Straight - Level;State Secondary Route;Dry;Two-Way, Not Divided;None;Four-Way Intersection;Coarse Asphalt;Coastal;Rural;40 - 45  MPH;No Control Present;Clear;No;35.87946, -77.740814
109;110;Yes;20-24;23;No;With Traffic;B: Evident Injury;Travel Lane;White;Male;Boone;Watauga;No;01-01-03;2010-03-31;Motorist Left Turn / Merge;11;Non-Intersection;01-03-01;0001-01-01T07:01:58-04:56;Motorist Left Turn - Opposite Direction;0;2010;B: Evident Injury;Institutional;50-59;52;No;0-5 mph;O: No Injury;White;Male;Light Truck (Mini-Van, Panel);No;No;Daylight;Urban (>70% Developed);4 lanes;2;Straight - Level;Local Street;Dry;Two-Way, Not Divided;None;No Special Feature;Smooth Asphalt;Mountains;Urban;20 - 25  MPH;No Control Present;Clear;No;36.21712, -81.684814
111;112;Yes;20-24;22;No;Not Applicable;B: Evident Injury;Non-Roadway;White;Male;Lumberton;Robeson;No;01-01-06;2010-03-13;Non-Roadway;13;Non-Roadway;01-03-01;0001-01-01T08:27:58-04:56;Non-Roadway;0;2010;B: Evident Injury;Commercial;25-29;28;No;0-5 mph;O: No Injury;White;Male;Light Truck (Mini-Van, Panel);No;No;Daylight;Urban (>70% Developed);;2;Straight - Level;Public Vehicular Area;Dry;Two-Way, Not Divided;None;No Special Feature;Coarse Asphalt;Coastal;Urban;30 - 35  MPH;No Control Present;Cloudy;No;34.63224, -79.00419
117;118;Yes;10-Jun;6;No;With Traffic;C: Possible Injury;Bike Lane / Paved Shoulder;Other;Female;Hope Mills;Cumberland;No;01-01-07;2010-04-11;Bicyclist Left Turn / Merge;14;Non-Intersection;01-04-01;0001-01-01T10:00:58-04:56;Bicyclist Left Turn - Same Direction;0;2010;C: Possible Injury;Residential;50-59;52;No;31-35 mph;C: Possible Injury;Black;Male;Van;No;No;Daylight;Mixed (30% To 70% Developed);2 lanes;2;Straight - Level;State Secondary Route;Dry;Two-Way, Not Divided;None;No Special Feature;Coarse Asphalt;Coastal;Urban;40 - 45  MPH;Double Yellow Line, No Passing Zone;Clear;No;34.979275, -78.92527
125;126;No;;;Missing;With Traffic;Injury;Travel Lane;/Missing;;Greensboro;Guilford;No;;2010-03-15;Motorist Left Turn / Merge;18;Intersection;01-03-01;0001-01-01T13:40:58-04:56;Motorist Left Turn - Opposite Direction;0;2010;O: No Injury;Residential;20-24;21;No;0-5 mph;O: No Injury;Other;Female;Passenger Car;No;No;Dawn;Urban (>70% Developed);2 lanes;2;Straight - Level;Local Street;Dry;Two-Way, Not Divided;None;T-Intersection;Smooth Asphalt;Piedmont;Urban;30 - 35  MPH;No Control Present;Clear;No;36.06391, -79.82904
126;127;No;30-39;30;No;With Traffic;B: Evident Injury;Travel Lane;White;Male;None - Rural Crash;Ashe;No;01-01-02;2010-04-13;Motorist Left Turn / Merge;17;Intersection;01-04-01;0001-01-01T12:48:58-04:56;Motorist Left Turn - Opposite Direction;0;2010;B: Evident Injury;Farms, Woods, Pastures;60-69;62;No;21-25 mph;O: No Injury;White;Female;Passenger Car;No;No;Daylight;Rural (<30% Developed);2 lanes;2;Curve - Level;NC Route;Dry;Two-Way, Not Divided;None;T-Intersection;Smooth Asphalt;Mountains;Rural;50 - 55  MPH;Double Yellow Line, No Passing Zone;Clear;No;36.33985, -81.540596
127;128;Yes;16-19;19;No;Not Applicable;C: Possible Injury;Travel Lane;Black;Male;Wilmington;New Hanover;No;01-01-02;2010-03-30;Crossing Paths - Other Circumstances;11;Non-Intersection;01-03-01;0001-01-01T06:07:58-04:56;Crossing Paths - Midblock - Other /;0;2010;C: Possible Injury;Commercial;;;Missing;;Injury;/Missing;;;No;Yes;Daylight;Urban (>70% Developed);5 lanes;2;Straight - Grade;Local Street;Dry;One-Way, Not Divided;None;No Special Feature;Smooth Asphalt;Coastal;Urban;30 - 35  MPH;No Control Present;Clear;No;34.224365, -77.94321
132;133;Yes;20-24;23;No;With Traffic;A: Disabling Injury;Bike Lane / Paved Shoulder;White;Male;Jacksonville;Onslow;No;01-01-02;2010-04-06;Motorist Overtaking Bicyclist;6;Non-Intersection;01-04-01;0001-01-01T01:38:58-04:56;Motorist Overtaking - Undetected Bicyclist;0;2010;A: Disabling Injury;Commercial;25-29;26;No;41-45 mph;O: No Injury;White;Male;Sport Utility;No;No;Daylight;Urban (>70% Developed);4 lanes;2;Straight - Level;Local Street;Dry;Two-Way, Divided, Unprotected Median;None;No Special Feature;Coarse Asphalt;Coastal;Urban;40 - 45  MPH;No Control Present;Clear;No;34.791374, -77.40635
136;137;No;10-Jun;6;No;With Traffic;O: No Injury;Travel Lane;Black;Male;None - Rural Crash;New Hanover;No;01-01-04;2010-04-08;Bicyclist Left Turn / Merge;18;Non-Intersection;01-04-01;0001-01-01T13:37:58-04:56;Bicyclist Left Turn - Same Direction;0;2010;O: No Injury;Residential;60-69;62;No;0-5 mph;O: No Injury;Black;Male;Sport Utility;No;No;Daylight;Rural (<30% Developed);2 lanes;2;Straight - Level;Local Street;Dry;Two-Way, Not Divided;None;No Special Feature;Coarse Asphalt;Coastal;Rural;30 - 35  MPH;No Control Present;Clear;No;34.305534, -77.94582
137;138;Yes;15-Nov;14;No;Facing Traffic;B: Evident Injury;Sidewalk / Crosswalk / Driveway Crossing;White;Female;Greensboro;Guilford;No;01-01-02;2010-03-30;Bicyclist Failed to Yield - Sign-Controlled Intersection;18;Intersection;01-03-01;0001-01-01T13:41:58-04:56;Bicyclist Ride Out - Sign-Controlled Intersection;0;2010;B: Evident Injury;Commercial;20-24;20;No;26-30 mph;O: No Injury;White;Male;Passenger Car;No;No;Daylight;Urban (>70% Developed);2 lanes;2;Straight - Level;Local Street;Dry;Two-Way, Not Divided;None;Four-Way Intersection;Coarse Asphalt;Piedmont;Urban;30 - 35  MPH;Stop And Go Signal;Clear;No;36.0523, -79.82267
148;149;Yes;50-59;54;No;With Traffic;C: Possible Injury;Travel Lane;Black;Male;Raleigh;Wake;No;01-01-02;2010-03-16;Motorist Left Turn / Merge;15;Intersection;01-03-01;0001-01-01T10:31:58-04:56;Motorist Left Turn - Opposite Direction;0;2010;C: Possible Injury;Commercial;30-39;36;No;11-15 mph;O: No Injury;Hispanic;Male;Sport Utility;No;No;Daylight;Urban (>70% Developed);9 or more lanes;2;Straight - Level;US Route;Dry;Two-Way, Divided, Unprotected Median;None;Four-Way Intersection;Smooth Asphalt;Piedmont;Urban;5 - 15 MPH;Stop And Go Signal;Cloudy;No;35.85019, -78.61044
150;151;Yes;15-Nov;14;No;Not Applicable;C: Possible Injury;Travel Lane;Black;Male;Rocky Mount;Nash;No;01-01-03;2010-03-31;Bicyclist Failed to Yield - Midblock;18;Non-Intersection;01-03-01;0001-01-01T13:28:58-04:56;Bicyclist Ride Out - Midblock -;0;2010;C: Possible Injury;Residential;60-69;66;No;26-30 mph;O: No Injury;Black;Male;Passenger Car;No;No;Daylight;Urban (>70% Developed);2 lanes;2;Straight - Level;Local Street;Dry;Two-Way, Not Divided;None;No Special Feature;Smooth Asphalt;Coastal;Urban;30 - 35  MPH;No Control Present;Clear;No;35.930355, -77.81332
178;179;No;50-59;52;No;Facing Traffic;B: Evident Injury;;Black;Male;Sanford;Lee;No;01-01-03;2008-03-19;Crossing Paths - Other Circumstances;15;Intersection;01-03-01;0001-01-01T10:29:58-04:56;Signalized Intersection - Other /;192158;2008;B: Evident Injury;Commercial;70+;;No;;O: No Injury;White;Male;Passenger Car;No;No;Daylight;Urban (>70% Developed);4 lanes;2;Straight - Hillcrest;Local Street;Dry;Two-Way, Divided, Unprotected Median;None;Four-Way Intersection;Smooth Asphalt;Piedmont;Urban;;Stop And Go Signal;Cloudy;No;0.0, 0.0
191;192;Yes;25-29;29;No;With Traffic;K: Killed;Travel Lane;White;Male;Greenville;Pitt;No;01-01-06;2008-03-22;Bicyclist Failed to Yield - Sign-Controlled Intersection;12;Intersection;01-03-01;0001-01-01T08:00:58-04:56;Bicyclist Ride Out - Sign-Controlled Intersection;111142;2008;K: Killed;Commercial;0-19;19;No;56-60 mph;O: No Injury;Hispanic;Male;Passenger Car;No;No;Daylight;Urban (>70% Developed);5 lanes;2;Straight - Level;NC Route;Dry;Two-Way, Not Divided;None;Four-Way Intersection;Smooth Asphalt;Coastal;Urban;40 - 45  MPH;No Control Present;Clear;No;0.0, 0.0
195;196;Yes;15-Nov;13;No;Not Applicable;C: Possible Injury;Non-Roadway;Black;Male;Whiteville;Columbus;No;01-01-04;2008-03-27;Bicyclist Failed to Yield - Midblock;18;Non-Intersection;01-03-01;0001-01-01T13:12:58-04:56;Bicyclist Ride Out - Commercial Driveway / Alley;363312;2008;C: Possible Injury;Commercial;30-39;35;No;31-35 mph;O: No Injury;Black;Female;Passenger Car;No;No;Daylight;Urban (>70% Developed);2 lanes;2;Straight - Level;Local Street;Dry;Two-Way, Not Divided;None;No Special Feature;Smooth Asphalt;Coastal;Urban;30 - 35  MPH;No Control Present;Clear;No;0.0, 0.0
202;203;Yes;60-69;69;No;With Traffic;B: Evident Injury;Travel Lane;White;Male;Wilmington;New Hanover;No;01-01-05;2008-03-28;Motorist Failed to Yield - Sign-Controlled Intersection;16;Intersection;01-03-01;0001-01-01T11:35:58-04:56;Motorist Drive Out - Sign-Controlled Intersection;111141;2008;B: Evident Injury;Residential;0-19;18;No;0-5 mph;O: No Injury;White;Male;Passenger Car;No;No;Daylight;Urban (>70% Developed);2 lanes;2;Straight - Level;Local Street;Dry;Two-Way, Not Divided;None;Four-Way Intersection;Smooth Asphalt;Coastal;Urban;20 - 25  MPH;Stop Sign;Clear;No;0.0, 0.0
204;205;Yes;60-69;61;No;With Traffic;B: Evident Injury;Travel Lane;White;Male;Wrightsville Beach;New Hanover;No;01-01-06;2008-03-29;Bicyclist Overtaking Motorist;13;Non-Intersection;01-03-01;0001-01-01T08:50:58-04:56;Bicyclist Overtaking - Parked Vehicle;311243;2008;B: Evident Injury;Residential;;;Missing;0-5 mph;Injury;/Missing;;Passenger Car;No;No;Daylight;Urban (>70% Developed);4 lanes;2;Straight - Level;US Route;Dry;Two-Way, Not Divided;None;No Special Feature;Coarse Asphalt;Coastal;Rural;5 - 15 MPH;No Control Present;Cloudy;No;0.0, 0.0
206;207;No;30-39;38;No;With Traffic;B: Evident Injury;Travel Lane;White;Male;Charlotte;Mecklenburg;No;01-01-02;2008-05-20;Motorist Failed to Yield - Sign-Controlled Intersection;18;Intersection;01-05-01;0001-01-01T13:08:58-04:56;Motorist Drive Out - Sign-Controlled Intersection;111141;2008;B: Evident Injury;Residential;40-49;48;No;16-20 mph;O: No Injury;Black;Male;Passenger Car;No;No;Daylight;Urban (>70% Developed);6 lanes;2;Straight - Level;Local Street;Dry;Two-Way, Divided, Unprotected Median;None;No Special Feature;Smooth Asphalt;Piedmont;Urban;40 - 45  MPH;Stop Sign;Cloudy;No;0.0, 0.0
211;212;No;25-29;29;No;With Traffic;C: Possible Injury;Sidewalk / Crosswalk / Driveway Crossing;/Missing;Male;Raleigh;Wake;No;01-01-04;2008-04-03;Motorist Failed to Yield - Sign-Controlled Intersection;8;Intersection;01-04-01;0001-01-01T03:43:58-04:56;Motorist Drive Out - Sign-Controlled Intersection;131141;2008;C: Possible Injury;Commercial;25-29;27;No;0-5 mph;O: No Injury;/Missing;Female;Passenger Car;No;No;Daylight;Urban (>70% Developed);;2;Straight - Hillcrest;Local Street;Dry;One-Way, Not Divided;None;No Special Feature;Coarse Asphalt;Piedmont;Urban;5 - 15 MPH;Stop Sign;Clear;No;0.0, 0.0
212;213;Yes;10-Jun;7;No;With Traffic;C: Possible Injury;Travel Lane;White;Male;Forest City;Rutherford;No;01-01-04;2008-04-10;Bicyclist Failed to Yield - Sign-Controlled Intersection;19;Intersection;01-04-01;0001-01-01T14:31:58-04:56;Bicyclist Ride Out - Sign-Controlled Intersection;111142;2008;C: Possible Injury;Residential;;;No;;Injury;/Missing;;Passenger Car;No;Yes;Daylight;Urban (>70% Developed);2 lanes;2;Straight - Level;Local Street;Dry;Two-Way, Divided, Unprotected Median;None;T-Intersection;Smooth Asphalt;Mountains;Urban;30 - 35  MPH;Stop Sign;Clear;No;0.0, 0.0
213;214;Yes;10-Jun;9;Yes;With Traffic;C: Possible Injury;Travel Lane;White;Male;Oak Island;Brunswick;Yes;01-01-03;2008-04-16;Bicyclist Failed to Yield - Sign-Controlled Intersection;18;Intersection;01-04-01;0001-01-01T13:03:58-04:56;Bicyclist Ride Out - Sign-Controlled Intersection;111142;2008;C: Possible Injury;Residential;50-59;55;No;31-35 mph;O: No Injury;White;Male;Pickup;No;No;Daylight;Urban (>70% Developed);2 lanes;2;Straight - Level;Local Street;Dry;Two-Way, Not Divided;None;No Special Feature;Smooth Asphalt;Coastal;Urban;30 - 35  MPH;Stop Sign;Clear;No;0.0, 0.0
224;225;No;10-Jun;7;No;Not Applicable;C: Possible Injury;Driveway / Alley;Asian;Female;Gastonia;Gaston;No;;2008-04-07;Bicyclist Failed to Yield - Midblock;13;Non-Intersection;01-04-01;0001-01-01T08:52:58-04:56;Bicyclist Ride Out - Residential Driveway;353311;2008;C: Possible Injury;Residential;20-24;23;No;21-25 mph;O: No Injury;White;Female;Passenger Car;No;No;Daylight;Urban (>70% Developed);2 lanes;2;Straight - Level;Local Street;Dry;Two-Way, Not Divided;None;Driveway, Public;Smooth Asphalt;Piedmont;Urban;30 - 35  MPH;Missing;Clear;No;0.0, 0.0
236;237;Yes;30-39;35;No;With Traffic;B: Evident Injury;Travel Lane;White;Male;None - Rural Crash;Catawba;No;01-01-03;2008-05-28;Bicyclist Left Turn / Merge;13;Non-Intersection;01-05-01;0001-01-01T08:25:58-04:56;Bicyclist Left Turn - Same Direction;311221;2008;B: Evident Injury;Farms, Woods, Pastures;50-59;53;No;41-45 mph;O: No Injury;White;Male;Pickup;No;No;Daylight;Rural (<30% Developed);2 lanes;2;Straight - Grade;US Route;Water (Standing, Moving);Two-Way, Not Divided;None;No Special Feature;Smooth Asphalt;Piedmont;Rural;50 - 55  MPH;No Control Present;Rain;No;0.0, 0.0
241;242;Yes;40-49;42;No;With Traffic;B: Evident Injury;Travel Lane;Black;Male;None - Rural Crash;Lenoir;No;01-01-04;2008-04-17;Head-On;20;Non-Intersection;01-04-01;0001-01-01T15:29:58-04:56;Head-On -;311259;2008;B: Evident Injury;Residential;0-19;16;No;41-45 mph;O: No Injury;White;Male;Passenger Car;No;No;Dark - Roadway Not Lighted;Urban (>70% Developed);5 lanes;2;Straight - Level;US Route;Dry;Two-Way, Not Divided;None;No Special Feature;Coarse Asphalt;Coastal;Rural;40 - 45  MPH;Missing;Clear;No;0.0, 0.0