FID;OBJECTID;AmbulanceR;BikeAge_Gr;Bike_Age;Bike_Alc_D;Bike_Dir;Bike_Injur;Bike_Pos;Bike_Race;Bike_Sex;City;County;CrashAlcoh;CrashDay;Crash_Date;Crash_Grp;Crash_Hour;Crash_Loc;Crash_Mont;Crash_Time;Crash_Type;Crash_Ty_1;Crash_Year;Crsh_Sevri;Developmen;DrvrAge_Gr;Drvr_Age;Drvr_Alc_D;Drvr_EstSp;Drvr_Injur;Drvr_Race;Drvr_Sex;Drvr_VehTy;ExcsSpdInd;Hit_Run;Light_Cond;Locality;Num_Lanes;Num_Units;Rd_Charact;Rd_Class;Rd_Conditi;Rd_Config;Rd_Defects;Rd_Feature;Rd_Surface;Region;Rural_Urba;Speed_Limi;Traff_Cntr;Weather;Workzone_I;Location
455;456;No;16-19;18;No;With Traffic;O: No Injury;Travel Lane;White;Male;Salisbury;Rowan;No;01-01-02;2008-06-24;Bicyclist Left Turn / Merge;19;Intersection;01-06-01;0001-01-01T14:03:58-04:56;Bicyclist Left Turn - Same Direction;111221;2008;O: No Injury;Commercial;50-59;52;No;41-45 mph;O: No Injury;White;Male;Passenger Car;No;No;Daylight;Urban (>70% Developed);2 lanes;2;Straight - Level;Local Street;Dry;Two-Way, Not Divided;None;No Special Feature;Coarse Asphalt;Piedmont;Urban;40 - 45  MPH;No Control Present;Clear;No;0.0, 0.0
458;459;Yes;50-59;50;Yes;Facing Traffic;B: Evident Injury;Travel Lane;Black;Male;Fayetteville;Cumberland;Yes;01-01-07;2008-07-06;Bicyclist Failed to Yield - Signalized Intersection;22;Intersection;01-07-01;0001-01-01T17:10:58-04:56;Bicyclist Failed to Clear - Trapped;112156;2008;B: Evident Injury;Commercial;25-29;29;No;11-15 mph;O: No Injury;Black;Female;Sport Utility;No;No;Dark - Lighted Roadway;Urban (>70% Developed);7 lanes;2;Straight - Level;Local Street;Wet;Two-Way, Divided, Positive Median Barrier;None;Four-Way Intersection;Coarse Asphalt;Coastal;Urban;40 - 45  MPH;Stop And Go Signal;Rain;No;0.0, 0.0
460;461;Yes;10-Jun;7;No;Not Applicable;C: Possible Injury;Driveway / Alley;Black;Female;None - Rural Crash;Gaston;No;01-01-04;2008-06-26;Bicyclist Failed to Yield - Midblock;17;Non-Intersection;01-06-01;0001-01-01T12:40:58-04:56;Bicyclist Ride Out - Commercial Driveway / Alley;353312;2008;C: Possible Injury;Residential;0-19;16;No;0-5 mph;O: No Injury;White;Male;Pickup;No;No;Daylight;Urban (>70% Developed);2 lanes;2;Straight - Level;Local Street;Dry;Two-Way, Not Divided;None;Driveway, Public;Smooth Asphalt;Piedmont;Rural;20 - 25  MPH;No Control Present;Cloudy;No;0.0, 0.0
474;475;Yes;50-59;50;No;With Traffic;B: Evident Injury;Travel Lane;White;Male;None - Rural Crash;Wake;No;01-01-02;2008-06-24;Bicyclist Overtaking Motorist;12;Non-Intersection;01-06-01;0001-01-01T07:41:58-04:56;Bicyclist Overtaking - Other /;311249;2008;B: Evident Injury;Residential;30-39;37;No;16-20 mph;O: No Injury;White;Male;Light Truck (Mini-Van, Panel);No;No;Daylight;Rural (<30% Developed);2 lanes;2;Straight - Level;State Secondary Route;Dry;Two-Way, Not Divided;None;Driveway, Public;Smooth Asphalt;Piedmont;Rural;40 - 45  MPH;Double Yellow Line, No Passing Zone;Clear;No;0.0, 0.0
479;480;Yes;16-19;16;No;Not Applicable;C: Possible Injury;Sidewalk / Crosswalk / Driveway Crossing;White;Male;Jacksonville;Onslow;No;01-01-04;2008-07-10;Motorist Failed to Yield - Sign-Controlled Intersection;17;Intersection-Related;01-07-01;0001-01-01T12:47:58-04:56;Motorist Drive Through - Sign-Controlled Intersection;233143;2008;C: Possible Injury;Commercial;50-59;52;No;16-20 mph;O: No Injury;White;Male;Pickup;No;No;Daylight;Urban (>70% Developed);5 lanes;2;Straight - Level;Local Street;Dry;Two-Way, Not Divided;None;No Special Feature;Smooth Asphalt;Coastal;Urban;30 - 35  MPH;Other;Cloudy;No;0.0, 0.0
487;488;No;40-49;47;Yes;With Traffic;C: Possible Injury;Travel Lane;White;Male;None - Rural Crash;Cumberland;Yes;01-01-05;2008-07-04;Motorist Overtaking Bicyclist;13;Non-Intersection;01-07-01;0001-01-01T08:29:58-04:56;Motorist Overtaking - Other /;311239;2008;C: Possible Injury;Farms, Woods, Pastures;40-49;45;No;41-45 mph;O: No Injury;White;Male;Passenger Car;No;No;Daylight;Rural (<30% Developed);2 lanes;2;Straight - Level;State Secondary Route;Dry;Two-Way, Not Divided;None;No Special Feature;Coarse Asphalt;Coastal;Rural;40 - 45  MPH;Double Yellow Line, No Passing Zone;Clear;No;0.0, 0.0
488;489;Yes;30-39;35;No;Facing Traffic;C: Possible Injury;Travel Lane;Black;Male;Elizabeth City;Pasquotank;No;01-01-05;2008-07-04;Head-On;12;Non-Intersection;01-07-01;0001-01-01T07:08:58-04:56;Head-On - Bicyclist;312250;2008;C: Possible Injury;Residential;60-69;66;No;16-20 mph;O: No Injury;White;Male;Passenger Car;No;No;Daylight;Urban (>70% Developed);2 lanes;2;Straight - Level;Local Street;Dry;Two-Way, Not Divided;None;No Special Feature;Smooth Asphalt;Coastal;Urban;20 - 25  MPH;Double Yellow Line, No Passing Zone;Clear;No;0.0, 0.0
503;504;No;15-Nov;15;No;Facing Traffic;O: No Injury;Sidewalk / Crosswalk / Driveway Crossing;Black;Male;Raleigh;Wake;No;01-01-04;2008-07-10;Motorist Failed to Yield - Midblock;13;Non-Intersection;01-07-01;0001-01-01T08:31:58-04:56;Motorist Drive Out - Commercial Driveway / Alley;332322;2008;O: No Injury;Commercial;30-39;36;No;0-5 mph;O: No Injury;White;Male;Passenger Car;No;No;Daylight;Urban (>70% Developed);;2;Straight - Grade;Public Vehicular Area;Dry;Two-Way, Not Divided;None;Driveway, Private;Concrete;Piedmont;Urban;30 - 35  MPH;Missing;Clear;No;0.0, 0.0
515;516;No;15-Nov;12;No;;C: Possible Injury;;White;Male;Stanley;Gaston;No;01-01-03;2008-07-02;Other /  - Insufficient Details;18;Intersection;01-07-01;0001-01-01T13:54:58-04:56;Approach Paths;1990970;2008;C: Possible Injury;Residential;30-39;38;No;6-10 mph;O: No Injury;White;Female;Sport Utility;No;No;Daylight;Urban (>70% Developed);2 lanes;2;Straight - Level;Local Street;Dry;Two-Way, Not Divided;None;T-Intersection;Smooth Asphalt;Piedmont;Rural;30 - 35  MPH;Stop And Go Signal;Clear;No;0.0, 0.0
521;522;Yes;40-49;45;No;With Traffic;A: Disabling Injury;Travel Lane;White;Male;None - Rural Crash;Guilford;No;01-01-04;2008-07-17;Bicyclist Left Turn / Merge;10;Intersection;01-07-01;0001-01-01T05:23:58-04:56;Bicyclist Left Turn - Same Direction;111221;2008;A: Disabling Injury;Farms, Woods, Pastures;20-24;23;No;41-45 mph;O: No Injury;Other;Male;Passenger Car;No;No;Daylight;Mixed (30% To 70% Developed);2 lanes;2;Straight - Level;NC Route;Dry;Two-Way, Not Divided;None;T-Intersection;Smooth Asphalt;Piedmont;Rural;40 - 45  MPH;Double Yellow Line, No Passing Zone;Clear;No;0.0, 0.0
523;524;Yes;16-19;17;No;With Traffic;B: Evident Injury;Travel Lane;Black;Male;Garland;Sampson;No;01-01-06;2008-07-19;Bicyclist Left Turn / Merge;21;Non-Intersection;01-07-01;0001-01-01T17:02:58-04:56;Bicyclist Left Turn - Same Direction;311221;2008;B: Evident Injury;Residential;50-59;57;No;31-35 mph;O: No Injury;White;Female;Passenger Car;No;No;Dark - Roadway Not Lighted;Urban (>70% Developed);2 lanes;2;Straight - Level;NC Route;Dry;Two-Way, Not Divided;None;T-Intersection;Coarse Asphalt;Coastal;Rural;30 - 35  MPH;Double Yellow Line, No Passing Zone;Clear;No;0.0, 0.0
525;526;Yes;40-49;44;Yes;With Traffic;K: Killed;Travel Lane;Hispanic;Male;Charlotte;Mecklenburg;Yes;01-01-05;2008-08-08;Bicyclist Failed to Yield - Sign-Controlled Intersection;23;Intersection;01-08-01;0001-01-01T18:09:58-04:56;Bicyclist Ride Out - Sign-Controlled Intersection;111142;2008;K: Killed;Commercial;20-24;24;Yes;31-35 mph;O: No Injury;Black;Male;Passenger Car;No;No;Dark - Lighted Roadway;Urban (>70% Developed);4 lanes;2;Straight - Level;Local Street;Dry;Two-Way, Divided, Unprotected Median;None;T-Intersection;Coarse Asphalt;Piedmont;Urban;30 - 35  MPH;No Control Present;Clear;No;0.0, 0.0
527;528;Yes;50-59;54;No;With Traffic;B: Evident Injury;Travel Lane;White;Male;Charlotte;Mecklenburg;No;01-01-05;2008-08-15;Motorist Overtaking Bicyclist;19;Non-Intersection;01-08-01;0001-01-01T14:07:58-04:56;Motorist Overtaking - Undetected Bicyclist;311231;2008;B: Evident Injury;Farms, Woods, Pastures;30-39;38;No;36-40 mph;O: No Injury;Black;Male;Passenger Car;No;No;Daylight;Rural (<30% Developed);2 lanes;2;Straight - Level;Local Street;Dry;Two-Way, Not Divided;None;No Special Feature;Coarse Asphalt;Piedmont;Urban;40 - 45  MPH;No Control Present;Cloudy;No;0.0, 0.0
533;534;No;50-59;59;No;With Traffic;B: Evident Injury;Travel Lane;Black;Male;Wilmington;New Hanover;No;01-01-04;2008-07-17;Motorist Left Turn / Merge;20;Intersection;01-07-01;0001-01-01T15:55:58-04:56;Motorist Left Turn - Opposite Direction;111212;2008;B: Evident Injury;Commercial;0-19;18;No;31-35 mph;O: No Injury;White;Male;Pickup;No;No;Dark - Roadway Not Lighted;Urban (>70% Developed);6 lanes;2;Straight - Level;Local Street;Dry;Two-Way, Not Divided;None;Four-Way Intersection;Coarse Asphalt;Coastal;Urban;40 - 45  MPH;Stop Sign;Clear;No;0.0, 0.0
543;544;Yes;60-69;67;No;With Traffic;B: Evident Injury;Travel Lane;White;Male;Winston-Salem;Forsyth;No;01-01-07;2008-07-20;Motorist Failed to Yield - Sign-Controlled Intersection;15;Intersection;01-07-01;0001-01-01T10:27:58-04:56;Motorist Drive Out - Sign-Controlled Intersection;111141;2008;B: Evident Injury;Residential;;;Missing;26-30 mph;Injury;/Missing;;Sport Utility;No;Yes;Daylight;Urban (>70% Developed);;2;Straight - Level;Local Street;Dry;Two-Way, Not Divided;None;Four-Way Intersection;Smooth Asphalt;Piedmont;Urban;30 - 35  MPH;Stop Sign;Clear;No;0.0, 0.0
547;548;No;30-39;34;No;With Traffic;O: No Injury;Travel Lane;Black;Male;Fayetteville;Cumberland;No;01-01-05;2008-06-20;Motorist Failed to Yield - Sign-Controlled Intersection;15;Intersection;01-06-01;0001-01-01T10:55:58-04:56;Motorist Drive Out - Sign-Controlled Intersection;111141;2008;O: No Injury;Commercial;0-19;16;No;0-5 mph;O: No Injury;White;Female;Sport Utility;No;No;Daylight;Urban (>70% Developed);4 lanes;2;Straight - Level;Local Street;Dry;Two-Way, Divided, Unprotected Median;None;T-Intersection;Coarse Asphalt;Coastal;Urban;20 - 25  MPH;Stop Sign;Clear;No;0.0, 0.0
549;550;Yes;60-69;64;No;With Traffic;B: Evident Injury;Travel Lane;White;Female;Sunset Beach;Brunswick;No;01-01-04;2008-07-24;Motorist Left Turn / Merge;8;Non-Intersection;01-07-01;0001-01-01T03:33:58-04:56;Motorist Left Turn - Opposite Direction;311212;2008;B: Evident Injury;Residential;50-59;57;No;0-5 mph;O: No Injury;White;Female;Van;No;No;Daylight;Rural (<30% Developed);2 lanes;2;Straight - Level;Local Street;Wet;Two-Way, Not Divided;None;No Special Feature;Coarse Asphalt;Coastal;Rural;30 - 35  MPH;Missing;Cloudy;No;0.0, 0.0
552;553;Yes;25-29;26;No;Facing Traffic;C: Possible Injury;Sidewalk / Crosswalk / Driveway Crossing;Hispanic;Male;Charlotte;Mecklenburg;No;01-01-03;2008-08-20;Motorist Failed to Yield - Sign-Controlled Intersection;14;Intersection;01-08-01;0001-01-01T09:16:58-04:56;Motorist Drive Out - Sign-Controlled Intersection;132141;2008;C: Possible Injury;Residential;70+;;No;0-5 mph;O: No Injury;White;Female;Passenger Car;No;No;Daylight;Urban (>70% Developed);2 lanes;2;Curve - Bottom;Local Street;Dry;Two-Way, Not Divided;None;T-Intersection;Smooth Asphalt;Piedmont;Urban;20 - 25  MPH;Stop Sign;Clear;No;0.0, 0.0
556;557;Yes;50-59;52;Yes;Facing Traffic;C: Possible Injury;Travel Lane;White;Male;None - Rural Crash;New Hanover;Yes;01-01-03;2008-07-23;Motorist Failed to Yield - Midblock;17;Non-Intersection;01-07-01;0001-01-01T12:50:58-04:56;Motorist Drive Out - Residential Driveway;312321;2008;C: Possible Injury;Commercial;40-49;40;Yes;0-5 mph;O: No Injury;White;Male;Sport Utility;No;No;Daylight;Mixed (30% To 70% Developed);5 lanes;2;Straight - Level;US Route;Dry;Two-Way, Divided, Unprotected Median;None;Driveway, Private;Coarse Asphalt;Coastal;Rural;50 - 55  MPH;Missing;Cloudy;No;0.0, 0.0
559;560;Yes;60-69;62;No;With Traffic;C: Possible Injury;Travel Lane;White;Male;None - Rural Crash;Rutherford;No;01-01-05;2008-07-25;Bicyclist Left Turn / Merge;8;Intersection;01-07-01;0001-01-01T03:33:58-04:56;Bicyclist Left Turn - Same Direction;111221;2008;C: Possible Injury;Residential;60-69;68;No;41-45 mph;O: No Injury;White;Female;Van;No;No;Daylight;Mixed (30% To 70% Developed);2 lanes;2;Straight - Grade;US Route;Dry;Two-Way, Not Divided;None;T-Intersection;Smooth Asphalt;Mountains;Rural;40 - 45  MPH;Missing;Clear;No;0.0, 0.0
567;568;Yes;30-39;34;No;With Traffic;B: Evident Injury;Travel Lane;White;Male;None - Rural Crash;Moore;No;01-01-06;2008-08-23;Motorist Overtaking Bicyclist;19;Non-Intersection;01-08-01;0001-01-01T14:48:58-04:56;Motorist Overtaking - Other /;311239;2008;B: Evident Injury;Farms, Woods, Pastures;30-39;36;No;51-55 mph;O: No Injury;White;Male;Pickup;No;No;Dusk;Rural (<30% Developed);2 lanes;2;Straight - Level;NC Route;Dry;Two-Way, Not Divided;None;No Special Feature;Smooth Asphalt;Piedmont;Rural;50 - 55  MPH;Double Yellow Line, No Passing Zone;Cloudy;No;0.0, 0.0
577;578;Yes;10-Jun;10;No;With Traffic;B: Evident Injury;Travel Lane;Black;Male;Greensboro;Guilford;No;01-01-06;2008-07-19;Loss of Control / Turning Error;17;Intersection;01-07-01;0001-01-01T12:52:58-04:56;Bicyclist Lost Control - Oversteering, Improper Braking, Speed;111122;2008;B: Evident Injury;Residential;20-24;24;No;16-20 mph;O: No Injury;Black;Female;Passenger Car;No;No;Daylight;Urban (>70% Developed);1 lane;2;Straight - Level;Local Street;Dry;Two-Way, Not Divided;None;T-Intersection;Smooth Asphalt;Piedmont;Urban;30 - 35  MPH;Stop Sign;Cloudy;No;0.0, 0.0
603;604;Yes;60-69;63;No;Facing Traffic;C: Possible Injury;Sidewalk / Crosswalk / Driveway Crossing;Black;Male;Smithfield;Johnston;No;01-01-06;2008-08-09;Motorist Failed to Yield - Signalized Intersection;12;Intersection;01-08-01;0001-01-01T07:54:58-04:56;Motorist Drive Out - Right Turn on Red;132151;2008;C: Possible Injury;Commercial;50-59;58;No;0-5 mph;O: No Injury;White;Male;Passenger Car;No;No;Daylight;Urban (>70% Developed);5 lanes;2;Straight - Level;Local Street;Dry;Two-Way, Not Divided;None;No Special Feature;Coarse Asphalt;Coastal;Urban;30 - 35  MPH;Stop And Go Signal;Clear;No;0.0, 0.0
605;606;Yes;20-24;20;No;With Traffic;B: Evident Injury;Travel Lane;White;Female;Asheville;Buncombe;No;01-01-05;2008-08-08;Motorist Right Turn / Merge;13;Intersection;01-08-01;0001-01-01T08:41:58-04:56;Motorist Right Turn - Same Direction;111213;2008;B: Evident Injury;Commercial;;;No;;Injury;/Missing;;Pickup;No;Yes;Daylight;Urban (>70% Developed);5 lanes;2;Straight - Grade;Local Street;Dry;Two-Way, Not Divided;;Related To Intersection;Smooth Asphalt;Mountains;Urban;30 - 35  MPH;No Control Present;Clear;No;0.0, 0.0
610;611;No;50-59;54;No;With Traffic;B: Evident Injury;Travel Lane;White;Male;None - Rural Crash;Davie;No;01-01-07;2008-08-10;Motorist Overtaking Bicyclist;11;Non-Intersection;01-08-01;0001-01-01T06:53:58-04:56;Motorist Overtaking - Misjudged Space;311232;2008;B: Evident Injury;Commercial;50-59;59;No;16-20 mph;O: No Injury;White;Female;Passenger Car;No;No;Daylight;Mixed (30% To 70% Developed);4 lanes;3;Straight - Level;US Route;Dry;Two-Way, Not Divided;None;On or Off Ramp;Coarse Asphalt;Piedmont;Rural;40 - 45  MPH;Double Yellow Line, No Passing Zone;Clear;No;0.0, 0.0
614;615;Yes;16-19;18;No;With Traffic;A: Disabling Injury;Travel Lane;White;Male;None - Rural Crash;Burke;No;01-01-04;2008-07-31;Motorist Overtaking Bicyclist;21;Non-Intersection;01-07-01;0001-01-01T16:33:58-04:56;Motorist Overtaking - Other /;311239;2008;A: Disabling Injury;Residential;;;Missing;41-45 mph;Injury;/Missing;;;No;Yes;Dark - Roadway Not Lighted;Mixed (30% To 70% Developed);2 lanes;2;Straight - Level;State Secondary Route;Wet;Two-Way, Not Divided;None;No Special Feature;Smooth Asphalt;Mountains;Rural;40 - 45  MPH;Double Yellow Line, No Passing Zone;Cloudy;No;0.0, 0.0
633;634;No;30-39;30;No;Facing Traffic;O: No Injury;Sidewalk / Crosswalk / Driveway Crossing;Black;Male;Rocky Mount;Nash;No;01-01-05;2008-08-08;Motorist Failed to Yield - Sign-Controlled Intersection;14;Intersection;01-08-01;0001-01-01T09:24:58-04:56;Motorist Drive Out - Sign-Controlled Intersection;132141;2008;O: No Injury;Commercial;50-59;51;No;0-5 mph;O: No Injury;Black;Female;Sport Utility;No;No;Daylight;Urban (>70% Developed);3 lanes;2;Straight - Level;Local Street;Dry;One-Way, Not Divided;None;Driveway, Public;Coarse Asphalt;Coastal;Urban;30 - 35  MPH;Stop Sign;Clear;No;0.0, 0.0
635;636;Yes;15-Nov;11;No;Not Applicable;B: Evident Injury;Non-Roadway;White;Male;Hickory;Catawba;No;01-01-02;2008-08-12;Non-Roadway;19;Non-Roadway;01-08-01;0001-01-01T14:33:58-04:56;Non-Roadway;460910;2008;B: Evident Injury;Residential;;;Missing;0-5 mph;Injury;/Missing;;;No;Yes;Daylight;Urban (>70% Developed);2 lanes;2;Straight - Level;Public Vehicular Area;Dry;Two-Way, Not Divided;None;No Special Feature;Coarse Asphalt;Piedmont;Urban;;Missing;Clear;No;0.0, 0.0
638;639;No;40-49;45;No;With Traffic;O: No Injury;Travel Lane;White;Male;None - Rural Crash;Davidson;No;;2008-08-18;Motorist Overtaking Bicyclist;13;Non-Intersection;01-08-01;0001-01-01T08:48:58-04:56;Motorist Overtaking - Bicyclist Swerved;311235;2008;B: Evident Injury;Farms, Woods, Pastures;20-24;20;No;;B: Evident Injury;White;Male;Pedalcycle;No;No;Daylight;Rural (<30% Developed);2 lanes;2;Straight - Grade;State Secondary Route;Dry;Two-Way, Not Divided;None;No Special Feature;Smooth Asphalt;Piedmont;Rural;;Double Yellow Line, No Passing Zone;Clear;No;0.0, 0.0
646;647;No;40-49;48;No;With Traffic;C: Possible Injury;Travel Lane;White;Female;Charlotte;Mecklenburg;No;01-01-04;2008-09-04;Motorist Left Turn / Merge;17;Intersection;01-09-01;0001-01-01T12:03:58-04:56;Motorist Left Turn - Opposite Direction;111212;2008;C: Possible Injury;Commercial;;;Missing;;Injury;/Missing;;Passenger Car;No;Yes;Daylight;Urban (>70% Developed);4 lanes;2;Straight - Level;Local Street;Dry;Two-Way, Not Divided;None;Four-Way Intersection;Smooth Asphalt;Piedmont;Urban;;Stop And Go Signal;Clear;No;0.0, 0.0
647;648;Yes;40-49;48;No;With Traffic;B: Evident Injury;Travel Lane;Black;Male;Concord;Cabarrus;No;01-01-05;2008-08-22;Loss of Control / Turning Error;23;Intersection;01-08-01;0001-01-01T18:10:58-04:56;Motorist Turning Error - Right Turn;111112;2008;B: Evident Injury;Residential;;;No;6-10 mph;Injury;/Missing;;Pickup;No;Yes;Dark - Lighted Roadway;Urban (>70% Developed);2 lanes;2;Straight - Hillcrest;Local Street;Dry;Two-Way, Not Divided;None;T-Intersection;Smooth Asphalt;Piedmont;Urban;30 - 35  MPH;Stop Sign;Clear;No;0.0, 0.0
649;650;No;30-39;35;No;;B: Evident Injury;;Black;Female;Fayetteville;Cumberland;No;01-01-05;2008-08-22;Loss of Control / Turning Error;18;Intersection-Related;01-08-01;0001-01-01T13:18:58-04:56;Bicyclist Lost Control - Mechanical Problems;299121;2008;B: Evident Injury;Commercial;50-59;57;No;6-10 mph;O: No Injury;Black;Female;Sport Utility;No;No;Daylight;Urban (>70% Developed);1 lane;2;Straight - Grade;Local Street;Dry;Two-Way, Not Divided;None;Four-Way Intersection;Coarse Asphalt;Coastal;Urban;30 - 35  MPH;Stop Sign;Cloudy;No;0.0, 0.0
653;654;Yes;40-49;40;Yes;With Traffic;B: Evident Injury;Travel Lane;White;Male;Charlotte;Mecklenburg;Yes;01-01-07;2008-09-14;Crossing Paths - Other Circumstances;13;Intersection;01-09-01;0001-01-01T08:37:58-04:56;Signalized Intersection - Other /;111158;2008;B: Evident Injury;Commercial;20-24;24;No;51-55 mph;O: No Injury;White;Female;Passenger Car;No;No;Daylight;Urban (>70% Developed);4 lanes;2;Straight - Level;Local Street;Dry;Two-Way, Divided, Unprotected Median;None;Four-Way Intersection;Smooth Asphalt;Piedmont;Urban;50 - 55  MPH;Stop And Go Signal;Clear;No;0.0, 0.0
661;662;Yes;50-59;53;Yes;Facing Traffic;C: Possible Injury;Other;White;Female;Asheboro;Randolph;Yes;;2008-08-25;Motorist Failed to Yield - Midblock;13;Non-Intersection;01-08-01;0001-01-01T08:31:58-04:56;Motorist Drive Out - Commercial Driveway / Alley;382322;2008;C: Possible Injury;Commercial;50-59;55;No;0-5 mph;O: No Injury;White;Male;Pickup;No;No;Daylight;Urban (>70% Developed);;2;Straight - Grade;Public Vehicular Area;Dry;Two-Way, Not Divided;None;Driveway, Public;Smooth Asphalt;Piedmont;Urban;;No Control Present;Cloudy;No;0.0, 0.0
665;666;Yes;20-24;21;No;With Traffic;B: Evident Injury;Travel Lane;White;Male;Blowing Rock;Watauga;No;01-01-06;2008-08-23;Motorist Left Turn / Merge;18;Non-Intersection;01-08-01;0001-01-01T13:37:58-04:56;Motorist Left Turn - Opposite Direction;311212;2008;B: Evident Injury;Residential;25-29;25;No;6-10 mph;O: No Injury;White;Male;Sport Utility;No;No;Daylight;Urban (>70% Developed);2 lanes;2;Straight - Grade;Local Street;Dry;Two-Way, Not Divided;None;No Special Feature;Coarse Asphalt;Mountains;Rural;20 - 25  MPH;No Control Present;Cloudy;No;0.0, 0.0
670;671;No;30-39;35;No;With Traffic;O: No Injury;Travel Lane;White;Male;Rocky Mount;Nash;No;01-01-07;2008-07-13;Loss of Control / Turning Error;12;Intersection;01-07-01;0001-01-01T07:13:58-04:56;Motorist Turning Error - Left Turn;111111;2008;O: No Injury;Residential;;;Missing;0-5 mph;Injury;/Missing;;;No;Yes;Dark -  Lighting;Urban (>70% Developed);2 lanes;2;Straight - Level;Local Street;Dry;Two-Way, Not Divided;None;No Special Feature;Smooth Asphalt;Coastal;Urban;30 - 35  MPH;Stop Sign;Clear;No;0.0, 0.0
671;672;Yes;16-19;16;No;Facing Traffic;C: Possible Injury;Travel Lane;Black;Male;Raleigh;Wake;No;01-01-02;2008-06-24;Motorist Failed to Yield - Sign-Controlled Intersection;21;Intersection;01-06-01;0001-01-01T16:09:58-04:56;Motorist Drive Out - Sign-Controlled Intersection;112141;2008;C: Possible Injury;Residential;20-24;21;No;0-5 mph;O: No Injury;White;Male;Sport Utility;No;No;Dark - Lighted Roadway;Urban (>70% Developed);2 lanes;2;Straight - Level;Local Street;Dry;Two-Way, Divided, Unprotected Median;None;No Special Feature;Smooth Asphalt;Piedmont;Urban;30 - 35  MPH;Stop Sign;Clear;No;0.0, 0.0
680;681;Yes;15-Nov;14;No;Facing Traffic;C: Possible Injury;Sidewalk / Crosswalk / Driveway Crossing;Black;Male;High Point;Guilford;No;01-01-07;2008-08-31;Loss of Control / Turning Error;18;Intersection;01-08-01;0001-01-01T13:23:58-04:56;Bicyclist Lost Control - Other /;132129;2008;C: Possible Injury;Commercial;70+;;No;0-5 mph;O: No Injury;White;Male;Van;No;No;Daylight;Urban (>70% Developed);5 lanes;2;Straight - Level;Public Vehicular Area;Dry;Two-Way, Not Divided;None;Related To Intersection;Smooth Asphalt;Piedmont;Urban;30 - 35  MPH;Stop And Go Signal;Clear;No;0.0, 0.0
683;684;No;16-19;16;No;Facing Traffic;C: Possible Injury;Sidewalk / Crosswalk / Driveway Crossing;White;Male;Greensboro;Guilford;No;01-01-02;2008-09-02;Motorist Failed to Yield - Signalized Intersection;18;Intersection;01-09-01;0001-01-01T13:41:58-04:56;Motorist Drive Out - Right Turn on Red;132151;2008;C: Possible Injury;Residential;50-59;53;No;;O: No Injury;White;Female;Van;No;No;Daylight;Urban (>70% Developed);5 lanes;2;Straight - Level;Local Street;Dry;Two-Way, Divided, Unprotected Median;None;Four-Way Intersection;Smooth Asphalt;Piedmont;Urban;30 - 35  MPH;Stop And Go Signal;Clear;No;0.0, 0.0
685;686;Yes;40-49;45;No;With Traffic;A: Disabling Injury;Travel Lane;White;Male;None - Rural Crash;Lincoln;No;;2008-09-22;Motorist Overtaking Bicyclist;17;Non-Intersection;01-09-01;0001-01-01T12:53:58-04:56;Motorist Overtaking - Other /;311239;2008;A: Disabling Injury;Farms, Woods, Pastures;30-39;37;No;51-55 mph;O: No Injury;White;Male;Passenger Car;No;No;Daylight;Rural (<30% Developed);2 lanes;2;Straight - Grade;State Secondary Route;Dry;Two-Way, Not Divided;None;No Special Feature;Coarse Asphalt;Piedmont;Rural;50 - 55  MPH;Double Yellow Line, No Passing Zone;Clear;No;0.0, 0.0
686;687;Yes;30-39;37;No;With Traffic;B: Evident Injury;Travel Lane;Black;Female;None - Rural Crash;Duplin;Yes;01-01-04;2008-08-21;Head-On;22;Non-Intersection;01-08-01;0001-01-01T17:38:58-04:56;Head-On - Bicyclist;311250;2008;K: Killed;Farms, Woods, Pastures;50-59;57;Yes;;K: Killed;Black;Male;Pedalcycle;No;No;Dark - Roadway Not Lighted;Rural (<30% Developed);2 lanes;2;Straight - Level;NC Route;Dry;Two-Way, Not Divided;None;No Special Feature;Coarse Asphalt;Coastal;Rural;;No Control Present;Clear;No;0.0, 0.0
691;692;No;40-49;44;No;Facing Traffic;C: Possible Injury;Sidewalk / Crosswalk / Driveway Crossing;Black;Male;Asheville;Buncombe;No;01-01-07;2008-08-31;Motorist Failed to Yield - Midblock;13;Non-Intersection;01-08-01;0001-01-01T08:40:58-04:56;Motorist Drive Out - Commercial Driveway / Alley;332322;2008;C: Possible Injury;Commercial;60-69;61;No;0-5 mph;O: No Injury;White;Female;Passenger Car;No;No;Daylight;Urban (>70% Developed);;2;Straight - Grade;Public Vehicular Area;Dry;Two-Way, Divided, Positive Median Barrier;None;No Special Feature;Concrete;Mountains;Urban;5 - 15 MPH;No Control Present;Clear;No;0.0, 0.0
697;698;Yes;40-49;47;No;With Traffic;B: Evident Injury;Bike Lane / Paved Shoulder;White;Male;Durham;Durham;No;;2008-09-15;Motorist Right Turn / Merge;8;Intersection;01-09-01;0001-01-01T03:17:58-04:56;Motorist Right Turn - Same Direction;121213;2008;B: Evident Injury;Commercial;30-39;32;No;0-5 mph;O: No Injury;Black;Female;Sport Utility;No;No;Daylight;Urban (>70% Developed);3 lanes;2;Straight - Level;Local Street;Dry;Two-Way, Not Divided;None;No Special Feature;Smooth Asphalt;Piedmont;Urban;40 - 45  MPH;Stop And Go Signal;Clear;No;0.0, 0.0