FID;OBJECTID;AmbulanceR;BikeAge_Gr;Bike_Age;Bike_Alc_D;Bike_Dir;Bike_Injur;Bike_Pos;Bike_Race;Bike_Sex;City;County;CrashAlcoh;CrashDay;Crash_Date;Crash_Grp;Crash_Hour;Crash_Loc;Crash_Mont;Crash_Time;Crash_Type;Crash_Ty_1;Crash_Year;Crsh_Sevri;Developmen;DrvrAge_Gr;Drvr_Age;Drvr_Alc_D;Drvr_EstSp;Drvr_Injur;Drvr_Race;Drvr_Sex;Drvr_VehTy;ExcsSpdInd;Hit_Run;Light_Cond;Locality;Num_Lanes;Num_Units;Rd_Charact;Rd_Class;Rd_Conditi;Rd_Config;Rd_Defects;Rd_Feature;Rd_Surface;Region;Rural_Urba;Speed_Limi;Traff_Cntr;Weather;Workzone_I;Location
624;625;Yes;50-59;54;No;With Traffic;C: Possible Injury;Travel Lane;White;Male;None - Rural Crash;Moore;No;;2009-09-28;Motorist Overtaking Bicyclist;16;Non-Intersection;01-09-01;0001-01-01T12:02:58-04:56;Motorist Overtaking - Other /;311239;2009;C: Possible Injury;Farms, Woods, Pastures;30-39;34;No;41-45 mph;Injury;White;Male;Passenger Car;No;Yes;Daylight;Rural (<30% Developed);2 lanes;2;Straight - Level;State Secondary Route;Dry;Two-Way, Not Divided;None;No Special Feature;Smooth Asphalt;Piedmont;Rural;40 - 45  MPH;No Control Present;Clear;No;35.179253, -79.32311
632;633;Yes;30-39;38;No;With Traffic;B: Evident Injury;Travel Lane;Hispanic;Male;Fayetteville;Cumberland;No;01-01-05;2009-10-16;Bicyclist Left Turn / Merge;18;Non-Intersection;01-10-01;0001-01-01T13:18:58-04:56;Bicyclist Left Turn - Same Direction;311221;2009;B: Evident Injury;Residential;60-69;63;No;21-25 mph;O: No Injury;Black;Female;Passenger Car;No;No;Daylight;Rural (<30% Developed);5 lanes;2;Straight - Level;Local Street;Dry;Two-Way, Not Divided;None;No Special Feature;Coarse Asphalt;Coastal;Urban;40 - 45  MPH;No Control Present;Clear;No;35.092957, -78.91917
636;637;Yes;20-24;22;No;Facing Traffic;C: Possible Injury;Sidewalk / Crosswalk / Driveway Crossing;White;Male;Winston-Salem;Forsyth;No;;2009-10-19;Motorist Failed to Yield - Sign-Controlled Intersection;15;Intersection;01-10-01;0001-01-01T10:48:58-04:56;Motorist Drive Out - Sign-Controlled Intersection;132141;2009;C: Possible Injury;Residential;40-49;48;No;0-5 mph;O: No Injury;Black;Female;Pickup;No;No;Daylight;Urban (>70% Developed);2 lanes;2;Straight - Hillcrest;Local Street;Dry;Two-Way, Divided, Unprotected Median;None;T-Intersection;Smooth Asphalt;Piedmont;Urban;20 - 25  MPH;Stop Sign;Clear;No;36.112877, -80.22526
647;648;Yes;16-19;19;No;With Traffic;B: Evident Injury;Travel Lane;White;Male;None - Rural Crash;Onslow;No;01-01-07;2009-09-27;Motorist Overtaking Bicyclist;23;Non-Intersection;01-09-01;0001-01-01T18:03:58-04:56;Motorist Overtaking - Other /;311239;2009;B: Evident Injury;Residential;;;Missing;51-55 mph;Injury;/Missing;;;No;Yes;Dark - Roadway Not Lighted;Mixed (30% To 70% Developed);5 lanes;2;Straight - Level;US Route;Dry;Two-Way, Not Divided;None;No Special Feature;Coarse Asphalt;Coastal;Rural;50 - 55  MPH;No Control Present;Clear;No;34.90975, -77.57086
650;651;No;15-Nov;14;No;With Traffic;C: Possible Injury;Sidewalk / Crosswalk / Driveway Crossing;White;Male;Fayetteville;Cumberland;No;01-01-03;2009-10-28;Motorist Left Turn / Merge;22;Intersection;01-10-01;0001-01-01T17:56:58-04:56;Motorist Left Turn - Opposite Direction;131212;2009;C: Possible Injury;Commercial;20-24;20;No;21-25 mph;O: No Injury;Black;Female;Passenger Car;No;No;Dark - Lighted Roadway;Urban (>70% Developed);5 lanes;2;Straight - Level;Local Street;Dry;Two-Way, Divided, Unprotected Median;None;Four-Way Intersection;Coarse Asphalt;Coastal;Urban;30 - 35  MPH;Stop And Go Signal;Clear;No;35.04542, -78.924446
660;661;No;40-49;44;No;With Traffic;C: Possible Injury;Travel Lane;White;Male;None - Rural Crash;Rowan;No;01-01-06;2009-11-14;Motorist Failed to Yield - Sign-Controlled Intersection;12;Intersection;01-11-01;0001-01-01T07:36:58-04:56;Motorist Drive Out - Sign-Controlled Intersection;111141;2009;C: Possible Injury;Farms, Woods, Pastures;20-24;22;No;0-5 mph;O: No Injury;White;Male;Pickup;No;No;Daylight;Rural (<30% Developed);5 lanes;2;Straight - Level;US Route;Dry;Two-Way, Not Divided;None;Four-Way Intersection;Smooth Asphalt;Piedmont;Rural;50 - 55  MPH;No Control Present;Clear;No;35.590878, -80.5513
662;663;Yes;30-39;30;Yes;Not Applicable;C: Possible Injury;;Black;Male;Raleigh;Wake;Yes;01-01-04;2009-10-08;Bicyclist Failed to Yield - Midblock;20;Non-Intersection;01-10-01;0001-01-01T15:15:58-04:56;Bicyclist Ride Out - Midblock -;393319;2009;C: Possible Injury;Residential;40-49;49;No;31-35 mph;O: No Injury;Black;Male;Passenger Car;No;No;Dark - Lighted Roadway;Urban (>70% Developed);3 lanes;2;Straight - Hillcrest;Local Street;Dry;One-Way, Not Divided;None;No Special Feature;Smooth Asphalt;Piedmont;Urban;30 - 35  MPH;No Control Present;Clear;No;35.772335, -78.64596
664;665;Yes;25-29;26;No;With Traffic;B: Evident Injury;Bike Lane / Paved Shoulder;White;Female;Greensboro;Guilford;No;01-01-03;2009-10-28;Motorist Right Turn / Merge;11;Intersection;01-10-01;0001-01-01T06:54:58-04:56;Motorist Right Turn - Same Direction;121213;2009;B: Evident Injury;Institutional;50-59;54;No;0-5 mph;O: No Injury;White;Male;Passenger Car;No;No;Daylight;Urban (>70% Developed);2 lanes;2;Straight - Level;Local Street;Dry;Two-Way, Divided, Unprotected Median;None;Four-Way Intersection;Smooth Asphalt;Piedmont;Urban;20 - 25  MPH;Stop And Go Signal;Clear;No;36.065918, -79.81024
669;670;Yes;40-49;48;No;With Traffic;C: Possible Injury;Travel Lane;Black;Male;Tarboro;Edgecombe;No;01-01-07;2009-11-01;Motorist Failed to Yield - Sign-Controlled Intersection;16;Intersection;01-11-01;0001-01-01T11:42:58-04:56;Motorist Drive Out - Sign-Controlled Intersection;111141;2009;C: Possible Injury;Commercial;0-19;18;No;0-5 mph;O: No Injury;Black;Male;Passenger Car;No;No;Daylight;Urban (>70% Developed);1 lane;2;Straight - Level;Local Street;Wet;Two-Way, Divided, Unprotected Median;;Driveway, Private;Smooth Asphalt;Coastal;Urban;40 - 45  MPH;Stop Sign;Rain;No;35.90341, -77.56208
670;671;Yes;40-49;45;No;;C: Possible Injury;;Black;Male;Oxford;Granville;No;01-01-02;2009-04-28;Crossing Paths - Other Circumstances;16;Intersection-Related;01-04-01;0001-01-01T11:59:58-04:56;Crossing Paths - Intersection - Other /;299180;2009;C: Possible Injury;Commercial;50-59;53;No;11-15 mph;O: No Injury;Black;Male;Passenger Car;No;No;Daylight;Urban (>70% Developed);9 or more lanes;3;Straight - Level;Local Street;Dry;Two-Way, Not Divided;None;No Special Feature;Smooth Asphalt;Piedmont;Urban;30 - 35  MPH;Stop And Go Signal;Clear;No;36.312084, -78.592224
671;672;Yes;50-59;52;Yes;With Traffic;B: Evident Injury;Travel Lane;White;Male;Greensboro;Guilford;Yes;01-01-02;2009-10-20;Bicyclist Overtaking Motorist;4;Non-Intersection;01-10-01;0000-12-31T23:28:58-04:56;Bicyclist Overtaking - Parked Vehicle;311243;2009;B: Evident Injury;Residential;;;Missing;0-5 mph;Injury;/Missing;;Passenger Car;No;No;Dark - Roadway Not Lighted;Urban (>70% Developed);1 lane;2;Straight - Grade;Local Street;Dry;Two-Way, Not Divided;None;No Special Feature;Smooth Asphalt;Piedmont;Urban;30 - 35  MPH;No Control Present;Clear;No;36.068775, -79.82911
672;673;Yes;40-49;49;No;Facing Traffic;C: Possible Injury;Sidewalk / Crosswalk / Driveway Crossing;Black;Male;Wilmington;New Hanover;No;01-01-04;2009-10-29;Motorist Failed to Yield - Signalized Intersection;12;Intersection;01-10-01;0001-01-01T07:06:58-04:56;Motorist Drive Out - Signalized Intersection;132152;2009;C: Possible Injury;Commercial;25-29;25;No;6-10 mph;O: No Injury;White;Female;Passenger Car;No;No;Daylight;Urban (>70% Developed);6 lanes;2;Straight - Level;Local Street;Dry;Two-Way, Not Divided;None;Four-Way Intersection;Smooth Asphalt;Coastal;Urban;20 - 25  MPH;Stop And Go Signal;Clear;No;34.228287, -77.94253
674;675;Yes;25-29;25;No;Facing Traffic;B: Evident Injury;Sidewalk / Crosswalk / Driveway Crossing;Black;Male;Charlotte;Mecklenburg;No;01-01-02;2009-11-03;Motorist Failed to Yield - Sign-Controlled Intersection;13;Intersection;01-11-01;0001-01-01T08:11:58-04:56;Motorist Drive Out - Sign-Controlled Intersection;132141;2009;B: Evident Injury;Residential;30-39;33;No;0-5 mph;O: No Injury;Hispanic;Female;Passenger Car;No;No;Daylight;Urban (>70% Developed);2 lanes;2;Straight - Grade;Local Street;Dry;Two-Way, Not Divided;None;T-Intersection;Coarse Asphalt;Piedmont;Urban;30 - 35  MPH;Stop Sign;Clear;No;35.13637, -80.88857
675;676;Yes;40-49;41;No;With Traffic;B: Evident Injury;Travel Lane;White;Female;Durham;Durham;No;01-01-06;2009-11-21;Crossing Paths - Other Circumstances;11;Intersection;01-11-01;0001-01-01T06:14:58-04:56;Crossing Paths - Intersection - Other /;111180;2009;B: Evident Injury;Commercial;30-39;31;No;36-40 mph;O: No Injury;Asian;Male;Passenger Car;No;No;Daylight;Urban (>70% Developed);4 lanes;2;Straight - Level;NC Route;Dry;Two-Way, Not Divided;None;No Special Feature;Smooth Asphalt;Piedmont;Urban;40 - 45  MPH;Human Control;Clear;No;35.900654, -78.888985
684;685;No;50-59;57;No;With Traffic;B: Evident Injury;Travel Lane;Asian;Male;Durham;Durham;No;01-01-05;2009-10-30;Motorist Overtaking Bicyclist;21;Intersection;01-10-01;0001-01-01T16:12:58-04:56;Motorist Overtaking - Misjudged Space;111232;2009;B: Evident Injury;Residential;;;Missing;41-45 mph;Injury;/Missing;;;No;Yes;Dark - Roadway Not Lighted;Urban (>70% Developed);2 lanes;2;Straight - Hillcrest;NC Route;Dry;Two-Way, Divided, Unprotected Median;None;T-Intersection;Coarse Asphalt;Piedmont;Urban;40 - 45  MPH;No Control Present;Clear;No;35.916576, -78.95112
686;687;No;50-59;54;No;With Traffic;C: Possible Injury;Travel Lane;White;Male;High Point;Guilford;No;01-01-03;2009-11-04;Motorist Overtaking Bicyclist;6;Non-Intersection;01-11-01;0001-01-01T01:33:58-04:56;Motorist Overtaking - Undetected Bicyclist;311231;2009;C: Possible Injury;Commercial;0-19;18;No;;O: No Injury;White;Male;Passenger Car;No;No;Dark - Lighted Roadway;Urban (>70% Developed);5 lanes;2;Straight - Level;Local Street;Dry;Two-Way, Not Divided;None;No Special Feature;Coarse Asphalt;Piedmont;Urban;40 - 45  MPH;No Control Present;Clear;No;35.98807, -80.02632
687;688;Yes;40-49;47;No;With Traffic;C: Possible Injury;Travel Lane;Hispanic;Female;Morrisville;Wake;No;;2009-11-09;Motorist Failed to Yield - Midblock;7;Non-Intersection;01-11-01;0001-01-01T02:03:58-04:56;Motorist Drive Out - Other Midblock;311328;2009;C: Possible Injury;Commercial;25-29;28;No;6-10 mph;O: No Injury;White;Male;Pickup;No;No;Daylight;Mixed (30% To 70% Developed);2 lanes;2;Straight - Level;NC Route;Dry;Two-Way, Not Divided;None;No Special Feature;Smooth Asphalt;Piedmont;Urban;40 - 45  MPH;Double Yellow Line, No Passing Zone;Clear;No;35.836864, -78.82955
698;699;Yes;16-19;18;No;Facing Traffic;B: Evident Injury;Travel Lane;Black;Male;Charlotte;Mecklenburg;No;01-01-06;2009-11-14;Motorist Failed to Yield - Sign-Controlled Intersection;20;Intersection;01-11-01;0001-01-01T15:56:58-04:56;Motorist Drive Out - Sign-Controlled Intersection;112141;2009;B: Evident Injury;Residential;30-39;37;No;0-5 mph;O: No Injury;Black;Female;Sport Utility;No;No;Dark - Lighted Roadway;Urban (>70% Developed);4 lanes;2;Straight - Level;Local Street;Dry;Two-Way, Divided, Positive Median Barrier;None;No Special Feature;Smooth Asphalt;Piedmont;Urban;20 - 25  MPH;Stop Sign;Clear;No;35.249794, -80.77271
714;715;Yes;25-29;27;No;With Traffic;C: Possible Injury;Bike Lane / Paved Shoulder;White;Male;None - Rural Crash;New Hanover;No;;2009-12-14;Motorist Overtaking Bicyclist;17;Non-Intersection;01-12-01;0001-01-01T12:38:58-04:56;Motorist Overtaking - Undetected Bicyclist;321231;2009;C: Possible Injury;Residential;60-69;62;No;41-45 mph;O: No Injury;White;Female;Sport Utility;No;No;Dark - Roadway Not Lighted;Urban (>70% Developed);2 lanes;2;Straight - Level;NC Route;Dry;Two-Way, Not Divided;None;No Special Feature;Smooth Asphalt;Coastal;Rural;40 - 45  MPH;No Control Present;Clear;No;34.27923, -77.923935
723;724;No;20-24;24;No;Facing Traffic;C: Possible Injury;Travel Lane;White;Female;Raleigh;Wake;No;01-01-02;2009-11-17;Motorist Failed to Yield - Sign-Controlled Intersection;11;Intersection;01-11-01;0001-01-01T06:33:58-04:56;Motorist Drive Out - Sign-Controlled Intersection;112141;2009;C: Possible Injury;Residential;;;No;21-25 mph;Injury;/Missing;;;No;Yes;Daylight;Urban (>70% Developed);2 lanes;2;Straight - Level;Local Street;Dry;Two-Way, Not Divided;None;No Special Feature;Smooth Asphalt;Piedmont;Urban;40 - 45  MPH;No Control Present;Clear;No;35.7703, -78.61983
724;725;Yes;20-24;23;No;Facing Traffic;B: Evident Injury;Sidewalk / Crosswalk / Driveway Crossing;White;Male;Cary;Wake;No;01-01-02;2009-12-22;Motorist Failed to Yield - Sign-Controlled Intersection;15;Intersection;01-12-01;0001-01-01T10:15:58-04:56;Motorist Drive Out - Sign-Controlled Intersection;132141;2009;B: Evident Injury;Commercial;20-24;21;No;0-5 mph;O: No Injury;White;Female;Passenger Car;No;No;Daylight;Urban (>70% Developed);2 lanes;2;Straight - Grade;Public Vehicular Area;Dry;Two-Way, Not Divided;None;Driveway, Public;Smooth Asphalt;Piedmont;Urban;5 - 15 MPH;Stop Sign;Clear;No;35.744076, -78.76094
730;731;Yes;40-49;43;No;Not Applicable;B: Evident Injury;Non-Roadway;White;Female;Franklin;Macon;No;01-01-04;2009-12-10;Non-Roadway;16;Non-Roadway;01-12-01;0001-01-01T11:43:58-04:56;Non-Roadway;460910;2009;B: Evident Injury;Commercial;70+;;No;11-15 mph;O: No Injury;White;Male;Light Truck (Mini-Van, Panel);No;No;Daylight;Urban (>70% Developed);;2;Straight - Level;Public Vehicular Area;Dry;Two-Way, Not Divided;None;Four-Way Intersection;Smooth Asphalt;Mountains;Rural;;No Control Present;Clear;No;35.174343, -83.36237
742;743;Yes;30-39;38;Yes;With Traffic;B: Evident Injury;Travel Lane;White;Male;None - Rural Crash;Catawba;Yes;01-01-03;2009-12-30;Motorist Overtaking Bicyclist;18;Non-Intersection;01-12-01;0001-01-01T13:10:58-04:56;Motorist Overtaking - Other /;311239;2009;B: Evident Injury;Farms, Woods, Pastures;40-49;48;No;41-45 mph;O: No Injury;White;Female;Passenger Car;No;No;Dark - Roadway Not Lighted;Rural (<30% Developed);2 lanes;2;Straight - Level;NC Route;Dry;Two-Way, Not Divided;None;No Special Feature;Coarse Asphalt;Piedmont;Rural;40 - 45  MPH;Double Yellow Line, No Passing Zone;Clear;No;35.553116, -81.06227
744;745;No;60-69;66;No;With Traffic;B: Evident Injury;Travel Lane;Black;Male;Goldsboro;Wayne;No;01-01-05;2009-12-04;Bicyclist Failed to Yield - Signalized Intersection;18;Intersection;01-12-01;0001-01-01T13:03:58-04:56;Bicyclist Ride Through - Signalized Intersection;111155;2009;B: Evident Injury;Commercial;60-69;68;No;6-10 mph;O: No Injury;White;Female;Sport Utility;No;No;Dark - Lighted Roadway;Urban (>70% Developed);5 lanes;2;Straight - Level;Local Street;Dry;Two-Way, Not Divided;None;Four-Way Intersection;Smooth Asphalt;Coastal;Urban;20 - 25  MPH;Stop And Go Signal;Cloudy;No;35.38469, -77.992615
746;747;Yes;20-24;24;Yes;Not Applicable;C: Possible Injury;Non-Roadway;White;Male;None - Rural Crash;Currituck;Yes;01-01-07;2009-11-29;Bicyclist Failed to Yield - Midblock;20;Non-Intersection;01-11-01;0001-01-01T16:00:58-04:56;Bicyclist Ride Out - Commercial Driveway / Alley;363312;2009;C: Possible Injury;Commercial;50-59;57;No;41-45 mph;O: No Injury;White;Female;Sport Utility;No;No;Dark - Roadway Not Lighted;Rural (<30% Developed);5 lanes;2;Straight - Level;US Route;Dry;Two-Way, Not Divided;None;No Special Feature;Coarse Asphalt;Coastal;Rural;40 - 45  MPH;No Control Present;Clear;No;36.238754, -75.87539
749;750;No;16-19;18;No;;B: Evident Injury;Sidewalk / Crosswalk / Driveway Crossing;White;Male;Raleigh;Wake;No;;2009-11-23;Motorist Left Turn / Merge;12;Intersection;01-11-01;0001-01-01T07:16:58-04:56;Motorist Left Turn - Opposite Direction;139212;2009;B: Evident Injury;Commercial;20-24;21;No;6-10 mph;O: No Injury;White;Female;Passenger Car;No;No;Daylight;Urban (>70% Developed);2 lanes;2;Straight - Level;Local Street;Wet;Two-Way, Not Divided;None;No Special Feature;Smooth Asphalt;Piedmont;Urban;20 - 25  MPH;No Control Present;Rain;No;35.78189, -78.66763
759;760;Yes;20-24;20;No;Facing Traffic;B: Evident Injury;Travel Lane;Other;Male;None - Rural Crash;Cumberland;No;01-01-04;2009-12-24;Parallel Paths - Other Circumstances;20;Non-Intersection;01-12-01;0001-01-01T15:56:58-04:56;Parallel Paths - Other /;312280;2009;B: Evident Injury;Residential;;;Missing;41-45 mph;Injury;/Missing;;Pickup;No;Yes;Dark - Roadway Not Lighted;Urban (>70% Developed);2 lanes;2;Straight - Level;State Secondary Route;Dry;Two-Way, Not Divided;None;No Special Feature;Smooth Asphalt;Coastal;Rural;40 - 45  MPH;Double Yellow Line, No Passing Zone;Clear;No;34.955032, -78.94595
761;762;Yes;60-69;69;No;Facing Traffic;C: Possible Injury;Travel Lane;Black;Male;Kinston;Lenoir;No;01-01-04;2009-12-17;Motorist Failed to Yield - Sign-Controlled Intersection;15;Intersection;01-12-01;0001-01-01T10:47:58-04:56;Motorist Drive Out - Sign-Controlled Intersection;112141;2009;C: Possible Injury;Commercial;30-39;36;No;0-5 mph;O: No Injury;White;Male;Pickup;No;No;Daylight;Urban (>70% Developed);5 lanes;2;Straight - Level;Local Street;Dry;Two-Way, Not Divided;None;Four-Way Intersection;Coarse Asphalt;Coastal;Urban;30 - 35  MPH;Stop Sign;Clear;No;35.268936, -77.58425
769;770;No;40-49;44;No;With Traffic;O: No Injury;Travel Lane;Black;Male;Wilson;Wilson;No;01-01-04;2009-10-08;Motorist Overtaking Bicyclist;17;Non-Intersection;01-10-01;0001-01-01T12:54:58-04:56;Motorist Overtaking - Undetected Bicyclist;311231;2009;O: No Injury;Residential;0-19;19;No;16-20 mph;O: No Injury;Black;Male;Passenger Car;No;No;Daylight;Urban (>70% Developed);2 lanes;2;Straight - Grade;Local Street;Dry;Two-Way, Not Divided;None;No Special Feature;Smooth Asphalt;Coastal;Urban;30 - 35  MPH;No Control Present;Clear;No;35.71809, -77.9245
770;771;Yes;25-29;29;No;With Traffic;B: Evident Injury;Travel Lane;Black;Male;Wilson;Wilson;No;01-01-03;2009-11-04;Bicyclist Failed to Yield - Sign-Controlled Intersection;11;Intersection;01-11-01;0001-01-01T06:49:58-04:56;Bicyclist Ride Out - Sign-Controlled Intersection;111142;2009;B: Evident Injury;Residential;70+;;No;31-35 mph;O: No Injury;Black;Female;Passenger Car;No;No;Daylight;Mixed (30% To 70% Developed);2 lanes;2;Straight - Level;Local Street;Dry;Two-Way, Not Divided;None;No Special Feature;Coarse Asphalt;Coastal;Urban;30 - 35  MPH;Stop Sign;Clear;No;35.717308, -77.89352
776;777;No;30-39;35;No;Not Applicable;O: No Injury;Non-Roadway;Black;Male;Wilson;Wilson;No;01-01-05;2009-08-28;Non-Roadway;13;Non-Roadway;01-08-01;0001-01-01T08:43:58-04:56;Non-Roadway;460910;2009;O: No Injury;Commercial;70+;;No;11-15 mph;O: No Injury;Black;Female;Passenger Car;No;No;Daylight;Urban (>70% Developed);2 lanes;2;Straight - Level;Private Road, Driveway;Dry;Two-Way, Not Divided;None;No Special Feature;Gravel;Coastal;Urban;30 - 35  MPH;No Control Present;Clear;No;35.723755, -77.9119
778;779;No;40-49;49;No;Facing Traffic;C: Possible Injury;Sidewalk / Crosswalk / Driveway Crossing;Black;Male;Charlotte;Mecklenburg;No;01-01-07;2009-11-15;Motorist Failed to Yield - Midblock;13;Non-Intersection;01-11-01;0001-01-01T08:12:58-04:56;Motorist Drive Out - Commercial Driveway / Alley;332322;2009;C: Possible Injury;Commercial;30-39;37;No;0-5 mph;O: No Injury;White;Female;Passenger Car;No;No;Daylight;Urban (>70% Developed);5 lanes;2;Straight - Grade;Local Street;Dry;Two-Way, Not Divided;None;Driveway, Private;Concrete;Piedmont;Urban;5 - 15 MPH;Stop Sign;Clear;No;35.1428, -80.74088
787;788;No;20-24;23;No;Facing Traffic;C: Possible Injury;Travel Lane;Hispanic;Male;Charlotte;Mecklenburg;No;01-01-04;2009-08-27;Motorist Left Turn / Merge;20;Non-Intersection;01-08-01;0001-01-01T15:30:58-04:56;Motorist Left Turn - Same Direction;312211;2009;C: Possible Injury;Commercial;40-49;42;No;0-5 mph;O: No Injury;Black;Male;Sport Utility;No;No;Dark - Lighted Roadway;Mixed (30% To 70% Developed);2 lanes;2;Straight - Level;Local Street;Dry;Two-Way, Not Divided;None;No Special Feature;Smooth Asphalt;Piedmont;Urban;30 - 35  MPH;No Control Present;Clear;No;35.301636, -80.80244
789;790;Yes;30-39;34;No;With Traffic;Injury;Travel Lane;/Missing;;Erwin;Harnett;No;;2009-08-17;Bicyclist Left Turn / Merge;18;Non-Intersection;01-08-01;0001-01-01T13:19:58-04:56;Bicyclist Left Turn - Same Direction;311221;2009;Injury;Commercial;;;Missing;31-35 mph;Injury;/Missing;;;No;Yes;Daylight;Urban (>70% Developed);2 lanes;2;Curve - Level;Local Street;Dry;Two-Way, Not Divided;None;No Special Feature;Smooth Asphalt;Coastal;Rural;30 - 35  MPH;No Control Present;Clear;No;35.31984, -78.67709
790;791;No;30-39;35;No;With Traffic;C: Possible Injury;Travel Lane;White;Male;Charlotte;Mecklenburg;No;01-01-02;2009-09-29;Motorist Failed to Yield - Sign-Controlled Intersection;19;Intersection;01-09-01;0001-01-01T14:43:58-04:56;Motorist Drive Out - Sign-Controlled Intersection;111141;2009;C: Possible Injury;Commercial;70+;;No;6-10 mph;O: No Injury;Black;Female;Passenger Car;No;No;Dark - Lighted Roadway;Urban (>70% Developed);2 lanes;2;Straight - Level;Local Street;Dry;Two-Way, Not Divided;None;No Special Feature;Smooth Asphalt;Piedmont;Urban;30 - 35  MPH;Flashing Signal With Stop Sign;Clear;No;35.214695, -80.85696
791;792;No;20-24;23;No;Facing Traffic;C: Possible Injury;Sidewalk / Crosswalk / Driveway Crossing;Black;Male;Fayetteville;Cumberland;No;01-01-03;2009-08-19;Motorist Left Turn / Merge;8;Non-Intersection;01-08-01;0001-01-01T03:42:58-04:56;Motorist Left Turn - Same Direction;332211;2009;C: Possible Injury;Commercial;50-59;57;No;6-10 mph;Injury;White;Male;Pickup;No;No;Daylight;Urban (>70% Developed);3 lanes;2;Straight - Level;Local Street;Dry;Two-Way, Not Divided;None;No Special Feature;Grooved Concrete;Coastal;Urban;30 - 35  MPH;No Control Present;Clear;No;35.089836, -78.98565
792;793;No;20-24;24;No;;B: Evident Injury;Travel Lane;White;Male;Charlotte;Mecklenburg;No;01-01-06;2009-08-08;Other /  - Insufficient Details;14;Intersection-Related;01-08-01;0001-01-01T09:17:58-04:56;Approach Paths;219970;2009;B: Evident Injury;Residential;30-39;34;No;0-5 mph;O: No Injury;White;Male;Sport Utility;No;No;Daylight;Urban (>70% Developed);6 lanes;2;Straight - Grade;Local Street;Dry;Two-Way, Not Divided;None;Four-Way Intersection;Smooth Asphalt;Piedmont;Urban;30 - 35  MPH;Stop And Go Signal;Clear;No;35.21531, -80.85819
798;799;Yes;16-19;16;No;Not Applicable;B: Evident Injury;Non-Roadway;White;Male;Charlotte;Mecklenburg;No;01-01-02;2009-06-16;Non-Roadway;14;Non-Roadway;01-06-01;0001-01-01T09:11:58-04:56;Non-Roadway;460910;2009;B: Evident Injury;Commercial;25-29;27;No;21-25 mph;O: No Injury;Black;Male;Passenger Car;No;No;Daylight;Urban (>70% Developed);4 lanes;2;Straight - Level;Local Street;Dry;Two-Way, Divided, Unprotected Median;None;No Special Feature;Concrete;Piedmont;Urban;20 - 25  MPH;No Control Present;Clear;No;35.213398, -80.82827
806;807;Yes;50-59;50;No;With Traffic;A: Disabling Injury;Sidewalk / Crosswalk / Driveway Crossing;Black;Male;Charlotte;Mecklenburg;No;01-01-05;2009-03-27;Motorist Right Turn / Merge;12;Intersection;01-03-01;0001-01-01T07:25:58-04:56;Motorist Right Turn - Same Direction;131213;2009;A: Disabling Injury;Commercial;30-39;39;No;0-5 mph;O: No Injury;White;Male;Sport Utility;No;No;Daylight;Urban (>70% Developed);4 lanes;2;Straight - Level;Local Street;Wet;Two-Way, Not Divided;None;No Special Feature;Smooth Asphalt;Piedmont;Urban;40 - 45  MPH;Stop Sign;Rain;No;35.15543, -80.74819
1;2;No;30-39;30;No;With Traffic;C: Possible Injury;Travel Lane;White;Male;None - Rural Crash;Hoke;No;01-01-03;2010-01-06;Motorist Overtaking Bicyclist;8;Non-Intersection;;0001-01-01T04:00:58-04:56;Motorist Overtaking - Other /;0;2010;C: Possible Injury;Residential;40-49;41;No;16-20 mph;O: No Injury;Native American;Male;Van;No;No;Daylight;Mixed (30% To 70% Developed);2 lanes;2;Straight - Level;State Secondary Route;Dry;Two-Way, Not Divided;None;No Special Feature;Smooth Asphalt;Coastal;Rural;50 - 55  MPH;Double Yellow Line, No Passing Zone;Clear;No;35.03229, -79.146164
2;3;Yes;40-49;46;No;With Traffic;C: Possible Injury;Travel Lane;Black;Female;Speed;Edgecombe;No;01-01-05;2010-01-15;Bicyclist Left Turn / Merge;12;Non-Intersection;;0001-01-01T07:54:58-04:56;Bicyclist Left Turn - Same Direction;0;2010;C: Possible Injury;Farms, Woods, Pastures;60-69;60;No;31-35 mph;O: No Injury;Black;Female;Passenger Car;No;No;Daylight;Rural (<30% Developed);2 lanes;2;Straight - Level;NC Route;Dry;Two-Way, Not Divided;None;No Special Feature;Coarse Asphalt;Coastal;Rural;30 - 35  MPH;Double Yellow Line, No Passing Zone;Clear;No;35.96978, -77.44352
7;8;Yes;30-39;34;No;With Traffic;B: Evident Injury;Travel Lane;White;Male;Indian Trail;Union;No;01-01-03;2010-01-20;Motorist Left Turn / Merge;9;Intersection;;0001-01-01T04:54:58-04:56;Motorist Left Turn - Opposite Direction;0;2010;B: Evident Injury;Commercial;60-69;64;No;11-15 mph;O: No Injury;White;Male;Pickup;No;No;Daylight;Urban (>70% Developed);2 lanes;2;Straight - Level;State Secondary Route;Dry;Two-Way, Not Divided;None;Four-Way Intersection;Smooth Asphalt;Piedmont;Urban;30 - 35  MPH;Double Yellow Line, No Passing Zone;Clear;No;35.029774, -80.63376
10;11;No;15-Nov;14;No;Not Applicable;O: No Injury;Travel Lane;Black;Male;Durham;Durham;No;;2010-01-25;Non-Roadway;20;Non-Roadway;;0001-01-01T15:23:58-04:56;Non-Roadway;0;2010;O: No Injury;Residential;;;Missing;0-5 mph;Injury;/Missing;;Passenger Car;No;Yes;Dark - Lighted Roadway;Urban (>70% Developed);;2;Straight - Level;Public Vehicular Area;Dry;Two-Way, Not Divided;None;No Special Feature;Smooth Asphalt;Piedmont;Urban;5 - 15 MPH;No Control Present;Clear;No;36.051144, -78.911606