FID;OBJECTID;AmbulanceR;BikeAge_Gr;Bike_Age;Bike_Alc_D;Bike_Dir;Bike_Injur;Bike_Pos;Bike_Race;Bike_Sex;City;County;CrashAlcoh;CrashDay;Crash_Date;Crash_Grp;Crash_Hour;Crash_Loc;Crash_Mont;Crash_Time;Crash_Type;Crash_Ty_1;Crash_Year;Crsh_Sevri;Developmen;DrvrAge_Gr;Drvr_Age;Drvr_Alc_D;Drvr_EstSp;Drvr_Injur;Drvr_Race;Drvr_Sex;Drvr_VehTy;ExcsSpdInd;Hit_Run;Light_Cond;Locality;Num_Lanes;Num_Units;Rd_Charact;Rd_Class;Rd_Conditi;Rd_Config;Rd_Defects;Rd_Feature;Rd_Surface;Region;Rural_Urba;Speed_Limi;Traff_Cntr;Weather;Workzone_I;Location
1019;1020;Yes;15-Nov;12;No;With Traffic;B: Evident Injury;Travel Lane;Black;Male;Dunn;Harnett;No;01-01-05;2012-10-12;Motorist Overtaking Bicyclist;6;Non-Intersection;01-10-01;0001-01-01T01:51:58-04:56;Motorist Overtaking - Other /;;2012;B: Evident Injury;Residential;30-39;36;No;31-35 mph;O: No Injury;Black;Female;Passenger Car;No;No;Dark - Roadway Not Lighted;Urban (>70% Developed);2 lanes;2;Straight - Level;Local Street;Dry;Two-Way, Not Divided;None;No Special Feature;Coarse Asphalt;Coastal;Urban;30 - 35  MPH;No Control Present;Clear;No;35.30401, -78.6202
870;871;No;20-24;20;No;Not Applicable;B: Evident Injury;Travel Lane;Black;Male;Lumberton;Robeson;No;01-01-06;2011-12-31;Bicyclist Failed to Yield - Midblock;10;Non-Intersection;01-12-01;0001-01-01T05:11:58-04:56;Bicyclist Ride Out - Other Midblock;313318;2011;B: Evident Injury;Commercial;0-19;19;No;41-45 mph;O: No Injury;White;Female;Passenger Car;No;No;Daylight;Mixed (30% To 70% Developed);6 lanes;2;Straight - Level;Local Street;Dry;Two-Way, Not Divided;None;No Special Feature;Coarse Asphalt;Coastal;Urban;40 - 45  MPH;Stop And Go Signal;Cloudy;No;34.63216, -78.9921
875;876;No;30-39;34;No;Facing Traffic;C: Possible Injury;Travel Lane;White;Male;Concord;Cabarrus;No;01-01-03;2011-12-14;Crossing Paths - Other Circumstances;19;Intersection;01-12-01;0001-01-01T14:39:58-04:56;Signalized Intersection - Other /;112158;2011;C: Possible Injury;Commercial;50-59;51;No;0-5 mph;O: No Injury;Black;Female;Sport Utility;No;No;Dark - Lighted Roadway;Urban (>70% Developed);4 lanes;2;Straight - Level;.;Dry;Two-Way, Not Divided;None;Four-Way Intersection;Smooth Asphalt;Piedmont;Urban;30 - 35  MPH;Stop And Go Signal;Clear;No;35.43252, -80.6043
883;884;Yes;20-24;20;Yes;With Traffic;B: Evident Injury;Travel Lane;Black;Male;Greensboro;Guilford;Yes;01-01-04;2011-12-15;Bicyclist Failed to Yield - Sign-Controlled Intersection;21;Intersection;01-12-01;0001-01-01T17:01:58-04:56;Bicyclist Ride Out - Sign-Controlled Intersection;111142;2011;B: Evident Injury;Residential;;;Missing;;Injury;/Missing;;;No;Yes;Dark - Lighted Roadway;Urban (>70% Developed);4 lanes;2;Straight - Level;Local Street;Dry;Two-Way, Not Divided;None;No Special Feature;Smooth Asphalt;Piedmont;Urban;30 - 35  MPH;Stop Sign;Clear;No;36.06021, -79.7852
889;890;Yes;40-49;40;No;With Traffic;C: Possible Injury;Travel Lane;White;Male;Greensboro;Guilford;No;01-01-05;2011-12-23;Motorist Right Turn / Merge;15;Non-Intersection;01-12-01;0001-01-01T10:37:58-04:56;Motorist Right Turn - Same Direction;311213;2011;C: Possible Injury;Commercial;25-29;28;No;0-5 mph;O: No Injury;White;Female;Passenger Car;No;No;Daylight;Urban (>70% Developed);5 lanes;2;Straight - Level;Local Street;Dry;Two-Way, Not Divided;None;No Special Feature;Smooth Asphalt;Piedmont;Urban;40 - 45  MPH;No Control Present;Clear;No;36.11134, -79.8313
896;897;No;;8;No;With Traffic;O: No Injury;Travel Lane;White;Male;None - Rural Crash;Wake;No;;2011-12-26;Motorist Left Turn / Merge;21;Intersection;01-12-01;0001-01-01T16:17:58-04:56;Motorist Left Turn - Opposite Direction;111212;2011;O: No Injury;Residential;30-39;39;No;6-10 mph;O: No Injury;White;Male;Passenger Car;No;No;Dark - Lighted Roadway;Urban (>70% Developed);2 lanes;2;Straight - Level;Local Street;Dry;Two-Way, Not Divided;None;No Special Feature;Coarse Asphalt;Piedmont;Rural;5 - 15 MPH;No Control Present;Clear;No;35.80179, -78.772
897;898;No;25-29;27;No;With Traffic;O: No Injury;Travel Lane;White;Female;Greensboro;Guilford;No;;2011-02-21;Motorist Right Turn / Merge;11;Intersection;01-02-01;0001-01-01T06:51:58-04:56;Motorist Right Turn - Same Direction;111213;2011;O: No Injury;Institutional;;;Missing;;Injury;/Missing;;;No;Yes;Daylight;Urban (>70% Developed);2 lanes;2;Straight - Grade;Local Street;Dry;Two-Way, Divided, Positive Median Barrier;None;Four-Way Intersection;Smooth Asphalt;Piedmont;Urban;;Stop And Go Signal;Clear;No;36.06529, -79.8128
0;1;Yes;40-49;48;No;Facing Traffic;C: Possible Injury;Sidewalk / Crosswalk / Driveway Crossing;Hispanic;Female;Charlotte;Mecklenburg;No;;2012-01-02;Motorist Failed to Yield - Sign-Controlled Intersection;17;Intersection;;0001-01-01T12:26:58-04:56;Motorist Drive Out - Sign-Controlled Intersection;;2012;C: Possible Injury;Commercial;50-59;55;No;0-5 mph;O: No Injury;White;Female;Light Truck (Mini-Van, Panel);No;No;Dusk;Urban (>70% Developed);2 lanes;2;Straight - Level;Local Street;Dry;Two-Way, Not Divided;None;No Special Feature;Smooth Asphalt;Piedmont;Urban;20 - 25  MPH;Stop Sign;Clear;No;35.08782, -80.8481
1;2;No;20-24;23;No;With Traffic;O: No Injury;Travel Lane;White;Male;Charlotte;Mecklenburg;No;01-01-06;2012-01-07;Motorist Right Turn / Merge;14;Non-Intersection;;0001-01-01T09:23:58-04:56;Motorist Right Turn - Same Direction;;2012;O: No Injury;Commercial;30-39;34;No;6-10 mph;O: No Injury;Black;Male;Sport Utility;No;No;Daylight;Urban (>70% Developed);3 lanes;2;Straight - Level;Local Street;Dry;Two-Way, Not Divided;None;No Special Feature;Coarse Asphalt;Piedmont;Urban;30 - 35  MPH;No Control Present;Clear;No;35.19896, -80.8406
2;3;No;40-49;45;No;Facing Traffic;O: No Injury;Sidewalk / Crosswalk / Driveway Crossing;Black;Male;Raleigh;Wake;No;01-01-05;2012-01-06;Bicyclist Failed to Yield - Signalized Intersection;11;Intersection;;0001-01-01T06:38:58-04:56;Bicyclist Ride Through - Signalized Intersection;;2012;O: No Injury;Commercial;40-49;43;No;31-35 mph;O: No Injury;White;Male;Passenger Car;No;No;Daylight;Urban (>70% Developed);4 lanes;2;Straight - Level;Local Street;Dry;One-Way, Not Divided;None;Four-Way Intersection;Smooth Asphalt;Piedmont;Urban;30 - 35  MPH;Stop And Go Signal;Clear;No;35.78261, -78.6417
6;7;Yes;40-49;48;No;With Traffic;C: Possible Injury;Travel Lane;Black;Male;None - Rural Crash;Gates;No;01-01-05;2012-01-06;Motorist Overtaking Bicyclist;14;Non-Intersection;;0001-01-01T09:03:58-04:56;Motorist Overtaking - Misjudged Space;;2012;C: Possible Injury;Farms, Woods, Pastures;70;70;No;31-35 mph;O: No Injury;White;Male;Pickup;No;No;Daylight;Rural (<30% Developed);2 lanes;2;Curve - Hillcrest;NC Route;Dry;Two-Way, Not Divided;None;No Special Feature;Coarse Asphalt;Coastal;Rural;50 - 55  MPH;Double Yellow Line, No Passing Zone;Clear;No;36.4345, -76.611
9;10;Yes;50-59;57;No;With Traffic;C: Possible Injury;Travel Lane;White;Male;None - Rural Crash;Guilford;No;01-01-02;2012-01-10;Motorist Failed to Yield - Sign-Controlled Intersection;18;Intersection;;0001-01-01T13:50:58-04:56;Motorist Drive Out - Sign-Controlled Intersection;;2012;C: Possible Injury;Residential;30-39;39;No;11-15 mph;O: No Injury;White;Female;Passenger Car;No;No;Dark - Roadway Not Lighted;Rural (<30% Developed);2 lanes;2;Straight - Level;State Secondary Route;Dry;Two-Way, Not Divided;None;Four-Way Intersection;Smooth Asphalt;Piedmont;Rural;40 - 45  MPH;Stop Sign;Clear;No;35.95493, -79.9211
14;15;No;30-39;38;No;With Traffic;C: Possible Injury;Travel Lane;White;Male;None - Rural Crash;Stanly;No;;2012-01-23;Motorist Overtaking Bicyclist;6;Non-Intersection;;0001-01-01T02:01:58-04:56;Motorist Overtaking - Misjudged Space;;2012;C: Possible Injury;Farms, Woods, Pastures;;;No;;Injury;/Missing;;Passenger Car;No;Yes;Dark - Roadway Not Lighted;Rural (<30% Developed);2 lanes;2;Straight - Grade;NC Route;Wet;Two-Way, Not Divided;None;No Special Feature;Smooth Asphalt;Piedmont;Rural;50 - 55  MPH;Double Yellow Line, No Passing Zone;Fog, Smog, Smoke;No;35.37003, -80.145
16;17;Yes;20-24;20;No;With Traffic;B: Evident Injury;Travel Lane;White;Male;Boone;Watauga;No;01-01-02;2012-01-24;Motorist Left Turn / Merge;14;Non-Intersection;;0001-01-01T09:33:58-04:56;Motorist Left Turn - Opposite Direction;;2012;B: Evident Injury;Residential;50-59;56;No;6-10 mph;O: No Injury;White;Male;Pickup;No;No;Daylight;Urban (>70% Developed);2 lanes;2;Curve - Grade;Public Vehicular Area;Dry;Two-Way, Not Divided;None;Driveway, Public;Coarse Asphalt;Mountains;Urban;30 - 35  MPH;No Control Present;Clear;No;36.21477, -81.6888
19;20;No;20-24;23;No;With Traffic;C: Possible Injury;Sidewalk / Crosswalk / Driveway Crossing;White;Male;Wilmington;New Hanover;No;01-01-06;2012-01-07;Crossing Paths - Other Circumstances;20;Intersection;;0001-01-01T15:12:58-04:56;Signalized Intersection - Other /;;2012;C: Possible Injury;Commercial;20-24;21;No;6-10 mph;O: No Injury;White;Male;Pickup;No;No;Dark - Lighted Roadway;Urban (>70% Developed);8 lanes;2;;NC Route;Dry;Two-Way, Divided, Positive Median Barrier;None;No Special Feature;Coarse Asphalt;Coastal;Urban;40 - 45  MPH;Stop And Go Signal;Clear;No;34.23483, -77.8742
261;262;Yes;30-39;30;No;Facing Traffic;K: Killed;Travel Lane;Black;Male;Laurinburg;Scotland;No;01-01-03;2012-05-02;Loss of Control / Turning Error;8;Non-Intersection;01-05-01;0001-01-01T03:11:58-04:56;Motorist Lost Control - Other /;;2012;K: Killed;Residential;60-69;64;No;31-35 mph;O: No Injury;Black;Female;Passenger Car;No;No;Daylight;Urban (>70% Developed);2 lanes;2;Straight - Level;Local Street;Dry;Two-Way, Not Divided;None;No Special Feature;Coarse Asphalt;Coastal;Urban;30 - 35  MPH;No Control Present;Clear;No;34.75815, -79.4593
263;264;Yes;15-Nov;12;No;Not Applicable;C: Possible Injury;Travel Lane;Black;Male;Winston-Salem;Forsyth;No;01-01-04;2012-04-26;Bicyclist Failed to Yield - Midblock;18;Non-Intersection;01-04-01;0001-01-01T13:06:58-04:56;Multiple Threat - Midblock;;2012;C: Possible Injury;Commercial;20-24;20;No;31-35 mph;O: No Injury;Hispanic;Male;Passenger Car;No;No;Daylight;Mixed (30% To 70% Developed);4 lanes;2;Straight - Level;Local Street;Dry;Two-Way, Divided, Unprotected Median;None;No Special Feature;Smooth Asphalt;Piedmont;Urban;30 - 35  MPH;Stop And Go Signal;Clear;No;36.05898, -80.2141
264;265;No;50-59;50;No;With Traffic;C: Possible Injury;Travel Lane;White;Male;Charlotte;Mecklenburg;No;01-01-05;2012-05-11;Motorist Overtaking Bicyclist;21;Non-Intersection;01-05-01;0001-01-01T16:54:58-04:56;Motorist Overtaking - Other /;;2012;C: Possible Injury;Commercial;;;Missing;31-35 mph;Injury;/Missing;;;No;Yes;Daylight;Mixed (30% To 70% Developed);2 lanes;2;Straight - Level;Interstate;Dry;Two-Way, Not Divided;None;No Special Feature;Smooth Asphalt;Piedmont;Urban;40 - 45  MPH;No Control Present;Clear;No;35.34079, -80.8359
272;273;No;50-59;59;No;With Traffic;B: Evident Injury;Travel Lane;Black;Male;Rocky Mount;Nash;No;01-01-03;2012-04-25;Motorist Overtaking Bicyclist;17;Non-Intersection;01-04-01;0001-01-01T12:03:58-04:56;Motorist Overtaking - Misjudged Space;;2012;B: Evident Injury;Commercial;20-24;21;No;26-30 mph;O: No Injury;Black;Female;Passenger Car;No;No;Daylight;Urban (>70% Developed);5 lanes;2;Straight - Level;Local Street;Dry;Two-Way, Not Divided;None;No Special Feature;Coarse Asphalt;Coastal;Urban;40 - 45  MPH;No Control Present;Clear;No;35.97028, -77.7861
280;281;Yes;40-49;42;No;Facing Traffic;B: Evident Injury;Travel Lane;Hispanic;Male;Havelock;Craven;No;;2012-04-16;Head-On;9;Non-Intersection;01-04-01;0001-01-01T04:41:58-04:56;Head-On - Bicyclist;;2012;B: Evident Injury;Commercial;60-69;60;No;6-10 mph;O: No Injury;White;Male;Passenger Car;No;No;Daylight;Urban (>70% Developed);4 lanes;2;Straight - Level;US Route;Dry;Two-Way, Divided, Unprotected Median;None;No Special Feature;Smooth Asphalt;Coastal;Urban;40 - 45  MPH;No Control Present;Clear;No;34.86042, -76.8972
283;284;Yes;15-Nov;15;No;Facing Traffic;C: Possible Injury;Travel Lane;White;Male;Holly Springs;Wake;No;01-01-03;2012-05-16;Crossing Paths - Other Circumstances;6;Intersection;01-05-01;0001-01-01T01:57:58-04:56;Signalized Intersection - Other /;;2012;C: Possible Injury;Residential;60-69;60;No;0-5 mph;O: No Injury;White;Female;Passenger Car;No;No;Daylight;Urban (>70% Developed);3 lanes;2;Straight - Level;Local Street;Wet;Two-Way, Not Divided;None;T-Intersection;Smooth Asphalt;Piedmont;Urban;50 - 55  MPH;Stop And Go Signal;Clear;No;35.63912, -78.8433
286;287;Yes;60-69;64;No;Not Applicable;B: Evident Injury;;White;Male;None - Rural Crash;Transylvania;No;01-01-06;2012-03-17;Non-Roadway;12;Non-Roadway;01-03-01;0001-01-01T07:23:58-04:56;Non-Roadway;;2012;B: Evident Injury;Farms, Woods, Pastures;40-49;49;No;11-15 mph;O: No Injury;White;Male;Sport Utility;No;No;Daylight;Rural (<30% Developed);2 lanes;2;Curve - Level;Private Road, Driveway;Dry;Two-Way, Not Divided;None;Driveway, Private;Gravel;Mountains;Rural;;No Control Present;Clear;No;35.24979, -82.6712
288;289;Yes;15-Nov;15;No;Facing Traffic;C: Possible Injury;Sidewalk / Crosswalk / Driveway Crossing;Black;Male;Hickory;Catawba;No;01-01-04;2012-05-03;Bicyclist Failed to Yield - Signalized Intersection;13;Intersection;01-05-01;0001-01-01T08:58:58-04:56;Bicyclist Failed to Clear - Multiple Threat;;2012;C: Possible Injury;Commercial;25-29;26;No;0-5 mph;O: No Injury;White;Female;Sport Utility;No;No;Daylight;Urban (>70% Developed);2 lanes;2;Straight - Level;Local Street;Dry;One-Way, Not Divided;None;Four-Way Intersection;Coarse Asphalt;Piedmont;Urban;30 - 35  MPH;Stop And Go Signal;Clear;No;35.73554, -81.3355
295;296;Yes;30-39;31;No;With Traffic;B: Evident Injury;Travel Lane;Black;Male;Salisbury;Rowan;No;01-01-07;2012-05-20;Loss of Control / Turning Error;18;Intersection;01-05-01;0001-01-01T13:35:58-04:56;Bicyclist Lost Control - Mechanical Problems;;2012;B: Evident Injury;Residential;40-49;47;No;26-30 mph;O: No Injury;Black;Male;Passenger Car;No;No;Daylight;Urban (>70% Developed);2 lanes;2;Straight - Level;Local Street;Dry;Two-Way, Not Divided;None;No Special Feature;Coarse Asphalt;Piedmont;Urban;30 - 35  MPH;Stop Sign;Clear;No;35.66552, -80.4634
168;169;Yes;30-39;30;No;With Traffic;B: Evident Injury;Travel Lane;White;Male;None - Rural Crash;Buncombe;No;;2010-04-19;Motorist Overtaking Bicyclist;6;Non-Intersection;01-04-01;0001-01-01T01:28:58-04:56;Motorist Overtaking - Other /;0;2010;B: Evident Injury;Commercial;40-49;45;No;41-45 mph;O: No Injury;White;Female;Passenger Car;No;No;Dark - Roadway Not Lighted;Urban (>70% Developed);5 lanes;2;Straight - Level;US Route;Dry;Two-Way, Not Divided;None;No Special Feature;Smooth Asphalt;Mountains;Rural;40 - 45  MPH;No Control Present;Clear;No;35.44962, -82.50889
811;812;Yes;20-24;22;No;With Traffic;C: Possible Injury;Travel Lane;White;Female;Durham;Durham;No;01-01-06;2012-09-01;Motorist Left Turn / Merge;11;Non-Intersection;01-09-01;0001-01-01T06:04:58-04:56;Motorist Left Turn - Opposite Direction;;2012;C: Possible Injury;Commercial;30-39;31;No;11-15 mph;O: No Injury;Black;Male;Passenger Car;No;No;Daylight;Urban (>70% Developed);2 lanes;2;Straight - Level;Local Street;Dry;Two-Way, Not Divided;None;No Special Feature;Smooth Asphalt;Piedmont;Urban;30 - 35  MPH;No Control Present;Clear;No;35.99966, -78.9015
814;815;No;25-29;25;No;Not Applicable;O: No Injury;Non-Roadway;White;Male;Raleigh;Wake;No;01-01-05;2012-10-19;Non-Roadway;15;Non-Roadway;01-10-01;0001-01-01T10:53:58-04:56;Non-Roadway;;2012;O: No Injury;Commercial;40-49;48;No;0-5 mph;O: No Injury;Black;Female;Passenger Car;No;No;Daylight;Urban (>70% Developed);;2;Straight - Grade;Public Vehicular Area;Dry;Two-Way, Not Divided;None;Driveway, Public;Coarse Asphalt;Piedmont;Urban;5 - 15 MPH;No Control Present;Clear;No;35.83843, -78.6129
828;829;No;25-29;27;No;With Traffic;C: Possible Injury;Travel Lane;White;Male;Durham;Durham;No;01-01-04;2012-10-18;Motorist Failed to Yield - Sign-Controlled Intersection;7;Intersection;01-10-01;0001-01-01T02:33:58-04:56;Motorist Drive Out - Sign-Controlled Intersection;;2012;C: Possible Injury;Residential;25-29;26;No;0-5 mph;O: No Injury;White;Female;Passenger Car;No;No;Daylight;Urban (>70% Developed);2 lanes;2;Straight - Level;Local Street;Dry;Two-Way, Not Divided;None;No Special Feature;Smooth Asphalt;Piedmont;Urban;30 - 35  MPH;Stop Sign;Cloudy;No;35.9968, -78.9143
829;830;Yes;40-49;40;No;With Traffic;K: Killed;Travel Lane;Black;Male;None - Rural Crash;Bertie;No;01-01-02;2012-10-16;Motorist Overtaking Bicyclist;17;Non-Intersection;01-10-01;0001-01-01T12:30:58-04:56;Motorist Overtaking - Other /;;2012;K: Killed;Farms, Woods, Pastures;25-29;28;No;61-65 mph;O: No Injury;White;Male;Pickup;No;No;Daylight;Rural (<30% Developed);4 lanes;2;Straight - Level;US Route;Dry;Two-Way, Divided, Unprotected Median;None;No Special Feature;Coarse Asphalt;Coastal;Rural;50 - 55  MPH;No Control Present;Clear;No;35.88306, -77.0256
840;841;Yes;50-59;53;No;With Traffic;A: Disabling Injury;Travel Lane;Black;Male;None - Rural Crash;Person;No;01-01-06;2012-11-03;Motorist Overtaking Bicyclist;19;Non-Intersection;01-11-01;0001-01-01T14:20:58-04:56;Motorist Overtaking - Other /;;2012;A: Disabling Injury;Farms, Woods, Pastures;;;Missing;41-45 mph;Injury;/Missing;;;No;Yes;Dark - Roadway Not Lighted;Rural (<30% Developed);2 lanes;2;Curve - Grade;State Secondary Route;Dry;Two-Way, Not Divided;None;No Special Feature;Smooth Asphalt;Piedmont;Rural;40 - 45  MPH;Double Yellow Line, No Passing Zone;Clear;No;36.45796, -79.0062
845;846;Yes;15-Nov;11;No;With Traffic;C: Possible Injury;Travel Lane;Black;Male;Charlotte;Mecklenburg;No;;2012-11-05;Bicyclist Failed to Yield - Sign-Controlled Intersection;16;Intersection;01-11-01;0001-01-01T11:38:58-04:56;Bicyclist Ride Through - Sign-Controlled Intersection;;2012;C: Possible Injury;Residential;30-39;38;No;16-20 mph;C: Possible Injury;White;Female;Passenger Car;No;No;Daylight;Urban (>70% Developed);2 lanes;2;Straight - Level;Local Street;Dry;Two-Way, Not Divided;None;No Special Feature;Smooth Asphalt;Piedmont;Urban;20 - 25  MPH;No Control Present;Clear;No;35.22987, -80.8134
846;847;Yes;60-69;61;Yes;With Traffic;K: Killed;Travel Lane;Black;Male;None - Rural Crash;Duplin;Yes;01-01-02;2012-10-09;Motorist Overtaking Bicyclist;19;Non-Intersection;01-10-01;0001-01-01T14:05:58-04:56;Motorist Overtaking - Undetected Bicyclist;;2012;K: Killed;Farms, Woods, Pastures;30-39;35;Yes;51-55 mph;O: No Injury;White;Male;;No;Yes;Dawn;Rural (<30% Developed);2 lanes;2;Straight - Level;NC Route;Wet;Two-Way, Not Divided;None;No Special Feature;Coarse Asphalt;Coastal;Rural;50 - 55  MPH;No Control Present;Rain;No;34.80977, -77.9433
854;855;Yes;25-29;25;No;With Traffic;O: No Injury;Bike Lane / Paved Shoulder;White;Male;Raleigh;Wake;No;01-01-05;2012-11-02;Parking / Bus-Related;15;Intersection-Related;01-11-01;0001-01-01T10:13:58-04:56;Motorist Drive In / Out - Parking;;2012;O: No Injury;Commercial;30-39;39;No;16-20 mph;O: No Injury;White;Male;Passenger Car;No;No;Daylight;Urban (>70% Developed);2 lanes;2;Straight - Level;Local Street;Dry;Two-Way, Divided, Unprotected Median;None;No Special Feature;Smooth Asphalt;Piedmont;Urban;20 - 25  MPH;No Control Present;Clear;No;35.78551, -78.6607
856;857;Yes;25-29;28;No;With Traffic;C: Possible Injury;Travel Lane;White;Male;Raleigh;Wake;No;01-01-06;2012-11-03;Motorist Left Turn / Merge;13;Intersection;01-11-01;0001-01-01T08:54:58-04:56;Motorist Left Turn - Opposite Direction;;2012;C: Possible Injury;Commercial;0-19;17;No;16-20 mph;O: No Injury;White;Female;Sport Utility;No;No;Daylight;Mixed (30% To 70% Developed);3 lanes;2;Straight - Level;Local Street;Dry;Two-Way, Not Divided;None;Four-Way Intersection;Coarse Asphalt;Piedmont;Urban;30 - 35  MPH;Stop And Go Signal;Clear;No;35.78864, -78.651
863;864;Yes;16-19;16;No;With Traffic;B: Evident Injury;Travel Lane;White;Male;None - Rural Crash;Rutherford;No;01-01-05;2012-11-09;Motorist Overtaking Bicyclist;18;Non-Intersection;01-11-01;0001-01-01T13:13:58-04:56;Motorist Overtaking - Other /;;2012;B: Evident Injury;Farms, Woods, Pastures;;;Missing;6-10 mph;Injury;/Missing;;Pickup;No;Yes;Dark - Roadway Not Lighted;Rural (<30% Developed);2 lanes;2;Straight - Level;State Secondary Route;Dry;Two-Way, Not Divided;None;No Special Feature;Coarse Asphalt;Mountains;Rural;50 - 55  MPH;Double Yellow Line, No Passing Zone;Clear;No;35.3835, -81.7356
866;867;Yes;20-24;23;No;Facing Traffic;C: Possible Injury;Travel Lane;White;Male;None - Rural Crash;New Hanover;No;01-01-07;2012-11-11;Motorist Failed to Yield - Midblock;10;Non-Intersection;01-11-01;0001-01-01T05:38:58-04:56;Motorist Drive Out - Commercial Driveway / Alley;;2012;C: Possible Injury;Residential;70;70;No;0-5 mph;O: No Injury;White;Male;Van;No;No;Daylight;Mixed (30% To 70% Developed);4 lanes;2;Straight - Level;US Route;Dry;Two-Way, Divided, Unprotected Median;None;Driveway, Public;Coarse Asphalt;Coastal;Rural;40 - 45  MPH;No Control Present;Clear;No;34.14531, -77.8988
871;872;Yes;50-59;52;No;With Traffic;C: Possible Injury;Bike Lane / Paved Shoulder;Black;Male;Greensboro;Guilford;No;01-01-05;2012-11-02;Motorist Right Turn / Merge;15;Intersection;01-11-01;0001-01-01T10:31:58-04:56;Motorist Right Turn - Same Direction;;2012;C: Possible Injury;Institutional;20-24;23;No;6-10 mph;O: No Injury;White;Male;Passenger Car;No;No;Daylight;Urban (>70% Developed);2 lanes;2;Straight - Level;Local Street;Dry;Two-Way, Divided, Unprotected Median;None;Four-Way Intersection;Smooth Asphalt;Piedmont;Urban;20 - 25  MPH;Stop And Go Signal;Clear;No;36.06527, -79.8128
875;876;Yes;50-59;57;No;With Traffic;B: Evident Injury;Travel Lane;White;Male;Carrboro;Orange;No;01-01-07;2012-11-04;Motorist Overtaking Bicyclist;15;Intersection-Related;01-11-01;0001-01-01T10:32:58-04:56;Motorist Overtaking - Bicyclist Swerved;;2012;B: Evident Injury;Commercial;50-59;58;No;11-15 mph;O: No Injury;Black;Male;Pickup;No;No;Daylight;Urban (>70% Developed);;2;Straight - Level;Local Street;Dry;Two-Way, Not Divided;None;No Special Feature;Coarse Asphalt;Piedmont;Urban;20 - 25  MPH;Stop And Go Signal;Clear;No;35.91094, -79.067
879;880;No;60-69;64;Yes;With Traffic;C: Possible Injury;Travel Lane;Black;Male;Charlotte;Mecklenburg;Yes;01-01-03;2012-11-14;Crossing Paths - Other Circumstances;16;Intersection;01-11-01;0001-01-01T11:38:58-04:56;Crossing Paths - Intersection - Other /;;2012;C: Possible Injury;Commercial;40-49;41;No;11-15 mph;O: No Injury;White;Male;Pickup;No;No;Daylight;Mixed (30% To 70% Developed);3 lanes;2;Straight - Level;NC Route;Dry;Two-Way, Divided, Unprotected Median;None;No Special Feature;Smooth Asphalt;Piedmont;Urban;50 - 55  MPH;No Control Present;Clear;No;35.26059, -80.8759
882;883;Yes;20-24;20;No;Facing Traffic;B: Evident Injury;Sidewalk / Crosswalk / Driveway Crossing;White;Male;Greensboro;Guilford;No;01-01-05;2012-10-05;Motorist Failed to Yield - Sign-Controlled Intersection;15;Intersection;01-10-01;0001-01-01T10:49:58-04:56;Motorist Drive Out - Sign-Controlled Intersection;;2012;B: Evident Injury;Commercial;20-24;24;No;0-5 mph;O: No Injury;White;Female;Passenger Car;No;No;Daylight;Urban (>70% Developed);3 lanes;2;Curve - Hillcrest;Local Street;Dry;Two-Way, Divided, Unprotected Median;None;On or Off Ramp;Smooth Asphalt;Piedmont;Urban;30 - 35  MPH;Stop Sign;Clear;No;36.08712, -79.7756
883;884;Yes;10-Jun;7;No;With Traffic;B: Evident Injury;Travel Lane;Black;Male;Greensboro;Guilford;No;01-01-03;2012-05-30;Bicyclist Failed to Yield - Sign-Controlled Intersection;17;Intersection-Related;01-05-01;0001-01-01T12:29:58-04:56;Bicyclist Ride Through - Sign-Controlled Intersection;;2012;B: Evident Injury;Residential;30-39;38;No;31-35 mph;O: No Injury;Black;Male;Van;No;No;Daylight;Urban (>70% Developed);2 lanes;2;Straight - Bottom;Local Street;Dry;Two-Way, Not Divided;None;Four-Way Intersection;Smooth Asphalt;Piedmont;Urban;30 - 35  MPH;Stop Sign;Clear;No;36.07349, -79.7482
891;892;No;10-Jun;7;No;Facing Traffic;C: Possible Injury;Travel Lane;White;Male;None - Rural Crash;Pasquotank;No;01-01-06;2012-11-17;Bicyclist Right Turn / Merge;13;Non-Intersection;01-11-01;0001-01-01T08:58:58-04:56;Bicyclist Right Turn - Same Direction;;2012;C: Possible Injury;Residential;0-19;18;No;31-35 mph;O: No Injury;White;Female;Passenger Car;No;No;Daylight;Mixed (30% To 70% Developed);2 lanes;2;Straight - Level;State Secondary Route;Dry;Two-Way, Not Divided;None;No Special Feature;Smooth Asphalt;Coastal;Rural;30 - 35  MPH;Double Yellow Line, No Passing Zone;Clear;No;36.24225, -76.3143
892;893;Yes;20-24;22;No;Facing Traffic;C: Possible Injury;Travel Lane;White;Female;Greensboro;Guilford;No;01-01-04;2012-11-15;Crossing Paths - Other Circumstances;13;Intersection;01-11-01;0001-01-01T08:03:58-04:56;Crossing Paths - Intersection - Other /;;2012;C: Possible Injury;Commercial;30-39;30;No;0-5 mph;O: No Injury;White;Male;Passenger Car;No;No;Daylight;Urban (>70% Developed);1 lane;2;Straight - Grade;Local Street;Dry;One-Way, Not Divided;None;T-Intersection;Smooth Asphalt;Piedmont;Urban;20 - 25  MPH;No Control Present;Clear;No;36.06828, -79.805
902;903;Yes;40-49;46;No;Facing Traffic;C: Possible Injury;Travel Lane;Black;Male;Durham;Durham;No;01-01-03;2012-11-21;Crossing Paths - Other Circumstances;0;Intersection;01-11-01;0000-12-31T19:48:58-04:56;Signalized Intersection - Other /;;2012;C: Possible Injury;Residential;40-49;48;No;6-10 mph;O: No Injury;Black;Female;Passenger Car;No;No;Daylight;Urban (>70% Developed);3 lanes;2;Straight - Level;Local Street;Dry;Two-Way, Not Divided;None;No Special Feature;Coarse Asphalt;Piedmont;Urban;30 - 35  MPH;Stop And Go Signal;Clear;No;36.01774, -78.9363