FID;OBJECTID;AmbulanceR;BikeAge_Gr;Bike_Age;Bike_Alc_D;Bike_Dir;Bike_Injur;Bike_Pos;Bike_Race;Bike_Sex;City;County;CrashAlcoh;CrashDay;Crash_Date;Crash_Grp;Crash_Hour;Crash_Loc;Crash_Mont;Crash_Time;Crash_Type;Crash_Ty_1;Crash_Year;Crsh_Sevri;Developmen;DrvrAge_Gr;Drvr_Age;Drvr_Alc_D;Drvr_EstSp;Drvr_Injur;Drvr_Race;Drvr_Sex;Drvr_VehTy;ExcsSpdInd;Hit_Run;Light_Cond;Locality;Num_Lanes;Num_Units;Rd_Charact;Rd_Class;Rd_Conditi;Rd_Config;Rd_Defects;Rd_Feature;Rd_Surface;Region;Rural_Urba;Speed_Limi;Traff_Cntr;Weather;Workzone_I;Location
907;908;Yes;50-59;51;No;With Traffic;C: Possible Injury;Travel Lane;Black;Male;Greensboro;Guilford;No;01-01-02;2012-06-12;Motorist Overtaking Bicyclist;0;Non-Intersection;01-06-01;0000-12-31T19:53:58-04:56;Motorist Overtaking - Other /;;2012;C: Possible Injury;Residential;20-24;20;No;0-5 mph;O: No Injury;Black;Male;Passenger Car;No;No;Dark - Lighted Roadway;Urban (>70% Developed);2 lanes;2;Straight - Level;Local Street;;Two-Way, Not Divided;None;No Special Feature;Smooth Asphalt;Piedmont;Urban;30 - 35  MPH;No Control Present;Other;No;36.08508, -79.7486
908;909;Yes;;0;Missing;Facing Traffic;Injury;Sidewalk / Crosswalk / Driveway Crossing;/Missing;;Greensboro;Guilford;No;01-01-03;2012-06-20;Motorist Failed to Yield - Midblock;15;Non-Intersection;01-06-01;0001-01-01T10:49:58-04:56;Motorist Drive Out - Commercial Driveway / Alley;;2012;O: No Injury;Commercial;50-59;51;No;0-5 mph;O: No Injury;Black;Male;Passenger Car;No;Yes;Daylight;Urban (>70% Developed);3 lanes;2;Straight - Level;Local Street;Dry;Two-Way, Not Divided;None;Driveway, Public;Coarse Asphalt;Piedmont;Urban;5 - 15 MPH;No Control Present;Clear;No;36.03938, -79.7991
914;915;Yes;20-24;23;No;With Traffic;B: Evident Injury;Travel Lane;Black;Male;Durham;Durham;No;01-01-02;2012-11-27;Motorist Failed to Yield - Sign-Controlled Intersection;22;Intersection;01-11-01;0001-01-01T17:42:58-04:56;Motorist Drive Out - Sign-Controlled Intersection;;2012;B: Evident Injury;Residential;40-49;48;No;0-5 mph;O: No Injury;White;Male;Passenger Car;No;No;Dark - Roadway Not Lighted;Urban (>70% Developed);2 lanes;2;Straight - Level;Local Street;Wet;Two-Way, Not Divided;None;No Special Feature;Smooth Asphalt;Piedmont;Urban;30 - 35  MPH;Stop Sign;Clear;No;35.89034, -78.9433
920;921;No;16-19;19;No;With Traffic;Injury;Bike Lane / Paved Shoulder;White;Female;Greensboro;Guilford;No;01-01-02;2012-11-06;Motorist Left Turn / Merge;13;Intersection;01-11-01;0001-01-01T08:55:58-04:56;Motorist Left Turn - Opposite Direction;;2012;O: No Injury;Institutional;40-49;49;No;0-5 mph;O: No Injury;White;Male;Van;No;No;Daylight;Urban (>70% Developed);2 lanes;2;Straight - Level;Local Street;Dry;Two-Way, Not Divided;None;Four-Way Intersection;Smooth Asphalt;Piedmont;Urban;20 - 25  MPH;Stop And Go Signal;Clear;No;36.06532, -79.8127
923;924;Yes;60-69;62;No;With Traffic;B: Evident Injury;Travel Lane;White;Male;None - Rural Crash;Orange;No;01-01-05;2012-11-23;Bicyclist Left Turn / Merge;15;Intersection;01-11-01;0001-01-01T10:04:58-04:56;Bicyclist Left Turn - Same Direction;;2012;B: Evident Injury;Farms, Woods, Pastures;40-49;48;No;36-40 mph;O: No Injury;White;Female;Passenger Car;No;No;Daylight;Rural (<30% Developed);2 lanes;2;Straight - Grade;State Secondary Route;Dry;Two-Way, Not Divided;None;T-Intersection;Coarse Asphalt;Piedmont;Rural;40 - 45  MPH;Double Yellow Line, No Passing Zone;Clear;No;36.18211, -78.9761
932;933;No;;0;No;Not Applicable;B: Evident Injury;Non-Roadway;/Missing;;Spindale;Rutherford;No;01-01-06;2012-11-10;Bicyclist Failed to Yield - Midblock;14;Non-Intersection;01-11-01;0001-01-01T09:49:58-04:56;Bicyclist Ride Out - Other Midblock;;2012;B: Evident Injury;Residential;60-69;67;No;31-35 mph;O: No Injury;White;Female;Passenger Car;No;No;Daylight;Urban (>70% Developed);2 lanes;2;Straight - Bottom;Local Street;Dry;Two-Way, Divided, Unprotected Median;None;T-Intersection;Smooth Asphalt;Mountains;Rural;30 - 35  MPH;No Control Present;Clear;No;35.35647, -81.9175
951;952;Yes;50-59;53;No;With Traffic;B: Evident Injury;Sidewalk / Crosswalk / Driveway Crossing;White;Male;Raleigh;Wake;No;01-01-03;2012-11-28;Motorist Right Turn / Merge;17;Non-Intersection;01-11-01;0001-01-01T12:41:58-04:56;Motorist Right Turn - Same Direction;;2012;B: Evident Injury;Commercial;30-39;33;No;6-10 mph;O: No Injury;Black;Male;Passenger Car;No;No;Dusk;Rural (<30% Developed);3 lanes;2;Straight - Level;Local Street;Dry;Two-Way, Not Divided;None;No Special Feature;Smooth Asphalt;Piedmont;Urban;30 - 35  MPH;No Control Present;Clear;No;35.82404, -78.6503
952;953;Yes;40-49;49;No;With Traffic;C: Possible Injury;Travel Lane;White;Male;None - Rural Crash;Buncombe;No;01-01-02;2012-12-04;Motorist Overtaking Bicyclist;14;Non-Intersection;01-12-01;0001-01-01T09:39:58-04:56;Motorist Overtaking - Other /;;2012;C: Possible Injury;Residential;50-59;59;No;51-55 mph;O: No Injury;White;Female;Passenger Car;No;No;Daylight;Rural (<30% Developed);2 lanes;2;Curve - Grade;State Secondary Route;Dry;Two-Way, Not Divided;None;No Special Feature;Smooth Asphalt;Mountains;Rural;50 - 55  MPH;Double Yellow Line, No Passing Zone;Clear;No;35.6558, -82.6578
962;963;Yes;40-49;43;No;Facing Traffic;A: Disabling Injury;Travel Lane;White;Male;Kitty Hawk;Dare;No;01-01-02;2012-11-20;Crossing Paths - Other Circumstances;17;Intersection;01-11-01;0001-01-01T12:54:58-04:56;Crossing Paths - Intersection - Other /;;2012;A: Disabling Injury;Commercial;30-39;39;No;46-50 mph;O: No Injury;Other;Female;Passenger Car;No;No;Dark - Roadway Not Lighted;Urban (>70% Developed);5 lanes;2;Straight - Level;US Route;Dry;Two-Way, Not Divided;None;No Special Feature;Smooth Asphalt;Coastal;Rural;50 - 55  MPH;No Control Present;Cloudy;No;36.05704, -75.6874
964;965;Yes;20-24;23;Yes;With Traffic;C: Possible Injury;Travel Lane;Black;Male;Charlotte;Mecklenburg;Yes;01-01-05;2012-12-14;Bicyclist Left Turn / Merge;18;Non-Intersection;01-12-01;0001-01-01T13:56:58-04:56;Bicyclist Left Turn - Same Direction;;2012;C: Possible Injury;Residential;;;Missing;6-10 mph;Injury;/Missing;;;No;Yes;Dark - Lighted Roadway;Urban (>70% Developed);2 lanes;2;Straight - Level;Local Street;Dry;Two-Way, Not Divided;None;No Special Feature;Smooth Asphalt;Piedmont;Urban;30 - 35  MPH;No Control Present;Clear;No;35.25991, -80.8978
970;971;Yes;50-59;59;No;;B: Evident Injury;;White;Male;Fayetteville;Cumberland;No;;2012-11-19;Other /  - Insufficient Details;12;Non-Intersection;01-11-01;0001-01-01T07:21:58-04:56;Approach Paths;;2012;B: Evident Injury;Commercial;40-49;40;No;36-40 mph;O: No Injury;White;Female;Sport Utility;No;No;Daylight;Urban (>70% Developed);7 lanes;2;Straight - Level;Local Street;Dry;Two-Way, Divided, Unprotected Median;None;No Special Feature;Coarse Asphalt;Coastal;Urban;40 - 45  MPH;No Control Present;Clear;No;35.04382, -78.9349
972;973;Yes;20-24;24;No;Not Applicable;B: Evident Injury;Non-Roadway;Black;Male;Kill Devil Hills;Dare;No;01-01-02;2012-11-20;Bicyclist Failed to Yield - Midblock;16;Non-Intersection;01-11-01;0001-01-01T11:21:58-04:56;Bicyclist Ride Out - Other Midblock;;2012;B: Evident Injury;Commercial;25-29;27;No;46-50 mph;C: Possible Injury;White;Female;Passenger Car;No;No;Daylight;Urban (>70% Developed);5 lanes;2;Straight - Level;US Route;Dry;Two-Way, Not Divided;None;No Special Feature;Coarse Asphalt;Coastal;Urban;50 - 55  MPH;No Control Present;Cloudy;No;36.03128, -75.6715
976;977;Yes;50-59;59;No;With Traffic;C: Possible Injury;Travel Lane;White;Male;Wilmington;New Hanover;No;;2012-12-03;Motorist Failed to Yield - Sign-Controlled Intersection;7;Intersection;01-12-01;0001-01-01T02:09:58-04:56;Motorist Drive Out - Sign-Controlled Intersection;;2012;C: Possible Injury;Commercial;30-39;31;No;0-5 mph;O: No Injury;White;Male;Passenger Car;No;No;Daylight;Urban (>70% Developed);3 lanes;2;Straight - Level;Local Street;Dry;Two-Way, Not Divided;None;No Special Feature;Coarse Asphalt;Coastal;Urban;20 - 25  MPH;Stop Sign;Clear;No;34.23238, -77.8832
981;982;Yes;20-24;24;No;With Traffic;C: Possible Injury;Travel Lane;White;Male;Greensboro;Guilford;No;;2012-12-17;Motorist Failed to Yield - Sign-Controlled Intersection;3;Intersection;01-12-01;0000-12-31T22:26:58-04:56;Motorist Drive Out - Sign-Controlled Intersection;;2012;C: Possible Injury;Residential;20-24;20;No;0-5 mph;O: No Injury;Black;Male;Passenger Car;No;No;Dark - Roadway Not Lighted;Urban (>70% Developed);2 lanes;2;Straight - Level;Local Street;Wet;Two-Way, Not Divided;None;T-Intersection;Coarse Asphalt;Piedmont;Urban;30 - 35  MPH;Stop Sign;Cloudy;No;36.07066, -79.7705
982;983;No;15-Nov;14;No;With Traffic;O: No Injury;Travel Lane;White;Male;Mooresville;Iredell;No;01-01-04;2012-12-06;Motorist Overtaking Bicyclist;17;Non-Intersection;01-12-01;0001-01-01T12:31:58-04:56;Motorist Overtaking - Bicyclist Swerved;;2012;O: No Injury;Residential;60-69;66;No;21-25 mph;O: No Injury;Black;Male;Passenger Car;No;No;Dark - Roadway Not Lighted;Urban (>70% Developed);2 lanes;2;Straight - Hillcrest;Local Street;Dry;Two-Way, Not Divided;None;No Special Feature;Coarse Asphalt;Piedmont;Urban;20 - 25  MPH;No Control Present;Clear;No;35.55592, -80.81
985;986;Yes;15-Nov;12;No;With Traffic;C: Possible Injury;Travel Lane;Asian;Male;Lenoir;Caldwell;No;01-01-07;2012-12-23;Bicyclist Failed to Yield - Signalized Intersection;20;Intersection;01-12-01;0001-01-01T15:41:58-04:56;Bicyclist Ride Out - Signalized  Intersection;;2012;C: Possible Injury;Commercial;50-59;50;No;6-10 mph;O: No Injury;Black;Female;Sport Utility;No;No;Dark - Lighted Roadway;Urban (>70% Developed);2 lanes;2;Straight - Level;Local Street;Dry;One-Way, Not Divided;None;No Special Feature;Coarse Asphalt;Mountains;Urban;20 - 25  MPH;Stop And Go Signal;Clear;No;35.91232, -81.5429
986;987;Yes;25-29;29;No;With Traffic;B: Evident Injury;Travel Lane;Black;Male;Spring Lake;Cumberland;No;01-01-05;2012-12-21;Motorist Overtaking Bicyclist;23;Non-Intersection;01-12-01;0001-01-01T18:16:58-04:56;Motorist Overtaking - Other /;;2012;B: Evident Injury;Commercial;;;Missing;41-45 mph;Injury;/Missing;;;No;Yes;Dark - Roadway Not Lighted;Rural (<30% Developed);5 lanes;2;Straight - Level;Local Street;Wet;Two-Way, Not Divided;None;No Special Feature;Smooth Asphalt;Coastal;Urban;40 - 45  MPH;No Control Present;Rain;No;35.1863, -78.9623
991;992;Yes;50-59;58;No;With Traffic;K: Killed;Travel Lane;White;Male;Jacksonville;Onslow;No;01-01-03;2012-12-05;Motorist Overtaking Bicyclist;16;Non-Intersection;01-12-01;0001-01-01T11:13:58-04:56;Motorist Overtaking - Other /;;2012;K: Killed;Residential;70;70;No;31-35 mph;O: No Injury;White;Male;Sport Utility;No;No;Daylight;Urban (>70% Developed);4 lanes;2;Straight - Level;Local Street;Dry;Two-Way, Not Divided;None;No Special Feature;Smooth Asphalt;Coastal;Urban;30 - 35  MPH;No Control Present;Clear;No;34.75959, -77.4028
998;999;No;;0;Missing;With Traffic;Injury;Travel Lane;/Missing;;Elizabeth City;Pasquotank;No;;2012-12-10;Motorist Overtaking Bicyclist;17;Non-Intersection;01-12-01;0001-01-01T12:27:58-04:56;Motorist Overtaking - Other /;;2012;O: No Injury;Residential;40-49;44;No;31-35 mph;O: No Injury;White;Male;Pickup;No;No;Dark - Roadway Not Lighted;Rural (<30% Developed);2 lanes;2;Straight - Level;State Secondary Route;Dry;Two-Way, Not Divided;None;No Special Feature;Smooth Asphalt;Coastal;Urban;40 - 45  MPH;No Control Present;Clear;No;36.37094, -76.2931
999;1000;No;70;0;No;Facing Traffic;C: Possible Injury;Sidewalk / Crosswalk / Driveway Crossing;White;Male;Cary;Wake;No;01-01-05;2012-12-14;Motorist Failed to Yield - Sign-Controlled Intersection;10;Intersection;01-12-01;0001-01-01T05:48:58-04:56;Motorist Drive Out - Sign-Controlled Intersection;;2012;C: Possible Injury;Residential;50-59;59;No;0-5 mph;O: No Injury;White;Male;Passenger Car;No;No;Daylight;Urban (>70% Developed);2 lanes;2;Straight - Level;Local Street;Dry;Two-Way, Not Divided;None;Four-Way Intersection;Smooth Asphalt;Piedmont;Urban;20 - 25  MPH;Stop Sign;Clear;No;35.76696, -78.774
1002;1003;Yes;30-39;36;No;Facing Traffic;B: Evident Injury;;Black;Male;Winston-Salem;Forsyth;No;01-01-05;2012-12-21;Bicyclist Failed to Yield - Signalized Intersection;17;Intersection-Related;01-12-01;0001-01-01T12:17:58-04:56;Bicyclist Ride Out - Signalized  Intersection;;2012;B: Evident Injury;Residential;30-39;34;No;26-30 mph;O: No Injury;White;Female;Light Truck (Mini-Van, Panel);No;No;Daylight;Urban (>70% Developed);2 lanes;2;Straight - Level;Local Street;Dry;Two-Way, Not Divided;None;Related To Intersection;Smooth Asphalt;Piedmont;Urban;30 - 35  MPH;Stop And Go Signal;Clear;No;36.06959, -80.2391
1005;1006;No;16-19;19;No;Facing Traffic;C: Possible Injury;Travel Lane;Black;Male;Pineville;Mecklenburg;No;01-01-04;2012-12-20;Motorist Failed to Yield - Signalized Intersection;20;Intersection;01-12-01;0001-01-01T15:12:58-04:56;Motorist Drive Out - Right Turn on Red;;2012;C: Possible Injury;Commercial;20-24;24;No;0-5 mph;O: No Injury;White;Female;Passenger Car;No;No;Dark - Lighted Roadway;Urban (>70% Developed);6 lanes;2;Straight - Level;Local Street;Wet;Two-Way, Not Divided;None;Four-Way Intersection;Smooth Asphalt;Piedmont;Rural;30 - 35  MPH;Stop And Go Signal;Rain;No;35.08946, -80.8706
1012;1013;No;16-19;18;No;With Traffic;O: No Injury;Sidewalk / Crosswalk / Driveway Crossing;White;Male;Wilmington;New Hanover;No;01-01-03;2012-09-26;Crossing Paths - Other Circumstances;14;Intersection-Related;01-09-01;0001-01-01T09:07:58-04:56;Crossing Paths - Uncontrolled Intersection;;2012;O: No Injury;Commercial;20-24;20;No;6-10 mph;O: No Injury;Black;Male;Passenger Car;No;No;Daylight;Urban (>70% Developed);2 lanes;2;Straight - Level;Local Street;Dry;Two-Way, Divided, Unprotected Median;None;No Special Feature;Smooth Asphalt;Coastal;Urban;20 - 25  MPH;No Control Present;Clear;No;34.22424, -77.8741
702;703;Yes;40-49;40;Yes;With Traffic;B: Evident Injury;Travel Lane;Black;Male;Wilmington;New Hanover;Yes;01-01-06;2008-09-06;Loss of Control / Turning Error;21;Intersection;01-09-01;0001-01-01T16:42:58-04:56;Motorist Turning Error - Left Turn;111111;2008;B: Evident Injury;Residential;25-29;26;Yes;11-15 mph;O: No Injury;White;Female;Passenger Car;No;No;Daylight;Urban (>70% Developed);4 lanes;2;Straight - Level;Local Street;Dry;Two-Way, Not Divided;None;Four-Way Intersection;Smooth Asphalt;Coastal;Urban;30 - 35  MPH;Flashing Stop And Go Signal;Clear;No;0.0, 0.0
707;708;Yes;15-Nov;13;No;Facing Traffic;C: Possible Injury;Travel Lane;White;Male;Charlotte;Mecklenburg;No;01-01-07;2008-09-14;Loss of Control / Turning Error;13;Intersection;01-09-01;0001-01-01T08:20:58-04:56;Bicyclist Turning Error - Left Turn;112114;2008;C: Possible Injury;Residential;40-49;45;No;16-20 mph;O: No Injury;White;Female;Passenger Car;No;No;Daylight;Urban (>70% Developed);2 lanes;2;Curve - Hillcrest;Local Street;Dry;Two-Way, Not Divided;None;T-Intersection;Smooth Asphalt;Piedmont;Urban;30 - 35  MPH;Stop Sign;Clear;No;0.0, 0.0
712;713;Yes;30-39;33;No;With Traffic;B: Evident Injury;Travel Lane;White;Male;Boone;Watauga;No;01-01-02;2008-09-09;Motorist Left Turn / Merge;9;Non-Intersection;01-09-01;0001-01-01T05:00:58-04:56;Motorist Left Turn - Opposite Direction;311212;2008;B: Evident Injury;Institutional;20-24;21;No;11-15 mph;O: No Injury;White;Male;Pickup;No;No;Daylight;Urban (>70% Developed);;2;;Local Street;Dry;;None;No Special Feature;;Mountains;Urban;20 - 25  MPH;Missing;Cloudy;No;0.0, 0.0
724;725;Yes;30-39;33;No;Facing Traffic;B: Evident Injury;Sidewalk / Crosswalk / Driveway Crossing;White;Male;Chapel Hill;Orange;No;01-01-05;2008-09-12;Crossing Paths - Other Circumstances;20;Intersection;01-09-01;0001-01-01T15:42:58-04:56;Signalized Intersection - Other /;132158;2008;B: Evident Injury;Residential;30-39;31;No;;O: No Injury;White;Female;Passenger Car;No;No;Dark - Roadway Not Lighted;Urban (>70% Developed);5 lanes;2;Straight - Level;Local Street;Water (Standing, Moving);Two-Way, Divided, Unprotected Median;None;Four-Way Intersection;Smooth Asphalt;Piedmont;Urban;30 - 35  MPH;Stop And Go Signal;Rain;No;0.0, 0.0
726;727;Yes;50-59;51;No;With Traffic;B: Evident Injury;Travel Lane;Black;Male;Lexington;Davidson;No;01-01-06;2008-09-13;Motorist Overtaking Bicyclist;19;Non-Intersection;01-09-01;0001-01-01T14:05:58-04:56;Motorist Overtaking - Undetected Bicyclist;311231;2008;B: Evident Injury;Residential;20-24;23;No;31-35 mph;O: No Injury;Black;Female;Passenger Car;No;No;Dusk;Mixed (30% To 70% Developed);2 lanes;2;Straight - Level;Local Street;Dry;Two-Way, Not Divided;None;No Special Feature;Coarse Asphalt;Piedmont;Urban;30 - 35  MPH;No Control Present;Clear;No;0.0, 0.0
727;728;Yes;50-59;55;No;Facing Traffic;C: Possible Injury;Travel Lane;Black;Male;Lumberton;Robeson;No;01-01-02;2008-09-16;Motorist Failed to Yield - Sign-Controlled Intersection;14;Intersection;01-09-01;0001-01-01T09:13:58-04:56;Motorist Drive Out - Sign-Controlled Intersection;112141;2008;C: Possible Injury;Residential;20-24;24;No;0-5 mph;O: No Injury;Hispanic;Male;Passenger Car;No;No;Daylight;Mixed (30% To 70% Developed);2 lanes;2;Straight - Level;Local Street;Dry;Two-Way, Not Divided;None;T-Intersection;Coarse Asphalt;Coastal;Urban;30 - 35  MPH;Stop Sign;Cloudy;No;0.0, 0.0
729;730;Yes;16-19;17;No;Facing Traffic;B: Evident Injury;Travel Lane;Black;Male;Garner;Wake;No;01-01-02;2008-09-09;Crossing Paths - Other Circumstances;19;Intersection;01-09-01;0001-01-01T14:18:58-04:56;Sign-Controlled Intersection - Other /;112148;2008;B: Evident Injury;Residential;;;Missing;;Injury;/Missing;;;No;Yes;Daylight;Urban (>70% Developed);2 lanes;2;Straight - Level;Local Street;Wet;Two-Way, Not Divided;None;Four-Way Intersection;Concrete;Piedmont;Urban;20 - 25  MPH;Stop Sign;Rain;No;0.0, 0.0
737;738;Yes;40-49;48;No;With Traffic;O: No Injury;Travel Lane;Black;Female;Statesville;Iredell;No;01-01-06;2008-09-20;Bicyclist Failed to Yield - Sign-Controlled Intersection;16;Intersection;01-09-01;0001-01-01T11:18:58-04:56;Bicyclist Ride Through - Sign-Controlled Intersection;111144;2008;B: Evident Injury;Residential;20-24;20;No;;B: Evident Injury;Hispanic;Male;Pedalcycle;No;No;Daylight;Urban (>70% Developed);2 lanes;2;Straight - Hillcrest;Local Street;Dry;Two-Way, Not Divided;None;No Special Feature;Coarse Asphalt;Piedmont;Urban;;Stop Sign;Clear;No;0.0, 0.0
741;742;Yes;16-19;19;No;With Traffic;O: No Injury;Travel Lane;White;Male;None - Rural Crash;Rowan;No;01-01-05;2008-09-26;Motorist Overtaking Bicyclist;23;Non-Intersection;01-09-01;0001-01-01T18:14:58-04:56;Motorist Overtaking - Other /;311239;2008;C: Possible Injury;Farms, Woods, Pastures;20-24;24;No;;C: Possible Injury;White;Male;Pedalcycle;No;No;Dark - Roadway Not Lighted;Rural (<30% Developed);2 lanes;2;Straight - Level;US Route;Wet;Two-Way, Not Divided;None;No Special Feature;Smooth Asphalt;Piedmont;Rural;;Double Yellow Line, No Passing Zone;Rain;No;0.0, 0.0
742;743;No;15-Nov;12;No;Not Applicable;C: Possible Injury;Travel Lane;White;Female;Jacksonville;Onslow;No;01-01-06;2008-09-13;Bicyclist Failed to Yield - Midblock;13;Non-Intersection;01-09-01;0001-01-01T09:01:58-04:56;Bicyclist Ride Out - Other Midblock;313318;2008;C: Possible Injury;Commercial;;;Missing;0-5 mph;Injury;/Missing;;;No;Yes;Daylight;Urban (>70% Developed);5 lanes;2;Straight - Level;Local Street;Dry;Two-Way, Divided, Unprotected Median;None;No Special Feature;Smooth Asphalt;Coastal;Urban;40 - 45  MPH;No Control Present;Clear;No;0.0, 0.0
751;752;Yes;40-49;46;No;With Traffic;C: Possible Injury;Travel Lane;Black;Male;None - Rural Crash;Lee;No;01-01-03;2008-09-24;Motorist Overtaking Bicyclist;17;Non-Intersection;01-09-01;0001-01-01T12:33:58-04:56;Motorist Overtaking - Undetected Bicyclist;311231;2008;C: Possible Injury;Farms, Woods, Pastures;50-59;53;No;31-35 mph;O: No Injury;White;Female;Sport Utility;No;No;Daylight;Rural (<30% Developed);2 lanes;2;Straight - Level;State Secondary Route;Dry;Two-Way, Not Divided;None;No Special Feature;Smooth Asphalt;Piedmont;Rural;50 - 55  MPH;Missing;Cloudy;No;0.0, 0.0
753;754;Yes;;;No;With Traffic;B: Evident Injury;Travel Lane;Black;Male;Greensboro;Guilford;No;;2008-09-15;Motorist Overtaking Bicyclist;21;Non-Intersection;01-09-01;0001-01-01T16:16:58-04:56;Motorist Overtaking - Undetected Bicyclist;311231;2008;B: Evident Injury;Residential;25-29;25;No;21-25 mph;O: No Injury;White;Female;Passenger Car;No;No;Dusk;Urban (>70% Developed);4 lanes;2;Straight - Grade;Local Street;Dry;Two-Way, Not Divided;None;No Special Feature;Smooth Asphalt;Piedmont;Urban;30 - 35  MPH;Stop Sign;Clear;No;0.0, 0.0
763;764;Yes;15-Nov;11;No;With Traffic;B: Evident Injury;Travel Lane;Black;Male;High Point;Guilford;No;01-01-02;2008-09-30;Bicyclist Failed to Yield - Sign-Controlled Intersection;16;Intersection;01-09-01;0001-01-01T11:19:58-04:56;Bicyclist Ride Out - Sign-Controlled Intersection;111142;2008;B: Evident Injury;Residential;30-39;39;No;31-35 mph;O: No Injury;White;Female;Pickup;No;No;Daylight;Urban (>70% Developed);2 lanes;2;Straight - Level;Local Street;Dry;Two-Way, Not Divided;None;Related To Intersection;Smooth Asphalt;Piedmont;Urban;30 - 35  MPH;Yield Sign;Clear;No;0.0, 0.0
767;768;No;16-19;16;No;With Traffic;C: Possible Injury;Travel Lane;Black;Male;Statesville;Iredell;No;01-01-06;2008-10-04;Motorist Overtaking Bicyclist;20;Non-Intersection;01-10-01;0001-01-01T15:06:58-04:56;Motorist Overtaking - Undetected Bicyclist;311231;2008;C: Possible Injury;Institutional;60-69;65;No;26-30 mph;O: No Injury;White;Male;Van;No;No;Dark - Lighted Roadway;Urban (>70% Developed);2 lanes;2;Straight - Level;Local Street;Dry;Two-Way, Not Divided;None;No Special Feature;Smooth Asphalt;Piedmont;Urban;30 - 35  MPH;No Control Present;Clear;No;0.0, 0.0
773;774;Yes;50-59;53;No;With Traffic;C: Possible Injury;Travel Lane;Black;Male;Charlotte;Mecklenburg;No;01-01-02;2008-10-14;Motorist Overtaking Bicyclist;5;Non-Intersection;01-10-01;0001-01-01T00:04:58-04:56;Motorist Overtaking - Undetected Bicyclist;311231;2008;C: Possible Injury;Residential;50-59;50;No;26-30 mph;O: No Injury;White;Male;Passenger Car;No;No;Dark - Roadway Not Lighted;Mixed (30% To 70% Developed);2 lanes;2;Straight - Level;Local Street;Dry;Two-Way, Not Divided;None;No Special Feature;Smooth Asphalt;Piedmont;Urban;40 - 45  MPH;No Control Present;Clear;No;0.0, 0.0
775;776;No;16-19;16;No;Facing Traffic;C: Possible Injury;Travel Lane;Black;Male;Goldsboro;Wayne;No;01-01-03;2008-10-01;Motorist Failed to Yield - Sign-Controlled Intersection;20;Intersection;01-10-01;0001-01-01T15:03:58-04:56;Motorist Drive Out - Sign-Controlled Intersection;112141;2008;C: Possible Injury;Residential;20-24;24;No;6-10 mph;O: No Injury;White;Male;Pickup;No;No;Dark - Lighted Roadway;Urban (>70% Developed);3 lanes;2;Straight - Level;Local Street;Dry;Two-Way, Not Divided;None;T-Intersection;Coarse Asphalt;Coastal;Urban;40 - 45  MPH;Stop Sign;Clear;No;0.0, 0.0
776;777;No;15-Nov;13;No;;O: No Injury;;White;Female;Kings Mountain;Cleveland;No;01-01-07;2008-09-28;Other /  - Insufficient Details;9;Location;01-09-01;0001-01-01T04:26:58-04:56;Location;999980;2008;O: No Injury;Residential;;;Missing;;Injury;/Missing;;;No;Yes;Daylight;Mixed (30% To 70% Developed);4 lanes;2;Straight - Level;Local Street;Dry;Two-Way, Divided, Unprotected Median;None;Four-Way Intersection;Smooth Asphalt;Mountains;Urban;30 - 35  MPH;Stop And Go Signal;Clear;No;0.0, 0.0
777;778;Yes;15-Nov;11;No;With Traffic;B: Evident Injury;Sidewalk / Crosswalk / Driveway Crossing;White;Male;Winston-Salem;Forsyth;No;01-01-05;2008-10-03;Crossing Paths - Other Circumstances;18;Intersection;01-10-01;0001-01-01T13:31:58-04:56;Signalized Intersection - Other /;131158;2008;B: Evident Injury;Commercial;40-49;47;No;31-35 mph;O: No Injury;White;Male;Pickup;No;No;Daylight;Urban (>70% Developed);4 lanes;2;Straight - Level;Local Street;Dry;Two-Way, Divided, Unprotected Median;None;Four-Way Intersection;Smooth Asphalt;Piedmont;Urban;30 - 35  MPH;Stop And Go Signal;Clear;No;0.0, 0.0
783;784;No;40-49;46;No;Facing Traffic;C: Possible Injury;Sidewalk / Crosswalk / Driveway Crossing;Black;Male;Charlotte;Mecklenburg;No;01-01-04;2008-10-16;Motorist Failed to Yield - Sign-Controlled Intersection;17;Intersection;01-10-01;0001-01-01T12:15:58-04:56;Motorist Drive Out - Sign-Controlled Intersection;132141;2008;C: Possible Injury;Commercial;30-39;30;No;0-5 mph;O: No Injury;Black;Female;Passenger Car;No;No;Daylight;Urban (>70% Developed);2 lanes;2;Straight - Level;Local Street;Dry;Two-Way, Not Divided;None;T-Intersection;Smooth Asphalt;Piedmont;Urban;20 - 25  MPH;Stop Sign;Clear;No;0.0, 0.0
792;793;Yes;40-49;47;No;With Traffic;C: Possible Injury;Travel Lane;Black;Male;Charlotte;Mecklenburg;No;01-01-02;2008-10-07;Crossing Paths - Other Circumstances;16;Intersection;01-10-01;0001-01-01T11:03:58-04:56;Sign-Controlled Intersection - Other /;111148;2008;C: Possible Injury;Commercial;20-24;22;No;16-20 mph;O: No Injury;White;Female;Passenger Car;No;No;Daylight;Urban (>70% Developed);2 lanes;2;Straight - Level;Local Street;Dry;Two-Way, Not Divided;None;No Special Feature;Smooth Asphalt;Piedmont;Urban;30 - 35  MPH;Stop Sign;Clear;No;0.0, 0.0