FID;OBJECTID;AmbulanceR;BikeAge_Gr;Bike_Age;Bike_Alc_D;Bike_Dir;Bike_Injur;Bike_Pos;Bike_Race;Bike_Sex;City;County;CrashAlcoh;CrashDay;Crash_Date;Crash_Grp;Crash_Hour;Crash_Loc;Crash_Mont;Crash_Time;Crash_Type;Crash_Ty_1;Crash_Year;Crsh_Sevri;Developmen;DrvrAge_Gr;Drvr_Age;Drvr_Alc_D;Drvr_EstSp;Drvr_Injur;Drvr_Race;Drvr_Sex;Drvr_VehTy;ExcsSpdInd;Hit_Run;Light_Cond;Locality;Num_Lanes;Num_Units;Rd_Charact;Rd_Class;Rd_Conditi;Rd_Config;Rd_Defects;Rd_Feature;Rd_Surface;Region;Rural_Urba;Speed_Limi;Traff_Cntr;Weather;Workzone_I;Location
807;808;Yes;60-69;62;No;With Traffic;K: Killed;Travel Lane;White;Male;Wilmington;New Hanover;No;01-01-04;2008-10-16;Motorist Right Turn / Merge;9;Non-Intersection;01-10-01;0001-01-01T04:25:58-04:56;Motorist Right Turn - Same Direction;311213;2008;K: Killed;Commercial;40-49;49;No;31-35 mph;O: No Injury;White;Female;Passenger Car;No;No;Daylight;Urban (>70% Developed);;2;Straight - Level;Local Street;Dry;Two-Way, Divided, Unprotected Median;None;No Special Feature;Smooth Asphalt;Coastal;Urban;40 - 45  MPH;Missing;Clear;No;0.0, 0.0
809;810;Yes;50-59;51;No;Facing Traffic;Injury;Sidewalk / Crosswalk / Driveway Crossing;/Missing;;Fayetteville;Cumberland;No;;2008-10-20;Motorist Failed to Yield - Midblock;15;Non-Intersection;01-10-01;0001-01-01T10:08:58-04:56;Motorist Drive Out - Commercial Driveway / Alley;332322;2008;O: No Injury;Commercial;30-39;36;No;6-10 mph;O: No Injury;Black;Female;Pickup;No;No;Daylight;Urban (>70% Developed);;2;Straight - Level;Public Vehicular Area;Dry;;None;Driveway, Private;Coarse Asphalt;Coastal;Urban;5 - 15 MPH;No Control Present;Clear;No;0.0, 0.0
812;813;No;60-69;64;No;With Traffic;B: Evident Injury;Travel Lane;White;Male;Shallotte;Brunswick;No;;2008-10-20;Motorist Right Turn / Merge;15;Non-Intersection;01-10-01;0001-01-01T10:03:58-04:56;Motorist Right Turn - Same Direction;311213;2008;B: Evident Injury;Residential;40-49;47;No;;O: No Injury;White;Male;Pickup;No;No;Daylight;Mixed (30% To 70% Developed);3 lanes;2;Straight - Level;Local Street;Dry;Two-Way, Not Divided;None;No Special Feature;Coarse Asphalt;Coastal;Rural;;No Control Present;Clear;No;0.0, 0.0
814;815;No;20-24;23;No;With Traffic;C: Possible Injury;Sidewalk / Crosswalk / Driveway Crossing;White;Female;Raleigh;Wake;No;01-01-07;2008-08-24;Motorist Right Turn / Merge;16;Non-Intersection;01-08-01;0001-01-01T11:37:58-04:56;Motorist Right Turn - Same Direction;331213;2008;C: Possible Injury;Commercial;0-19;19;No;0-5 mph;O: No Injury;White;Male;Pickup;No;No;Daylight;Urban (>70% Developed);4 lanes;2;Straight - Level;Local Street;Dry;Two-Way, Not Divided;None;No Special Feature;Coarse Asphalt;Piedmont;Urban;30 - 35  MPH;No Control Present;Clear;No;0.0, 0.0
823;824;Yes;50-59;51;No;With Traffic;B: Evident Injury;Travel Lane;Black;Female;Norwood;Stanly;No;01-01-04;2008-09-18;Bicyclist Failed to Yield - Sign-Controlled Intersection;1;Intersection;01-09-01;0000-12-31T20:12:58-04:56;Bicyclist Ride Out - Sign-Controlled Intersection;111142;2008;B: Evident Injury;Residential;30-39;36;No;31-35 mph;O: No Injury;White;Male;Heavy Truck;No;No;Dark - Lighted Roadway;Mixed (30% To 70% Developed);3 lanes;2;Straight - Grade;Local Street;Dry;Two-Way, Not Divided;None;T-Intersection;Coarse Asphalt;Piedmont;Rural;30 - 35  MPH;Stop Sign;Clear;No;0.0, 0.0
831;832;Yes;25-29;29;No;Facing Traffic;C: Possible Injury;Sidewalk / Crosswalk / Driveway Crossing;Hispanic;Female;Charlotte;Mecklenburg;No;01-01-03;2008-11-05;Motorist Failed to Yield - Midblock;12;Non-Intersection;01-11-01;0001-01-01T07:31:58-04:56;Motorist Drive Out - Commercial Driveway / Alley;332322;2008;C: Possible Injury;Commercial;0-19;17;No;0-5 mph;O: No Injury;White;Female;Passenger Car;No;No;Daylight;Urban (>70% Developed);;2;Straight - Level;Local Street;Dry;Two-Way, Not Divided;None;No Special Feature;Smooth Asphalt;Piedmont;Urban;5 - 15 MPH;No Control Present;Clear;No;0.0, 0.0
833;834;Yes;25-29;26;Yes;Facing Traffic;B: Evident Injury;Travel Lane;White;Male;None - Rural Crash;Currituck;Yes;01-01-04;2008-10-16;Bicyclist Right Turn / Merge;20;Non-Intersection;01-10-01;0001-01-01T15:46:58-04:56;Bicyclist Right Turn - Opposite Direction;312224;2008;B: Evident Injury;Farms, Woods, Pastures;20-24;21;No;51-55 mph;O: No Injury;White;Male;Passenger Car;No;No;Dark - Roadway Not Lighted;Rural (<30% Developed);5 lanes;2;Curve - Level;US Route;Dry;Two-Way, Not Divided;None;No Special Feature;Coarse Asphalt;Coastal;Rural;50 - 55  MPH;Missing;Clear;No;0.0, 0.0
835;836;No;25-29;27;No;With Traffic;O: No Injury;Travel Lane;White;Male;None - Rural Crash;Davidson;No;01-01-06;2008-10-25;Motorist Right Turn / Merge;14;Non-Intersection;01-10-01;0001-01-01T09:31:58-04:56;Motorist Right Turn - Same Direction;311213;2008;O: No Injury;Residential;20-24;20;No;0-5 mph;O: No Injury;White;Male;Passenger Car;No;No;Dark - Roadway Not Lighted;Rural (<30% Developed);2 lanes;2;Curve - Grade;State Secondary Route;Dry;Two-Way, Not Divided;None;Driveway, Private;Smooth Asphalt;Piedmont;Rural;20 - 25  MPH;No Control Present;Clear;No;0.0, 0.0
841;842;No;40-49;49;No;With Traffic;B: Evident Injury;Travel Lane;White;Male;Marvin;Union;No;01-01-06;2008-10-25;Motorist Overtaking Bicyclist;17;Non-Intersection;01-10-01;0001-01-01T12:08:58-04:56;Motorist Overtaking - Other /;311239;2008;B: Evident Injury;Institutional;30-39;37;No;56-60 mph;O: No Injury;White;Male;Passenger Car;No;No;Daylight;Mixed (30% To 70% Developed);2 lanes;2;Straight - Grade;State Secondary Route;Dry;Two-Way, Not Divided;None;No Special Feature;Smooth Asphalt;Piedmont;Rural;40 - 45  MPH;Double Yellow Line, No Passing Zone;Clear;No;0.0, 0.0
848;849;Yes;15-Nov;14;No;With Traffic;B: Evident Injury;Travel Lane;Black;Female;Wilmington;New Hanover;No;01-01-03;2008-10-22;Motorist Overtaking Bicyclist;21;Non-Intersection;01-10-01;0001-01-01T16:03:58-04:56;Motorist Overtaking - Other /;311239;2008;B: Evident Injury;Residential;;;Missing;36-40 mph;Injury;/Missing;;;No;Yes;Dark - Lighted Roadway;Urban (>70% Developed);2 lanes;2;Straight - Level;Local Street;Dry;Two-Way, Not Divided;None;No Special Feature;Coarse Asphalt;Coastal;Urban;20 - 25  MPH;No Control Present;Clear;No;0.0, 0.0
849;850;Yes;40-49;46;No;With Traffic;C: Possible Injury;Travel Lane;White;Female;None - Rural Crash;Carteret;No;01-01-04;2008-11-13;Motorist Overtaking Bicyclist;18;Non-Intersection;01-11-01;0001-01-01T13:29:58-04:56;Motorist Overtaking - Misjudged Space;311232;2008;C: Possible Injury;Farms, Woods, Pastures;25-29;26;No;51-55 mph;O: No Injury;White;Female;Pickup;No;No;Dark - Roadway Not Lighted;Rural (<30% Developed);4 lanes;2;Straight - Level;US Route;Wet;Two-Way, Divided, Unprotected Median;None;No Special Feature;Coarse Asphalt;Coastal;Rural;50 - 55  MPH;No Control Present;Cloudy;No;0.0, 0.0
857;858;Yes;50-59;53;No;With Traffic;B: Evident Injury;Travel Lane;White;Male;None - Rural Crash;Montgomery;No;01-01-05;2008-10-31;Motorist Overtaking Bicyclist;19;Non-Intersection;01-10-01;0001-01-01T14:10:58-04:56;Motorist Overtaking - Undetected Bicyclist;311231;2008;B: Evident Injury;Farms, Woods, Pastures;40-49;46;No;51-55 mph;O: No Injury;White;Male;Sport Utility;No;No;Dark - Roadway Not Lighted;Rural (<30% Developed);2 lanes;2;Straight - Level;US Route;Dry;Two-Way, Not Divided;None;No Special Feature;Coarse Asphalt;Piedmont;Rural;50 - 55  MPH;Double Yellow Line, No Passing Zone;Clear;No;0.0, 0.0
861;862;No;25-29;25;No;With Traffic;C: Possible Injury;Sidewalk / Crosswalk / Driveway Crossing;White;Male;Greensboro;Guilford;No;01-01-07;2008-10-12;Motorist Failed to Yield - Midblock;16;Non-Intersection;01-10-01;0001-01-01T11:39:58-04:56;Motorist Drive Out - Commercial Driveway / Alley;331322;2008;C: Possible Injury;Commercial;30-39;33;No;0-5 mph;O: No Injury;Black;Female;Sport Utility;No;No;Daylight;Urban (>70% Developed);5 lanes;2;Straight - Level;Local Street;Dry;Two-Way, Not Divided;None;No Special Feature;Smooth Asphalt;Piedmont;Urban;30 - 35  MPH;No Control Present;Clear;No;0.0, 0.0
862;863;Yes;25-29;27;No;Not Applicable;C: Possible Injury;Non-Roadway;Black;Male;Rocky Mount;Nash;No;01-01-06;2008-10-11;Other / Unusual Circumstances;13;Non-Intersection;01-10-01;0001-01-01T08:49:58-04:56;Motorist Intentionally Caused;363510;2008;C: Possible Injury;Commercial;30-39;32;No;6-10 mph;O: No Injury;Black;Male;Passenger Car;No;No;Daylight;Urban (>70% Developed);2 lanes;2;Straight - Level;Local Street;Dry;Two-Way, Not Divided;None;No Special Feature;Smooth Asphalt;Coastal;Urban;30 - 35  MPH;No Control Present;Clear;No;0.0, 0.0
864;865;No;20-24;23;No;Facing Traffic;C: Possible Injury;Travel Lane;Black;Male;Rocky Mount;Edgecombe;No;01-01-04;2008-10-02;Motorist Failed to Yield - Sign-Controlled Intersection;20;Intersection;01-10-01;0001-01-01T15:09:58-04:56;Motorist Drive Out - Sign-Controlled Intersection;112141;2008;C: Possible Injury;Residential;;;Missing;0-5 mph;Injury;/Missing;;;No;Yes;Dark - Lighted Roadway;Urban (>70% Developed);2 lanes;2;Straight - Level;Local Street;Dry;Two-Way, Not Divided;None;Four-Way Intersection;Smooth Asphalt;Coastal;Urban;30 - 35  MPH;Flashing Signal With Stop Sign;Clear;No;0.0, 0.0
881;882;No;16-19;18;No;Facing Traffic;O: No Injury;Sidewalk / Crosswalk / Driveway Crossing;White;Male;Wilmington;New Hanover;No;01-01-06;2008-11-08;Motorist Right Turn / Merge;18;Intersection;01-11-01;0001-01-01T13:20:58-04:56;Motorist Right Turn - Opposite Direction;132214;2008;O: No Injury;Commercial;20-24;24;No;11-15 mph;O: No Injury;White;Female;Passenger Car;No;No;Daylight;Urban (>70% Developed);3 lanes;2;Straight - Level;Local Street;Dry;Two-Way, Not Divided;None;No Special Feature;Coarse Asphalt;Coastal;Urban;40 - 45  MPH;Stop And Go Signal;Clear;No;0.0, 0.0
890;891;Yes;25-29;25;No;With Traffic;C: Possible Injury;Travel Lane;White;Female;Durham;Durham;No;01-01-02;2008-12-02;Bicyclist Left Turn / Merge;16;Non-Intersection;01-12-01;0001-01-01T11:43:58-04:56;Bicyclist Left Turn - Same Direction;311221;2008;C: Possible Injury;Commercial;40-49;48;No;31-35 mph;O: No Injury;White;Male;Passenger Car;No;No;Daylight;Urban (>70% Developed);5 lanes;2;Straight - Level;Local Street;Dry;Two-Way, Not Divided;None;No Special Feature;Concrete;Piedmont;Urban;30 - 35  MPH;No Control Present;Clear;No;0.0, 0.0
894;895;Yes;30-39;37;Yes;With Traffic;K: Killed;Travel Lane;White;Female;None - Rural Crash;Richmond;Yes;01-01-03;2008-11-12;Motorist Overtaking Bicyclist;17;Non-Intersection;01-11-01;0001-01-01T12:53:58-04:56;Motorist Overtaking - Other /;311239;2008;K: Killed;Residential;20-24;20;No;41-45 mph;O: No Injury;White;Male;Passenger Car;No;No;Dark - Roadway Not Lighted;Mixed (30% To 70% Developed);2 lanes;2;Straight - Grade;State Secondary Route;Dry;Two-Way, Not Divided;None;No Special Feature;Smooth Asphalt;Piedmont;Rural;40 - 45  MPH;Double Yellow Line, No Passing Zone;Cloudy;No;0.0, 0.0
895;896;No;20-24;24;No;With Traffic;O: No Injury;Sidewalk / Crosswalk / Driveway Crossing;White;Male;Asheville;Buncombe;No;01-01-03;2008-11-12;Motorist Right Turn / Merge;14;Non-Intersection;01-11-01;0001-01-01T09:19:58-04:56;Motorist Right Turn - Same Direction;331213;2008;O: No Injury;Commercial;;;No;21-25 mph;O: No Injury;White;Female;Passenger Car;No;No;Daylight;Urban (>70% Developed);4 lanes;2;Straight - Level;Local Street;Dry;Two-Way, Not Divided;None;Driveway, Public;Smooth Asphalt;Mountains;Urban;30 - 35  MPH;No Control Present;Clear;No;0.0, 0.0
899;900;Yes;50-59;53;No;With Traffic;A: Disabling Injury;Travel Lane;Native American;Male;None - Rural Crash;Robeson;No;01-01-05;2008-12-05;Motorist Left Turn / Merge;22;Intersection;01-12-01;0001-01-01T17:23:58-04:56;Motorist Left Turn - Opposite Direction;111212;2008;A: Disabling Injury;Farms, Woods, Pastures;;;No;31-35 mph;Injury;/Missing;;Light Truck (Mini-Van, Panel);No;Yes;Dark - Roadway Not Lighted;Rural (<30% Developed);2 lanes;2;Straight - Level;State Secondary Route;Dry;Two-Way, Not Divided;None;T-Intersection;Coarse Asphalt;Coastal;Rural;50 - 55  MPH;Double Yellow Line, No Passing Zone;Clear;No;0.0, 0.0
904;905;Yes;40-49;47;No;Facing Traffic;B: Evident Injury;Bike Lane / Paved Shoulder;Hispanic;Female;Leland;Brunswick;No;01-01-07;2008-11-16;Motorist Failed to Yield - Midblock;16;Non-Intersection;01-11-01;0001-01-01T11:53:58-04:56;Motorist Drive Out - Commercial Driveway / Alley;322322;2008;B: Evident Injury;Farms, Woods, Pastures;50-59;56;No;0-5 mph;O: No Injury;White;Male;Pickup;No;No;Daylight;Urban (>70% Developed);5 lanes;2;Straight - Level;Local Street;;Two-Way, Not Divided;None;Driveway, Public;Coarse Asphalt;Coastal;Rural;40 - 45  MPH;No Control Present;Clear;No;0.0, 0.0
907;908;No;60-69;60;No;With Traffic;O: No Injury;Travel Lane;White;Male;Goldsboro;Wayne;No;01-01-04;2008-11-13;Crossing Paths - Other Circumstances;15;Intersection;01-11-01;0001-01-01T10:13:58-04:56;Crossing Paths - Intersection - Other /;111180;2008;O: No Injury;Residential;0-19;18;No;36-40 mph;O: No Injury;Black;Female;Passenger Car;No;No;Daylight;Urban (>70% Developed);2 lanes;2;Straight - Level;Local Street;Wet;Two-Way, Not Divided;None;No Special Feature;Coarse Asphalt;Coastal;Urban;40 - 45  MPH;Missing;Rain;No;0.0, 0.0
909;910;Yes;15-Nov;14;No;;C: Possible Injury;;Black;Male;Durham;Durham;No;01-01-02;2008-12-09;Other /  - Insufficient Details;9;Intersection;01-12-01;0001-01-01T04:15:58-04:56;Approach Paths;1990970;2008;C: Possible Injury;Commercial;40-49;43;No;31-35 mph;O: No Injury;Black;Male;Passenger Car;No;No;Daylight;Urban (>70% Developed);2 lanes;2;Straight - Grade;Local Street;Dry;Two-Way, Divided, Unprotected Median;None;No Special Feature;Coarse Asphalt;Piedmont;Urban;30 - 35  MPH;No Control Present;Cloudy;No;0.0, 0.0
917;918;Yes;10-Jun;9;No;Not Applicable;Injury;;Black;Male;Raleigh;Wake;No;;2008-11-03;Crossing Paths - Other Circumstances;17;Intersection-Related;01-11-01;0001-01-01T12:10:58-04:56;Crossing Paths - Uncontrolled Intersection;293160;2008;O: No Injury;Commercial;30-39;31;No;;O: No Injury;Black;Male;Passenger Car;No;No;Dark - Roadway Not Lighted;Urban (>70% Developed);7 lanes;2;Straight - Grade;Local Street;Dry;Two-Way, Divided, Unprotected Median;None;No Special Feature;Smooth Asphalt;Piedmont;Urban;;Missing;Cloudy;No;0.0, 0.0
918;919;Yes;20-24;20;No;With Traffic;C: Possible Injury;Travel Lane;Hispanic;Male;Winston-Salem;Forsyth;No;01-01-03;2008-11-19;Motorist Overtaking Bicyclist;8;Non-Intersection;01-11-01;0001-01-01T03:23:58-04:56;Motorist Overtaking - Other /;311239;2008;C: Possible Injury;Commercial;30-39;39;No;26-30 mph;O: No Injury;White;Male;Single Unit Truck (3 Or More Axles);No;No;Daylight;Urban (>70% Developed);2 lanes;3;Straight - Level;Local Street;Dry;Two-Way, Not Divided;None;No Special Feature;Smooth Asphalt;Piedmont;Urban;30 - 35  MPH;No Control Present;Clear;No;0.0, 0.0
921;922;Yes;30-39;35;No;With Traffic;B: Evident Injury;Bike Lane / Paved Shoulder;White;Male;Smithfield;Johnston;No;;2008-12-01;Bicyclist Left Turn / Merge;7;Non-Intersection;01-12-01;0001-01-01T02:30:58-04:56;Bicyclist Left Turn - Same Direction;321221;2008;B: Evident Injury;Commercial;40-49;43;No;26-30 mph;O: No Injury;Black;Male;Van;No;No;Daylight;Urban (>70% Developed);4 lanes;2;Straight - Level;Local Street;Dry;Two-Way, Divided, Unprotected Median;None;Bridge;Coarse Asphalt;Coastal;Urban;40 - 45  MPH;No Control Present;Clear;No;0.0, 0.0
922;923;No;30-39;39;No;Facing Traffic;C: Possible Injury;Sidewalk / Crosswalk / Driveway Crossing;Black;Male;High Point;Guilford;No;;2008-12-01;Motorist Failed to Yield - Midblock;16;Non-Intersection;01-12-01;0001-01-01T11:23:58-04:56;Motorist Drive Out - Commercial Driveway / Alley;332322;2008;C: Possible Injury;Institutional;40-49;49;No;6-10 mph;O: No Injury;White;Male;Pickup;No;No;Daylight;Urban (>70% Developed);5 lanes;2;Straight - Level;Public Vehicular Area;Dry;Two-Way, Not Divided;None;Driveway, Public;Smooth Asphalt;Piedmont;Urban;;No Control Present;Cloudy;No;0.0, 0.0
924;925;Yes;60-69;61;No;With Traffic;O: No Injury;Travel Lane;White;Male;None - Rural Crash;Rowan;No;01-01-05;2008-11-28;Motorist Left Turn / Merge;12;Intersection;01-11-01;0001-01-01T07:15:58-04:56;Motorist Left Turn - Opposite Direction;111212;2008;A: Disabling Injury;Farms, Woods, Pastures;60-69;60;No;;A: Disabling Injury;White;Male;Pedalcycle;No;No;Daylight;Rural (<30% Developed);2 lanes;2;Straight - Level;State Secondary Route;Dry;Two-Way, Not Divided;None;T-Intersection;Smooth Asphalt;Piedmont;Rural;;Double Yellow Line, No Passing Zone;Clear;No;0.0, 0.0
928;929;Yes;25-29;29;No;Facing Traffic;C: Possible Injury;Travel Lane;Black;Male;Rocky Mount;Nash;No;01-01-04;2008-11-06;Backing Vehicle;13;Intersection;01-11-01;0001-01-01T08:39:58-04:56;Backing Vehicle;112600;2008;C: Possible Injury;Residential;50-59;51;No;0-5 mph;O: No Injury;White;Male;Passenger Car;No;No;Daylight;Urban (>70% Developed);2 lanes;2;Straight - Level;Local Street;Dry;Two-Way, Not Divided;None;No Special Feature;Smooth Asphalt;Coastal;Urban;30 - 35  MPH;Stop Sign;Clear;No;0.0, 0.0
934;935;No;25-29;25;No;With Traffic;B: Evident Injury;Travel Lane;White;Male;Raleigh;Wake;No;01-01-04;2008-09-04;Motorist Left Turn / Merge;18;Intersection;01-09-01;0001-01-01T13:12:58-04:56;Motorist Left Turn - Opposite Direction;111212;2008;B: Evident Injury;Commercial;70+;;No;16-20 mph;O: No Injury;White;Female;Passenger Car;No;No;Daylight;Urban (>70% Developed);2 lanes;2;Straight - Level;Local Street;Dry;Two-Way, Not Divided;None;Four-Way Intersection;Smooth Asphalt;Piedmont;Urban;30 - 35  MPH;Stop And Go Signal;Clear;No;0.0, 0.0
944;945;Yes;10-Jun;9;No;Not Applicable;B: Evident Injury;Driveway / Alley;White;Female;Greensboro;Guilford;No;01-01-07;2008-11-09;Bicyclist Failed to Yield - Midblock;17;Non-Intersection;01-11-01;0001-01-01T12:39:58-04:56;Bicyclist Ride Out - Residential Driveway;353311;2008;B: Evident Injury;Residential;50-59;54;No;16-20 mph;O: No Injury;White;Female;Passenger Car;No;No;Dark - Roadway Not Lighted;Mixed (30% To 70% Developed);2 lanes;3;Straight - Grade;Local Street;Dry;Two-Way, Not Divided;None;No Special Feature;Smooth Asphalt;Piedmont;Urban;20 - 25  MPH;Missing;Clear;No;0.0, 0.0
947;948;No;15-Nov;14;No;Not Applicable;C: Possible Injury;Non-Roadway;White;Female;None - Rural Crash;Caldwell;No;01-01-02;2008-12-30;Non-Roadway;14;Non-Roadway;01-12-01;0001-01-01T09:53:58-04:56;Non-Roadway;460910;2008;C: Possible Injury;Residential;;;Missing;0-5 mph;Injury;/Missing;;Passenger Car;No;No;Daylight;Mixed (30% To 70% Developed);;2;Straight - Grade;Private Road, Driveway;Dry;Two-Way, Not Divided;None;Driveway, Private;Gravel;Mountains;Rural;;No Control Present;Clear;No;0.0, 0.0
948;949;Yes;30-39;35;No;With Traffic;B: Evident Injury;Travel Lane;White;Male;Raleigh;Wake;Yes;01-01-03;2008-07-30;Motorist Failed to Yield - Sign-Controlled Intersection;23;Intersection;01-07-01;0001-01-01T18:03:58-04:56;Motorist Drive Out - Sign-Controlled Intersection;111141;2008;B: Evident Injury;Residential;25-29;26;Yes;0-5 mph;O: No Injury;White;Male;;No;Yes;Dark - Lighted Roadway;Mixed (30% To 70% Developed);2 lanes;2;Straight - Level;Local Street;Dry;Two-Way, Divided, Unprotected Median;None;No Special Feature;Smooth Asphalt;Piedmont;Urban;40 - 45  MPH;Stop Sign;Clear;No;0.0, 0.0
950;951;Yes;15-Nov;15;No;;B: Evident Injury;Travel Lane;Black;Male;Pinetops;Edgecombe;No;01-01-04;2008-06-26;Loss of Control / Turning Error;17;Intersection;01-06-01;0001-01-01T12:40:58-04:56;Bicyclist Lost Control - Mechanical Problems;119121;2008;B: Evident Injury;Residential;25-29;28;No;16-20 mph;O: No Injury;White;Female;Sport Utility;No;No;Daylight;Urban (>70% Developed);5 lanes;2;Straight - Level;Local Street;Dry;Two-Way, Not Divided;None;No Special Feature;Smooth Asphalt;Coastal;Rural;20 - 25  MPH;No Control Present;Clear;No;0.0, 0.0
962;963;Yes;50-59;51;No;With Traffic;C: Possible Injury;Bike Lane / Paved Shoulder;Black;Male;None - Rural Crash;Sampson;No;;2008-12-15;Motorist Overtaking Bicyclist;12;Non-Intersection;01-12-01;0001-01-01T07:33:58-04:56;Motorist Overtaking - Other /;321239;2008;C: Possible Injury;Farms, Woods, Pastures;30-39;33;No;51-55 mph;O: No Injury;White;Male;Pickup;No;No;Daylight;Rural (<30% Developed);2 lanes;2;Straight - Level;US Route;Dry;Two-Way, Not Divided;None;No Special Feature;Coarse Asphalt;Coastal;Rural;50 - 55  MPH;No Control Present;Clear;No;0.0, 0.0
968;969;Yes;20-24;22;No;Facing Traffic;C: Possible Injury;Travel Lane;White;Male;None - Rural Crash;Brunswick;No;01-01-04;2008-12-18;Head-On;13;Non-Intersection;01-12-01;0001-01-01T08:52:58-04:56;Head-On - Bicyclist;312250;2008;C: Possible Injury;Residential;50-59;58;No;51-55 mph;O: No Injury;White;Male;Passenger Car;No;No;Daylight;Mixed (30% To 70% Developed);2 lanes;2;Straight - Level;NC Route;Dry;Two-Way, Not Divided;None;No Special Feature;Smooth Asphalt;Coastal;Rural;50 - 55  MPH;Missing;Clear;No;0.0, 0.0
970;971;No;10-Jun;8;No;Not Applicable;C: Possible Injury;Driveway / Alley;White;Male;Chapel Hill;Orange;No;01-01-05;2008-12-19;Bicyclist Failed to Yield - Midblock;15;Non-Intersection;01-12-01;0001-01-01T10:45:58-04:56;Bicyclist Ride Out - Residential Driveway;353311;2008;C: Possible Injury;Residential;40-49;48;No;16-20 mph;O: No Injury;White;Female;Passenger Car;No;No;Daylight;Urban (>70% Developed);2 lanes;2;Straight - Hillcrest;Local Street;Dry;Two-Way, Not Divided;None;No Special Feature;Smooth Asphalt;Piedmont;Urban;20 - 25  MPH;Missing;Clear;No;0.0, 0.0
972;973;No;25-29;27;No;With Traffic;C: Possible Injury;Sidewalk / Crosswalk / Driveway Crossing;White;Female;Chapel Hill;Orange;No;01-01-02;2008-12-16;Crossing Paths - Other Circumstances;18;Intersection;01-12-01;0001-01-01T13:10:58-04:56;Signalized Intersection - Other /;131158;2008;C: Possible Injury;Commercial;20-24;21;No;0-5 mph;O: No Injury;White;Female;Passenger Car;No;No;Dark - Lighted Roadway;Urban (>70% Developed);;2;Straight - Level;Public Vehicular Area;Wet;Two-Way, Not Divided;None;No Special Feature;Smooth Asphalt;Piedmont;Urban;5 - 15 MPH;Stop And Go Signal;Cloudy;No;0.0, 0.0
978;979;Yes;25-29;25;No;Facing Traffic;C: Possible Injury;Sidewalk / Crosswalk / Driveway Crossing;Black;Male;Raleigh;Wake;No;01-01-07;2008-11-02;Motorist Failed to Yield - Sign-Controlled Intersection;16;Intersection;01-11-01;0001-01-01T11:51:58-04:56;Motorist Drive Out - Sign-Controlled Intersection;132141;2008;C: Possible Injury;Commercial;50-59;50;No;0-5 mph;O: No Injury;Black;Male;Passenger Car;No;No;Daylight;Urban (>70% Developed);3 lanes;2;Straight - Level;Local Street;Dry;Two-Way, Divided, Positive Median Barrier;None;No Special Feature;Smooth Asphalt;Piedmont;Urban;40 - 45  MPH;Stop Sign;Clear;No;0.0, 0.0
984;985;No;40-49;43;No;With Traffic;B: Evident Injury;Travel Lane;White;Male;Raleigh;Wake;No;01-01-04;2008-10-16;Motorist Overtaking Bicyclist;8;Non-Intersection;01-10-01;0001-01-01T03:31:58-04:56;Motorist Overtaking - Undetected Bicyclist;311231;2008;B: Evident Injury;Commercial;20-24;24;No;31-35 mph;O: No Injury;White;Male;Passenger Car;No;No;Daylight;Urban (>70% Developed);4 lanes;2;Straight - Level;Local Street;Dry;Two-Way, Not Divided;None;No Special Feature;Smooth Asphalt;Piedmont;Urban;30 - 35  MPH;Missing;Clear;No;0.0, 0.0
988;989;Yes;20-24;20;Yes;Facing Traffic;B: Evident Injury;Travel Lane;Black;Male;None - Rural Crash;Pasquotank;Yes;01-01-02;2008-12-30;Head-On;17;Non-Intersection;01-12-01;0001-01-01T12:58:58-04:56;Head-On - Bicyclist;312250;2008;B: Evident Injury;Farms, Woods, Pastures;60-69;67;No;41-45 mph;O: No Injury;Black;Female;Passenger Car;No;No;Dark - Roadway Not Lighted;Rural (<30% Developed);2 lanes;2;Straight - Level;State Secondary Route;Dry;Two-Way, Not Divided;None;No Special Feature;Coarse Asphalt;Coastal;Rural;40 - 45  MPH;Double Yellow Line, No Passing Zone;Clear;No;0.0, 0.0
990;991;Yes;15-Nov;12;No;Facing Traffic;C: Possible Injury;Travel Lane;Black;Male;Raleigh;Wake;No;01-01-05;2008-12-26;Head-On;16;Non-Intersection;01-12-01;0001-01-01T11:49:58-04:56;Head-On - Bicyclist;312250;2008;C: Possible Injury;Residential;;;No;0-5 mph;Injury;/Missing;;;No;Yes;Daylight;Urban (>70% Developed);2 lanes;2;Straight - Level;Local Street;Dry;Two-Way, Not Divided;None;No Special Feature;Concrete;Piedmont;Urban;5 - 15 MPH;No Control Present;Rain;No;0.0, 0.0
994;995;Yes;16-19;18;No;With Traffic;B: Evident Injury;Other;White;Male;Mooresville;Iredell;No;01-01-03;2008-01-09;Parallel Paths - Other Circumstances;14;Non-Intersection;;0001-01-01T10:00:58-04:56;Bicyclist Ride Out - Parallel Path;381225;2008;B: Evident Injury;Commercial;50-59;51;No;41-45 mph;O: No Injury;White;Male;Passenger Car;No;No;Daylight;Urban (>70% Developed);2 lanes;2;Straight - Level;NC Route;Dry;Two-Way, Not Divided;None;No Special Feature;Coarse Asphalt;Piedmont;Urban;40 - 45  MPH;No Control Present;Clear;No;0.0, 0.0
997;998;No;15-Nov;13;No;Facing Traffic;C: Possible Injury;Travel Lane;Black;Male;Rocky Mount;Nash;No;;2008-11-24;Motorist Overtaking Bicyclist;15;Non-Intersection;01-11-01;0001-01-01T10:16:58-04:56;Motorist Overtaking - Other /;312239;2008;C: Possible Injury;Residential;;;Missing;;Injury;/Missing;;Pickup;No;Yes;Daylight;Urban (>70% Developed);2 lanes;2;Straight - Level;Local Street;Dry;Two-Way, Not Divided;None;No Special Feature;Smooth Asphalt;Coastal;Urban;30 - 35  MPH;Missing;Clear;No;0.0, 0.0